doi,tier,relevance_score,chem_hits,ald,has_conformality,has_saturation,has_kinetics,has_properties,has_process,cited_by,journal,title
10.1002/adfm.202206667,high,23,12,2,1,1,1,0,1,popov2025,Advanced Functional Materials,Atomic Layer Deposited RuO<sub>2</sub> Diffusion Barrier for Next Generation Ru‐Interconnects
10.1002/admi.201700123,high,23,9,2,0,1,0,1,1,popov2025,Advanced Materials Interfaces,Atomic Layer Deposition of Crystalline MoS<sub>2</sub> Thin Films: New Molybdenum Precursor for Low‐Temperature Film Growth
10.1063/1.4998577,high,23,14,3,0,1,0,1,1,cremers2019,Applied Physics Letters,Atomic layer deposition of aluminum fluoride using Al(CH3)3 and SF6 plasma
10.1002/cvde.201106949,high,23,12,3,0,1,0,1,1,popov2025,Chemical Vapor Deposition,NiO Thin Films Synthesized by Atomic Layer Deposition using Ni(dmamb)<sub>2</sub> and Ozone as Precursors
10.1002/cvde.201207026,high,23,8,2,0,1,0,1,1,popov2025,Chemical Vapor Deposition,Atomic Layer Deposition of LiF Thin Films from Lithd and TiF<sub>4</sub> Precursors
10.1149/05013.0107ecst,high,23,10,2,0,1,0,1,1,popov2025,ECS Transactions,Growth Characteristics and Properties of Yttrium Oxide Thin Films by Atomic Layer Deposition from Novel Y(iPrCp)<sub>3</sub> Precursor and O
10.1063/1.4972120,high,23,9,3,1,0,1,0,1,cremers2019,The Journal of Chemical Physics,Plasma-assisted atomic layer deposition of conformal Pt films in high aspect ratio trenches
10.1557/jmr.2007.0152,high,23,9,2,1,1,0,1,1,cremers2019,Journal of Materials Research,Properties of ultrathin platinum deposited by atomic layer deposition for nanoscale copper-metallization schemes
10.1116/1.3643349,high,23,13,2,0,1,0,1,1,popov2025,"Journal of Vacuum Science &amp; Technology A: Vacuum, Surfaces, and Films",Study of amorphous lithium silicate thin films grown by atomic layer deposition
10.1116/1.4772461,high,23,8,2,1,1,0,1,1,popov2025,"Journal of Vacuum Science &amp; Technology A: Vacuum, Surfaces, and Films",Atomic layer deposition of cobalt oxide thin films using cyclopentadienylcobalt dicarbonyl and ozone at low temperatures
10.1116/1.4837915,high,23,16,2,0,1,0,1,1,popov2025,"Journal of Vacuum Science &amp; Technology A: Vacuum, Surfaces, and Films",Growth behavior and properties of atomic layer deposited tin oxide on silicon from novel tin(II)acetylacetonate precursor and ozone
10.1116/1.4902560,high,23,12,2,1,0,0,1,1,popov2025,"Journal of Vacuum Science &amp; Technology A: Vacuum, Surfaces, and Films",Characterization of Ru thin films from a novel CVD/atomic layer deposition precursor “Rudense” for capping layer of Cu interconnects
10.1116/1.4907562,high,23,18,2,0,1,0,1,1,popov2025,"Journal of Vacuum Science &amp; Technology A: Vacuum, Surfaces, and Films",Atomic layer deposition of tin oxide and zinc tin oxide using tetraethyltin and ozone
10.1116/1.4937728,high,23,16,3,1,1,0,0,1,cremers2019,"Journal of Vacuum Science &amp; Technology A: Vacuum, Surfaces, and Films",Spatial atomic layer deposition on flexible porous substrates: ZnO on anodic aluminum oxide films and Al2O3 on Li ion battery electrodes
10.1116/1.4961385,high,23,9,3,0,1,0,1,1,popov2025,"Journal of Vacuum Science &amp; Technology A: Vacuum, Surfaces, and Films",Unusual stoichiometry control in the atomic layer deposition of manganese borate films from manganese bis(tris(pyrazolyl)borate) and ozone
10.1116/1.4946755,high,23,14,2,1,1,0,1,1,popov2025,"Journal of Vacuum Science &amp; Technology A: Vacuum, Surfaces, and Films",Plasma-free atomic layer deposition of Ru thin films using H2 molecules as a nonoxidizing reactant
10.1116/1.4972469,high,23,15,4,0,1,0,1,1,popov2025,"Journal of Vacuum Science &amp; Technology A: Vacuum, Surfaces, and Films",Tris(dimethylamido)aluminum(III): An overlooked atomic layer deposition precursor
10.1116/1.4972776,high,23,15,2,0,1,0,1,1,popov2025,"Journal of Vacuum Science &amp; Technology A: Vacuum, Surfaces, and Films",Plasma enhanced atomic layer deposition of molybdenum carbide and nitride with bis(<i>tert</i>-butylimido)bis(dimethylamido) molybdenum
10.1116/1.4984279,high,23,15,2,1,1,0,1,1,popov2025,"Journal of Vacuum Science &amp; Technology A: Vacuum, Surfaces, and Films",Atomic layer deposition of tin oxide thin films from bis[bis(trimethylsilyl)amino]tin(II) with ozone and water
10.1116/1.5044396,high,23,15,3,1,1,1,0,1,popov2025,"Journal of Vacuum Science &amp; Technology A: Vacuum, Surfaces, and Films",<i>In situ</i> XPS study of low temperature atomic layer deposition of B2O3 films on Si using BCl3 and H2O precursors
10.1116/1.5026405,high,23,13,2,0,1,0,1,1,popov2025,"Journal of Vacuum Science &amp; Technology A: Vacuum, Surfaces, and Films",Atomic layer deposition of CeO2 using a heteroleptic cyclopentadienyl-amidinate precursor
10.1116/1.5055212,high,23,9,2,0,1,0,0,1,popov2025,"Journal of Vacuum Science &amp; Technology A: Vacuum, Surfaces, and Films",Thermal atomic layer deposition of Sn metal using SnCl4 and a vapor phase silyl dihydropyrazine reducing agent
10.1116/1.5093402,high,23,18,3,0,1,0,1,1,popov2025,"Journal of Vacuum Science &amp; Technology A: Vacuum, Surfaces, and Films",Aluminum tri-isopropoxide as an alternative precursor for atomic layer deposition of aluminum oxide thin films
10.1116/1.5079661,high,23,11,2,1,1,0,1,1,popov2025,"Journal of Vacuum Science &amp; Technology A: Vacuum, Surfaces, and Films",Conformal deposition of GeTe films with tunable Te composition by atomic layer deposition
10.1116/6.0000053,high,23,14,2,0,1,0,1,1,popov2025,"Journal of Vacuum Science &amp; Technology A: Vacuum, Surfaces, and Films",Atomic layer deposition of HfO2 films using carbon-free tetrakis(tetrahydroborato)hafnium and water
10.1116/6.0000314,high,23,12,3,1,1,0,0,1,popov2025,"Journal of Vacuum Science &amp; Technology A: Vacuum, Surfaces, and Films",LiF by atomic layer deposition—Made easy
10.1116/1.5125109,high,23,12,3,0,1,0,1,1,popov2025,"Journal of Vacuum Science &amp; Technology A: Vacuum, Surfaces, and Films",Thermal atomic layer deposition of ruthenium metal thin films using nonoxidative coreactants
10.1116/6.0001033,high,23,9,2,1,1,1,0,1,popov2025,"Journal of Vacuum Science &amp; Technology A: Vacuum, Surfaces, and Films",Hollow cathode plasma electron source for low temperature deposition of cobalt films by electron-enhanced atomic layer deposition
10.1116/6.0001629,high,23,12,2,0,1,0,1,1,popov2025,Journal of Vacuum Science &amp; Technology A,Atomic layer deposition of GdF3 thin films
10.1116/6.0001519,high,23,12,3,1,1,1,1,1,popov2025,Journal of Vacuum Science &amp; Technology A,"High wet-etch resistance SiO2 films deposited by plasma-enhanced atomic layer deposition with 1,1,1-tris(dimethylamino)disilane"
10.1116/6.0002804,high,23,19,3,1,1,1,1,1,popov2025,Journal of Vacuum Science &amp; Technology A,Low-resistivity molybdenum obtained by atomic layer deposition
10.1116/6.0002308,high,23,10,2,1,0,0,1,1,popov2025,Journal of Vacuum Science &amp; Technology A,Thermal atomic layer deposition of molybdenum carbide films using bis(ethylbenzene)molybdenum and H2
10.3390/ma12091429,high,23,16,2,1,1,0,1,1,popov2025,Materials,Use of a New Non-Pyrophoric Liquid Aluminum Precursor for Atomic Layer Deposition
10.1088/1361-6528/abc50b,high,23,14,3,1,1,0,1,1,popov2025,Nanotechnology,Atomic layer deposition of tungsten sulfide using a new metal-organic precursor and H <sub>2</sub> S: thin film catalyst for water splitting
10.1002/adfm.201000389,high,22,11,3,1,1,0,1,1,cremers2019,Advanced Functional Materials,Tuning the Composition and Nanostructure of Pt/Ir Films via Anodized Aluminum Oxide Templated Atomic Layer Deposition
10.1002/admi.201700155,high,22,9,2,1,0,1,1,1,popov2025,Advanced Materials Interfaces,Nanostructured Fe<sub>2</sub>O<sub>3</sub> Processing via Water‐Assisted ALD and Low‐Temperature CVD from a Versatile Iron Ketoiminate Precu
10.1002/admi.202000318,high,22,13,2,0,1,0,1,1,popov2025,Advanced Materials Interfaces,The Influence of Ozone: Superstoichiometric Oxygen in Atomic Layer Deposition of Fe <sub>2</sub> O <sub>3</sub> Using <i>tert</i> ‐Butylferr
10.1002/admi.202200097,high,22,11,2,0,1,1,1,1,popov2025,Advanced Materials Interfaces,Atomic Layer Deposition of Co<sub>x</sub>O<sub>y</sub> Films: Oxidants versus Composition
10.1063/1.4939654,high,22,12,2,0,1,1,0,1,cremers2019,Applied Physics Letters,What is limiting low-temperature atomic layer deposition of Al2O3? A vibrational sum-frequency generation study
10.1002/cvde.201006891,high,22,9,2,1,0,0,1,1,cremers2019|popov2025,Chemical Vapor Deposition,Thin Films of Cobalt Oxide Deposited on High Aspect Ratio Supports by Atomic Layer Deposition
10.1002/cvde.201407116,high,22,11,2,1,1,0,1,1,popov2025,Chemical Vapor Deposition,Cyclopentadienyl Precursors for the Atomic Layer Deposition of Erbium Oxide Thin Films
10.1116/1.3659699,high,22,9,4,1,0,0,1,1,cremers2019,"Journal of Vacuum Science &amp; Technology A: Vacuum, Surfaces, and Films",Conformality of remote plasma-enhanced atomic layer deposition processes: An experimental study
10.1116/1.3670396,high,22,12,4,1,1,1,0,1,cremers2019,"Journal of Vacuum Science &amp; Technology A: Vacuum, Surfaces, and Films",Simple model for atomic layer deposition precursor reaction and transport in a viscous-flow tubular reactor
10.1116/1.4769862,high,22,11,2,1,1,0,1,1,popov2025,"Journal of Vacuum Science &amp; Technology A: Vacuum, Surfaces, and Films",Atomic layer deposition of zinc sulfide with Zn(TMHD)2
10.1116/1.4769451,high,22,16,2,0,1,0,1,1,popov2025,"Journal of Vacuum Science &amp; Technology A: Vacuum, Surfaces, and Films",Preparation and phase structures of Zn–Ti–O ternary compounds by atomic layer deposition
10.1116/1.4904398,high,22,8,2,1,1,0,1,1,cremers2019,"Journal of Vacuum Science &amp; Technology A: Vacuum, Surfaces, and Films",Enhancing the platinum atomic layer deposition infiltration depth inside anodic alumina nanoporous membrane
10.1116/1.4938078,high,22,11,2,0,1,0,1,1,popov2025,"Journal of Vacuum Science &amp; Technology A: Vacuum, Surfaces, and Films",Atomic layer deposition of NiS and its application as cathode material in dye sensitized solar cell
10.1116/1.4973350,high,22,8,4,1,1,1,0,1,cremers2019,"Journal of Vacuum Science &amp; Technology A: Vacuum, Surfaces, and Films",Effect of reactor pressure on the conformal coating inside porous substrates by atomic layer deposition
10.1116/6.0000896,high,22,13,3,0,1,1,1,1,popov2025,"Journal of Vacuum Science &amp; Technology A: Vacuum, Surfaces, and Films",Atomic layer deposition of chromium oxide—An interplay between deposition and etching
10.1002/pssa.201900058,high,22,12,2,0,0,0,1,1,popov2025,physica status solidi (a),Atomic Layer Deposition of Nickel Nitride Thin Films using NiCl<sub>2</sub>(TMPDA) and Tert‐Butylhydrazine as Precursors
10.1063/1.5081727,high,21,14,3,0,1,1,1,1,popov2025,AIP Advances,Atomic layer deposition of stoichiometric In2O3 films using liquid ethylcyclopentadienyl indium and combinations of H2O and O2 plasma
10.1002/admi.201701366,high,21,9,2,1,1,0,1,1,popov2025,Advanced Materials Interfaces,Atomic Layer Deposition of Conducting CuS Thin Films from Elemental Sulfur
10.1002/admi.201800423,high,21,11,2,1,1,0,1,1,popov2025,Advanced Materials Interfaces,Atomic Layer Deposition of Titanium Phosphate from Titanium Tetrachloride and Triethyl Phosphate onto Carbon Fibers
10.1002/admi.202001493,high,21,10,2,0,1,0,1,1,popov2025,Advanced Materials Interfaces,Area‐Selective Growth of HfS<sub>2</sub> Thin Films via Atomic Layer Deposition at Low Temperature
10.1002/admi.202202445,high,21,12,2,0,1,0,1,1,popov2025,Advanced Materials Interfaces,Atomic Layer Deposition of Ru Thin Film Using a Newly Synthesized Precursor with Open‐Coordinated Ligands
10.1002/anie.201700449,high,21,9,2,1,0,0,0,0,popov2025,Angewandte Chemie International Edition,Atomic Layer Deposition of Iron Sulfide and Its Application as a Catalyst in the Hydrogenation of Azobenzenes
10.1063/1.5060967,high,21,13,5,1,1,1,0,1,popov2025,Applied Physics Reviews,Conformality in atomic layer deposition: Current status overview of analysis and modelling
10.1002/cvde.201106922,high,21,10,3,1,1,0,0,0,cremers2019,Chemical Vapor Deposition,A Ballistic Transport and Surface Reaction Model for Simulating Atomic Layer Deposition Processes in High‐Aspect‐Ratio Nanopores
10.1002/cvde.201106938,high,21,10,3,1,1,1,0,0,cremers2019,Chemical Vapor Deposition,Self‐Limited Reaction‐Diffusion in Nanostructured Substrates: Surface Coverage Dynamics and Analytic Approximations to ALD Saturation Times
10.1002/cvde.201006890,high,21,10,2,0,1,0,1,1,popov2025,Chemical Vapor Deposition,The Atomic Layer Deposition of SrB<sub>2</sub>O<sub>4</sub> Films Using the Thermally Stable Precursor Bis(tris(pyrazolyl)borate)strontium
10.1002/cvde.201106934,high,21,10,2,0,1,0,0,1,popov2025,Chemical Vapor Deposition,Atomic Layer Deposition of HfO<sub>2</sub> Thin Films Employing a Heteroleptic Hafnium Precursor
10.1063/1.1940727,high,21,13,4,1,1,1,0,1,cremers2019,Journal of Applied Physics,Surface chemistry of atomic layer deposition: A case study for the trimethylaluminum/water process
10.1063/1.1935761,high,21,11,2,0,0,1,1,1,cremers2019,Journal of Applied Physics,Robust TaNx diffusion barrier for Cu-interconnect technology with subnanometer thickness by metal-organic plasma-enhanced atomic layer depos
10.1063/5.0028991,high,21,13,3,0,0,0,1,1,popov2025,Journal of Applied Physics,Tunable optical and electrical properties of thermal and plasma-enhanced atomic layer deposited Si-rich SixTi1−xO2 thin films
10.1116/1.3669518,high,21,16,2,1,0,0,1,0,popov2025,"Journal of Vacuum Science &amp; Technology A: Vacuum, Surfaces, and Films",Atomic layer deposition of ZnO/Al2O3/ZrO2 nanolaminates for improved thermal and wear resistance in carbon-carbon composites
10.1116/1.4903951,high,21,8,2,0,1,0,1,1,popov2025,"Journal of Vacuum Science &amp; Technology A: Vacuum, Surfaces, and Films",Atomic layer deposition of aluminum sulfide thin films using trimethylaluminum and hydrogen sulfide
10.1116/1.4943385,high,21,12,3,1,1,0,1,1,popov2025,"Journal of Vacuum Science &amp; Technology A: Vacuum, Surfaces, and Films",Optimizing AlF3 atomic layer deposition using trimethylaluminum and TaF5: Application to high voltage Li-ion battery cathodes
10.1116/1.4971196,high,21,14,2,1,0,1,0,0,cremers2019,"Journal of Vacuum Science &amp; Technology A: Vacuum, Surfaces, and Films",Experimental and simulation approach for process optimization of atomic layer deposited thin films in high aspect ratio 3D structures
10.1116/1.5006696,high,21,8,3,1,1,0,0,1,popov2025,"Journal of Vacuum Science &amp; Technology A: Vacuum, Surfaces, and Films",Electron-enhanced atomic layer deposition of silicon thin films at room temperature
10.1116/1.5080226,high,21,16,2,0,0,1,1,1,popov2025,"Journal of Vacuum Science &amp; Technology A: Vacuum, Surfaces, and Films",Texture and phase variation of ALD PbTiO3 films crystallized by rapid thermal anneal
10.1116/1.5059695,high,21,16,3,0,1,0,1,1,popov2025,"Journal of Vacuum Science &amp; Technology A: Vacuum, Surfaces, and Films",Mechanistic study of the atomic layer deposition of scandium oxide films using Sc(MeCp)2(Me2pz) and ozone
10.1116/6.0000219,high,21,12,3,0,1,0,1,1,popov2025,Journal of Vacuum Science &amp; Technology A,Area-selective atomic layer deposition of molybdenum oxide
10.1116/6.0002154,high,21,10,2,0,0,0,1,1,popov2025,Journal of Vacuum Science &amp; Technology A,Atomic layer deposition of MoNx thin films using a newly synthesized liquid Mo precursor
10.1116/6.0002726,high,21,16,3,0,1,0,1,1,popov2025,Journal of Vacuum Science &amp; Technology A,Electron-enhanced SiO2 atomic layer deposition at 35 °C using disilane and ozone or water as reactants
10.1088/1361-6641/aa7ade,high,21,12,3,1,0,1,1,1,cremers2019,Semiconductor Science and Technology,Atomic layer deposition: an enabling technology for the growth of functional nanoscale semiconductors
10.1002/admi.202202166,high,20,8,2,1,0,1,1,1,popov2025,Advanced Materials Interfaces,Spatially‐Modulated Silicon Interface Energetics Via Hydrogen Plasma‐Assisted Atomic Layer Deposition of Ultrathin Alumina
10.3762/bjnano.5.25,high,20,11,2,1,0,1,0,0,cremers2019,Beilstein Journal of Nanotechnology,Modeling and optimization of atomic layer deposition processes on vertically aligned carbon nanotubes
10.1002/cvde.200606519,high,20,12,1,1,1,0,1,1,cremers2019,Chemical Vapor Deposition,Radical‐Enhanced Atomic Layer Deposition of Silver Thin Films Using Phosphine‐Adducted Silver Carboxylates
10.3390/coatings13061070,high,20,13,1,1,0,1,1,1,popov2025,Coatings,Study on the Deposition Characteristics of Molybdenum Thin Films Deposited by the Thermal Atomic Layer Deposition Method Using MoO2Cl2 as a 
10.1063/1.5028178,high,20,15,2,1,0,1,0,0,cremers2019,Journal of Applied Physics,Modeling growth kinetics of thin films made by atomic layer deposition in lateral high-aspect-ratio structures
10.1166/jnn.2006.018,high,20,8,1,1,1,0,1,1,cremers2019,Journal of Nanoscience and Nanotechnology,Preparation of TaN Thin Film by H<sub>2</sub> Plasma Assisted Atomic Layer Deposition Using Tert-Butylimino-Tris-Ethylmethylamino Tantalum
10.1116/1.4903941,high,20,12,2,1,0,0,0,0,cremers2019,"Journal of Vacuum Science &amp; Technology A: Vacuum, Surfaces, and Films",Microscopic silicon-based lateral high-aspect-ratio structures for thin film conformality analysis
10.1116/1.4933089,high,20,7,2,0,1,0,1,1,popov2025,"Journal of Vacuum Science &amp; Technology A: Vacuum, Surfaces, and Films",Low-temperature atomic layer deposition of copper(II) oxide thin films
10.1116/1.4968193,high,20,10,4,0,1,0,1,1,popov2025,"Journal of Vacuum Science &amp; Technology A: Vacuum, Surfaces, and Films",Potential gold(I) precursors evaluated for atomic layer deposition
10.1116/6.0000847,high,20,11,1,0,1,0,1,1,popov2025,"Journal of Vacuum Science &amp; Technology A: Vacuum, Surfaces, and Films",Atomic layer deposition of sodium fluoride thin films
10.1143/jjap.50.05ea06,high,20,8,1,0,1,0,1,1,popov2025,Japanese Journal of Applied Physics,Atomic Layer Deposition of Thin VN<sub>x</sub> Film from Tetrakis(diethylamido)vanadium Precursor
10.1002/adem.202100446,high,19,8,2,0,1,0,1,1,popov2025,Advanced Engineering Materials,Atomic Layer Deposition of Copper Metal Films from Cu(acac)<sub>2</sub> and Hydroquinone Reductant
10.1063/1.1570926,high,19,14,1,1,0,0,1,1,cremers2019,Applied Physics Letters,Atomic-layer deposition of wear-resistant coatings for microelectromechanical devices
10.1063/1.2245216,high,19,7,2,1,0,0,0,0,cremers2019,Applied Physics Letters,Atomic layer deposition of W on nanoporous carbon aerogels
10.1063/1.2901880,high,19,12,2,0,0,1,1,1,cremers2019,Applied Physics Letters,Quantum chemical study of the initial surface reactions of atomic layer deposition GaAs for photonic crystal fabrication
10.1002/cvde.201106959,high,19,7,2,0,1,0,1,1,popov2025,Chemical Vapor Deposition,Atomic Layer Deposition of Copper Oxide using Copper(II) Acetylacetonate and Ozone
10.1002/cvde.201206986,high,19,9,2,0,0,0,1,1,popov2025,Chemical Vapor Deposition,Atomic Layer Deposition of WO<sub>3</sub> Thin Films using W(CO)<sub>6</sub> and O<sub>3</sub> Precursors
10.3390/coatings12010101,high,19,8,1,0,0,0,1,1,popov2025,Coatings,Structural and Electrical Properties of Atomic Layer Deposited PtRu Bimetallic Alloy Thin Films
10.1063/1.3596574,high,19,11,2,0,1,0,1,0,popov2025,Journal of Applied Physics,"Atomic layer deposition of Pb(Zr,Ti)Ox on 4H-SiC for metal-ferroelectric-insulator-semiconductor diodes"
10.1116/1.3664106,high,19,13,2,0,1,0,0,1,popov2025,"Journal of Vacuum Science &amp; Technology A: Vacuum, Surfaces, and Films",Evaluation of high thermal stability cyclopentadienyl Hf precursors with H2O as a co-reactant for advanced gate logic applications
10.1116/1.3664758,high,19,15,2,0,1,0,1,0,popov2025,"Journal of Vacuum Science &amp; Technology A: Vacuum, Surfaces, and Films","Growth characteristics, material properties, and optical properties of zinc oxysulfide films deposited by atomic layer deposition"
10.1116/1.4840835,high,19,12,1,0,1,0,1,1,popov2025,"Journal of Vacuum Science &amp; Technology A: Vacuum, Surfaces, and Films",Atomic layer deposition of bismuth oxide using Bi(OCMe2iPr)3 and H2O
10.1116/1.4892385,high,19,14,3,1,1,1,0,0,cremers2019,"Journal of Vacuum Science &amp; Technology A: Vacuum, Surfaces, and Films",Modeling precursor diffusion and reaction of atomic layer deposition in porous structures
10.1116/1.4901808,high,19,9,2,0,0,0,1,1,popov2025,"Journal of Vacuum Science &amp; Technology A: Vacuum, Surfaces, and Films",Atomic layer deposition of magnesium fluoride via bis(ethylcyclopentadienyl)magnesium and anhydrous hydrogen fluoride
10.1116/1.4938104,high,19,11,2,1,0,1,0,0,cremers2019,"Journal of Vacuum Science &amp; Technology A: Vacuum, Surfaces, and Films",Atomic layer deposition on polymer fibers and fabrics for multifunctional and electronic textiles
10.1116/1.4968201,high,19,11,2,1,1,1,0,0,cremers2019,"Journal of Vacuum Science &amp; Technology A: Vacuum, Surfaces, and Films",Monte Carlo simulations of atomic layer deposition on 3D large surface area structures: Required precursor exposure for pillar- versus hole-
10.1116/1.4968548,high,19,10,3,1,1,0,0,1,cremers2019,"Journal of Vacuum Science &amp; Technology A: Vacuum, Surfaces, and Films",Simulation of atomic layer deposition on nanoparticle agglomerates
10.1116/1.4972554,high,19,18,2,0,1,0,1,1,popov2025,"Journal of Vacuum Science &amp; Technology A: Vacuum, Surfaces, and Films",Atomic layer deposition of tin oxide using tetraethyltin to produce high-capacity Li-ion batteries
10.1116/1.5003423,high,19,12,2,0,1,0,1,1,popov2025,"Journal of Vacuum Science &amp; Technology A: Vacuum, Surfaces, and Films",Atomic layer deposition of molybdenum disulfide films using MoF6 and H2S
10.1116/1.5111969,high,19,10,2,0,1,0,1,0,popov2025,"Journal of Vacuum Science &amp; Technology A: Vacuum, Surfaces, and Films",Epitaxial BaSnO3 and SrSnO3 perovskite growth on SrTiO3(001) via atomic layer deposition
10.1116/1.5066638,high,19,14,2,0,1,0,1,1,popov2025,"Journal of Vacuum Science &amp; Technology A: Vacuum, Surfaces, and Films",Atomic layer deposition of cobalt(II) oxide thin films from Co(BTSA)2(THF) and H2O
10.1116/1.5058171,high,19,10,2,0,1,0,1,1,popov2025,"Journal of Vacuum Science &amp; Technology A: Vacuum, Surfaces, and Films","Atomic layer deposition of ultrathin indium oxide and indium tin oxide films using a trimethylindium, tetrakis(dimethylamino)tin, and ozone "
10.1116/1.5059424,high,19,10,2,0,1,0,1,1,popov2025,"Journal of Vacuum Science &amp; Technology A: Vacuum, Surfaces, and Films",MoS2 thin films from a (N<i>t</i>Bu)2(NMe2)2Mo and 1-propanethiol atomic layer deposition process
10.1116/1.5124100,high,19,18,3,0,1,0,1,1,popov2025,"Journal of Vacuum Science &amp; Technology A: Vacuum, Surfaces, and Films",Photoassisted atomic layer deposition of oxides employing alkoxides as single-source precursors
10.1116/1.5135014,high,19,12,2,0,1,0,1,0,popov2025,"Journal of Vacuum Science &amp; Technology A: Vacuum, Surfaces, and Films",Atomic layer deposition of aluminum oxyfluoride thin films with tunable stoichiometry
10.1116/6.0001514,high,19,17,2,0,1,0,1,1,popov2025,Journal of Vacuum Science &amp; Technology A,"Atomic layer deposition of titanium phosphate onto reinforcing fibers using titanium tetrachloride, water, and tris(trimethylsilyl) phosphat"
10.1116/6.0002563,high,19,9,2,0,0,0,1,1,popov2025,Journal of Vacuum Science &amp; Technology A,Atomic layer deposition of calcium fluoride for barrier coating applications
10.1116/6.0002436,high,19,11,2,0,1,0,0,1,popov2025,Journal of Vacuum Science &amp; Technology A,Atomic layer deposition of MoOx thin films using Mo(iPrCp)2H2 and O3
10.1116/1.1305809,high,19,10,3,1,0,0,0,1,cremers2019,"Journal of Vacuum Science &amp; Technology B: Microelectronics and Nanometer Structures Processing, Measurement, and Phenomena",Plasma-enhanced atomic layer deposition of Ta and Ti for interconnect diffusion barriers
10.7567/jjap.57.06jb03,high,19,6,2,1,0,0,0,1,cremers2019,Japanese Journal of Applied Physics,Multiscale modeling for SiO <sub>2</sub> atomic layer deposition for high-aspect-ratio hole patterns
10.1002/admi.201801291,high,18,11,2,1,0,0,1,0,popov2025,Advanced Materials Interfaces,Atomic Layer Deposition of Intermetallic Co<sub>3</sub>Sn<sub>2</sub> and Ni<sub>3</sub>Sn<sub>2</sub> Thin Films
10.1002/anie.201806985,high,18,9,1,0,0,0,1,0,popov2025,Angewandte Chemie International Edition,Rhenium Metal and Rhenium Nitride Thin Films Grown by Atomic Layer Deposition
10.1002/cvde.201207030,high,18,13,1,1,1,0,0,1,popov2025,Chemical Vapor Deposition,A Micro‐pulse Process of Atomic Layer Deposition of Iron Oxide Using Ferrocene and Ozone Precursors and Ti‐Doping
10.3390/coatings8070237,high,18,10,1,0,1,0,1,1,popov2025,Coatings,Catalytic Performance of Ag2O and Ag Doped CeO2 Prepared by Atomic Layer Deposition for Diesel Soot Oxidation
10.1149/06001.0513ecst,high,18,9,2,1,0,0,0,1,cremers2019,ECS Transactions,(Keynote) Atomic Layer Deposition Trends and Challenges in High-k/Metal Gate and Alternative Channel CMOS Processing
10.3390/inorganics6020046,high,18,12,3,0,0,0,1,1,popov2025,Inorganics,Atomic Layer Deposition of Lithium Fluoride Optical Coatings for the Ultraviolet
10.1155/jnm/2006/64501,high,18,7,3,1,0,0,1,0,cremers2019|popov2025,Journal of Nanomaterials,Atomic Layer Deposition for the Conformal Coating of Nanoporous Materials
10.1116/1.5082012,high,18,12,1,0,1,1,1,1,popov2025,"Journal of Vacuum Science &amp; Technology A: Vacuum, Surfaces, and Films",Control of growth orientation in as-deposited epitaxial iron-rich nickel ferrite spinel
10.1116/1.5092877,high,18,13,2,0,1,0,1,1,popov2025,"Journal of Vacuum Science &amp; Technology A: Vacuum, Surfaces, and Films",Atomic layer deposition of amorphous tin-gallium oxide films
10.1116/6.0000327,high,18,11,2,0,0,0,1,1,popov2025,"Journal of Vacuum Science &amp; Technology A: Vacuum, Surfaces, and Films",Design of experiments approach to luminescent CaMoO4 by atomic layer deposition
10.1116/1.4964693,high,18,17,2,0,0,0,1,1,popov2025,"Journal of Vacuum Science &amp; Technology B, Nanotechnology and Microelectronics: Materials, Processing, Measurement, and Phenomena",Investigating compositional effects of atomic layer deposition ternary dielectric Ti-Al-O on metal-insulator-semiconductor heterojunction ca
10.3390/nano13192702,high,18,8,2,0,1,0,1,1,popov2025,Nanomaterials,Mechanical and Optical Properties of Cr2O3 Thin Films Grown by Atomic Layer Deposition Method Using Cr(thd)3 and Ozone
10.1002/pssr.202000565,high,18,8,2,0,0,0,1,1,popov2025,physica status solidi (RRL) – Rapid Research Letters,Metal–Insulator Transitions in Stable V<sub>2</sub>O<sub>3</sub> Thin Films: Atomic Layer Deposition and Postdeposition Annealing Studies
10.1002/smll.200700815,high,18,10,2,1,0,0,0,0,cremers2019,Small,TEM‐Based Metrology for HfO<sub>2</sub> Layers and Nanotubes Formed in Anodic Aluminum Oxide Nanopore Structures
10.1002/aelm.201600491,high,17,8,2,0,0,0,1,1,popov2025,Advanced Electronic Materials,Ozone‐Based Atomic Layer Deposition of Al<sub>2</sub>O<sub>3</sub> from Dimethylaluminum Chloride and Its Impact on Silicon Surface Passivat
10.1002/adma.200700079,high,17,8,3,1,0,0,0,0,cremers2019,Advanced Materials,Synthesis and Surface Engineering of Complex Nanostructures by Atomic Layer Deposition
10.1002/adma.201703031,high,17,12,1,0,0,1,1,1,popov2025,Advanced Materials,Wafer‐Scale Synthesis of Reliable High‐Mobility Molybdenum Disulfide Thin Films via Inhibitor‐Utilizing Atomic Layer Deposition
10.1002/chem.201702939,high,17,10,2,0,0,1,0,1,popov2025,Chemistry – A European Journal,Unearthing [3‐(Dimethylamino)propyl]aluminium(III) Complexes as Novel Atomic Layer Deposition (ALD) Precursors for Al<sub>2</sub>O<sub>3</su
10.1002/chem.201802317,high,17,11,2,0,0,1,0,1,popov2025,Chemistry – A European Journal,Obtaining a Low and Wide Atomic Layer Deposition Window (150–275 °C) for In<sub>2</sub>O<sub>3</sub> Films Using an In<sup>III</sup> Amidina
10.1002/cvde.200390005,high,17,8,1,1,1,1,0,0,cremers2019,Chemical Vapor Deposition,A Kinetic Model for Step Coverage by Atomic Layer Deposition in Narrow Holes or Trenches
10.1002/cvde.201402012,high,17,11,3,0,1,0,1,0,cremers2019|popov2025,Chemical Vapor Deposition,A Short History of Atomic Layer Deposition: Tuomo Suntola's Atomic Layer Epitaxy
10.1002/cvde.201106879,high,17,8,2,0,1,0,0,1,popov2025,Chemical Vapor Deposition,"ALD and MOCVD of Ga<sub>2</sub>O<sub>3</sub> Thin Films Using the New Ga Precursor Dimethylgallium Isopropoxide, Me<sub>2</sub>GaO<sup><i>i<"
10.1002/cvde.201207051,high,17,8,2,0,0,0,1,1,popov2025,Chemical Vapor Deposition,Atomic Layer Deposition of Al‐doped ZnO Films Using Aluminum Isopropoxide as the Al Precursor
10.3390/coatings13050870,high,17,12,2,0,1,0,0,1,popov2025,Coatings,Atomic Layer Deposition of La2O3 Film with Precursor La(thd)3-DMEA
10.3390/coatings13030641,high,17,8,2,0,0,0,1,1,popov2025,Coatings,Water-Free SbOx ALD Process for Coating Bi2Te3 Particles
10.1116/1.1524145,high,17,13,1,0,1,1,1,1,cremers2019,"Journal of Vacuum Science &amp; Technology A: Vacuum, Surfaces, and Films",Fundamental beam studies of radical enhanced atomic layer deposition of TiN
10.1116/1.3662838,high,17,12,2,0,0,0,1,0,popov2025,"Journal of Vacuum Science &amp; Technology A: Vacuum, Surfaces, and Films",Impact of precursor chemistry on atomic layer deposition of lutetium aluminates
10.1116/1.4893930,low,17,13,0,1,1,1,1,1,cremers2019,"Journal of Vacuum Science &amp; Technology A: Vacuum, Surfaces, and Films",Superconformal chemical vapor deposition of thin films in deep features
10.1116/1.4843535,high,17,12,2,1,0,0,1,0,popov2025,"Journal of Vacuum Science &amp; Technology A: Vacuum, Surfaces, and Films",Atomic layer deposition of HfxAlyCz as a work function material in metal gate MOS devices
10.1116/1.4902079,high,17,14,1,1,1,0,0,1,popov2025,"Journal of Vacuum Science &amp; Technology A: Vacuum, Surfaces, and Films",Dysprosium oxide and dysprosium-oxide-doped titanium oxide thin films grown by atomic layer deposition
10.1116/1.4922577,high,17,6,2,0,1,0,0,1,popov2025,"Journal of Vacuum Science &amp; Technology A: Vacuum, Surfaces, and Films",Fabrication of ion conductive tin oxide-phosphate amorphous thin films by atomic layer deposition
10.1116/6.0000589,high,17,10,4,0,1,0,0,0,popov2025,Journal of Vacuum Science &amp; Technology A,<i>tert</i>-butoxides as precursors for atomic layer deposition of alkali metal containing thin films
10.1116/6.0000844,high,17,10,2,0,0,0,1,1,popov2025,"Journal of Vacuum Science &amp; Technology A: Vacuum, Surfaces, and Films",Phosphites as precursors in atomic layer deposition thin film synthesis
10.1116/6.0002079,high,17,8,2,0,1,0,1,0,popov2025,Journal of Vacuum Science &amp; Technology A,Homogeneous high In content InxGa1−x N films by supercycle atomic layer deposition
10.1116/6.0003004,high,17,17,3,0,0,0,1,1,popov2025,Journal of Vacuum Science &amp; Technology A,Ternary Ga–Sn–O and quaternary In–Ga–Sn–O channel based thin film transistors fabricated by plasma-enhanced atomic layer deposition
10.1002/pip.1153,high,17,14,1,0,1,1,1,0,popov2025,Progress in Photovoltaics: Research and Applications,"Growth kinetics, properties, performance, and stability of atomic layer deposition Zn–Sn–O buffer layers for Cu(In,Ga)Se<sub>2</sub> solar c"
10.1039/c7ra07722j,high,17,5,2,0,1,0,0,1,popov2025,RSC Advances,Plasma-assisted and thermal atomic layer deposition of electrochemically active Li <sub>2</sub> CO <sub>3</sub>
10.1002/smll.202102635,high,17,10,2,1,1,0,0,0,popov2025,Small,Atomic Layer Deposition of Textured Li<sub>4</sub>Ti<sub>5</sub>O<sub>12</sub>: A High‐Power and Long‐Cycle Life Anode for Lithium‐Ion Thin‐
10.1109/bald.2016.7886526,high,16,3,1,1,0,0,0,0,cremers2019,2016 14th International Baltic Conference on Atomic Layer Deposition (BALD),Influence of ALD temperature on thin film conformality: Investigation with microscopic lateral high-aspect-ratio structures
10.1088/2053-1583/aa9ea5,high,16,10,2,1,0,0,0,1,popov2025,2D Materials,High performance few-layer MoS <sub>2</sub> transistor arrays with wafer level homogeneity integrated by atomic layer deposition
10.1002/adfm.201001572,high,16,7,1,1,0,0,1,0,popov2025,Advanced Functional Materials,Tin Dioxide Sensing Layer Grown on Tubular Nanostructures by a Non‐Aqueous Atomic Layer Deposition Process
10.1002/admi.201600496,high,16,15,1,0,0,0,1,1,popov2025,Advanced Materials Interfaces,"Doping Mechanism in Transparent, Conducting Tantalum Doped ZnO Films Deposited Using Atomic Layer Deposition"
10.1002/admi.202102035,high,16,11,3,1,0,0,0,1,popov2025,Advanced Materials Interfaces,ALD‐Coated Mesoporous Iridium‐Titanium Mixed Oxides: Maximizing Iridium Utilization for an Outstanding OER Performance
10.1002/admi.202400579,high,16,8,1,0,1,1,0,1,popov2025,Advanced Materials Interfaces,Reductive Thermal ALD of Pd and Pd<sub>2</sub>Ge From a Novel Recyclable Palladium Chloride Adduct
10.1002/anie.201611838,high,16,8,2,0,0,1,0,1,popov2025,Angewandte Chemie International Edition,Low‐Temperature Atomic Layer Deposition of MoS<sub>2</sub> Films
10.1146/annurev-chembioeng-060816-101547,high,16,11,2,1,0,0,1,0,cremers2019,Annual Review of Chemical and Biomolecular Engineering,Nanoengineering Heterogeneous Catalysts by Atomic Layer Deposition
10.1063/1.4867469,high,16,15,2,0,0,0,1,1,popov2025,Applied Physics Letters,Epitaxial <i>c</i>-axis oriented BaTiO3 thin films on SrTiO3-buffered Si(001) by atomic layer deposition
10.3762/bjnano.14.89,high,16,8,1,0,1,0,1,1,popov2025,Beilstein Journal of Nanotechnology,Properties of tin oxide films grown by atomic layer deposition from tin tetraiodide and ozone
10.1002/chem.202101126,high,16,15,1,0,1,0,1,0,popov2025,Chemistry – A European Journal,"Atomic Layer Deposition of Ternary Indium/Tin/Aluminum Oxide Thin Films, Their Characterization and Transistor Performance under Illuminatio"
10.1002/cvde.201407115,high,16,10,1,0,1,0,1,1,popov2025,Chemical Vapor Deposition,Atomic Layer Deposition of TiO<sub>2</sub> and ZrO<sub>2</sub> Thin Films Using Heteroleptic Guanidinate Precursors
10.1002/cvde.201507170,high,16,11,1,1,1,0,0,0,popov2025,Chemical Vapor Deposition,Atomic Layer Deposition and Characterization of Dysprosium‐Doped Zirconium Oxide Thin Films
10.1002/cvde.201507196,high,16,6,2,0,1,0,0,1,popov2025,Chemical Vapor Deposition,Ozone‐Based Atomic Layer Deposition of Gd<sub>2</sub>O<sub>3</sub> from Tris(isopropyl‐cyclopentadienyl)gadolinium: Growth Characteristics a
10.1002/celc.201800152,high,16,11,2,1,0,0,1,0,popov2025,ChemElectroChem,Highly Reversible Water Oxidation at Ordered Nanoporous Iridium Electrodes Based on an Original Atomic Layer Deposition
10.3390/coatings8120431,high,16,12,2,0,0,0,1,1,popov2025,Coatings,Growth without Postannealing of Monoclinic VO2 Thin Film by Atomic Layer Deposition Using VCl4 as Precursor
10.3390/coatings13050960,high,16,15,2,0,0,0,1,1,popov2025,Coatings,Atomic Layer Deposition of Chlorine Containing Titanium–Zinc Oxide Nanofilms Using the Supercycle Approach
10.1039/c6dt03571j,high,16,7,2,0,0,1,0,1,popov2025,Dalton Transactions,Systematic molecular engineering of Zn-ketoiminates for application as precursors in atomic layer depositions of zinc oxide
10.1039/c7dt02757e,high,16,8,1,1,0,0,0,0,popov2025,Dalton Transactions,A cobalt( <scp>ii</scp> )heteroarylalkenolate precursor for homogeneous Co <sub>3</sub> O <sub>4</sub> coatings by atomic layer deposition
10.1149/1.3207582,high,16,8,1,1,1,1,0,0,cremers2019,ECS Transactions,Multiscale Simulation and Optimization of an Atomic Layer Deposition Process in a Nanoporous Material
10.1149/1.3633675,high,16,9,2,0,0,1,0,1,popov2025,ECS Transactions,Atomic Layer Deposition of Antimony Telluride Thin Films Using (Me<sub>3</sub>Si)<sub>2</sub>Te with SbCl<sub>3</sub> as Precursors
10.1111/jace.17521,high,16,13,1,1,0,0,1,0,popov2025,Journal of the American Ceramic Society,"Growth of thin film ferroelectric PZT, PHT, and antiferroelectric PHO from atomic layer deposition precursors"
10.1063/1.2714685,high,16,9,1,1,0,1,0,0,cremers2019,Journal of Applied Physics,Step coverage modeling of thin films in atomic layer deposition
10.1063/1.4757907,high,16,11,4,1,0,0,1,1,cremers2019|popov2025,Journal of Applied Physics,Crystallinity of inorganic films grown by atomic layer deposition: Overview and general trends
10.1063/5.0143013,low,16,14,0,0,1,0,1,1,popov2025,Journal of Applied Physics,Gamma-radiation hardness and long-term stability of ALD-Al2O3 surface passivated Si
10.1039/c5tc03561a,high,16,8,2,0,1,0,0,1,popov2025,Journal of Materials Chemistry C,Self-limiting atomic layer deposition of barium oxide and barium titanate thin films using a novel pyrrole based precursor
10.1039/d0tc05682k,high,16,7,2,0,0,1,0,1,popov2025,Journal of Materials Chemistry C,Atomic layer deposition of a ruthenium thin film using a precursor with enhanced reactivity
10.1116/1.4764473,high,16,18,1,0,1,0,1,1,popov2025,"Journal of Vacuum Science &amp; Technology A: Vacuum, Surfaces, and Films",HfxZr1−xO2 compositional control using co-injection atomic layer deposition
10.1116/1.4935650,high,16,10,2,0,0,0,1,1,popov2025,"Journal of Vacuum Science &amp; Technology A: Vacuum, Surfaces, and Films",Atomic layer deposition of environmentally benign SnTiOx as a potential ferroelectric material
10.1116/1.4993597,high,16,17,3,0,0,1,0,1,cremers2019,"Journal of Vacuum Science &amp; Technology A: Vacuum, Surfaces, and Films",Revisiting the growth mechanism of atomic layer deposition of Al2O3: A vibrational sum-frequency generation study
10.1116/1.4972209,high,16,8,2,0,0,0,1,1,popov2025,"Journal of Vacuum Science &amp; Technology A: Vacuum, Surfaces, and Films",Enhanced process and composition control for atomic layer deposition with lithium trimethylsilanolate
10.1116/6.0000790,high,16,9,2,0,0,0,1,1,popov2025,"Journal of Vacuum Science &amp; Technology A: Vacuum, Surfaces, and Films",Atomic layer deposition of TbF3 thin films
10.1116/1.1481754,high,16,10,2,0,0,1,0,1,cremers2019,"Journal of Vacuum Science &amp; Technology B: Microelectronics and Nanometer Structures Processing, Measurement, and Phenomena",Modeling and simulation of atomic layer deposition at the feature scale
10.7567/jjap.57.04fc01,high,16,8,1,1,0,0,1,0,popov2025,Japanese Journal of Applied Physics,Performance of WCN diffusion barrier for Cu multilevel interconnects
10.1186/s11671-015-0872-9,high,16,11,2,1,0,0,1,0,cremers2019,Nanoscale Research Letters,"AAO-assisted synthesis of highly ordered, large-scale TiO2 nanowire arrays via sputtering and atomic layer deposition"
10.1186/s11671-020-03382-1,high,16,11,1,0,0,0,1,1,popov2025,Nanoscale Research Letters,Co-dosing Ozone and Deionized Water as Oxidant Precursors of ZnO Thin Film Growth by Atomic Layer Deposition
10.1002/pssr.201700076,high,16,9,2,0,0,0,1,0,popov2025,physica status solidi (RRL) – Rapid Research Letters,"Photon up‐converting (Yb,Er)<sub>2</sub>O<sub>3</sub> thin films by atomic layer deposition"
10.1002/aic.14397,high,15,12,2,0,0,0,0,1,popov2025,AIChE Journal,Tungsten hexacarbonyl and hydrogen peroxide as precursors for the growth of tungsten oxide thin films on titania nanoparticles
10.1002/admi.201600369,high,15,7,3,0,0,0,1,0,popov2025,Advanced Materials Interfaces,Titanium Dioxide/Lithium Phosphate Nanocomposite Derived from Atomic Layer Deposition as a High‐Performance Anode for Lithium Ion Batteries
10.1002/admi.202200643,high,15,11,2,0,0,0,0,1,popov2025,Advanced Materials Interfaces,Atomic Layer Deposition of MoS<sub>2</sub> Decorated TiO<sub>2</sub> Nanotubes for Photoelectrochemical Water Splitting
10.1002/admi.202101278,high,15,9,3,0,0,0,0,1,popov2025,Advanced Materials Interfaces,High‐Throughput Atomic Layer Deposition of P‐Type SnO Thin Film Transistors Using Tin(II)bis(tert‐amyloxide)
10.1002/anie.201602406,high,15,10,2,0,0,0,0,1,popov2025,Angewandte Chemie International Edition,Synthesis of Calcium(II) Amidinate Precursors for Atomic Layer Deposition through a Redox Reaction between Calcium and Amidines
10.1063/1.4829138,high,15,9,1,0,0,0,1,1,popov2025,Applied Physics Letters,Thermal conductivity of Er+3:Y2O3 films grown by atomic layer deposition
10.1021/cm0303080,high,15,3,1,1,0,0,0,0,cremers2019,Chemistry of Materials,Conformal Coating on Ultrahigh-Aspect-Ratio Nanopores of Anodic Alumina by Atomic Layer Deposition
10.1002/cnma.201700148,high,15,13,1,1,0,0,0,1,popov2025,ChemNanoMat,A Novel Two‐Step Ammonia‐Free Atomic Layer Deposition Approach for Boron Nitride
10.1002/cssc.201600457,high,15,10,1,1,0,0,1,0,popov2025,ChemSusChem,Atomic Layer Deposition of Bismuth Vanadates for Solar Energy Materials
10.3390/coatings10100954,high,15,13,2,0,0,0,0,1,popov2025,Coatings,Aluminum Nitride Nanofilms by Atomic Layer Deposition Using Alternative Precursors Hydrazinium Chloride and Triisobutylaluminum
10.1039/c6dt03040h,high,15,5,1,0,0,0,1,1,popov2025,Dalton Transactions,Low-temperature atomic layer deposition of crystalline manganese oxide thin films
10.1039/d1dt03543f,high,15,10,2,0,0,0,0,1,popov2025,Dalton Transactions,Atomic layer deposition of ternary ruthenates by combining metalorganic precursors with RuO <sub>4</sub> as the co-reactant
10.1039/d3dt01824e,high,15,6,1,1,0,0,0,1,popov2025,Dalton Transactions,"Thermal atomic layer deposition of Er <sub>2</sub> O <sub>3</sub> films from a volatile, thermally stable enaminolate precursor"
10.1149/1.3633673,high,15,10,2,0,0,0,1,0,popov2025,ECS Transactions,(Invited) Atomic Layer Deposition of Superconductors
10.1149/06409.0147ecst,high,15,8,2,0,0,0,0,1,popov2025,ECS Transactions,Manganese Precursor Selection and the Thermal Atomic Layer Deposition of Copper/Manganese Alloy Films
10.1063/1.4883767,high,15,13,3,0,0,0,1,0,popov2025,Journal of Applied Physics,Incorporation of La in epitaxial SrTiO3 thin films grown by atomic layer deposition on SrTiO3-buffered Si (001) substrates
10.1149/1.3301664,high,15,3,2,1,0,0,0,0,cremers2019,Journal of The Electrochemical Society,Conformality of Al[sub 2]O[sub 3] and AlN Deposited by Plasma-Enhanced Atomic Layer Deposition
10.1116/1.3609974,high,15,10,3,1,0,0,0,1,cremers2019|popov2025,"Journal of Vacuum Science &amp; Technology A: Vacuum, Surfaces, and Films","Plasma-Assisted Atomic Layer Deposition: Basics, Opportunities, and Challenges"
10.1116/1.3664097,high,15,13,2,0,0,0,0,1,popov2025,"Journal of Vacuum Science &amp; Technology A: Vacuum, Surfaces, and Films",Atomic layer deposition of titanium phosphate on silica nanoparticles
10.1116/1.4935353,high,15,10,1,0,1,0,1,0,popov2025,"Journal of Vacuum Science &amp; Technology A: Vacuum, Surfaces, and Films",Atomic layer deposited cobalt oxide: An efficient catalyst for NaBH4 hydrolysis
10.1116/1.4953406,high,15,9,1,1,0,0,1,0,popov2025,"Journal of Vacuum Science &amp; Technology A: Vacuum, Surfaces, and Films","Atomic layer deposition of (K,Na)(Nb,Ta)O3 thin films"
10.1116/1.5079539,high,15,17,3,0,0,0,0,1,popov2025,"Journal of Vacuum Science &amp; Technology A: Vacuum, Surfaces, and Films",Comparative study on the use of novel heteroleptic cyclopentadienyl-based zirconium precursors with H2O and O3 for atomic layer deposition o
10.1116/6.0000212,high,15,14,1,0,1,0,1,0,popov2025,"Journal of Vacuum Science &amp; Technology A: Vacuum, Surfaces, and Films",Magnetic properties and resistive switching in mixture films and nanolaminates consisting of iron and silicon oxides grown by atomic layer d
10.1116/6.0000166,high,15,14,2,0,0,0,1,0,popov2025,"Journal of Vacuum Science &amp; Technology A: Vacuum, Surfaces, and Films",Atomic layer deposition of thermoelectric layered cobalt oxides
10.1116/6.0002863,high,15,11,2,1,0,0,0,0,popov2025,Journal of Vacuum Science &amp; Technology A,LixCoyOz thin-films deposition through thermal atomic layer deposition
10.1143/jjap.49.04da14,high,15,8,1,0,0,0,1,1,popov2025,Japanese Journal of Applied Physics,Formation of Pr Oxide Films by Atomic Layer Deposition Using Pr(EtCp)<sub>3</sub> Precursor
10.3390/nano12193381,high,15,18,1,0,0,0,1,1,popov2025,Nanomaterials,A Novel p-Type ZnCoxOy Thin Film Grown by Atomic Layer Deposition
10.1088/0957-4484/24/1/015602,high,15,4,1,1,0,0,0,0,cremers2019,Nanotechnology,Pt–Al<sub>2</sub>O<sub>3</sub>dual layer atomic layer deposition coating in high aspect ratio nanopores
10.1038/srep18401,high,15,9,2,1,0,0,0,0,cremers2019,Scientific Reports,Controlled Phase and Tunable Magnetism in Ordered Iron Oxide Nanotube Arrays Prepared by Atomic Layer Deposition
10.1021/acsami.6b06175,high,14,4,2,0,0,0,0,1,cremers2019,ACS Applied Materials &amp; Interfaces,Plasma-Enhanced Atomic Layer Deposition of Silicon Nitride Using a Novel Silylamine Precursor
10.1021/acsami.9b18412,high,14,3,2,0,0,0,0,1,popov2025,ACS Applied Materials &amp; Interfaces,Thermal and Plasma-Enhanced Atomic Layer Deposition of Yttrium Oxide Films and the Properties of Water Wettability
10.1063/1.4946884,high,14,11,2,1,0,0,0,0,popov2025,APL Materials,Transparent ferrimagnetic semiconducting CuCr2O4 thin films by atomic layer deposition
10.1002/aenm.201100330,high,14,11,1,0,0,0,1,0,popov2025,Advanced Energy Materials,Atomic Layer Deposition of Tin Monosulfide Thin Films
10.1002/admi.201600564,high,14,8,2,1,0,0,0,0,cremers2019,Advanced Materials Interfaces,Atomic Layer Deposition for Lithium‐Based Batteries
10.1002/admi.202001677,high,14,13,3,0,0,0,1,1,popov2025,Advanced Materials Interfaces,"Atomic Layer Deposition of 2D Metal Dichalcogenides for Electronics, Catalysis, Energy Storage, and Beyond"
10.3390/applnano4010003,high,14,11,1,0,0,0,1,0,popov2025,Applied Nano,"Thin Film Deposition of MoP, a Topological Semimetal"
10.1063/1.3525929,high,14,6,2,0,0,0,1,0,popov2025,Applied Physics Letters,Atomic layer deposition of CuCl nanoparticles
10.1063/1.3579195,high,14,10,1,0,0,0,1,1,popov2025,Applied Physics Letters,Semiconductor-metal transition in thin VO2 films grown by ozone based atomic layer deposition
10.1002/bkcs.11153,high,14,10,2,0,0,0,0,1,popov2025,Bulletin of the Korean Chemical Society,"A Novel Chemical Route to Atomic Layer Deposition of <scp>ZnS</scp> Thin Film from Diethylzinc and 1,5‐Pentanedithiol"
10.1021/acs.chemmater.9b01937,high,14,4,1,1,0,0,1,0,popov2025,Chemistry of Materials,"Developing Precursor Chemistry for Atomic Layer Deposition of High-Density, Conformal GeTe Films for Phase-Change Memory"
10.1002/cvde.200806713,low,14,7,0,1,1,1,0,0,cremers2019,Chemical Vapor Deposition,Thin Polymer Films with High Step Coverage in Microtrenches by Initiated CVD
10.1002/cphc.201700407,high,14,12,1,0,0,0,1,0,popov2025,ChemPhysChem,Formation of BiFeO<sub>3</sub> from a Binary Oxide Superlattice Grown by Atomic Layer Deposition
10.1039/d1dt01634b,high,14,8,2,0,0,0,0,1,popov2025,Dalton Transactions,A study on the influence of ligand variation on formamidinate complexes of yttrium: new precursors for atomic layer deposition of yttrium ox
10.1149/1.3360697,high,14,14,1,0,0,0,1,0,popov2025,ECS Transactions,"Development of ALD HfZrO<sub>x</sub> with TDEAH, TDEAZ and H<sub>2</sub>O"
10.1149/05051.0045ecst,high,14,6,2,0,0,0,1,0,popov2025,ECS Transactions,ZnS Films Deposited by ALD for Solar Cell Applications
10.3390/electronics6020027,high,14,9,1,0,0,0,1,0,popov2025,Electronics,Atomic Layer Growth of InSe and Sb2Se3 Layered Semiconductors and Their Heterostructure
10.1063/1.1937476,low,14,8,0,1,0,0,0,0,cremers2019,Journal of Applied Physics,Enhanced step coverage by oblique angle physical vapor deposition
10.1063/1.5026790,high,14,13,1,0,0,0,1,0,popov2025,Journal of Applied Physics,Crystalline SrZrO3 deposition on Ge (001) by atomic layer deposition for high-<i>k</i> dielectric applications
10.1116/1.582189,low,14,8,0,1,0,0,1,1,cremers2019,"Journal of Vacuum Science &amp; Technology A: Vacuum, Surfaces, and Films",Determination of atomic oxygen density with a nickel catalytic probe
10.1116/1.4728205,high,14,8,2,0,0,0,1,0,cremers2019,"Journal of Vacuum Science &amp; Technology A: Vacuum, Surfaces, and Films",Status and prospects of Al2O3-based surface passivation schemes for silicon solar cells
10.1116/1.4843595,high,14,7,1,0,1,0,0,1,popov2025,"Journal of Vacuum Science &amp; Technology A: Vacuum, Surfaces, and Films",Atomic layer deposition of molybdenum oxide using bis(tert-butylimido)bis(dimethylamido) molybdenum
10.1116/1.4959532,high,14,9,1,0,1,0,0,1,popov2025,"Journal of Vacuum Science &amp; Technology A: Vacuum, Surfaces, and Films",Vapor deposition of molybdenum oxide using bis(ethylbenzene) molybdenum and water
10.1116/1.5088582,high,14,12,3,0,0,1,0,1,popov2025,"Journal of Vacuum Science &amp; Technology A: Vacuum, Surfaces, and Films",Status and prospects of plasma-assisted atomic layer deposition
10.1116/6.0001787,high,14,12,1,0,0,0,1,0,popov2025,Journal of Vacuum Science &amp; Technology A,Amorphous semi-insulating Al-doped In2O3 growth by atomic layer deposition for thin-film transistors
10.1016/j.matlet.2004.09.030,high,14,8,1,1,0,0,1,0,cremers2019,Materials Letters,"Low-impurity, highly conformal atomic layer deposition of titanium nitride using NH3–Ar–H2 plasma treatment for capacitor electrodes"
10.3390/ma13010024,high,14,11,1,1,0,0,1,0,popov2025,Materials,Atomic Layer Deposition of GdCoO3 and Gd0.9Ca0.1CoO3
10.1039/c8nr08040b,high,14,7,1,0,1,0,0,1,popov2025,Nanoscale,High growth per cycle thermal atomic layer deposition of Ni films using an electron-rich precursor
10.1002/pssr.201800023,high,14,9,1,0,0,0,1,0,popov2025,physica status solidi (RRL) – Rapid Research Letters,2D MoSe<sub>2</sub> Structures Prepared by Atomic Layer Deposition
10.1002/pssa.201330080,high,14,8,1,0,0,0,1,0,popov2025,physica status solidi (a),Atomic layer deposition of scandium‐based oxides
10.1016/j.surfcoat.2012.02.038,high,14,2,2,1,0,0,0,1,cremers2019,Surface and Coatings Technology,Conformality of thermal and plasma enhanced atomic layer deposition on a non-woven fibrous substrate
10.1002/adfm.201600461,high,13,10,1,1,0,1,0,0,popov2025,Advanced Functional Materials,Zinc Ferrite Photoanode Nanomorphologies with Favorable Kinetics for Water‐Splitting
10.1002/adma.201200397,high,13,8,2,0,0,0,1,0,cremers2019,Advanced Materials,Emerging Applications of Atomic Layer Deposition for Lithium‐Ion Battery Studies
10.1002/adma.201703622,med,13,9,2,0,0,0,0,0,popov2025,Advanced Materials,Atomic Layer Deposition of Rhenium Disulfide
10.1002/admi.201701146,med,13,9,2,0,0,0,0,0,popov2025,Advanced Materials Interfaces,MoSe<i><sub>x</sub></i>O<i><sub>y</sub></i>‐Coated 1D TiO<sub>2</sub> Nanotube Layers: Efficient Interface for Light‐Driven Applications
10.1002/adom.202201326,med,13,9,2,0,0,0,0,0,popov2025,Advanced Optical Materials,Room Temperature Phase Transition of W‐Doped VO<sub>2</sub> by Atomic Layer Deposition on 200 mm Si Wafers and Flexible Substrates
10.1002/anie.200301652,med,13,11,2,0,0,0,0,0,popov2025,Angewandte Chemie International Edition,Atomic Layer Deposition Chemistry: Recent Developments and Future Challenges
10.1063/1.118494,low,13,11,0,0,1,0,1,1,cremers2019,Applied Physics Letters,Atomic layer controlled growth of SiO2 films using binary reaction sequence chemistry
10.1016/j.apsusc.2021.150152,high,13,4,1,0,0,0,1,1,popov2025,Applied Surface Science,Low-temperature growth of crystalline Tin(II) monosulfide thin films by atomic layer deposition using a liquid divalent tin precursor
10.1016/j.apsusc.2023.156834,high,13,6,1,1,0,0,0,1,popov2025,Applied Surface Science,Preparation of wafer-scale highly conformalamorphous hafnium dioxide thin films by atomic layer deposition using a thermally stable boratabe
10.1002/cvde.200906833,high,13,7,1,0,0,0,1,0,popov2025,Chemical Vapor Deposition,"Atomic Layer Deposition of Gadolinium Aluminate using Gd(<sup><i>i</i></sup>PrCp)<sub>3</sub>, TMA, and O<sub>3</sub> or H<sub>2</sub>O"
10.1002/cvde.201407112,high,13,14,1,0,0,0,1,1,popov2025,Chemical Vapor Deposition,Atomic Layer Deposition of LaPO<sub>4</sub> and Ca:LaPO<sub>4</sub>**
10.1002/cplu.202000108,high,13,9,1,0,0,0,1,1,popov2025,ChemPlusChem,Cyclic Silylselenides: Convenient Selenium Precursors for Atomic Layer Deposition
10.1039/c6dt03952a,med,13,5,2,0,0,0,0,0,popov2025,Dalton Transactions,Second-generation hexavalent molybdenum oxo-amidinate precursors for atomic layer deposition
10.1039/c7dt00512a,med,13,7,2,0,0,0,0,0,popov2025,Dalton Transactions,Atomic layer deposition of nickel–cobalt spinel thin films
10.1039/c9dt04644e,med,13,4,2,0,0,0,0,0,popov2025,Dalton Transactions,Synthesis and characterization of novel zinc precursors for ZnO thin film deposition by atomic layer deposition
10.1039/d1dt02315b,med,13,4,2,0,0,0,0,0,popov2025,Dalton Transactions,Highly conductive and stable Co <sub>9</sub> S <sub>8</sub> thin films by atomic layer deposition: from process development and film charact
10.1039/d1dt03487a,high,13,6,1,0,0,0,1,1,popov2025,Dalton Transactions,Atomic layer deposition of SnSe <sub> <i>x</i> </sub> thin films using Sn(N(CH <sub>3</sub> ) <sub>2</sub> ) <sub>4</sub> and Se(Si(CH <sub>
10.1149/1.3490413,med,13,3,2,0,0,0,0,0,popov2025,Electrochemical and Solid-State Letters,Plasma-Enhanced Atomic Layer Deposition of TaC[sub x]N[sub y] Films with tert-Butylimido Tris-diethylamido Tantalum and Methane/Hydrogen Gas
10.1109/led.2023.3239379,med,13,3,2,0,0,0,0,0,popov2025,IEEE Electron Device Letters,Performance of Transparent Indium–Gallium–Zinc Oxide Thin Film Transistor Prepared by All Plasma Enhanced Atomic Layer Deposition
10.3390/inorganics6010034,high,13,9,2,0,0,0,1,0,cremers2019,Inorganics,Atomic Layer Deposition on Porous Materials: Problems with Conventional Approaches to Catalyst and Fuel Cell Electrode Preparation
10.1016/j.jallcom.2014.04.186,high,13,4,1,1,0,1,0,0,popov2025,Journal of Alloys and Compounds,Growth of highly conformal ruthenium-oxide thin films with enhanced nucleation by atomic layer deposition
10.1016/j.jallcom.2015.12.148,high,13,7,1,1,0,0,1,0,cremers2019,Journal of Alloys and Compounds,Highly-conformal nanocrystalline molybdenum nitride thin films by atomic layer deposition as a diffusion barrier against Cu
10.1039/c6ta04179e,med,13,5,2,0,0,0,0,0,cremers2019,Journal of Materials Chemistry A,Plasma-enhanced atomic layer deposition of titanium phosphate as an electrode for lithium-ion batteries
10.1039/c4tc01961j,med,13,4,2,0,0,0,0,0,cremers2019,Journal of Materials Chemistry C,Atomic layer deposition of ruthenium at 100 °C using the RuO <sub>4</sub> -precursor and H <sub>2</sub>
10.1007/s10854-018-0351-z,high,13,5,1,0,0,1,1,0,popov2025,Journal of Materials Science: Materials in Electronics,Composition-sensitive growth kinetics and dispersive optical properties of thin HfxTi1−xO2 (0 ≤ x ≤ 1) films prepared by the ALD method
10.1116/1.577508,low,13,9,0,0,0,1,0,1,cremers2019,"Journal of Vacuum Science &amp; Technology A: Vacuum, Surfaces, and Films",Study of volume and surface processes in low pressure radio frequency plasma reactors by pulsed excitation methods. I. Hydrogen–argon plasma
10.1116/1.3670745,high,13,7,4,1,0,0,0,0,cremers2019,"Journal of Vacuum Science &amp; Technology A: Vacuum, Surfaces, and Films",Spatial atomic layer deposition: A route towards further industrialization of atomic layer deposition
10.1116/1.3666034,high,13,10,1,0,0,1,0,1,cremers2019,"Journal of Vacuum Science &amp; Technology A: Vacuum, Surfaces, and Films",Hot-wire-assisted atomic layer deposition of a high quality cobalt film using cobaltocene: Elementary reaction analysis on NH<i>x</i> radica
10.1116/1.4936389,high,13,18,1,0,0,0,1,1,popov2025,"Journal of Vacuum Science &amp; Technology A: Vacuum, Surfaces, and Films",Luminescence properties of lanthanide and ytterbium lanthanide titanate thin films grown by atomic layer deposition
10.1116/1.5074153,high,13,16,1,0,0,0,1,1,popov2025,"Journal of Vacuum Science &amp; Technology A: Vacuum, Surfaces, and Films",Crystalline tungsten sulfide thin films by atomic layer deposition and mild annealing
10.1116/1.5130606,high,13,12,1,0,0,0,1,1,popov2025,"Journal of Vacuum Science &amp; Technology A: Vacuum, Surfaces, and Films",Atomic layer deposition of nitrogen incorporated molybdenum oxide: Unveiling carrier transport mechanism and its application in Li-ion batte
10.1021/acs.langmuir.6b03007,high,13,3,1,1,0,1,0,0,cremers2019,Langmuir,Nucleation and Conformality of Iridium and Iridium Oxide Thin Films Grown by Atomic Layer Deposition
10.1016/j.mee.2009.11.163,med,13,4,2,0,0,0,0,0,cremers2019,Microelectronic Engineering,Preparation of Ru thin film layer on Si and TaN/Si as diffusion barrier by plasma enhanced atomic layer deposition
10.1016/j.mee.2018.01.027,high,13,3,1,1,0,0,0,0,cremers2019,Microelectronic Engineering,Towards sub-micrometer high aspect ratio X-ray gratings by atomic layer deposition of iridium
10.1088/0957-4484/19/04/045302,high,13,3,1,1,0,0,0,0,cremers2019,Nanotechnology,Ru nanostructure fabrication using an anodic aluminum oxide nanotemplate and highly conformal Ru atomic layer deposition
10.1364/oe.19.026056,med,13,3,2,0,0,0,0,0,cremers2019,Optics Express,Large-area plasmonic hot-spot arrays: sub-2 nm interparticle separations with plasma-enhanced atomic layer deposition of Ag on periodic arra
10.1039/d0ra01602k,med,13,4,2,0,0,0,0,0,popov2025,RSC Advances,SiO <sub>2</sub> thin film growth through a pure atomic layer deposition technique at room temperature
10.1021/acsaelm.3c00245,high,12,5,1,0,0,0,1,0,popov2025,ACS Applied Electronic Materials,Low-Resistivity Titanium Nitride Thin Films Fabricated by Atomic Layer Deposition with TiCl<sub>4</sub> and Metal–Organic Precursors in Hori
10.1021/acsami.9b15790,high,12,6,1,1,0,0,0,0,popov2025,ACS Applied Materials &amp; Interfaces,Low-Temperature Atomic Layer Deposition of Highly Conformal Tin Nitride Thin Films for Energy Storage Devices
10.1021/acsnano.5b03694,high,12,5,1,0,0,0,1,0,cremers2019,ACS Nano,Low-Temperature Atomic Layer Deposition of Crystalline and Photoactive Ultrathin Hematite Films for Solar Water Splitting
10.1063/1.4975928,high,12,11,1,0,0,0,1,0,popov2025,AIP Advances,Atomic layer deposition and properties of mixed Ta2O5 and ZrO2 films
10.1002/admi.201600254,low,12,8,0,1,0,1,0,0,cremers2019,Advanced Materials Interfaces,High‐Aspect‐Ratio Parallel‐Plate Microchannels Applicable to Kinetic Analysis of Chemical Vapor Deposition
10.1002/anie.200900414,high,12,8,1,1,0,0,0,0,popov2025,Angewandte Chemie International Edition,Low‐Temperature Atomic Layer Deposition of Copper Metal Thin Films: Self‐Limiting Surface Reaction of Copper Dimethylamino‐2‐propoxide with 
10.1063/1.1900957,high,12,9,1,0,0,0,1,0,cremers2019,Applied Physics Letters,Fabrication of inverted opal ZnO photonic crystals by atomic layer deposition
10.1063/1.5056223,low,12,10,0,0,0,0,1,1,popov2025,Applied Physics Letters,Atomic layer deposited ZnxNi1−xO: A thermally stable hole selective contact for silicon solar cells
10.1016/j.apsusc.2012.05.019,high,12,4,1,0,0,0,1,0,popov2025,Applied Surface Science,Atomic layer deposition and characterization of stoichiometric erbium oxide thin dielectrics on Si(100) using (CpMe)3Er precursor and ozone
10.1016/j.apsusc.2015.05.062,high,12,3,1,1,0,0,0,0,popov2025,Applied Surface Science,Highly-conformal p-type copper(I) oxide (Cu2O) thin films by atomic layer deposition using a fluorine-free amino-alkoxide precursor
10.1016/j.apsusc.2021.150603,high,12,5,1,0,0,0,0,1,popov2025,Applied Surface Science,Evaluation of silicon tetrahalide precursors for low-temperature thermal atomic layer deposition of silicon nitride
10.1016/j.apsusc.2021.150373,high,12,6,1,0,0,0,1,0,popov2025,Applied Surface Science,Atomic layer deposition of tungsten and tungsten-based compounds using WCl5 and various reactants selected by density functional theory
10.1021/cm021772s,high,12,6,1,1,0,0,0,0,cremers2019,Chemistry of Materials,Highly Conformal Thin Films of Tungsten Nitride Prepared by Atomic Layer Deposition from a Novel Precursor
10.1021/cm2020862,med,12,3,2,0,0,0,0,0,popov2025,Chemistry of Materials,Atomic Layer Deposition of Gd<sub>2</sub>O<sub>3</sub> and Dy<sub>2</sub>O<sub>3</sub>: A Study of the ALD Characteristics and Structural an
10.1021/cm4034885,high,12,4,1,0,0,1,0,0,popov2025,Chemistry of Materials,Influence of the Kinetic Adsorption Process on the Atomic Layer Deposition Process of (GeTe<sub>2</sub>)<sub>(1–<i>x</i>)</sub>(Sb<sub>2</su
10.1021/acs.chemmater.7b02098,high,12,4,1,0,0,0,1,0,popov2025,Chemistry of Materials,Low-Temperature Atomic Layer Deposition of Low-Resistivity Copper Thin Films Using Cu(dmap)<sub>2</sub> and Tertiary Butyl Hydrazine
10.1021/acs.chemmater.8b01271,high,12,5,1,0,0,0,1,0,popov2025,Chemistry of Materials,Diamine Adduct of Cobalt(II) Chloride as a Precursor for Atomic Layer Deposition of Stoichiometric Cobalt(II) Oxide and Reduction Thereof to
10.1021/acs.chemmater.2c01154,high,12,5,1,0,0,0,1,0,popov2025,Chemistry of Materials,Atomic Layer Deposition of Large-Area Polycrystalline Transition Metal Dichalcogenides from 100 °C through Control of Plasma Chemistry
10.1002/cvde.200606508,high,12,12,1,0,0,0,0,1,cremers2019,Chemical Vapor Deposition,Plasma‐Enhanced Atomic Layer Deposition of Palladium on a Polymer Substrate
10.1002/cvde.201502013,med,12,13,2,0,0,0,0,0,cremers2019,Chemical Vapor Deposition,From V. B. Aleskovskii's “Framework” Hypothesis to the Method of Molecular Layering/Atomic Layer Deposition
10.1039/c6dt02572b,high,12,5,1,0,0,0,0,1,popov2025,Dalton Transactions,Atomic layer deposition of Cu( <scp>i</scp> ) oxide films using Cu( <scp>ii</scp> ) bis(dimethylamino-2-propoxide) and water
10.1039/c7dt03753h,med,12,6,2,0,0,0,0,0,popov2025,Dalton Transactions,Rubidium containing thin films by atomic layer deposition
10.1039/d1dt03465k,high,12,6,1,0,1,0,0,0,popov2025,Dalton Transactions,Growth modulation of atomic layer deposition of HfO <sub>2</sub> by combinations of H <sub>2</sub> O and O <sub>3</sub> reactants
10.1039/d1dt03960a,med,12,5,2,0,0,0,0,0,popov2025,Dalton Transactions,Avoiding water reservoir effects in ALD of functional complex alkali oxides by using O <sub>3</sub> as the oxygen source
10.1039/d2dt01347a,high,12,4,1,0,0,0,0,1,popov2025,Dalton Transactions,"A low-temperature thermal ALD process for nickel utilizing dichlorobis(triethylphosphine)nickel( <scp>ii</scp> ) and 1,4-bis(trimethylgermyl"
10.1149/1.3567622,low,12,5,0,0,0,0,1,0,popov2025,ECS Transactions,Atomic-Layer Deposition of Lutetium Aluminate Thin Films for Non-Volatile Memory Applications
10.1063/1.4766747,high,12,11,1,0,0,0,1,0,popov2025,Journal of Applied Physics,Characterization of Ru thin-film conductivity upon atomic layer deposition on H-passivated Si(111)
10.1149/2.067203jes,high,12,3,1,1,0,0,0,0,cremers2019,Journal of The Electrochemical Society,"Plasma-Assisted ALD for the Conformal Deposition of SiO<sub>2</sub>: Process, Material and Electronic Properties"
10.1039/c8ta08761j,med,12,7,2,0,0,0,0,0,popov2025,Journal of Materials Chemistry A,Atomic layer deposition and first principles modeling of glassy Li <sub>3</sub> BO <sub>3</sub> –Li <sub>2</sub> CO <sub>3</sub> electrolyte
10.1039/d2tc03555c,high,12,7,1,0,1,0,0,0,popov2025,Journal of Materials Chemistry C,Atomic layer deposition of silicon oxide films using bis(dimethylaminomethylsilyl)trimethylsilylamine and ozone: first-principles and experi
10.1007/s10853-020-04380-5,high,12,3,1,0,1,0,0,0,popov2025,Journal of Materials Science,A high growth rate process of ALD CeOx with amidinato-cerium [(N-iPr-AMD)3Ce] and O3 as precursors
10.1116/1.3660699,high,12,10,2,1,0,0,0,0,cremers2019,"Journal of Vacuum Science &amp; Technology A: Vacuum, Surfaces, and Films",Atomic layer deposition for nanostructured Li-ion batteries
10.1116/1.4971389,high,12,11,3,1,0,0,0,0,cremers2019,"Journal of Vacuum Science &amp; Technology A: Vacuum, Surfaces, and Films",Review Article: Recommended reading list of early publications on atomic layer deposition—Outcome of the “Virtual Project on the History of 
10.1116/1.4968202,high,12,11,1,0,0,0,1,0,popov2025,"Journal of Vacuum Science &amp; Technology A: Vacuum, Surfaces, and Films",As2S3 thin films deposited by atomic layer deposition
10.1116/1.5063669,high,12,10,1,0,0,0,0,1,popov2025,"Journal of Vacuum Science &amp; Technology A: Vacuum, Surfaces, and Films",Atomic layer deposition of cobalt oxide on oxide substrates and low temperature reduction to form ultrathin cobalt metal films
10.1116/1.5079583,med,12,13,2,0,0,0,0,0,popov2025,"Journal of Vacuum Science &amp; Technology A: Vacuum, Surfaces, and Films",Semiconducting TiO2−xSx thin films by atomic layer deposition of TiS2 and its oxidation in ambient
10.1116/1.584901,low,12,10,0,1,0,1,0,0,cremers2019,Journal of Vacuum Science &amp; Technology B: Microelectronics Processing and Phenomena,A unified line-of-sight model of deposition in rectangular trenches
10.1021/la305027k,high,12,3,1,0,0,0,1,0,popov2025,Langmuir,Phase Discrimination through Oxidant Selection in Low-Temperature Atomic Layer Deposition of Crystalline Iron Oxides
10.3390/ma14205966,med,12,12,3,0,0,0,0,0,popov2025,Materials,Tuning of Emission Wavelength of CaS:Eu by Addition of Oxygen Using Atomic Layer Deposition
10.1039/d0nr01092h,high,12,7,1,0,0,0,0,1,popov2025,Nanoscale,Thermal atomic layer deposition of gold nanoparticles: controlled growth and size selection for photocatalysis
10.1088/1361-6528/aaad58,high,12,12,1,1,0,0,0,0,cremers2019,Nanotechnology,Core–shell titanium dioxide–titanium nitride nanotube arrays with near-infrared plasmon resonances
10.1038/s41467-020-16654-2,high,12,9,1,0,0,0,1,0,popov2025,Nature Communications,A foundation for complex oxide electronics -low temperature perovskite epitaxy
10.1002/pssr.201004462,high,12,11,1,0,0,0,1,0,popov2025,physica status solidi (RRL) – Rapid Research Letters,Controlled growth of rutile TiO<sub>2</sub>by atomic layer deposition on oxidized ruthenium
10.1039/c6ra00468g,med,12,5,2,0,0,0,0,0,popov2025,RSC Advances,Intercalation based tungsten disulfide (WS <sub>2</sub> ) Li-ion battery anode grown by atomic layer deposition
10.1039/d1ra03942c,high,12,7,1,0,0,0,0,1,popov2025,RSC Advances,Atomic layer deposition of rhodium and palladium thin film using low-concentration ozone
10.1039/d3ra05217f,high,12,6,1,0,0,0,1,0,popov2025,RSC Advances,Atomic layer deposition of Y <sub>2</sub> O <sub>3</sub> films using a novel liquid homoleptic yttrium precursor tris( <i>sec</i> -butylcycl
10.1002/smll.201800547,high,12,10,1,0,0,0,1,0,popov2025,Small,Low‐Temperature Wafer‐Scale Deposition of Continuous 2D SnS<sub>2</sub> Films
10.1109/iedm.2003.1269265,high,12,3,1,0,0,1,0,0,cremers2019,IEEE International Electron Devices Meeting 2003,A model for Al/sub 2/O/sub 3/ ALD conformity and deposition rate from oxygen precursor reactivity
10.1021/acsaelm.1c00145,high,11,4,1,0,0,0,1,0,popov2025,ACS Applied Electronic Materials,Atomic Layer Deposition of Crystalline β-NiS for Superior Sensing in Thin-Film Non-Enzymatic Electrochemical Glucose Sensors
10.1021/acsaem.3c00960,high,11,6,1,0,0,0,1,0,popov2025,ACS Applied Energy Materials,Sn<sub>1–<i>x</i></sub>Ge<sub><i>x</i></sub>O<sub><i>y</i></sub> and Zn<sub>1–<i>x</i></sub>Ge<sub><i>x</i></sub>O<sub><i>y</i></sub> by Ato
10.1021/am505107s,high,11,4,1,1,0,0,0,0,cremers2019,ACS Applied Materials &amp; Interfaces,"Conformal Atomic Layer Deposition of Alumina on Millimeter Tall, Vertically-Aligned Carbon Nanotube Arrays"
10.1021/acsami.5b01531,high,11,2,1,1,0,0,0,1,cremers2019,ACS Applied Materials &amp; Interfaces,Low-Temperature Conformal Atomic Layer Deposition of SiN<sub><i>x</i></sub> Films Using Si<sub>2</sub>Cl<sub>6</sub> and NH<sub>3</sub> Plas
10.1021/acsami.0c03578,high,11,5,1,1,0,0,0,0,popov2025,ACS Applied Materials &amp; Interfaces,Atomic Layer Deposition of Sodium Phosphorus Oxynitride: A Conformal Solid-State Sodium-Ion Conductor
10.1021/acsanm.0c02820,high,11,5,1,1,0,0,0,0,popov2025,ACS Applied Nano Materials,Conformal Growth of Nanometer-Thick Transition Metal Dichalcogenide TiS<i><sub>x</sub></i>-NbS<i><sub>x</sub></i> Heterostructures over 3D S
10.1002/aelm.201600341,high,11,13,1,0,0,0,0,1,popov2025,Advanced Electronic Materials,Enhanced p‐Type Transparent Semiconducting Characteristics for ALD‐Grown Mg‐Substituted CuCrO<sub>2</sub> Thin Films
10.1002/aelm.202101334,high,11,11,1,0,0,0,0,1,popov2025,Advanced Electronic Materials,Low‐Temperature Atomic Layer Deposition of High‐<i>k</i> SbO<i><sub>x</sub></i> for Thin Film Transistors
10.1063/1.2338776,high,11,8,1,0,0,0,0,1,cremers2019,Applied Physics Letters,Plasma-assisted atomic layer deposition of Al2O3 moisture permeation barriers on polymers
10.1063/1.3400213,high,11,10,1,0,0,0,1,0,popov2025,Applied Physics Letters,Dielectric properties of Er−doped HfO2 (Er∼15%) grown by atomic layer deposition for high-κ gate stacks
10.1063/1.4811788,high,11,11,1,0,0,0,1,0,popov2025,Applied Physics Letters,Theoretical and experimental studies on the electronic structure of crystalline and amorphous ZnSnO3 thin films
10.1016/j.apsusc.2017.06.016,high,11,7,1,1,0,0,0,0,cremers2019,Applied Surface Science,A pressure tuned stop-flow atomic layer deposition process for MoS2 on high porous nanostructure and fabrication of TiO2/MoS2 core/shell inv
10.1016/j.apsusc.2016.11.192,high,11,5,1,0,0,0,0,1,popov2025,Applied Surface Science,The influence of tertiary butyl hydrazine as a co-reactant on the atomic layer deposition of silver
10.1016/j.apsusc.2018.07.153,high,11,7,1,0,0,0,0,1,popov2025,Applied Surface Science,Low temperature thermal ALD TaNx and TiNx films from anhydrous N2H4
10.1016/j.apsusc.2019.03.071,high,11,4,1,0,1,0,0,0,popov2025,Applied Surface Science,A high growth rate atomic layer deposition process for nickel oxide film preparation using a combination of nickel(II) diketonate–diamine an
10.1016/j.apsusc.2019.05.242,high,11,6,1,0,0,0,0,1,popov2025,Applied Surface Science,Thermal atomic layer deposition of metallic Ru using H2O as a reactant
10.1016/j.ceramint.2019.10.018,high,11,5,1,0,0,0,0,1,popov2025,Ceramics International,Atomic layer deposition of pure In2O3 films for a temperature range of 200–300 °C using heteroleptic liquid In(DMAMP)2(OiPr) precursor
10.1021/cm102003y,high,11,3,1,0,0,0,1,0,popov2025,Chemistry of Materials,Control of Oxygen Nonstoichiometry and Magnetic Property of MnCo<sub>2</sub>O<sub>4</sub> Thin Films Grown by Atomic Layer Deposition
10.1021/cm100061n,high,11,3,1,0,0,0,1,0,popov2025,Chemistry of Materials,Palladium Catalysts Synthesized by Atomic Layer Deposition for Methanol Decomposition
10.1021/cm100926r,high,11,5,1,0,0,0,0,1,popov2025,Chemistry of Materials,Growth of Tantalum(V) Oxide Films by Atomic Layer Deposition Using the Highly Thermally Stable Precursor Ta(NtBu)(iPrNC(Me)NiPr)<sub>2</sub>
10.1021/cm300539a,high,11,3,1,1,0,0,0,0,popov2025,Chemistry of Materials,Conformal Formation of (GeTe<sub>2</sub>)<sub>(1–<i>x</i>)</sub>(Sb<sub>2</sub>Te<sub>3</sub>)<sub><i>x</i></sub> Layers by Atomic Layer Dep
10.1021/cm202901z,high,11,5,1,0,0,0,1,0,popov2025,Chemistry of Materials,Ozone-Based Atomic Layer Deposition of Crystalline V<sub>2</sub>O<sub>5</sub> Films for High Performance Electrochemical Energy Storage
10.1021/cm3027225,high,11,3,1,0,0,0,1,0,popov2025,Chemistry of Materials,Interfaces and Composition Profiles in Metal–Sulfide Nanolayers Synthesized by Atomic Layer Deposition
10.1021/acs.chemmater.5b03504,high,11,3,1,0,0,0,0,1,popov2025,Chemistry of Materials,Low Temperature Thermal Atomic Layer Deposition of Cobalt Metal Films
10.1021/acs.chemmater.7b02456,high,11,4,1,0,0,0,0,1,popov2025,Chemistry of Materials,"Low Temperature, Selective Atomic Layer Deposition of Cobalt Metal Films Using Bis(1,4-di-<i>tert</i>-butyl-1,3-diazadienyl)cobalt and Alkyl"
10.1021/acs.chemmater.9b02533,high,11,3,1,0,0,0,1,0,popov2025,Chemistry of Materials,Atomic Layer Deposition of Nanocrystalline-As-Deposited (GeTe)<i><sub>x</sub></i>(Sb<sub>2</sub>Te<sub>3</sub>)<sub>1–<i>x</i></sub> Films f
10.1021/acs.chemmater.0c04496,high,11,6,1,0,0,0,0,1,popov2025,Chemistry of Materials,Area-Selective Atomic Layer Deposition of Ruthenium Using a Novel Ru Precursor and H<sub>2</sub>O as a Reactant
10.1016/j.ccr.2013.08.007,high,11,3,1,1,0,0,0,0,cremers2019,Coordination Chemistry Reviews,Carbon-nanostructures coated/decorated by atomic layer deposition: Growth and applications
10.1039/c1ce05923h,high,11,3,1,0,0,0,1,0,popov2025,CrystEngComm,Tailoring phase and composition at the nanoscale: atomic layer deposition of Zn–Ti–O thin films
10.1039/c5dt00436e,high,11,5,1,0,0,0,1,0,popov2025,Dalton Transactions,"Atomic layer deposition of quaternary oxide (La,Sr)CoO <sub>3−δ</sub> thin films"
10.1039/c8dt02508h,high,11,8,1,0,0,0,0,1,popov2025,Dalton Transactions,Aluminum dihydride complexes and their unexpected application in atomic layer deposition of titanium carbonitride films
10.1039/d1dt03748j,high,11,6,1,0,0,0,0,1,popov2025,Dalton Transactions,Thermal atomic layer deposition of In <sub>2</sub> O <sub>3</sub> thin films using a homoleptic indium triazenide precursor and water
10.1039/d2dt02216h,high,11,3,1,1,0,0,0,0,popov2025,Dalton Transactions,"Atomic layer deposition of PbCl <sub>2</sub> , PbBr <sub>2</sub> and mixed lead halide (Cl, Br, I) PbX <sub> <i>n</i> </sub> Y <sub> 2− <i>n"
10.1039/d2dt02562k,high,11,5,1,0,0,0,0,1,popov2025,Dalton Transactions,SnO deposition <i>via</i> water based ALD employing tin( <scp>ii</scp> ) formamidinate: precursor characterization and process development
10.1149/2.0291605jss,high,11,3,1,0,0,0,0,1,popov2025,ECS Journal of Solid State Science and Technology,Investigation of N Type Metal TiAlC by Thermal Atomic Layer Deposition Using TiCl<sub>4</sub>and TEA as Precursors
10.1016/j.jallcom.2015.07.150,high,11,3,1,0,0,0,0,1,popov2025,Journal of Alloys and Compounds,Indium oxide thin film prepared by low temperature atomic layer deposition using liquid precursors and ozone oxidant
10.1149/1.1825913,high,11,5,1,0,0,0,1,0,cremers2019,Journal of The Electrochemical Society,Characteristics and Compositional Variation of TiN Films Deposited by Remote PEALD on Contact Holes
10.1149/1.3072694,high,11,2,1,1,0,1,0,0,cremers2019,Journal of The Electrochemical Society,Modeling the Conformality of Atomic Layer Deposition: The Effect of Sticking Probability
10.1016/j.jlumin.2021.118544,high,11,3,1,0,0,0,1,0,popov2025,Journal of Luminescence,Crystallization and electroluminescence performance of the Er-doped polycrystalline Gd3Ga5O12 nanofilms fabricated by atomic layer depositio
10.1039/b516499k,high,11,3,1,1,0,0,0,0,cremers2019,Journal of Materials Chemistry,Nanostructured TiO2 membranes by atomic layer deposition
10.1039/c7ta03257a,high,11,4,1,1,0,0,0,0,cremers2019,Journal of Materials Chemistry A,3D porous nanostructured platinum prepared using atomic layer deposition
10.1039/d1tc04223h,high,11,5,1,0,0,0,0,1,popov2025,Journal of Materials Chemistry C,Influences of oxygen source and substrate temperature on the unusual growth mechanism of atomic layer deposited magnesium oxide using bis(cy
10.1021/acs.jpcc.8b03027,high,11,7,1,0,0,0,1,0,popov2025,The Journal of Physical Chemistry C,Atomic Layer Deposition of Transparent and Conducting p-Type Cu(I) Incorporated ZnS Thin Films: Unravelling the Role of Compositional Hetero
10.1021/jz502285f,high,11,3,1,0,0,0,1,0,popov2025,The Journal of Physical Chemistry Letters,Magnetic Properties of Polycrystalline Bismuth Ferrite Thin Films Grown by Atomic Layer Deposition
10.1116/1.5083692,low,11,17,3,0,0,0,0,0,popov2025,"Journal of Vacuum Science &amp; Technology B, Nanotechnology and Microelectronics: Materials, Processing, Measurement, and Phenomena",Review Article: Atomic layer deposition of optoelectronic materials
10.1021/acs.langmuir.6b03119,high,11,2,1,1,0,0,0,0,cremers2019,Langmuir,Atomic Layer Deposition for Coating of High Aspect Ratio TiO<sub>2</sub> Nanotube Layers
10.1016/j.matlet.2021.131605,high,11,5,1,0,0,0,0,1,popov2025,Materials Letters,Preliminary growth of metallic co films by thermal atomic layer deposition using RCpCo(CO)2 and alkylamine precursors
10.1016/j.mssp.2022.107258,high,11,5,1,0,0,0,1,0,popov2025,Materials Science in Semiconductor Processing,"Low-resistivity ruthenium metal thin films grown via atomic layer deposition using dicarbonyl-bis(5-methyl-2,4-hexanediketonato)ruthenium(II"
10.1016/j.mtchem.2018.04.005,high,11,3,1,0,0,0,1,0,popov2025,Materials Today Chemistry,Atomic layer deposition of crystalline molybdenum oxide thin films and phase control by post-deposition annealing
10.1016/j.mtchem.2023.101650,high,11,3,1,0,0,0,0,1,popov2025,Materials Today Chemistry,Low-temperature ALD of highly conductive antimony films through the reaction of silylamide with alkoxide and alkylamide precursors
10.3390/ma13010093,high,11,11,1,0,0,0,0,1,popov2025,Materials,Control of Eu Oxidation State in Y2O3−xSx:Eu Thin-Film Phosphors Prepared by Atomic Layer Deposition: A Structural and Photoluminescence Stu
10.1088/0957-4484/24/37/375301,low,11,4,0,1,0,0,0,0,cremers2019,Nanotechnology,Microfluidic hydrothermal growth of ZnO nanowires over high aspect ratio microstructures
10.1088/1361-6528/ab6fd6,high,11,9,1,0,0,0,1,0,popov2025,Nanotechnology,Silicon oxide-niobium oxide mixture films and nanolaminates grown by atomic layer deposition from niobium pentaethoxide and hexakis(ethylami
10.1002/pssr.201900018,high,11,8,1,0,0,0,1,0,popov2025,physica status solidi (RRL) – Rapid Research Letters,Fast‐Response Inverter Arrays Built on Wafer‐Scale MoS<sub>2</sub> by Atomic Layer Deposition
10.1039/d0ra10239c,high,11,5,1,0,0,1,0,0,popov2025,RSC Advances,Deposition of MoSe <sub>2</sub> flakes using cyclic selenides
10.1039/d0ra09876k,high,11,4,1,0,0,0,0,1,popov2025,RSC Advances,Atomic layer deposition of dielectric Y <sub>2</sub> O <sub>3</sub> thin films from a homoleptic yttrium formamidinate precursor and water
10.34133/2021/9862483,high,11,11,1,0,0,0,0,1,popov2025,Research,Wafer-Scale Synthesis of WS <sub>2</sub> Films with In Situ Controllable p-Type Doping by Atomic Layer Deposition
10.1016/j.surfin.2023.103499,high,11,5,1,0,0,0,0,1,popov2025,Surfaces and Interfaces,Enhanced physical and electrical properties of HfO2 deposited by atomic layer deposition using a novel precursor with improved thermal stabi
10.1016/j.tsf.2013.01.091,high,11,7,1,0,0,0,0,1,popov2025,Thin Solid Films,Low temperature atomic layer deposition of noble metals using ozone and molecular hydrogen as reactants
10.1016/j.tsf.2015.07.003,high,11,6,1,0,0,0,1,0,popov2025,Thin Solid Films,"Atomic layer deposition of stoichiometric Co3O4 films using bis(1,4-di-iso-propyl-1,4-diazabutadiene) cobalt"
10.1021/am502085c,med,10,4,1,0,0,0,0,0,popov2025,ACS Applied Materials &amp; Interfaces,"Highly Conducting, Transparent, and Flexible Indium Oxide Thin Film Prepared by Atomic Layer Deposition Using a New Liquid Precursor Et<sub>"
10.1021/acsami.8b04573,med,10,3,1,0,0,0,0,0,popov2025,ACS Applied Materials &amp; Interfaces,Novel ALD Chemistry Enabled Low-Temperature Synthesis of Lithium Fluoride Coatings for Durable Lithium Anodes
10.1021/acsami.8b03074,med,10,3,1,0,0,0,0,0,popov2025,ACS Applied Materials &amp; Interfaces,"Low Temperature, Selective Atomic Layer Deposition of Nickel Metal Thin Films"
10.1021/acsami.9b07090,med,10,4,1,0,0,0,0,0,popov2025,ACS Applied Materials &amp; Interfaces,PEALD of HfO<sub>2</sub> Thin Films: Precursor Tuning and a New Near-Ambient-Pressure XPS Approach to in Situ Examination of Thin-Film Surfa
10.1021/acsomega.9b01003,med,10,3,1,0,0,0,0,0,popov2025,ACS Omega,Atomic Layer Deposition of Nickel Using a Heteroleptic Ni Precursor with NH<sub>3</sub> and Selective Deposition on Defects of Graphene
10.1021/acsomega.3c05657,med,10,3,1,0,0,0,0,0,popov2025,ACS Omega,New Heteroleptic Germanium Precursors for GeO<sub>2</sub>Thin Films by Atomic Layer Deposition
10.1002/adma.200304452,med,10,7,1,0,0,0,0,0,cremers2019,Advanced Materials,Ruthenium Oxide Nanotube Arrays Fabricated by Atomic Layer Deposition Using a Carbon Nanotube Template
10.1002/admi.201770122,med,10,5,1,0,0,0,0,0,popov2025,Advanced Materials Interfaces,Photonic Materials: Low‐Temperature Mullite Formation in Ternary Oxide Coatings Deposited by ALD for High‐Temperature Applications (Adv. Mat
10.1016/j.apsusc.2009.02.055,high,10,2,1,0,0,1,0,0,cremers2019,Applied Surface Science,Method to determine the sticking coefficient of precursor molecules in atomic layer deposition
10.1016/j.apsusc.2015.04.154,med,10,3,1,0,0,0,0,0,popov2025,Applied Surface Science,An iron(II) diketonate–diamine complex as precursor for thin film fabrication by atomic layer deposition
10.1016/j.apsusc.2017.05.066,med,10,7,1,0,0,0,0,0,popov2025,Applied Surface Science,"Thermal atomic layer deposition of In2O3 thin films using dimethyl(N-ethoxy-2,2-dimethylcarboxylicpropanamide)indium and H2O"
10.1016/j.apsusc.2019.04.262,med,10,4,1,0,0,0,0,0,popov2025,Applied Surface Science,"An efficient atomic layer deposition process of MnOx films using bis(N,N′-di-tert-butylacetamidinato)manganese-(II) and H2O as reactants"
10.1016/j.apsusc.2021.152062,med,10,4,1,0,0,0,0,0,popov2025,Applied Surface Science,Preparation of tungsten-based thin films using a F-free W precursor and tert-butyl hydrazine via 2- and 3-step atomic layer deposition proce
10.1016/j.ceramint.2015.05.015,med,10,3,1,0,0,0,0,0,popov2025,Ceramics International,Atomic layer deposition of highly conductive indium oxide using a liquid precursor and water oxidant
10.1016/j.ceramint.2016.10.186,med,10,3,1,0,0,0,0,0,popov2025,Ceramics International,Low temperature atomic layer deposition of SiO2 thin films using di-isopropylaminosilane and ozone
10.1016/j.ceramint.2018.09.263,med,10,5,1,0,0,0,0,0,popov2025,Ceramics International,"Phase-controlled SnO2 and SnO growth by atomic layer deposition using Bis(N-ethoxy-2,2-dimethyl propanamido)tin precursor"
10.1016/j.ceramint.2019.10.254,med,10,3,1,0,0,0,0,0,popov2025,Ceramics International,Tin oxysulfide composite thin films based on atomic layer deposition of tin sulfide and tin oxide using Sn(dmamp)2 as Sn precursor
10.1039/c8cc10175b,med,10,2,2,0,0,0,0,0,popov2025,Chemical Communications,The first atomic layer deposition process for Fe <sub>x</sub> N films
10.1002/chem.202005268,med,10,4,1,0,0,0,0,0,popov2025,Chemistry – A European Journal,Cover Feature: Rational Development of Guanidinate and Amidinate Based Cerium and Ytterbium Complexes as Atomic Layer Deposition Precursors:
10.1021/cm020357x,med,10,6,1,0,0,0,0,0,cremers2019,Chemistry of Materials,Atomic Layer Deposition of Hafnium and Zirconium Oxides Using Metal Amide Precursors
10.1021/cm2026812,med,10,4,1,0,0,0,0,0,popov2025,Chemistry of Materials,Evaluation and Comparison of Novel Precursors for Atomic Layer Deposition of Nb<sub>2</sub>O<sub>5</sub>Thin Films
10.1021/cm2030735,med,10,3,1,0,0,0,0,0,popov2025,Chemistry of Materials,Cycloheptatrienyl-Cyclopentadienyl Heteroleptic Precursors for Atomic Layer Deposition of Group 4 Oxide Thin Films
10.1021/cm304125e,med,10,3,1,0,0,0,0,0,popov2025,Chemistry of Materials,Atomic Layer Deposition of SrTiO<sub>3</sub> Films with Cyclopentadienyl-Based Precursors for Metal–Insulator–Metal Capacitors
10.1021/cm402974j,med,10,3,1,0,0,0,0,0,popov2025,Chemistry of Materials,Enhanced Doping Efficiency of Al-Doped ZnO by Atomic Layer Deposition Using Dimethylaluminum Isopropoxide as an Alternative Aluminum Precurs
10.1021/cm403901y,med,10,4,1,0,0,0,0,0,popov2025,Chemistry of Materials,Synthesis of N-Heterocyclic Stannylene (Sn(II)) and Germylene (Ge(II)) and a Sn(II) Amidinate and Their Application as Precursors for Atomic
10.1021/acs.chemmater.5b02093,high,10,2,1,0,0,0,1,0,popov2025,Chemistry of Materials,Nanocrystalline Ferroelectric BiFeO<sub>3</sub> Thin Films by Low-Temperature Atomic Layer Deposition
10.1021/acs.chemmater.5b00818,med,10,4,1,0,0,0,0,0,popov2025,Chemistry of Materials,"Low Temperature ABC-Type Ru Atomic Layer Deposition through Consecutive Dissociative Chemisorption, Combustion, and Reduction Steps"
10.1021/acs.chemmater.5b00843,med,10,3,1,0,0,0,0,0,popov2025,Chemistry of Materials,Improved Initial Growth Behavior of SrO and SrTiO<sub>3</sub> Films Grown by Atomic Layer Deposition Using {Sr(demamp)(tmhd)}<sub>2</sub> as
10.1021/acs.chemmater.5b01707,med,10,5,1,0,0,0,0,0,popov2025,Chemistry of Materials,"Thermal Atomic Layer Deposition of Titanium Films Using Titanium Tetrachloride and 2-Methyl-1,4-bis(trimethylsilyl)-2,5-cyclohexadiene or 1,"
10.1021/acs.chemmater.6b01869,med,10,4,1,0,0,0,0,0,popov2025,Chemistry of Materials,"Heteroleptic Cyclopentadienyl-Amidinate Precursors for Atomic Layer Deposition (ALD) of Y, Pr, Gd, and Dy Oxide Thin Films"
10.1021/acs.chemmater.5b04360,med,10,3,1,0,0,0,0,0,popov2025,Chemistry of Materials,Atomic Layer Deposition of Metal Fluorides Using HF–Pyridine as the Fluorine Precursor
10.1021/acs.chemmater.6b00248,med,10,4,1,0,0,0,0,0,popov2025,Chemistry of Materials,Volatile Hexavalent Oxo-amidinate Complexes: Molybdenum and Tungsten Precursors for Atomic Layer Deposition
10.1021/acs.chemmater.6b03423,med,10,4,1,0,0,0,0,0,popov2025,Chemistry of Materials,Role of Initial Precursor Chemisorption on Incubation Delay for Molybdenum Oxide Atomic Layer Deposition
10.1021/acs.chemmater.7b02167,med,10,3,1,0,0,0,0,0,popov2025,Chemistry of Materials,Thermal Atomic Layer Deposition of Continuous and Highly Conducting Gold Thin Films
10.1021/acs.chemmater.6b05346,med,10,5,1,0,0,0,0,0,popov2025,Chemistry of Materials,Low-Temperature Atomic Layer Deposition of Cobalt Oxide as an Effective Catalyst for Photoelectrochemical Water-Splitting Devices
10.1021/acs.chemmater.6b04251,med,10,4,1,0,0,0,0,0,popov2025,Chemistry of Materials,Atomic Layer Deposition of Ruthenium and Ruthenium Oxide Using a Zero-Oxidation State Precursor
10.1021/acs.chemmater.8b00445,med,10,3,1,0,0,0,0,0,popov2025,Chemistry of Materials,Atomic Layer Deposition of Aluminum Metal Films Using a Thermally Stable Aluminum Hydride Reducing Agent
10.1021/acs.chemmater.8b04129,med,10,4,1,0,0,0,0,0,popov2025,Chemistry of Materials,"Atomic Layer Deposition of Molybdenum and Tungsten Oxide Thin Films Using Heteroleptic Imido-Amidinato Precursors: Process Development, Film"
10.1021/acs.chemmater.9b00675,med,10,4,1,0,0,0,0,0,popov2025,Chemistry of Materials,"Atomic Layer Deposition of Pt Thin Films Using Dimethyl (<i>N</i>,<i>N</i>-Dimethyl-3-Butene-1-Amine-<i>N</i>) Platinum and O<sub>2</sub> Re"
10.1021/acs.chemmater.8b04456,med,10,6,1,0,0,0,0,0,popov2025,Chemistry of Materials,"Self-Catalyzed, Low-Temperature Atomic Layer Deposition of Ruthenium Metal Using Zero-Valent Ru(DMBD)(CO)<sub>3</sub> and Water"
10.1021/acs.chemmater.9b02085,med,10,3,1,0,0,0,0,0,popov2025,Chemistry of Materials,Atomic Layer Deposition of an Sb<sub>2</sub>Se<sub>3</sub> Photoabsorber Layer Using Selenium Dimethyldithiocarbamate as a New Se Precursor
10.1021/acs.chemmater.8b03921,med,10,2,2,0,0,0,0,0,popov2025,Chemistry of Materials,A Self-Limited Atomic Layer Deposition of WS<sub>2</sub> Based on the Chemisorption and Reduction of Bis(<i>t</i>-butylimino)bis(dimethylami
10.1021/acs.chemmater.0c02306,med,10,4,1,0,0,0,0,0,popov2025,Chemistry of Materials,Metastable Rhombohedral Phase Transition of Semiconducting Indium Oxide Controlled by Thermal Atomic Layer Deposition
10.1021/acs.chemmater.0c02505,med,10,3,1,0,0,0,0,0,popov2025,Chemistry of Materials,Organosulfur Precursor for Atomic Layer Deposition of High-Quality Metal Sulfide Films
10.1021/acs.chemmater.1c03142,med,10,3,1,0,0,0,0,0,popov2025,Chemistry of Materials,Atomic Layer Deposition of Iridium Using a Tricarbonyl Cyclopropenyl Precursor and Oxygen
10.1002/cvde.200306246,med,10,9,1,0,0,0,0,0,popov2025,Chemical Vapor Deposition,Substrate‐Independent Palladium Atomic Layer Deposition
10.1039/c3dt52746h,med,10,3,1,0,0,0,0,0,popov2025,Dalton Trans.,Indium-tris-guanidinates: a promising class of precursors for water assisted atomic layer deposition of In <sub>2</sub> O <sub>3</sub> thin 
10.1039/c4dt01930j,med,10,3,1,0,0,0,0,0,popov2025,Dalton Trans.,Atomic layer deposition of sodium and potassium oxides: evaluation of precursors and deposition of thin films
10.1039/d1dt03454e,med,10,5,1,0,0,0,0,0,popov2025,Dalton Transactions,Thermal atomic layer deposition of rhenium nitride and rhenium metal thin films using methyltrioxorhenium
10.1039/d2dt01427k,med,10,6,1,0,0,0,0,0,popov2025,Dalton Transactions,Atmospheric atomic layer deposition of SnO <sub>2</sub> thin films with tin( <scp>ii</scp> ) acetylacetonate and water
10.1149/2.001303jss,med,10,5,1,0,0,0,0,0,cremers2019|popov2025,ECS Journal of Solid State Science and Technology,Atomic Layer Deposition of Ru Thin Films Using a Ru(0) Metallorganic Precursor and O<sub>2</sub>
10.1149/1.3207651,low,10,8,3,0,0,0,0,0,popov2025,ECS Transactions,Industrial Applications of Atomic Layer Deposition
10.1149/08606.0041ecst,med,10,4,1,0,0,0,0,0,popov2025,ECS Transactions,<i>(Invited) </i>Atomic Layer Deposition of Tungsten-Rich Tungsten Carbide Films Using WCl<sub>6</sub> and AlH<sub>2</sub>(tBuNCH<sub>2</sub
10.1149/09203.0003ecst,med,10,3,1,0,0,0,0,0,popov2025,ECS Transactions,Characteristics of Oxide TFT Using Carbon-Doped Ιn<sub>2</sub>O<sub>3</sub> Thin Film Fabricated by Low-Temperature ALD Using Ethylcyclopent
10.1149/1.1587071,low,10,3,0,1,0,0,0,1,cremers2019,Electrochemical and Solid-State Letters,Highly Conformal Cu Thin-Film Growth by Low-Temperature Pulsed MOCVD
10.1149/2.008202esl,med,10,4,1,0,0,0,0,0,popov2025,Electrochemical and Solid-State Letters,Low-Temperature Atomic Layer Deposition of Cobalt Oxide Thin Films Using Dicobalt Hexacarbonyl tert-Butylacetylene and Ozone
10.1016/j.jallcom.2023.172284,med,10,3,1,0,0,0,0,0,popov2025,Journal of Alloys and Compounds,Thermal atomic layer deposition of ternary Ge-S-Se alloy for advanced ovonic threshold switch selectors in three-dimensional cross-point mem
10.1021/ja407014w,med,10,5,1,0,0,0,0,0,popov2025,Journal of the American Chemical Society,"Volatile and Thermally Stable Mid to Late Transition Metal Complexes Containing α-Imino Alkoxide Ligands, a New Strongly Reducing Coreagent,"
10.1016/j.jcrysgro.2009.10.028,med,10,5,1,0,0,0,0,0,popov2025,Journal of Crystal Growth,Growth and phase stabilization of HfO2 thin films by ALD using novel precursors
10.1149/1.2086413,low,10,4,0,1,0,0,0,0,cremers2019,Journal of The Electrochemical Society,Prediction of Step Coverage during Blanket CVD Tungsten Deposition in Cylindrical Pores
10.1149/1.2737629,high,10,2,1,0,0,0,0,1,cremers2019,Journal of The Electrochemical Society,Plasma and Thermal ALD of Al[sub 2]O[sub 3] in a Commercial 200 mm ALD Reactor
10.1149/1.3076143,high,10,1,2,0,0,0,0,1,cremers2019,Journal of The Electrochemical Society,Thermal and Plasma Enhanced Atomic Layer Deposition of Al[sub 2]O[sub 3] on GaAs Substrates
10.1149/1.3248002,med,10,7,1,0,0,0,0,0,popov2025,Journal of The Electrochemical Society,High Quality Area-Selective Atomic Layer Deposition Co Using Ammonia Gas as a Reactant
10.1149/1.3575163,med,10,5,1,0,0,0,0,0,cremers2019|popov2025,Journal of The Electrochemical Society,Thermal Atomic Layer Deposition (ALD) of Ru Films for Cu Direct Plating
10.1149/2.069206jes,med,10,5,1,0,0,0,0,0,cremers2019|popov2025,Journal of The Electrochemical Society,Ru Films from Bis(ethylcyclopentadienyl)ruthenium Using Ozone as a Reactant by Atomic Layer Deposition for Capacitor Electrodes
10.1149/2.0371613jes,med,10,3,1,0,0,0,0,0,popov2025,Journal of The Electrochemical Society,Thermal Atomic Layer Deposition of Lithium Phosphorus Oxynitride as a Thin-Film Solid Electrolyte
10.1039/c0jm00486c,med,10,4,1,0,0,0,0,0,popov2025,Journal of Materials Chemistry,(MeCp)Ir(CHD) and molecular oxygen as precursors in atomic layer deposition of iridium
10.1039/c1jm12245b,med,10,3,1,0,0,0,0,0,popov2025,Journal of Materials Chemistry,Iridium metal and iridium oxide thin films grown by atomic layer deposition at low temperatures
10.1039/c2jm35332f,high,10,2,1,0,1,0,0,0,popov2025,Journal of Materials Chemistry,The low temperature atomic layer deposition of ruthenium and the effect of oxygen exposure
10.1039/c5ta08435k,med,10,4,1,0,0,0,0,0,cremers2019|popov2025,J. Mater. Chem. A,Atomically precise growth of sodium titanates as anode materials for high-rate and ultralong cycle-life sodium-ion batteries
10.1039/c4tc01418a,med,10,7,1,0,0,0,0,0,popov2025,J. Mater. Chem. C,Atomic layer deposition of Cu with a carbene-stabilized Cu( <scp>i</scp> ) silylamide
10.1039/c4tc01405g,med,10,4,1,0,0,0,0,0,popov2025,J. Mater. Chem. C,Atomic layer deposition of Y <sub>2</sub> O <sub>3</sub> films using heteroleptic liquid (iPrCp) <sub>2</sub> Y(iPr-amd) precursor
10.1039/c4tc02707h,med,10,5,1,0,0,0,0,0,popov2025,Journal of Materials Chemistry C,Atomic layer deposition of B-doped ZnO using triisopropyl borate as the boron precursor and comparison with Al-doped ZnO
10.1039/d0tc01489c,med,10,4,1,0,0,0,0,0,popov2025,Journal of Materials Chemistry C,"Atomic layer deposition of Ru thin films using (2,4-dimethyloxopentadienyl)(ethylcyclopentadienyl)Ru and the effect of ammonia treatment dur"
10.1039/d1tc00186h,low,10,3,2,0,0,0,0,0,popov2025,Journal of Materials Chemistry C,Atomic layer deposition of chalcogenides for next-generation phase change memory
10.1007/s10853-017-1293-1,med,10,8,1,0,0,0,0,0,popov2025,Journal of Materials Science,"Thermal stability, structural and electrical characteristics of the modulated HfO2/Al2O3 films fabricated by atomic layer deposition"
10.1021/jp403455a,med,10,3,1,0,0,0,0,0,cremers2019,The Journal of Physical Chemistry C,Low-Temperature Atomic Layer Deposition of Platinum Using (Methylcyclopentadienyl)trimethylplatinum and Ozone
10.1116/1.3670876,med,10,4,1,0,0,0,0,0,popov2025,"Journal of Vacuum Science &amp; Technology A: Vacuum, Surfaces, and Films",Plasma enhanced atomic layer batch processing of aluminum doped titanium dioxide
10.1116/1.4971989,low,10,11,0,0,0,0,1,1,popov2025,"Journal of Vacuum Science &amp; Technology A: Vacuum, Surfaces, and Films",Atomic layer deposited single-crystal hexagonal perovskite YAlO3 epitaxially on GaAs(111)A
10.1116/1.5000587,low,10,9,2,0,0,0,0,0,cremers2019,"Journal of Vacuum Science &amp; Technology A: Vacuum, Surfaces, and Films",Review Article: Catalysts design and synthesis via selective atomic layer deposition
10.1116/1.5002667,med,10,3,1,0,0,0,0,0,popov2025,"Journal of Vacuum Science &amp; Technology A: Vacuum, Surfaces, and Films",Thermal atomic layer deposition of tungsten carbide films from WCl<sub>6</sub> and AlMe<sub>3</sub>
10.1116/1.5134136,med,10,13,1,0,0,0,0,0,popov2025,"Journal of Vacuum Science &amp; Technology A: Vacuum, Surfaces, and Films",Investigation of phases and chemical states of tin titanate films grown by atomic layer deposition
10.1016/j.mtchem.2018.08.006,med,10,6,1,0,0,0,0,0,popov2025,Materials Today Chemistry,Gallium-containing sulfide binary and ternary materials by atomic layer deposition: precursor reactivities and growth fine chemistries
10.1016/j.mee.2015.02.026,med,10,7,1,0,0,0,0,0,popov2025,Microelectronic Engineering,"Ruthenium and ruthenium dioxide thin films deposited by atomic layer deposition using a novel zero-valent metalorganic precursor, (ethylbenz"
10.1038/am.2016.182,med,10,4,1,0,0,0,0,0,popov2025,NPG Asia Materials,Highly conductive and flexible fiber for textile electronics obtained by extremely low-temperature atomic layer deposition of Pt
10.1088/0957-4484/26/5/054001,med,10,3,1,0,0,0,0,0,popov2025,Nanotechnology,Deposition of ultra thin CuInS<sub>2</sub>absorber layers by ALD for thin film solar cells at low temperature (down to 150 °C)
10.1039/c7ra13417g,med,10,5,1,0,0,0,0,0,popov2025,RSC Advances,"Water assisted atomic layer deposition of yttrium oxide using tris( <i>N</i> , <i>N</i> ′-diisopropyl-2-dimethylamido-guanidinato) yttrium( "
10.1016/j.rinma.2020.100088,med,10,3,1,0,0,0,0,0,popov2025,Results in Materials,Controlling electrical and optical properties of zinc oxide thin films grown by thermal atomic layer deposition with oxygen gas
10.1134/s1070427221070053,med,10,4,1,0,0,0,0,0,popov2025,Russian Journal of Applied Chemistry,Atomic Layer Deposition and Thermal Transformations of Thin Titanium–Vanadium Oxide Films
10.1016/s0040-6090(02)00117-7,med,10,3,1,0,0,0,0,0,cremers2019,Thin Solid Films,Atomic layer deposition (ALD): from precursors to thin film structures
10.1016/j.tsf.2010.07.115,med,10,5,1,0,0,0,0,0,popov2025,Thin Solid Films,Atomic layer deposition of tantalum nitride based thin films from cyclopentadienyl type precursor
10.1016/j.tsf.2014.06.038,med,10,6,1,0,0,0,0,0,popov2025,Thin Solid Films,Atomic layer deposition of high-quality Al2O3 and Al-doped TiO2 thin films from hydrogen-free precursors
10.1016/j.tsf.2015.03.014,med,10,3,1,0,0,0,0,0,popov2025,Thin Solid Films,Growth of Ti Al1−O films by atomic layer deposition using successive supply of metal precursors
10.1016/j.tsf.2015.07.037,med,10,5,1,0,0,0,0,0,popov2025,Thin Solid Films,Atomic layer deposition of ZrO2 thin film on Si(100) using {η5:η1-Cp(CH2)3NMe}Zr(NMe2)2/O3 as precursors
10.1016/j.tsf.2018.06.011,med,10,3,1,0,0,0,0,0,popov2025,Thin Solid Films,Atomic layer deposition of lanthanum oxide with heteroleptic cyclopentadienyl-amidinate lanthanum precursor - Effect of the oxygen source on
10.1016/j.tsf.2021.138955,med,10,4,1,0,0,0,0,0,popov2025,Thin Solid Films,Atomic layer deposition of palladium thin film from palladium (II) hexafluoroacetylacetonate and ozone reactant
10.1364/oic.2007.tuepdp2,med,9,3,1,0,0,0,0,0,cremers2019,Optical Interference Coatings,A Novel Atomic Layer Deposition Process for Depositing Metal Fluoride Thin Films
10.1088/2053-1583/3/1/014004,med,9,4,1,0,0,0,0,0,popov2025,2D Materials,"Uniform, large-area self-limiting layer synthesis of tungsten diselenide"
10.1021/am401127s,med,9,3,1,0,0,0,0,0,popov2025,ACS Applied Materials &amp; Interfaces,Tuning the Electronic Structure of Tin Sulfides Grown by Atomic Layer Deposition
10.1021/acsami.5b11878,med,9,4,1,0,0,0,0,0,popov2025,ACS Applied Materials &amp; Interfaces,Atomic Layer Deposition of Al<sub>2</sub>O<sub>3</sub>–Ga<sub>2</sub>O<sub>3</sub> Alloy Coatings for Li[Ni<sub>0.5</sub>Mn<sub>0.3</sub>Co<
10.1021/acsami.6b04529,high,9,2,1,0,0,0,1,0,popov2025,ACS Applied Materials &amp; Interfaces,Rapid Growth of Crystalline Mn<sub>5</sub>O<sub>8</sub> by Self-Limited Multilayer Deposition using Mn(EtCp)<sub>2</sub> and O<sub>3</sub>
10.1021/acsami.7b08097,med,9,3,1,0,0,0,0,0,popov2025,ACS Applied Materials &amp; Interfaces,Magnetic Properties of CoFe<sub>2</sub>O<sub>4</sub> Thin Films Synthesized by Radical-Enhanced Atomic Layer Deposition
10.1021/acsami.7b12303,med,9,4,1,0,0,0,0,0,popov2025,ACS Applied Materials &amp; Interfaces,Atomic Layer Deposition of Rhenium–Aluminum Oxide Thin Films and ReO<sub><i>x</i></sub> Incorporation in a Metal–Organic Framework
10.1021/acsami.7b13467,med,9,4,1,0,0,0,0,0,popov2025,ACS Applied Materials &amp; Interfaces,Atomic Layer Deposition of Lithium Niobium Oxides as Potential Solid-State Electrolytes for Lithium-Ion Batteries
10.1021/acsami.8b00813,med,9,5,1,0,0,0,0,0,popov2025,ACS Applied Materials &amp; Interfaces,Metallic Ni<sub>3</sub>S<sub>2</sub> Films Grown by Atomic Layer Deposition as an Efficient and Stable Electrocatalyst for Overall Water Spl
10.1021/acsami.9b08926,med,9,5,1,0,0,0,0,0,popov2025,ACS Applied Materials &amp; Interfaces,Atomic Layer Deposition of Transparent p-Type Semiconducting Nickel Oxide Using Ni(<sup><i>t</i>Bu2</sup>DAD)<sub>2</sub> and Ozone
10.1021/acsami.0c03747,med,9,3,1,0,0,0,0,0,popov2025,ACS Applied Materials &amp; Interfaces,Atomic Layer Deposition of Ge<i><sub>x</sub></i>Se<sub>1–<i>x</i></sub> Thin Films for Endurable Ovonic Threshold Selectors with a Low Thres
10.1021/acsanm.9b02153,med,9,3,1,0,0,0,0,0,popov2025,ACS Applied Nano Materials,Solid-Phase Epitaxy of Perovskite High Dielectric PrAlO<sub>3</sub> Films Grown by Atomic Layer Deposition for Use in Two-Dimensional Electr
10.1021/cs501532b,med,9,5,1,0,0,0,0,0,popov2025,ACS Catalysis,ALD of Ultrathin Ternary Oxide Electrocatalysts for Water Splitting
10.1021/acsenergylett.7b01056,med,9,3,1,0,0,0,0,0,popov2025,ACS Energy Letters,Rational Bottom-Up Engineering of Electrocatalysts by Atomic Layer Deposition: A Case Study of Fe<sub><i>x</i></sub>Co<sub>1–<i>x</i></sub>S
10.1021/acsmaterialsau.3c00002,med,9,3,1,0,0,0,0,0,popov2025,ACS Materials Au,Assessing the Environmental Impact of Atomic Layer Deposition (ALD) Processes and Pathways to Lower It
10.1021/nn505731n,med,9,4,1,0,0,0,0,0,cremers2019,ACS Nano,Size-Tuned ZnO Nanocrucible Arrays for Magnetic Nanodot Synthesis <i>via</i> Atomic Layer Deposition-Assisted Block Polymer Lithography
10.1021/acsnano.5b03429,med,9,4,1,0,0,0,0,0,cremers2019|popov2025,ACS Nano,Atomically Precise Growth of Catalytically Active Cobalt Sulfide on Flat Surfaces and within a Metal–Organic Framework <i>via</i> Atomic Lay
10.1021/acsnano.7b02561,med,9,3,1,0,0,0,0,0,popov2025,ACS Nano,Atomic Layer Deposition of Stable LiAlF<sub>4</sub> Lithium Ion Conductive Interfacial Layer for Stable Cathode Cycling
10.1021/acsomega.2c06240,med,9,7,1,0,0,0,0,0,popov2025,ACS Omega,"Magneto-Optical and Muliferroic Properties of Transition-Metal (Fe, Co, or Ni)-Doped ZnO Layers Deposited by ALD"
10.1002/advs.201500022,med,9,6,1,0,0,0,0,0,popov2025,Advanced Science,Unravelling the Role of Electrochemically Active FePO<sub>4</sub> Coating by Atomic Layer Deposition for Increased High‐Voltage Stability of
10.1002/anie.201004801,med,9,7,1,0,0,0,0,0,popov2025,Angewandte Chemie International Edition,Water Splitting by Tungsten Oxide Prepared by Atomic Layer Deposition and Decorated with an Oxygen‐Evolving Catalyst
10.1364/ao.49.001242,med,9,4,1,0,0,0,0,0,cremers2019,Applied Optics,Optical coatings in microscale channels by atomic layer deposition
10.1063/1.5098766,med,9,12,1,0,0,0,0,0,popov2025,Applied Physics Letters,Atomic layer deposition of energy band tunable tin germanium oxide electron transport layer for the SnS-based solar cells with 400 mV open-c
10.1016/j.apsusc.2014.05.092,med,9,4,1,0,0,0,0,0,popov2025,Applied Surface Science,Atomic Layer Deposition of oriented nickel titanate (NiTiO3)
10.1016/j.apsusc.2016.04.096,med,9,5,1,0,0,0,0,0,popov2025,Applied Surface Science,Atomic layer deposition of cobalt carbide films and their magnetic properties using propanol as a reducing agent
10.1016/j.apsusc.2016.04.120,med,9,3,1,0,0,0,0,0,popov2025,Applied Surface Science,Atomic layer deposition of indium oxide thin film from a liquid indium complex containing 1-dimethylamino-2-methyl-2-propoxy ligands
10.1016/j.apsusc.2018.05.017,med,9,3,1,0,0,0,0,0,popov2025,Applied Surface Science,Growth of Cu2S thin films by atomic layer deposition using Cu(dmamb)2 and H2S
10.1016/j.apsusc.2019.144804,med,9,5,1,0,0,0,0,0,popov2025,Applied Surface Science,The role of oxide formation on insulating versus metallic substrates during Co and Ru selective ALD
10.1016/j.ceramint.2022.10.047,med,9,7,1,0,0,0,0,0,popov2025,Ceramics International,"Atomic layer deposition of molybdenum oxide using (N Bu)2(NMe2)2Mo, hydrogen peroxide (H2O2), and ozone (O3) for DRAM application"
10.1039/c6cc05568k,med,9,3,1,0,0,0,0,0,cremers2019,Chemical Communications,Atomic and molecular layer deposition: off the beaten track
10.1039/c8cc04998j,med,9,3,1,0,0,0,0,0,popov2025,Chemical Communications,First complex oxide superconductor by atomic layer deposition
10.1016/j.cej.2022.136123,med,9,4,1,0,0,0,0,0,popov2025,Chemical Engineering Journal,Atomic layer deposition enabled PtNi alloy catalysts for accelerated fuel-cell oxygen reduction activity and stability
10.1021/cm020607+,med,9,3,1,0,0,0,0,0,cremers2019,Chemistry of Materials,Growth of ZnO/Al<sub>2</sub>O<sub>3</sub> Alloy Films Using Atomic Layer Deposition Techniques
10.1021/cm0626482,med,9,3,1,0,0,0,0,0,cremers2019,Chemistry of Materials,Radical Enhanced Atomic Layer Deposition of Tantalum Oxide
10.1021/cm801187t,med,9,5,1,0,0,0,0,0,cremers2019,Chemistry of Materials,Atomic Layer Deposition of Platinum Oxide and Metallic Platinum Thin Films from Pt(acac)<sub>2</sub> and Ozone
10.1021/cm901687w,med,9,3,1,0,0,0,0,0,cremers2019,Chemistry of Materials,Atomic Layer Deposition of Iridium Thin Films by Consecutive Oxidation and Reduction Steps
10.1021/cm9031978,med,9,3,1,0,0,0,0,0,cremers2019,Chemistry of Materials,Atomic Layer Deposition of Ir−Pt Alloy Films
10.1021/cm102600m,med,9,3,1,0,0,0,0,0,popov2025,Chemistry of Materials,Direct Atomic Layer Deposition of Ternary Ferrites with Various Magnetic Properties
10.1021/cm201412p,med,9,3,1,0,0,0,0,0,popov2025,Chemistry of Materials,Ion Exchange in Ultrathin Films of Cu<sub>2</sub>S and ZnS under Atomic Layer Deposition Conditions
10.1021/cm301205p,med,9,3,1,0,0,0,0,0,cremers2019,Chemistry of Materials,Anisotropic Atomic Layer Deposition Profiles of TiO<sub>2</sub> in Hierarchical Silica Material with Multiple Porosity
10.1021/cm301658m,med,9,4,1,0,0,0,0,0,popov2025,Chemistry of Materials,In Situ Reaction Mechanism Studies on Atomic Layer Deposition of Al<sub><i>x</i></sub>Si<sub><i>y</i></sub>O<sub><i>z</i></sub> from Trimeth
10.1021/cm3015463,med,9,6,1,0,0,0,0,0,popov2025,Chemistry of Materials,Atomic Layer Deposition of the Quaternary Chalcogenide Cu<sub>2</sub>ZnSnS<sub>4</sub>
10.1021/cm303703r,med,9,4,1,0,0,0,0,0,popov2025,Chemistry of Materials,Growth and Crystallization of TiO<sub>2</sub> Thin Films by Atomic Layer Deposition Using a Novel Amido Guanidinate Titanium Source and Tetr
10.1021/cm5035485,med,9,4,1,0,0,0,0,0,popov2025,Chemistry of Materials,"Atomic Layer Deposition of Ruthenium and Ruthenium Oxide Thin Films from a Zero-Valent (1,5-Hexadiene)(1-isopropyl-4-methylbenzene)ruthenium"
10.1021/cm402221y,med,9,3,1,0,0,0,0,0,popov2025,Chemistry of Materials,Atomic Layer Deposition of Noble Metals and Their Oxides
10.1021/acs.chemmater.5b00603,med,9,5,1,0,0,0,0,0,popov2025,Chemistry of Materials,Amorphous Metal Fluoride Passivation Coatings Prepared by Atomic Layer Deposition on LiCoO<sub>2</sub> for Li-Ion Batteries
10.1021/acs.chemmater.5b00743,med,9,3,1,0,0,0,0,0,popov2025,Chemistry of Materials,Atomic Layer Deposition of Cobalt Silicide Thin Films Studied by in Situ Infrared Spectroscopy
10.1021/acs.chemmater.6b00853,med,9,1,2,0,0,0,0,0,cremers2019,Chemistry of Materials,Plasma-Enhanced Atomic Layer Deposition of Iron Phosphate as a Positive Electrode for 3D Lithium-Ion Microbatteries
10.1021/acs.chemmater.5b04645,med,9,3,1,0,0,0,0,0,popov2025,Chemistry of Materials,Vapor-Phase Atomic Layer Deposition of Nickel Sulfide and Its Application for Efficient Oxygen-Evolution Electrocatalysis
10.1021/acs.chemmater.6b04597,med,9,6,1,0,0,0,0,0,popov2025,Chemistry of Materials,Efficient Process for Direct Atomic Layer Deposition of Metallic Cu Thin Films Based on an Organic Reductant
10.1021/acs.chemmater.7b01236,med,9,3,1,0,0,0,0,0,popov2025,Chemistry of Materials,"Atomic Layer Deposition of GeTe and Ge–Sb–Te Films Using HGeCl<sub>3</sub>, Sb(OC<sub>2</sub>H<sub>5</sub>)<sub>3</sub>, and {(CH<sub>3</sub"
10.1021/acs.chemmater.7b04371,med,9,3,1,0,0,0,0,0,popov2025,Chemistry of Materials,Water-Erasable Memory Device for Security Applications Prepared by the Atomic Layer Deposition of GeO<sub>2</sub>
10.1021/acs.chemmater.8b01171,high,9,2,1,0,0,0,1,0,popov2025,Chemistry of Materials,Atomic Layer Deposition of Molybdenum Oxides with Tunable Stoichiometry Enables Controllable Doping of MoS<sub>2</sub>
10.1021/acs.chemmater.7b04790,med,9,5,1,0,0,0,0,0,popov2025,Chemistry of Materials,Selective Atomic Layer Deposition Mechanism for Titanium Dioxide Films with (EtCp)Ti(NMe<sub>2</sub>)<sub>3</sub>: Ozone versus Water
10.1021/acs.chemmater.9b01688,med,9,3,1,0,0,0,0,0,popov2025,Chemistry of Materials,"Atomic Layer Deposition of Emerging 2D Semiconductors, HfS<sub>2</sub> and ZrS<sub>2</sub>, for Optoelectronics"
10.1021/acs.chemmater.9b00193,med,9,4,1,0,0,0,0,0,popov2025,Chemistry of Materials,Area-Selective Deposition of Ruthenium by Combining Atomic Layer Deposition and Selective Etching
10.1021/acs.chemmater.9b01107,high,9,2,1,0,0,0,0,1,popov2025,Chemistry of Materials,Thermal Atomic Layer Deposition of Device-Quality SiO<sub>2</sub> Thin Films under 100 °C Using an Aminodisilane Precursor
10.1021/acs.chemmater.1c00877,low,9,6,0,0,0,0,1,0,popov2025,Chemistry of Materials,Cobalt Metal ALD: Understanding the Mechanism and Role of Zinc Alkyl Precursors as Reductants for Low-Resistivity Co Thin Films
10.1021/acs.chemmater.1c02982,high,9,2,1,0,0,0,1,0,popov2025,Chemistry of Materials,Atomic Layer Deposition of Cu<sub>2</sub>SnS<sub>3</sub> Thin Films: Effects of Composition and Heat Treatment on Phase Transformation
10.1021/acs.chemmater.1c01054,med,9,3,1,0,0,0,0,0,popov2025,Chemistry of Materials,Atomic Layer Deposition of Ru for Replacing Cu-Interconnects
10.1021/acs.chemmater.0c03928,med,9,5,1,0,0,0,0,0,popov2025,Chemistry of Materials,Atomic Layer Deposition of Tungsten Oxide Using Nitrogen Dioxide: A Comparative Study with Other Oxygen Sources
10.1021/acs.chemmater.1c03394,med,9,4,1,0,0,0,0,0,popov2025,Chemistry of Materials,Metal Exchange and Diffusion during Atomic Layer Deposition of Cobalt and Nickel Sulfides
10.1021/acs.chemmater.2c00753,med,9,5,1,0,0,0,0,0,popov2025,Chemistry of Materials,Understanding and Utilizing Reactive Oxygen Reservoirs in Atomic Layer Deposition of Metal Oxides with Ozone
10.1021/acs.chemmater.2c02292,med,9,4,1,0,0,0,0,0,popov2025,Chemistry of Materials,Atomic Layer Deposition of Ruthenium Dioxide Based on Redox Reactions between Alcohols and Ruthenium Tetroxide
10.1021/acs.chemmater.2c02341,med,9,4,1,0,0,0,0,0,popov2025,Chemistry of Materials,Electron-Enhanced Atomic Layer Deposition of Titanium Nitride Films Using an Ammonia Reactive Background Gas
10.1021/acs.chemmater.3c00143,med,9,3,1,0,0,0,0,0,popov2025,Chemistry of Materials,Rational Molecular Design for Non-aqueous Atomic Layer Deposition of Zinc Oxide
10.1002/celc.201600139,med,9,11,1,0,0,0,0,0,popov2025,ChemElectroChem,Atomic Layer Deposition of Li<sub><i>x</i></sub>Al<sub><i>y</i></sub>S Solid‐State Electrolytes for Stabilizing Lithium‐Metal Anodes
10.3390/coatings13030605,med,9,13,1,0,0,0,0,0,popov2025,Coatings,Effect of Titanium Cation Doping on the Performance of In2O3 Thin Film Transistors Grown via Atomic Layer Deposition
10.1021/acs.cgd.0c00457,med,9,3,1,0,0,0,0,0,popov2025,Crystal Growth &amp; Design,Atomic Layer Deposition of SnTe Thin Film Using Sn(N(CH<sub>3</sub>)<sub>2</sub>)<sub>4</sub> and Te(Si(CH<sub>3</sub>)<sub>3</sub>)<sub>2</
10.1039/d1dt02529e,med,9,8,1,0,0,0,0,0,popov2025,Dalton Transactions,Amorphous AlN films grown by ALD from trimethylaluminum and monomethylhydrazine
10.1039/d1dt03736f,med,9,6,1,0,0,0,0,0,popov2025,Dalton Transactions,"Nanoscale Li, Na, and K ion-conducting polyphosphazenes by atomic layer deposition"
10.1039/d1dt03600a,med,9,6,1,0,0,0,0,0,popov2025,Dalton Transactions,Atomic layer deposition of lithium zirconium oxides for the improved performance of lithium-ion batteries
10.1039/d3dt01717f,med,9,4,1,0,0,0,0,0,popov2025,Dalton Transactions,"Atomic layer deposition of CoF <sub>2</sub> , NiF <sub>2</sub> and HoF <sub>3</sub> thin films"
10.1149/2.023201jss,med,9,3,1,0,0,0,0,0,popov2025,ECS Journal of Solid State Science and Technology,Electrical and Morphological Properties of ALD and AVD Grown Perovskite-Type Dielectrics and Their Stacks for Metal-Insulator-Metal Applicat
10.1149/2.0021411jss,med,9,3,1,0,0,0,0,0,popov2025,ECS Journal of Solid State Science and Technology,Al<sub>2</sub>O<sub>3</sub>/InGaAs Metal-Oxide-Semiconductor Interface Properties: Impact of Gd<sub>2</sub>O<sub>3</sub>and Sc<sub>2</sub>O<
10.1149/2.014406jss,med,9,3,1,0,0,0,0,0,popov2025,ECS Journal of Solid State Science and Technology,Atomic Layer Deposition of Nanolaminate Structures of Alternating PbTe and PbSe Thermoelectric Films
10.1149/2.0231512jss,high,9,2,1,0,0,0,1,0,popov2025,ECS Journal of Solid State Science and Technology,Investigation of TiAlC by Atomic Layer Deposition as N Type Work Function Metal for FinFET
10.1149/2.0241509jss,med,9,4,1,0,0,0,0,0,popov2025,ECS Journal of Solid State Science and Technology,Nanomechanical and Morphological Characterization of Tungsten Trioxide (WO<sub>3</sub>) Thin Films Grown by Atomic Layer Deposition
10.1149/2.0041802jss,med,9,4,1,0,0,0,0,0,popov2025,ECS Journal of Solid State Science and Technology,Atomic Layer Deposition of Zirconium Dioxide from Zirconium Tetraiodide and Ozone
10.1149/1.3481630,med,9,6,1,0,0,0,0,0,popov2025,ECS Transactions,Evaluation of HfLaO<sub>x</sub> as Blocking Layer for Innovative Nonvolatile Memory Applications
10.1149/1.2813881,med,9,1,2,0,0,0,0,0,cremers2019,Electrochemical and Solid-State Letters,TiO[sub 2]∕Al[sub 2]O[sub 3]∕TiO[sub 2] Nanolaminated Thin Films for DRAM Capacitor Deposited by Plasma-Enhanced Atomic Layer Deposition
10.1149/1.3355207,med,9,3,1,0,0,0,0,0,cremers2019,Electrochemical and Solid-State Letters,Ozone-Based Metal Oxide Atomic Layer Deposition: Impact of N[sub 2]/O[sub 2] Supply Ratio in Ozone Generation
10.1149/1.1595312,med,9,3,1,0,0,0,0,0,popov2025,Electrochemical and Solid-State Letters,Reaction Mechanism Studies on Atomic Layer Deposition of Ruthenium and Platinum
10.1149/1.3556980,med,9,5,1,0,0,0,0,0,popov2025,Electrochemical and Solid-State Letters,Atomic Layer Deposition of RuAlO Thin Films as a Diffusion Barrier for Seedless Cu Interconnects
10.1149/1.3537326,med,9,3,1,0,0,0,0,0,popov2025,Electrochemical and Solid-State Letters,"Atomic Layer Deposition of p-Type Phosphorus-Doped Zinc Oxide Films Using Diethylzinc, Ozone and Trimethylphosphite"
10.1016/j.electacta.2015.07.016,med,9,3,1,0,0,0,0,0,cremers2019,Electrochimica Acta,"Engineering a three-dimensional, photoelectrochemically active p-NiO / i-Sb 2 S 3 junction by atomic layer deposition"
10.1016/j.flatc.2019.100130,med,9,4,1,0,0,0,0,0,popov2025,FlatChem,ALD growth of MoS2 nanosheets on TiO2 nanotube supports
10.1016/j.inoche.2022.109235,med,9,3,1,0,0,0,0,0,popov2025,Inorganic Chemistry Communications,A “Fraternal Twin” atomic layer deposition process for nickel carboxylate and nickel carbide
10.1134/s0020168523040052,med,9,3,1,0,0,0,0,0,popov2025,Inorganic Materials,"Growth of Aluminum Molybdenum Oxide Films by Atomic Layer Deposition with Using Trimethylaluminum, Molybdenum Oxytetrachloride, and Water"
10.1016/j.jallcom.2017.12.023,med,9,5,1,0,0,0,0,0,popov2025,Journal of Alloys and Compounds,Cobalt titanium nitride amorphous metal alloys by atomic layer deposition
10.1021/ja072465w,med,9,4,1,0,0,0,0,0,cremers2019,Journal of the American Chemical Society,Ordered Iron Oxide Nanotube Arrays of Controlled Geometry and Tunable Magnetism by Atomic Layer Deposition
10.1021/ja8090388,med,9,4,1,0,0,0,0,0,popov2025,Journal of the American Chemical Society,Atomic Layer Deposition of Metal Tellurides and Selenides Using Alkylsilyl Compounds of Tellurium and Selenium
10.1021/ja300319g,med,9,3,1,0,0,0,0,0,popov2025,Journal of the American Chemical Society,Growth of p-Type Hematite by Atomic Layer Deposition and Its Utilization for Improved Solar Water Splitting
10.1021/ja4050828,med,9,3,1,0,0,0,0,0,cremers2019,Journal of the American Chemical Society,Vapor-Phase Metalation by Atomic Layer Deposition in a Metal–Organic Framework
10.1063/1.356680,low,9,7,0,0,0,0,0,1,cremers2019,Journal of Applied Physics,Two-photon absorption laser-induced fluorescence of H atoms: A probe for heterogeneous processes in hydrogen plasmas
10.1063/1.3553872,low,9,10,0,0,0,0,1,0,popov2025,Journal of Applied Physics,Atomic layer deposited beryllium oxide: Effective passivation layer for III-V metal/oxide/semiconductor devices
10.1063/1.3573513,med,9,3,1,0,0,0,0,0,popov2025,Journal of Applied Physics,Synthesis of SrTiO<sub>3</sub> by crystallization of SrO/TiO<sub>2</sub> superlattices prepared by atomic layer deposition
10.1016/s0022-0248(03)00967-9,med,9,6,1,0,0,0,0,0,cremers2019,Journal of Crystal Growth,Al2O3 coating of ZnO nanorods by atomic layer deposition
10.1149/1.2054910,med,9,3,1,0,0,0,0,0,popov2025,Journal of The Electrochemical Society,Metal Fluoride Thin Films Prepared by Atomic Layer Deposition
10.1149/1.1423642,med,9,1,2,0,0,0,0,0,cremers2019,Journal of The Electrochemical Society,Plasma-Enhanced Atomic Layer Deposition of Ta-N Thin Films
10.1149/1.1640633,med,9,3,1,0,0,0,0,0,cremers2019,Journal of The Electrochemical Society,Atomic Layer Deposition of Ruthenium Thin Films for Copper Glue Layer
10.1149/1.3166184,med,9,3,1,0,0,0,0,0,cremers2019,Journal of The Electrochemical Society,Integration of Atomic Layer Deposition-Grown Copper Seed Layers for Cu Electroplating Applications
10.1149/1.3002372,med,9,6,1,0,0,0,0,0,popov2025,Journal of The Electrochemical Society,Electrochemical Properties of Pt Coatings on Ni Prepared by Atomic Layer Deposition
10.1149/1.3353230,med,9,3,1,0,0,0,0,0,popov2025,Journal of The Electrochemical Society,Atomic Layer Deposition of Ta–N-Based Thin Films Using a Tantalum Source
10.1149/1.3377003,med,9,4,1,0,0,0,0,0,popov2025,Journal of The Electrochemical Society,Chemical Reaction Mechanism in the Atomic Layer Deposition of TaC[sub x]N[sub y] Films Using tert-Butylimidotris(diethylamido)tantalum
10.1149/1.3533387,med,9,3,1,0,0,0,0,0,cremers2019|popov2025,Journal of The Electrochemical Society,Atomic Layer Deposition of Ruthenium Films from (Ethylcyclopentadienyl)(pyrrolyl)ruthenium and Oxygen
10.1149/1.3519497,med,9,3,1,0,0,0,0,0,popov2025,Journal of The Electrochemical Society,Atomic Layer Deposition and Characterization of Aluminum Silicate Thin Films for Optical Applications
10.1149/1.3582765,med,9,4,1,0,0,0,0,0,popov2025,Journal of The Electrochemical Society,Atomic Layer Deposition of Ta-doped TiO2 Electrodes for Dye-Sensitized Solar Cells
10.1007/s11664-012-1960-6,med,9,5,1,0,0,0,0,0,popov2025,Journal of Electronic Materials,LaAlO3/SrTiO3 Epitaxial Heterostructures by Atomic Layer Deposition
10.1007/s11664-013-2754-1,med,9,3,1,0,0,0,0,0,popov2025,Journal of Electronic Materials,Characterization of ALD Beryllium Oxide as a Potential High-k Gate Dielectric for Low-Leakage AlGaN/GaN MOSHEMTs
10.1039/c3ta01665j,med,9,5,1,0,0,0,0,0,popov2025,Journal of Materials Chemistry A,Atomic layer deposition of platinum clusters on titania nanoparticles at atmospheric pressure
10.1039/c4ta03359k,med,9,6,1,0,0,0,0,0,popov2025,J. Mater. Chem. A,Thin film fabrication and characterization of proton conducting lanthanum tungstate
10.1039/c3ta14928e,med,9,3,1,0,0,0,0,0,popov2025,J. Mater. Chem. A,Synthesis of ion conducting Li <sub>x</sub> Al <sub>y</sub> Si <sub>z</sub> O thin films by atomic layer deposition
10.1039/c5ta00205b,med,9,5,1,0,0,0,0,0,cremers2019,Journal of Materials Chemistry A,Systematic increase of electrocatalytic turnover at nanoporous platinum surfaces prepared by atomic layer deposition
10.1039/c5ta06899a,med,9,3,1,0,0,0,0,0,popov2025,Journal of Materials Chemistry A,Atomic layer stack deposition-annealing synthesis of CuWO <sub>4</sub>
10.1039/c6ta09485f,med,9,4,1,0,0,0,0,0,popov2025,Journal of Materials Chemistry A,Surface functionalized atomic layer deposition of bismuth vanadate for single-phase scheelite
10.1039/c3tc30401a,med,9,5,1,0,0,0,0,0,popov2025,Journal of Materials Chemistry C,"Atomic layer deposition of Er2O3 thin films from Er tris-guanidinate and water: process optimization, film analysis and electrical propertie"
10.1039/c4tc00648h,med,9,4,1,0,0,0,0,0,popov2025,Journal of Materials Chemistry C,Atomic layer deposition of B2O3/SiO2 thin films and their application in an efficient diffusion doping process
10.1039/c7tc02135f,med,9,5,1,0,0,0,0,0,popov2025,Journal of Materials Chemistry C,Intense NIR emission in YVO <sub>4</sub> :Yb <sup>3+</sup> thin films by atomic layer deposition
10.1039/c8tc01041b,med,9,4,1,0,0,0,0,0,popov2025,Journal of Materials Chemistry C,Chemical interactions in the atomic layer deposition of Ge–Sb–Se–Te films and their ovonic threshold switching behavior
10.1557/jmr.2019.337,med,9,3,1,0,0,0,0,0,popov2025,Journal of Materials Research,Atomic layer deposition of cubic tin–calcium sulfide alloy films
10.1007/s10853-018-2695-4,med,9,4,1,0,0,0,0,0,popov2025,Journal of Materials Science,Structural and electrical properties of Ge-doped ZrO2 thin films grown by atomic layer deposition for high-k dielectrics
10.1007/s10854-012-0713-x,med,9,4,1,0,0,0,0,0,popov2025,Journal of Materials Science: Materials in Electronics,"Structural, electrical and optical properties of Si doped ZnO films grown by atomic layer deposition"
10.1016/j.memsci.2012.01.005,high,9,2,1,1,0,0,0,0,cremers2019,Journal of Membrane Science,Modification of ceramic membranes for pore structure tailoring: The atomic layer deposition route
10.1021/jp106945n,high,9,1,1,1,0,0,0,0,cremers2019,The Journal of Physical Chemistry C,Shrinking Core Model for Knudsen Diffusion-Limited Atomic Layer Deposition on a Nanoporous Monolith with an Ultrahigh Aspect Ratio
10.1021/jp9120244,med,9,4,1,0,0,0,0,0,popov2025,The Journal of Physical Chemistry C,"Tin Monosulfide Thin Films Grown by Atomic Layer Deposition Using Tin 2,4-Pentanedionate and Hydrogen Sulfide"
10.1021/jp207612r,med,9,4,1,0,0,0,0,0,popov2025,The Journal of Physical Chemistry C,Atomic Layer Deposition of Amorphous Niobium Carbide-Based Thin Film Superconductors
10.1021/jp205222g,med,9,4,1,0,0,0,0,0,popov2025,The Journal of Physical Chemistry C,Atomic Layer Deposition of Aluminum and Titanium Phosphates
10.1021/jp4063302,med,9,3,1,0,0,0,0,0,popov2025,The Journal of Physical Chemistry C,Atomic Layer Deposition of Lithium Tantalate Solid-State Electrolytes
10.1021/acs.jpcc.1c03518,med,9,3,1,0,0,0,0,0,popov2025,The Journal of Physical Chemistry C,Reaction Mechanisms of Non-hydrolytic Atomic Layer Deposition of Al<sub>2</sub>O<sub>3</sub> with a Series of Alcohol Oxidants
10.1021/acs.jpcc.1c10412,med,9,7,1,0,0,0,0,0,popov2025,The Journal of Physical Chemistry C,"Ultrathin Tin-Doped Titanium Oxide by Atomic Layer Deposition on a Mesoporous Substrate: Physical/Electronic Structure, Spectroelectrochemis"
10.1021/jp907266c,med,9,1,2,0,0,0,0,0,cremers2019,The Journal of Physical Chemistry C,Plasma-Enhanced Atomic Layer Deposition of Anatase TiO<sub>2</sub> Using TiCl<sub>4</sub>
10.1116/1.577226,low,9,10,0,0,0,1,0,0,cremers2019,"Journal of Vacuum Science &amp; Technology A: Vacuum, Surfaces, and Films",The reaction pathway for the growth of alumina on high surface area alumina and in ultrahigh vacuum by a reaction between trimethyl aluminum
10.1116/1.3666030,med,9,5,1,0,0,0,0,0,popov2025,"Journal of Vacuum Science &amp; Technology A: Vacuum, Surfaces, and Films",Atomic layer deposition of Al-doped ZnO films using ozone as the oxygen source: A comparison of two methods to deliver aluminum
10.1116/1.4936390,med,9,7,1,0,0,0,0,0,popov2025,"Journal of Vacuum Science &amp; Technology A: Vacuum, Surfaces, and Films",Enhancing of catalytic properties of vanadia via surface doping with phosphorus using atomic layer deposition
10.1021/la9916981,high,9,2,1,1,0,0,0,0,cremers2019,Langmuir,Atomic Layer Deposition of SiO<sub>2</sub> and TiO<sub>2</sub> in Alumina Tubular Membranes: Pore Reduction and Effect of Surface Species on
10.1021/acs.langmuir.7b00716,med,9,3,1,0,0,0,0,0,popov2025,Langmuir,Reaction Mechanisms of the Atomic Layer Deposition of Tin Oxide Thin Films Using Tributyltin Ethoxide and Ozone
10.1039/c3mh00136a,med,9,6,1,0,0,0,0,0,cremers2019,Mater. Horiz.,Spatial atmospheric atomic layer deposition: a new laboratory and industrial tool for low-cost photovoltaics
10.1016/j.matlet.2012.07.081,med,9,3,1,0,0,0,0,0,cremers2019,Materials Letters,Highly ordered and well aligned TiN nanotube arrays fabricated via template-assisted atomic layer deposition
10.1016/j.matt.2019.12.026,med,9,3,1,0,0,0,0,0,popov2025,Matter,"Atomic Layer Deposition of Two-Dimensional Layered Materials: Processes, Growth Mechanisms, and Characteristics"
10.1016/j.mee.2013.01.031,high,9,1,1,1,0,0,0,0,cremers2019,Microelectronic Engineering,Atomic layer deposition for high aspect ratio through silicon vias
10.1088/1361-651x/aa5f9d,high,9,2,1,1,0,0,0,0,cremers2019,Modelling and Simulation in Materials Science and Engineering,Simulation approach of atomic layer deposition in large 3D structures
10.1039/c4nr05049e,high,9,2,1,1,0,0,0,0,cremers2019,Nanoscale,Atomic layer deposition-based tuning of the pore size in mesoporous thin films studied by in situ grazing incidence small angle X-ray scatte
10.1039/c4nr04816d,med,9,4,1,0,0,0,0,0,popov2025,Nanoscale,Novel chemical route for atomic layer deposition of MoS <sub>2</sub> thin film on SiO <sub>2</sub> /Si substrate
10.1039/c4nr02451f,med,9,3,1,0,0,0,0,0,popov2025,Nanoscale,Atomic layer deposition of a MoS <sub>2</sub> film
10.1007/s11671-010-9676-0,med,9,4,1,0,0,0,0,0,popov2025,Nanoscale Research Letters,Multi-Directional Growth of Aligned Carbon Nanotubes Over Catalyst Film Prepared by Atomic Layer Deposition
10.1186/s11671-019-2989-8,med,9,7,1,0,0,0,0,0,popov2025,Nanoscale Research Letters,Structure and Dielectric Property of High-k ZrO2 Films Grown by Atomic Layer Deposition Using Tetrakis(Dimethylamido)Zirconium and Ozone
10.1098/rstl.1879.0067,low,9,9,0,0,0,0,1,0,cremers2019,Philosophical Transactions of the Royal Society of London,VII. On stresses in rarified gases arising from inequalities of temperature
10.1002/pssa.201532305,med,9,3,1,0,0,0,0,0,popov2025,physica status solidi (a),"Hot-wire assisted ALD of tungsten films:<i>In-situ</i>study of the interplay between CVD, etching, and ALD modes"
10.1039/c3ra42928h,med,9,4,1,0,0,0,0,0,cremers2019,RSC Advances,Atomic layer deposition-based synthesis of photoactive TiO2 nanoparticle chains by using carbon nanotubes as sacrificial templates
10.1039/c4ra06308b,med,9,5,1,0,0,0,0,0,popov2025,RSC Adv.,Atomic layer deposition of textured zinc nitride thin films
10.1039/c6ra27644j,med,9,7,1,0,0,0,0,0,popov2025,RSC Advances,Luminescent properties of europium titanium phosphate thin films deposited by atomic layer deposition
10.1039/d1ra00507c,med,9,8,1,0,0,0,0,0,popov2025,RSC Advances,Atomic layer deposition of superparamagnetic ruthenium-doped iron oxide thin film
10.1134/s1070363218080236,med,9,5,1,0,0,0,0,0,popov2025,Russian Journal of General Chemistry,"Atomic Layer Deposition of Aluminum Nitride and Oxynitride on Silicon Using Tris(dimethylamido)aluminum, Ammonia, and Water"
10.1134/s0036024422100181,med,9,5,1,0,0,0,0,0,popov2025,Russian Journal of Physical Chemistry A,Studying the Atomic Layer Deposition of Molybdenum Oxide and Titanium–Molybdenum Oxide Films Using Quartz Crystal Microbalance
10.1134/s1063739718020026,med,9,4,1,0,0,0,0,0,popov2025,Russian Microelectronics,Atomic Layer Deposition of Aluminum Nitride Using Tris(diethylamido)aluminum and Hydrazine or Ammonia
10.1134/s1063739719010025,med,9,4,1,0,0,0,0,0,popov2025,Russian Microelectronics,Atomic Layer Deposition of Y2O3 Using Tris(butylcyclopentadienyl)yttrium and Water
10.1016/j.surfcoat.2009.11.039,med,9,6,1,0,0,0,0,0,popov2025,Surface and Coatings Technology,Structural characterization of TiO2–Cr2O3 nanolaminates grown by atomic layer deposition
10.1016/j.surfcoat.2013.04.050,med,9,4,1,0,0,0,0,0,popov2025,Surface and Coatings Technology,"Structural, optical, and electrical properties of Hf-doped ZnO films deposited by atomic layer deposition"
10.1016/j.surfcoat.2016.08.074,med,9,5,1,0,0,0,0,0,popov2025,Surface and Coatings Technology,Atomic layer deposition and high-resolution electron microscopy characterization of nickel nanoparticles for catalyst applications
10.1007/s00214-014-1465-x,high,9,2,1,1,0,0,0,0,cremers2019,Theoretical Chemistry Accounts,A Markov chain approach to simulate Atomic Layer Deposition chemistry and transport inside nanostructured substrates
10.1016/j.tsf.2006.05.049,med,9,3,1,0,0,0,0,0,cremers2019,Thin Solid Films,Atomic layer deposition of palladium films on Al2O3 surfaces
10.1016/j.tsf.2009.12.029,high,9,2,1,1,0,0,0,0,cremers2019,Thin Solid Films,TEM characterization of ALD layers in deep trenches using a dedicated FIB lamellae preparation method
10.1016/j.tsf.2009.12.063,med,9,3,1,0,0,0,0,0,popov2025,Thin Solid Films,Growth of RuO2 thin films by liquid injection atomic layer deposition
10.1016/j.tsf.2011.01.191,med,9,6,1,0,0,0,0,0,popov2025,Thin Solid Films,Atomic layer deposition of ferromagnetic cobalt doped titanium oxide thin films
10.1016/j.tsf.2013.03.074,med,9,5,1,0,0,0,0,0,cremers2019|popov2025,Thin Solid Films,Atomic layer deposition of ruthenium (Ru) thin films using ethylbenzen-cyclohexadiene Ru(0) as a seed layer for copper metallization
10.1016/j.tsf.2013.06.074,med,9,4,1,0,0,0,0,0,popov2025,Thin Solid Films,Atomic layer deposition of TiO2 from TiCl4 and O3
10.1016/j.tsf.2012.11.127,med,9,7,1,0,0,0,0,0,popov2025,Thin Solid Films,Stabilization of tetragonal/cubic phase in Fe doped zirconia grown by atomic layer deposition
10.1016/j.tsf.2015.06.033,med,9,5,1,0,0,0,0,0,popov2025,Thin Solid Films,Atomic layer deposition of zirconium dioxide from zirconium tetrachloride and ozone
10.1016/j.tsf.2016.03.018,med,9,5,1,0,0,0,0,0,popov2025,Thin Solid Films,Atomic Layer Deposition of hexagonal ErFeO3 thin films on SiO2/Si
10.1016/j.tsf.2016.01.024,med,9,4,1,0,0,0,0,0,popov2025,Thin Solid Films,Effect of substrate-enhanced and inhibited growth on atomic layer deposition and properties of aluminum–titanium oxide films
10.1021/acsami.6b13033,med,8,2,1,0,0,0,0,0,popov2025,ACS Applied Materials &amp; Interfaces,Low-Temperature Atomic Layer Deposition of CuSbS<sub>2</sub> for Thin-Film Photovoltaics
10.1021/acsami.8b12251,med,8,2,1,0,0,0,0,0,popov2025,ACS Applied Materials &amp; Interfaces,Selective SnO<sub><i>x</i></sub> Atomic Layer Deposition Driven by Oxygen Reactants
10.1016/j.apsusc.2010.01.025,high,8,1,1,0,0,1,0,0,cremers2019,Applied Surface Science,Temperature dependence of the sticking coefficient in atomic layer deposition
10.1016/j.apsusc.2010.03.049,low,8,6,0,0,0,0,1,0,popov2025,Applied Surface Science,Stabilization of a very high-k crystalline ZrO2 phase by post deposition annealing of atomic layer deposited ZrO2/La2O3 dielectrics on germa
10.3762/bjnano.2.13,low,8,7,0,1,0,0,0,0,cremers2019,Beilstein Journal of Nanotechnology,Pore structure and surface area of silica SBA-15: influence of washing and scale-up
10.1088/1758-5090/aab981,low,8,8,0,0,0,0,1,0,popov2025,Biofabrication,"Laser bioprinting of human induced pluripotent stem cells—the effect of printing and biomaterials on cell survival, pluripotency, and differ"
10.1021/cm011176i,low,8,5,0,0,1,0,0,0,cremers2019,Chemistry of Materials,Growth of Aluminum Nitride on Porous Alumina and Silica through Separate Saturated Gas−Solid Reactions of Trimethylaluminum and Ammonia
10.1021/cm202475e,high,8,1,1,0,0,0,1,0,popov2025,Chemistry of Materials,"Low Temperature Growth of High Purity, Low Resistivity Copper Films by Atomic Layer Deposition"
10.1021/cm101673u,med,8,2,1,0,0,0,0,0,popov2025,Chemistry of Materials,Molybdenum Atomic Layer Deposition Using MoF<sub>6</sub> and Si<sub>2</sub>H<sub>6</sub> as the Reactants
10.1021/cm2029189,med,8,2,1,0,0,0,0,0,popov2025,Chemistry of Materials,Substrate Selectivity of (<sup>t</sup>Bu-Allyl)Co(CO)<sub>3</sub>during Thermal Atomic Layer Deposition of Cobalt
10.1021/cm301594p,med,8,2,1,0,0,0,0,0,popov2025,Chemistry of Materials,Novel Heteroleptic Precursors for Atomic Layer Deposition of TiO<sub>2</sub>
10.1021/cm401279v,med,8,2,1,0,0,0,0,0,popov2025,Chemistry of Materials,[Zr(NEtMe)<sub>2</sub>(guan-NEtMe)<sub>2</sub>] as a Novel Atomic Layer Deposition Precursor: ZrO<sub>2</sub>Film Growth and Mechanistic Stu
10.1021/cm501109r,med,8,2,1,0,0,0,0,0,popov2025,Chemistry of Materials,Low-Temperature Atomic Layer Deposition of Copper Films Using Borane Dimethylamine as the Reducing Co-reagent
10.1021/cm504238f,med,8,2,1,0,0,0,0,0,popov2025,Chemistry of Materials,Atomic Layer Deposition of AlF<sub>3</sub> Thin Films Using Halide Precursors
10.1021/acs.chemmater.7b00805,med,8,2,1,0,0,0,0,0,popov2025,Chemistry of Materials,Nanoscale Solid State Batteries Enabled by Thermal Atomic Layer Deposition of a Lithium Polyphosphazene Solid State Electrolyte
10.1021/acs.chemmater.1c04411,med,8,2,1,0,0,0,0,0,popov2025,Chemistry of Materials,Room-Temperature Atomic Layer Deposition of Elemental Antimony
10.1021/acs.chemmater.2c00954,low,8,3,1,0,0,0,0,0,popov2025,Chemistry of Materials,Advances in Atomic Layer Deposition of Metal Sulfides: From a Precursors Perspective
10.1021/acs.chemmater.3c02059,med,8,2,1,0,0,0,0,0,popov2025,Chemistry of Materials,Atomic Layer Deposition and Pulsed Chemical Vapor Deposition of SnI<sub>2</sub> and CsSnI<sub>3</sub>
10.1039/b918175j,med,8,2,1,0,0,0,0,0,popov2025,Dalton Transactions,Study of bismuth alkoxides as possible precursors for ALD
10.1149/1.009206jss,med,8,2,1,0,0,0,0,0,cremers2019,ECS Journal of Solid State Science and Technology,"Plasma-Enhanced ALD of Platinum with O<sub>2</sub>, N<sub>2</sub>and NH<sub>3</sub>Plasmas"
10.1149/2.011201jss,med,8,2,1,0,0,0,0,0,popov2025,ECS Journal of Solid State Science and Technology,Structural and Electrical Properties of Terbium Scandate Films Deposited by Atomic Layer Deposition and High Temperature Annealing Effects
10.1149/1.3207867,med,8,2,1,0,0,0,0,0,cremers2019,Electrochemical and Solid-State Letters,Low Temperature Atomic Layer Deposition of Ruthenium Thin Films Using Isopropylmethylbenzene-Cyclohexadiene-Ruthenium and O[sub 2]
10.1016/j.flatc.2020.100166,med,8,2,1,0,0,0,0,0,popov2025,FlatChem,Atomic Layer Deposition of MoSe2 Using New Selenium Precursors
10.1021/ic902411h,low,8,4,0,0,0,1,0,0,popov2025,Inorganic Chemistry,"A Family of Heteroleptic Titanium Guanidinates: Synthesis, Thermolysis, and Surface Reactivity"
10.1021/ja807802r,low,8,3,0,1,0,0,0,0,cremers2019,Journal of the American Chemical Society,Growth Inhibition to Enhance Conformal Coverage in Thin Film Chemical Vapor Deposition
10.1016/j.jcrysgro.2017.04.019,med,8,2,1,0,0,0,0,0,popov2025,Journal of Crystal Growth,Bismuth amides as promising ALD precursors for Bi 2 Te 3 films
10.1149/1.1566960,low,8,3,0,1,0,0,0,0,cremers2019,Journal of The Electrochemical Society,Interconnect Fabrication by Superconformal Iodine-Catalyzed Chemical Vapor Deposition of Copper
10.1149/1.1603254,low,8,1,0,1,0,0,0,0,cremers2019,Journal of The Electrochemical Society,Etching High Aspect Ratio Silicon Trenches
10.1149/1.3251285,med,8,2,1,0,0,0,0,0,popov2025,Journal of The Electrochemical Society,"High Temperature Atomic Layer Deposition of Ruthenium from N,N-Dimethyl-1-ruthenocenylethylamine"
10.1080/10934529809376813,low,8,5,0,0,0,0,1,0,cremers2019,"Journal of Environmental Science and Health, Part A",Catalytic decomposition of ozone in the presence of water vapor
10.1039/c0jm02280b,med,8,2,1,0,0,0,0,0,popov2025,Journal of Materials Chemistry,Atomic layer deposition of CaB2O4 films using bis(tris(pyrazolyl)borate)calcium as a highly thermally stable boron and calcium source
10.1021/jp203604j,low,8,4,0,0,0,0,1,0,popov2025,The Journal of Physical Chemistry C,Study of Growth Mechanism and Properties of Zinc Indium Sulfide Thin Films Deposited by Atomic Layer Chemical Vapor Deposition over the Enti
10.1021/acs.jpcc.6b04461,med,8,2,1,0,0,0,0,0,popov2025,The Journal of Physical Chemistry C,Atomic Layer Deposition of Iridium Thin Films Using Sequential Oxygen and Hydrogen Pulses
10.1021/acs.jpcc.9b03039,med,8,2,1,0,0,0,0,0,popov2025,The Journal of Physical Chemistry C,Intercalation of Lithium Ions from Gaseous Precursors into β-MnO<sub>2</sub> Thin Films Deposited by Atomic Layer Deposition
10.1088/0022-3727/30/12/006,med,8,2,1,0,0,0,0,0,cremers2019,Journal of Physics D: Applied Physics,Thickness profiles of thin films caused by secondary reactions in flow-type atomic layer deposition reactors
10.1116/1.2191862,low,8,10,0,0,0,0,0,1,cremers2019,"Journal of Vacuum Science &amp; Technology A: Vacuum, Surfaces, and Films",Attenuation of hydrogen radicals traveling under flowing gas conditions through tubes of different materials
10.1557/mrs.2011.239,med,8,2,1,0,0,0,0,0,cremers2019,MRS Bulletin,"Advanced process technologies: Plasma, direct-write, atmospheric pressure, and roll-to-roll ALD"
10.1016/j.matchemphys.2023.128037,low,8,3,0,0,0,0,0,1,popov2025,Materials Chemistry and Physics,Effects of growth cycle number and annealing temperature on Ga2O3-on-quartz solar-blind photodetectors
10.1016/j.mssp.2016.06.015,med,8,2,1,0,0,0,0,0,popov2025,Materials Science in Semiconductor Processing,Investigation on the atomic layer deposition of the Se doped Sb–Te phase change films using an alkyl-silyl precursor
10.1088/0957-4484/27/34/345709,med,8,2,1,0,0,0,0,0,cremers2019,Nanotechnology,Temperature-dependent magnetic properties of Ni nanotubes synthesized by atomic layer deposition
10.1103/physrevlett.81.3014,low,8,4,0,0,0,0,1,0,cremers2019,Physical Review Letters,Crystalline Oxides on Silicon: The First Five Monolayers
10.1088/0963-0252/13/2/009,low,8,5,0,0,0,0,0,1,cremers2019,Plasma Sources Science and Technology,Study of oxygen atom recombination on a Pyrex surface at different wall temperatures by means of time-resolved actinometry in a double pulse
10.1088/0268-1242/27/7/074003,med,8,2,1,0,0,0,0,0,popov2025,Semiconductor Science and Technology,High-performance imido–amido precursor for the atomic layer deposition of Ta<sub>2</sub>O<sub>5</sub>
10.1016/j.surfcoat.2007.04.079,high,8,1,1,1,0,0,0,0,cremers2019,Surface and Coatings Technology,Transient ALD simulations for a multi-wafer reactor with trenched wafers
10.1016/0039-6028(89)90077-0,low,8,3,0,0,0,0,1,0,cremers2019,Surface Science,Reaction of atomic hydrogen with crystalline silicon
10.1016/j.tsf.2015.06.053,med,8,2,1,0,0,0,0,0,popov2025,Thin Solid Films,Nanometer-thick copper films grown by thermal atomic layer deposition
10.1021/am508071y,med,7,2,1,0,0,0,0,0,popov2025,ACS Applied Materials &amp; Interfaces,Spatial Atmospheric Atomic Layer Deposition of In<sub><i>x</i></sub>Ga<sub><i>y</i></sub>Zn<sub><i>z</i></sub>O for Thin Film Transistors
10.1021/acsami.7b02883,med,7,2,1,0,0,0,0,0,cremers2019,ACS Applied Materials &amp; Interfaces,Boron Nitride Nanoporous Membranes with High Surface Charge by Atomic Layer Deposition
10.1021/acsami.7b04985,med,7,2,1,0,0,0,0,0,popov2025,ACS Applied Materials &amp; Interfaces,Atomic Layer Deposition of an Indium Gallium Oxide Thin Film for Thin-Film Transistor Applications
10.1021/cs501862h,med,7,2,1,0,0,0,0,0,cremers2019|popov2025,ACS Catalysis,Catalyst Design with Atomic Layer Deposition
10.1021/acsnano.5b02166,med,7,2,1,0,0,0,0,0,cremers2019,ACS Nano,Next-Generation Lithium Metal Anode Engineering <i>via</i> Atomic Layer Deposition
10.1021/acsomega.9b01351,med,7,2,1,0,0,0,0,0,popov2025,ACS Omega,Atomic Layer Deposition of Photoconductive Cu<sub>2</sub>O Thin Films
10.1063/1.2926917,med,7,2,1,0,0,0,0,0,cremers2019,AIP Conference Proceedings,Atomic layer deposition of tungsten thin films on opals in the visible region
10.1021/ar500360d,med,7,2,1,0,0,0,0,0,cremers2019,Accounts of Chemical Research,Atomic Layer Deposition of Metal Sulfide Materials
10.1021/acs.accounts.8b00012,low,7,3,0,0,0,0,0,0,cremers2019,Accounts of Chemical Research,The Chemistry of Inorganic Precursors during the Chemical Deposition of Films on Solid Surfaces
10.1016/j.apmt.2021.101017,med,7,2,1,0,0,0,0,0,popov2025,Applied Materials Today,2D MoTe2 nanosheets by atomic layer deposition: Excellent photo- electrocatalytic properties
10.1016/j.apsusc.2010.07.051,med,7,2,1,0,0,0,0,0,popov2025,Applied Surface Science,Effect of corona pre-treatment on the performance of gas barrier layers applied by atomic layer deposition onto polymer-coated paperboard
10.1016/j.apsusc.2014.10.025,med,7,2,1,0,0,0,0,0,popov2025,Applied Surface Science,Atomic layer deposition of CeO2/HfO2 gate dielectrics on Ge substrate
10.1016/j.cattod.2003.11.022,low,7,3,0,0,0,0,0,0,cremers2019,Catalysis Today,Recombination of oxygen atomic excited states produced by non-equilibrium RF plasma on different semiconductor materials: catalytic phenomen
10.1021/cm902294e,low,7,3,0,0,0,0,0,0,popov2025,Chemistry of Materials,Growth of Cu Metal Films at Room Temperature Using Catalyzed Reactions
10.1021/cm902180d,med,7,2,1,0,0,0,0,0,popov2025,Chemistry of Materials,In Situ Reaction Mechanism Studies on Atomic Layer Deposition of Sb<sub>2</sub>Te<sub>3</sub> and GeTe from (Et<sub>3</sub>Si)<sub>2</sub>Te
10.1021/cm103637t,med,7,2,1,0,0,0,0,0,popov2025,Chemistry of Materials,Indium Oxide Atomic Layer Deposition Facilitated by the Synergy between Oxygen and Water
10.1021/cm103480d,med,7,2,1,0,0,0,0,0,popov2025,Chemistry of Materials,"Extensive Series of Hexagonal and Orthorhombic RMnO<sub>3</sub> (R = Y, La, Sm, Tb, Yb, Lu) Thin Films by Atomic Layer Deposition"
10.1021/cm2002572,med,7,0,1,0,1,0,1,0,popov2025,Chemistry of Materials,Atomic Layer Deposition of SrTiO<sub>3</sub> Thin Films with Highly Enhanced Growth Rate for Ultrahigh Density Capacitors
10.1021/cm1026128,med,7,2,1,0,0,0,0,0,popov2025,Chemistry of Materials,Role of Interfacial Reaction in Atomic Layer Deposition of TiO<sub>2</sub> Thin Films Using Ti(O-<i>i</i>Pr)<sub>2</sub>(tmhd)<sub>2</sub> o
10.1021/cm300712x,med,7,2,1,0,0,0,0,0,popov2025,Chemistry of Materials,Atomic Layer Deposition of Ga<sub>2</sub>O<sub>3</sub> Films Using Trimethylgallium and Ozone
10.1021/cm4031057,med,7,2,1,0,0,0,0,0,popov2025,Chemistry of Materials,Atomic Layer Deposition of Gallium Sulfide Films Using Hexakis(dimethylamido)digallium and Hydrogen Sulfide
10.1021/acs.chemmater.5b02199,med,7,2,1,0,0,0,0,0,popov2025,Chemistry of Materials,Atomic Layer Deposition of Lithium Phosphorus Oxynitride
10.1021/acs.chemmater.7b02175,med,7,2,1,0,0,0,0,0,popov2025,Chemistry of Materials,Atomic Layer Deposition of Aluminum Sulfide: Growth Mechanism and Electrochemical Evaluation in Lithium-Ion Batteries
10.1021/acs.chemmater.2c00907,med,7,2,1,0,0,0,0,0,popov2025,Chemistry of Materials,Atomic Layer Deposition of Intermetallic Fe<sub>4</sub>Zn<sub>9</sub> Thin Films from Diethyl Zinc
10.1021/acs.chemmater.1c03093,med,7,2,1,0,0,0,0,0,popov2025,Chemistry of Materials,PbI <sub>2</sub> Nanocrystal Growth by Atomic Layer Deposition from Pb(tmhd) <sub>2</sub> and HI
10.1021/acs.chemmater.3c00013,med,7,2,1,0,0,0,0,0,popov2025,Chemistry of Materials,Synthesis of Micron-Sized WS<sub>2</sub> Crystallites Using Atomic Layer Deposition and Sulfur Annealing
10.1039/c1cs15091j,med,7,2,1,0,0,0,0,0,cremers2019,Chemical Society Reviews,Tailoring nanoporous materials by atomic layer deposition
10.1039/d1dt03479k,med,7,2,1,0,0,0,0,0,popov2025,Dalton Transactions,Atomic layer deposition of thin-film sodium manganese oxide cathode materials for sodium ion batteries
10.1149/2.004303jss,low,7,6,0,0,0,0,0,0,popov2025,ECS Journal of Solid State Science and Technology,Structural and Magnetic Studies on Iron Oxide and Iron-Magnesium Oxide Thin Films Deposited Using Ferrocene and (Dimethylaminomethyl)ferroce
10.1149/1.2901542,med,7,2,1,0,0,0,0,0,cremers2019,Electrochemical and Solid-State Letters,Formation of Ru Nanotubes by Atomic Layer Deposition onto an Anodized Aluminum Oxide Template
10.1149/1.3266877,med,7,2,1,0,0,0,0,0,popov2025,Electrochemical and Solid-State Letters,Electrical and Physical Properties of Er-Doped HfO[sub 2] High-k Dielectrics Prepared by Atomic Layer Deposition
10.1039/c0ee00086h,med,7,2,1,0,0,0,0,0,cremers2019,Energy Environ. Sci.,TiO <sub>2</sub> inverse-opal electrode fabricated by atomic layer deposition for dye-sensitized solar cell applications
10.1109/tps.2005.845286,low,7,6,0,0,0,0,0,0,cremers2019,IEEE Transactions on Plasma Science,Characterization of oxygen plasma with a fiber optic catalytic probe and determination of recombination coefficients
10.1021/acs.inorgchem.1c00731,low,7,4,0,0,0,0,0,0,popov2025,Inorganic Chemistry,"Resolving Impurities in Atomic Layer Deposited Aluminum Nitride through Low Cost, High Efficiency Precursor Design"
10.1021/acs.inorgchem.1c02339,low,7,3,0,0,0,0,0,0,popov2025,Inorganic Chemistry,"Group IV Transition Metal (M = Zr, Hf) Precursors for High-κ Metal Oxide Thin Films"
10.1016/j.ijhydene.2010.01.140,low,7,3,0,0,0,0,0,0,popov2025,International Journal of Hydrogen Energy,A spinel ferrite/hercynite water-splitting redox cycle
10.1016/j.ijpharm.2017.04.031,med,7,2,1,0,0,0,0,0,cremers2019,International Journal of Pharmaceutics,Surface modification of acetaminophen particles by atomic layer deposition
10.1063/1.1722872,low,7,8,0,0,0,0,0,0,cremers2019,Journal of Applied Physics,Studies of Molecular Scattering at the Solid Surface
10.1016/j.jcat.2020.09.035,med,7,2,1,0,0,0,0,0,popov2025,Journal of Catalysis,Identification of highly active surface iron sites on Ni(OOH) for the oxygen evolution reaction by atomic layer deposition
10.1149/1.2403081,med,7,2,1,0,0,0,0,0,cremers2019,Journal of The Electrochemical Society,"Atomic Layer Deposition of Ru Thin Films Using 2,4-(Dimethylpentadienyl)(ethylcyclopentadienyl)Ru by a Liquid Injection System"
10.1149/1.2789802,med,7,2,1,0,0,0,0,0,cremers2019,Journal of The Electrochemical Society,Applicability of Step-Coverage Modeling to TiO[sub 2] Thin Films in Atomic Layer Deposition
10.1149/1.2789294,low,7,3,0,0,0,0,0,0,popov2025,Journal of The Electrochemical Society,Vapor Deposition of Ruthenium from an Amidinate Precursor
10.1149/1.3491381,low,7,2,0,1,0,0,0,0,cremers2019,Journal of The Electrochemical Society,Conformality of Plasma-Assisted ALD: Physical Processes and Modeling
10.1149/1.3244213,med,7,2,1,0,0,0,0,0,popov2025,Journal of The Electrochemical Society,Atomic Layer Deposition of Strontium Titanate Films Using Sr([sup t]Bu[sub 3]Cp)[sub 2] and Ti(OMe)[sub 4]
10.1149/1.3504196,med,7,2,1,0,0,0,0,0,popov2025,Journal of The Electrochemical Society,Atomic Layer Deposition of Ni Thin Films and Application to Area-Selective Deposition
10.1149/1.3575161,med,7,2,1,0,0,0,0,0,popov2025,Journal of The Electrochemical Society,Characteristics of Zr-Doped ZnO Thin Films Grown by Atomic Layer Deposition
10.1039/b710903b,med,7,2,1,0,0,0,0,0,popov2025,Journal of Materials Chemistry,Study of a novel ALD process for depositing MgF2 thin films
10.1039/b908615c,med,7,2,1,0,0,0,0,0,cremers2019,Journal of Materials Chemistry,A novel approach for fabrication of bismuth-silicon dioxide core-shell structures by atomic layer deposition
10.1039/b923490j,med,7,2,1,0,0,0,0,0,popov2025,Journal of Materials Chemistry,Lanthanum titanate and lithium lanthanum titanate thin films grown by atomic layer deposition
10.1039/c1jm11825k,med,7,2,1,0,0,0,0,0,popov2025,Journal of Materials Chemistry,Atomic layer deposition of metal fluorides through oxide chemistry
10.1039/c2jm16557k,med,7,2,1,0,0,0,0,0,popov2025,Journal of Materials Chemistry,Atomic layer deposition of tin oxide with nitric oxide as an oxidant gas
10.1039/c3ta11550j,med,7,2,1,0,0,0,0,0,popov2025,J. Mater. Chem. A,High-performing iron phosphate for enhanced lithium ion solid state batteries as grown by atomic layer deposition
10.1039/c5tc03079j,med,7,2,1,0,0,0,0,0,popov2025,Journal of Materials Chemistry C,Alkylsilyl compounds as enablers of atomic layer deposition: analysis of (Et <sub>3</sub> Si) <sub>3</sub> As through the GaAs process
10.1021/jp111314b,high,7,1,1,0,0,1,0,0,cremers2019,The Journal of Physical Chemistry C,In Situ X-ray Fluorescence Measurements During Atomic Layer Deposition: Nucleation and Growth of TiO<sub>2</sub> on Planar Substrates and in
10.1021/jp110203x,med,7,2,1,0,0,0,0,0,cremers2019,The Journal of Physical Chemistry C,Atomic Layer Deposition of Fe<sub>2</sub>O<sub>3</sub> Using Ferrocene and Ozone
10.1021/jp201873b,med,7,2,1,0,0,0,0,0,popov2025,The Journal of Physical Chemistry C,Atomic Layer Deposition and Superconducting Properties of NbSi Films
10.1021/jp504067c,high,7,1,1,0,0,1,0,0,popov2025,The Journal of Physical Chemistry C,Nucleation and Growth of Silver Nanoparticles by AB and ABC-Type Atomic Layer Deposition
10.1021/acs.jpcc.5b02625,med,7,2,1,0,0,0,0,0,popov2025,The Journal of Physical Chemistry C,Atomic Layer Deposition of AlF<sub>3</sub> Using Trimethylaluminum and Hydrogen Fluoride
10.1021/acs.jpcc.6b01803,med,7,2,1,0,0,0,0,0,popov2025,The Journal of Physical Chemistry C,Atomic Layer Deposition of Silicon Dioxide Using Aminosilanes Di-<i>sec</i>-butylaminosilane and Bis(<i>tert</i>-butylamino)silane with Ozon
10.1021/acs.jpcc.1c06149,med,7,2,1,0,0,0,0,0,popov2025,The Journal of Physical Chemistry C,Atomic Layer Deposition of Ultrathin Tungsten Oxide Films from WH<sub>2</sub>(Cp)<sub>2</sub> and Ozone
10.1016/j.jpowsour.2019.227373,med,7,2,1,0,0,0,0,0,popov2025,Journal of Power Sources,Atomic layer deposition (ALD) of lithium fluoride (LiF) protective film on Li-ion battery LiMn1.5Ni0.5O4 cathode powder material
10.1134/s0022476623030083,high,7,1,1,0,0,0,1,0,popov2025,Journal of Structural Chemistry,Growth Features and Phase Composition of Hf–Sc–O thin Films Synthesized by Atomic Layer Deposition
10.1116/1.1600450,low,7,8,0,0,0,0,0,0,cremers2019,"Journal of Vacuum Science &amp; Technology A: Vacuum, Surfaces, and Films",Thin film deposition with physical vapor deposition and related technologies
10.1116/1.3533763,med,7,2,1,0,0,0,0,0,popov2025,"Journal of Vacuum Science &amp; Technology B, Nanotechnology and Microelectronics: Materials, Processing, Measurement, and Phenomena",Structural and electrical properties of TixAl1−xOy thin films grown by atomic layer deposition
10.1021/la500893u,med,7,2,1,0,0,0,0,0,popov2025,Langmuir,"Atomic Layer Deposition, Characterization, and Growth Mechanistic Studies of TiO<sub>2</sub> Thin Films"
10.1016/j.matlet.2011.04.067,med,7,2,1,0,0,0,0,0,popov2025,Materials Letters,Characterizations of NbAlO thin films grown by atomic layer deposition
10.1016/j.mssp.2019.05.028,med,7,2,1,0,0,0,0,0,popov2025,Materials Science in Semiconductor Processing,Atomic layer deposition and annealing of Ga doped ZnO films
10.1016/j.nanoen.2016.01.016,med,7,2,1,0,0,0,0,0,cremers2019,Nano Energy,Electrocatalysts by atomic layer deposition for fuel cell applications
10.1021/acs.nanolett.6b03638,med,7,2,1,0,0,0,0,0,popov2025,Nano Letters,Epitaxial Growth of Mg<sub><i>x</i></sub>Ca<sub>1–<i>x</i></sub>O on GaN by Atomic Layer Deposition
10.1039/c1nr10349k,med,7,2,1,0,0,0,0,0,cremers2019,Nanoscale,Nanoengineering and interfacial engineering of photovoltaics by atomic layer deposition
10.1039/c6nr06021h,med,7,2,1,0,0,0,0,0,popov2025,Nanoscale,A novel 2-step ALD route to ultra-thin MoS <sub>2</sub> films on SiO <sub>2</sub> through a surface organometallic intermediate
10.1038/nmat1000,med,7,2,1,0,0,0,0,0,popov2025,Nature Materials,Atomic layer deposition of transition metals
10.1364/oe.26.009344,med,7,2,1,0,0,0,0,0,popov2025,Optics Express,Intense electroluminescence from Al<sub>2</sub>O<sub>3</sub>/Tb<sub>2</sub>O<sub>3</sub>nanolaminate films fabricated by atomic layer deposi
10.1103/physrevmaterials.6.044411,med,7,2,1,0,0,0,0,0,popov2025,Physical Review Materials,Atomic layer deposition of yttrium iron garnet thin films
10.1088/0963-0252/9/3/302,low,7,4,0,0,0,0,0,0,cremers2019,Plasma Sources Science and Technology,Surface and volume loss of atomic nitrogen in a parallel plate rf discharge reactor
10.1039/c2ra20731a,med,7,2,1,0,0,0,0,0,popov2025,RSC Advances,Atomic layer deposition of lithium nitride and carbonate using lithium silylamide
10.1039/c3ra47469k,med,7,2,1,0,0,0,0,0,popov2025,RSC Adv.,Luminescence properties of europium titanate thin films grown by atomic layer deposition
10.1088/0268-1242/27/7/074002,med,7,2,1,0,0,0,0,0,cremers2019,Semiconductor Science and Technology,Atomic layer deposition for photovoltaics: applications and prospects for solar cell manufacturing
10.1088/0268-1242/27/7/074006,med,7,2,1,0,0,0,0,0,popov2025,Semiconductor Science and Technology,ZnO films grown by atomic layer deposition for organic electronics
10.1016/j.surfcoat.2018.01.047,med,7,2,1,0,0,0,0,0,popov2025,Surface and Coatings Technology,Phase-controlled growth of cobalt oxide thin films by atomic layer deposition
10.1016/j.tsf.2011.10.186,med,7,2,1,0,0,0,0,0,popov2025,Thin Solid Films,Electrical properties of quaternary HfAlTiO thin films grown by atomic layer deposition
10.1016/j.tsf.2011.11.088,med,7,2,1,0,0,0,0,0,popov2025,Thin Solid Films,"Atomic layer deposition of Ru films from bis(2,5-dimethylpyrrolyl)ruthenium and oxygen"
10.1016/j.tsf.2014.01.034,med,7,2,1,0,0,0,0,0,popov2025,Thin Solid Films,Atomic layer deposition of copper nitride film and its application to copper seed layer for electrodeposition
10.1016/j.tsf.2015.06.014,med,7,2,1,0,0,0,0,0,popov2025,Thin Solid Films,Simulation and growing study of Cu–Al–S thin films deposited by atomic layer deposition
10.1016/j.tsf.2015.01.045,low,7,3,0,0,0,0,0,0,popov2025,Thin Solid Films,Low temperature deposition of silicon nitride using Si3Cl8
10.1016/j.tsf.2016.05.048,low,7,6,0,0,0,0,0,0,popov2025,Thin Solid Films,Effects of annealing on the properties of atomic layer deposited Ru thin films deposited by NH3 and H2 as reactants
10.1021/acsaelm.1c00030,low,6,3,0,0,0,0,0,0,popov2025,ACS Applied Electronic Materials,Electrochromic Properties of Perovskite NdNiO<sub>3</sub> Thin Films for Smart Windows
10.1021/acsaem.9b02507,low,6,4,0,0,0,0,0,0,popov2025,ACS Applied Energy Materials,Role of Sulfur Incorporation in p-Type Nickel Oxide (p-NiO) on n-Type Silicon (n-Si) Photoelectrodes for Water Oxidation Reactions
10.1021/am508590j,low,6,4,0,0,0,0,0,0,cremers2019,ACS Applied Materials &amp; Interfaces,Surface Engineered CuO Nanowires with ZnO Islands for CO<sub>2</sub> Photoreduction
10.1021/acsami.8b17194,low,6,4,0,0,0,0,0,0,popov2025,ACS Applied Materials &amp; Interfaces,Tunable Localized Surface Plasmon Resonance and Broadband Visible Photoresponse of Cu Nanoparticles/ZnO Surfaces
10.1021/acsami.1c23889,low,6,5,0,0,0,0,0,0,popov2025,ACS Applied Materials &amp; Interfaces,Comparative Study of Atomic Layer Deposited Indium-Based Oxide Transistors with a Fermi Energy Level-Engineered Heterojunction Structure Cha
10.1021/acsanm.9b00808,low,6,5,0,0,0,0,0,0,popov2025,ACS Applied Nano Materials,Semi-Transparent p-Cu<sub>2</sub>O/n-ZnO Nanoscale-Film Heterojunctions for Photodetection and Photovoltaic Applications
10.1021/acsmaterialsau.2c00075,med,6,1,1,0,0,0,0,0,popov2025,ACS Materials Au,Reductive Thermal Atomic Layer Deposition Process for Gold
10.1016/s0169-4332(00)00007-6,low,6,3,0,0,0,0,0,0,cremers2019,Applied Surface Science,Recombination of neutral oxygen atoms on stainless steel surface
10.1016/j.apsusc.2014.09.054,med,6,1,1,0,0,0,0,0,popov2025,Applied Surface Science,SnO 2 thin films grown by atomic layer deposition using a novel Sn precursor
10.1016/j.apsusc.2023.156517,low,6,3,0,0,0,0,0,0,popov2025,Applied Surface Science,SnSe ambipolar thin film transistor arrays with copper-assisted exfoliation
10.1002/bkcs.10400,med,6,1,1,0,0,0,0,0,popov2025,Bulletin of the Korean Chemical Society,"Atomic Layer Deposition of <scp>GeO<sub>2</sub></scp> Thin Films on Si(100) using Ge(<i>N</i>,<i>N</i>Ꞌ‐R,R‐en)(<scp>NMe<sub>2</sub></scp>)<"
10.1021/cm1011108,med,6,1,1,0,0,0,0,0,popov2025,Chemistry of Materials,Low Temperature Atomic Layer Deposition of Tin Oxide
10.1021/cm400046w,med,6,1,1,0,0,0,0,0,popov2025,Chemistry of Materials,"Atomic Layer Deposition of LiF Thin Films from Lithd, Mg(thd)<sub>2</sub>, and TiF<sub>4</sub> Precursors"
10.1021/acs.chemmater.6b04029,med,6,1,1,0,0,0,0,0,popov2025,Chemistry of Materials,Studies on Thermal Atomic Layer Deposition of Silver Thin Films
10.1149/2162-8777/ac6d74,low,6,6,0,0,0,0,0,0,popov2025,ECS Journal of Solid State Science and Technology,Control of Transfer Characteristics of Atomic Layer Deposited Al-Doped SnO <sub>2</sub> Thin Film through a Post-Annealing Process
10.1109/ted.2016.2570221,low,6,3,0,0,0,0,0,0,popov2025,IEEE Transactions on Electron Devices,"Very Low-Work-Function ALD-Erbium Carbide (ErC<sub>2</sub>) Metal Electrode on High-&lt;inline-formula&gt; &lt;tex-math notation=""LaTeX""&gt;"
10.1134/s0020168510010097,low,6,6,0,0,0,0,0,0,popov2025,Inorganic Materials,Growth and properties of Al2O3 and SiO2 nanolayers on III–V semiconductors
10.1021/ja01239a053,low,6,4,0,0,0,0,0,0,popov2025,Journal of the American Chemical Society,Mechanism of Catalytic Hydrogenation and Dehydrogenation of Aldehydes and Alcohols
10.1006/jcat.1996.0276,low,6,3,0,0,0,0,0,0,cremers2019,Journal of Catalysis,Surface Characteristics and Activity of Chromia/Alumina Catalysts Prepared by Atomic Layer Epitaxy
10.1016/j.jcat.2018.01.018,low,6,4,0,0,0,0,0,0,cremers2019,Journal of Catalysis,"Catalytic carpets: Pt@MIL-101@electrospun PCL, a surprisingly active and robust hydrogenation catalyst"
10.1016/j.jcrysgro.2011.02.039,low,6,3,0,0,0,0,0,0,popov2025,Journal of Crystal Growth,Incorporation of indium and gallium in atomic layer epitaxy of InGaAs on InP substrates
10.1149/1.1836500,low,6,3,0,0,0,0,0,0,cremers2019,Journal of The Electrochemical Society,Deposition of Tin Oxide into Porous Silicon by Atomic Layer Epitaxy
10.1149/1.1430230,low,6,3,0,0,0,0,0,0,cremers2019,Journal of The Electrochemical Society,Bottom-up Filling of Submicrometer Features in Catalyst-Enhanced Chemical Vapor Deposition of Copper
10.1149/1.1931471,med,6,1,1,0,0,0,0,0,cremers2019,Journal of The Electrochemical Society,Low-Temperature Deposition of Aluminum Oxide by Radical Enhanced Atomic Layer Deposition
10.1016/j.jmmm.2019.166167,low,6,3,0,0,0,0,0,0,popov2025,Journal of Magnetism and Magnetic Materials,Behavior of nanocomposite consisting of manganese ferrite particles and atomic layer deposited bismuth oxide chloride film
10.1039/c0jm00696c,med,6,1,1,0,0,0,0,0,popov2025,Journal of Materials Chemistry,Low-temperature synthesis of nanoscale silica multilayers – atomic layer deposition in a test tube
10.1557/jmr.2016.303,med,6,1,1,0,0,0,0,0,popov2025,Journal of Materials Research,Atomic layer deposition of vanadium oxide thin films from tetrakis(dimethylamino)vanadium precursor
10.1021/jp063620g,low,6,6,0,0,0,0,0,0,cremers2019,The Journal of Physical Chemistry A,Heterogeneous Uptake of Ozone on Reactive Components of Mineral Dust Aerosol: An Environmental Aerosol Reaction Chamber Study
10.1021/jp9822081,low,6,5,0,0,0,0,0,0,popov2025,The Journal of Physical Chemistry B,Alloying in Cu/Pd Nanoparticle Catalysts
10.1021/jp5068318,low,6,6,0,0,0,0,0,0,popov2025,The Journal of Physical Chemistry C,Tailoring the Properties of Atomic Layer Deposited Nickel and Nickel Carbide Thin Films via Chain-Length Control of the Alcohol Reducing Age
10.1021/acs.jpcc.8b00796,med,6,1,1,0,0,0,0,0,popov2025,The Journal of Physical Chemistry C,Electron-Enhanced Atomic Layer Deposition of Boron Nitride Thin Films at Room Temperature and 100 °C
10.1088/0022-3727/42/13/135206,low,6,6,0,0,0,0,0,0,cremers2019,Journal of Physics D: Applied Physics,Characterization of an N<sub>2</sub>flowing microwave post-discharge by OES spectroscopy and determination of absolute ground-state nitrogen
10.1088/0953-8984/28/47/475801,low,6,3,0,0,0,0,0,0,popov2025,Journal of Physics: Condensed Matter,Anomalous thickness-dependent optical energy gap of ALD-grown ultra-thin CuO films
10.1016/j.jpowsour.2013.09.097,low,6,4,0,0,0,0,0,0,cremers2019,Journal of Power Sources,Enhanced lithiation and fracture behavior of silicon mesoscale pillars via atomic layer coatings and geometry design
10.1143/jjap.47.2801,low,6,3,0,0,0,0,0,0,cremers2019,Japanese Journal of Applied Physics,Tungsten Through-Silicon Via Technology for Three-Dimensional LSIs
10.1143/jjap.35.l126,low,6,4,0,0,0,0,0,0,cremers2019,Japanese Journal of Applied Physics,Fabrication of Gold Nanodot Array Using Anodic Porous Alumina as an Evaporation Mask
10.1007/s11814-016-0319-8,med,6,1,1,0,0,0,0,0,popov2025,Korean Journal of Chemical Engineering,Iron oxide grown by low-temperature atomic layer deposition
10.1039/c6qm00291a,low,6,5,0,0,0,0,0,0,popov2025,Materials Chemistry Frontiers,"Conduction band position tuning and Ga-doping in (Cd,Zn)S alloy thin films"
10.1016/j.mee.2011.03.135,low,6,3,0,0,0,0,0,0,popov2025,Microelectronic Engineering,Atomic-layer-deposited tantalum silicate as a gate dielectric for III–V MOS devices
10.1016/j.mee.2013.03.084,low,6,3,0,0,0,0,0,0,popov2025,Microelectronic Engineering,Multilevel resistive switching in ternary Hf Al1−O oxide with graded Al depth profile
10.1016/j.mee.2013.06.010,reject,6,0,0,1,0,0,0,0,cremers2019,Microelectronic Engineering,Deep reactive ion etching of sub-micrometer trenches with ultra high aspect ratio
10.1016/j.nanoen.2017.02.015,low,6,6,0,0,0,0,0,0,popov2025,Nano Energy,Highly stable Li1.2Mn0.54Co0.13Ni0.13O2 enabled by novel atomic layer deposited AlPO4 coating
10.1021/nl303101n,low,6,3,0,0,0,0,0,0,popov2025,Nano Letters,"Transparent, Conducting Nb:SnO<sub>2</sub> for Host–Guest Photoelectrochemistry"
10.1021/nl4030038,low,6,2,0,0,0,0,1,0,popov2025,Nano Letters,A Facile Route for Producing Single-Crystalline Epitaxial Perovskite Oxide Thin Films
10.1007/s12274-010-0066-9,low,6,4,0,0,0,0,0,0,cremers2019,Nano Research,Precise control of highly ordered arrays of nested semiconductor/metal nanotubes
10.1088/0957-4484/3/2/001,low,6,2,0,1,0,0,0,0,cremers2019,Nanotechnology,Study of reactive ion etched nanometre size trenches using a combined scanning electron microscope and scanning tunnelling microscope
10.1038/nnano.2014.247,low,6,2,0,1,0,0,0,0,cremers2019,Nature Nanotechnology,An all-in-one nanopore battery array
10.1039/c2cp40355b,low,6,3,0,0,0,0,0,0,popov2025,Physical Chemistry Chemical Physics,"Design of energy band alignment at the Zn1−xMgxO/Cu(In,Ga)Se2 interface for Cd-free Cu(In,Ga)Se2 solar cells"
10.1039/c5cp02184g,low,6,4,0,0,0,0,0,0,popov2025,Physical Chemistry Chemical Physics,Atomic layer deposited tungsten nitride thin films as a new lithium-ion battery anode
10.1016/j.poly.2005.10.019,low,6,5,0,0,0,0,0,0,cremers2019,Polyhedron,The crystal structure of tetrakis(dimethylamino)titanium(IV)
10.1002/pip.1039,low,6,10,0,0,0,0,0,0,popov2025,Progress in Photovoltaics: Research and Applications,Evaluation of ZnSnO buffer layers for CuIn<sub>0.5</sub>Ga<sub>0.5</sub>Se<sub>2</sub> solar cells
10.1351/pac199466081739,low,6,4,0,0,0,0,0,0,cremers2019,Pure and Applied Chemistry,Recommendations for the characterization of porous solids (Technical Report)
10.1134/s1070363210060204,low,6,3,0,0,0,0,0,0,popov2025,Russian Journal of General Chemistry,Quantum-chemical analysis and experimental study of the process of the silica surface interaction with the CrO2Cl2 and VOCl3 vapor mixture
10.1134/s0036024414090143,low,6,3,0,0,0,0,0,0,popov2025,Russian Journal of Physical Chemistry A,Atomic-layer deposition of cadmium chalcogenides on silicon
10.1016/s0924-4247(02)00319-9,low,6,4,0,0,0,0,0,0,cremers2019,Sensors and Actuators A: Physical,Atomic layer deposited protective coatings for micro-electromechanical systems
10.1016/j.snb.2007.09.077,low,6,3,0,0,0,0,0,0,cremers2019,Sensors and Actuators B: Chemical,Fabrication and fluidic characterization of silicon micropillar array electrospray ionization chip
10.1016/j.solmat.2016.01.043,low,6,5,0,0,0,0,0,0,popov2025,Solar Energy Materials and Solar Cells,Electronic structure study of the CdS buffer layer in CIGS solar cells by X-ray absorption spectroscopy: Experiment and theory
10.1016/s0167-2991(99)80570-9,low,6,5,0,0,0,0,0,0,cremers2019,Studies in Surface Science and Catalysis,Adsorption controlled preparation of heterogeneous catalysts
10.1016/j.tsf.2013.10.139,low,6,4,0,0,0,0,0,0,popov2025,Thin Solid Films,Deposition and x-ray characterization of epitaxial thin films of LaAlO3
10.1016/j.wear.2015.02.037,low,6,6,0,0,0,0,0,0,popov2025,Wear,High frequency reciprocating sliding wear behavior and mechanisms of quaternary metal oxide coatings
10.1002/zaac.19754140203,low,6,9,0,0,0,0,0,0,popov2025,Zeitschrift für anorganische und allgemeine Chemie,Untersuchungen an katalytisch aktiven oberflächenverbindungen. Herstellung und untersuchung von Vanadinoxid‐Phasen auf SiO<sub>2</sub>
10.1021/am2013097,med,5,1,1,0,0,0,0,0,cremers2019,ACS Applied Materials &amp; Interfaces,Spatial Atomic Layer Deposition of Zinc Oxide Thin Films
10.1021/am401092z,med,5,1,1,0,0,0,0,0,popov2025,ACS Applied Materials &amp; Interfaces,Nonaqueous Atomic Layer Deposition of Aluminum Phosphate
10.1021/acsami.9b16933,med,5,1,1,0,0,0,0,0,popov2025,ACS Applied Materials &amp; Interfaces,"Atomic Layer Deposition of Tin Monosulfide Using Vapor from Liquid Bis(<i>N</i>,<i>N</i>′-diisopropylformamidinato)tin(II) and H<sub>2</sub>"
10.1021/acsanm.3c03319,med,5,1,1,0,0,0,0,0,popov2025,ACS Applied Nano Materials,"Atomic Layer Deposition of HfO<sub>2</sub> Films Using Tetrakis(1-(<i>N</i>,<i>N</i>-dimethylamino)-2-propoxy)hafnium [Hf(dmap)<sub>4</sub>]"
10.1016/j.apsusc.2014.09.131,med,5,1,1,0,0,0,0,0,popov2025,Applied Surface Science,SrCoO 3−δ thin films by atomic layer deposition
10.1016/j.apsusc.2020.148758,low,5,2,0,0,0,0,0,0,popov2025,Applied Surface Science,Atomic-layer-deposited SnO film using novel Sn(dmamb)2 precursor for p-channel thin film transistor
10.1021/cm021333t,med,5,1,1,0,0,0,0,0,popov2025,Chemistry of Materials,Atomic Layer Deposition of Platinum Thin Films
10.1021/cm0605421,low,5,1,0,0,0,1,0,0,cremers2019,Chemistry of Materials,CVD Growth Kinetics of HfB<sub>2</sub> Thin Films from the Single-Source Precursor Hf(BH<sub>4</sub>)<sub>4</sub>
10.1021/cm800948k,med,5,1,1,0,0,0,0,0,popov2025,Chemistry of Materials,Atomic Layer Deposition of MgF<sub>2</sub>Thin Films Using TaF<sub>5</sub>as a Novel Fluorine Source
10.1021/cm2001144,med,5,1,1,0,0,0,0,0,cremers2019,Chemistry of Materials,Surface Loss in Ozone-Based Atomic Layer Deposition Processes
10.1021/cm102904f,med,5,1,1,0,0,0,0,0,popov2025,Chemistry of Materials,Atomic Layer Deposition of Antimony and its Compounds Using Dechlorosilylation Reactions of Tris(triethylsilyl)antimony
10.1021/cm200899k,med,5,1,1,0,0,0,0,0,popov2025,Chemistry of Materials,Atomic Layer Deposition of Li<sub>2</sub>O–Al<sub>2</sub>O<sub>3</sub> Thin Films
10.1021/cm503112v,med,5,1,1,0,0,0,0,0,popov2025,Chemistry of Materials,Growth of p-Type Tin(II) Monoxide Thin Films by Atomic Layer Deposition from Bis(1-dimethylamino-2-methyl-2propoxy)tin and H<sub>2</sub>O
10.1021/acs.chemmater.5b01654,med,5,1,1,0,0,0,0,0,popov2025,Chemistry of Materials,Atomic Layer Deposition of the Solid Electrolyte LiPON
10.1021/acs.chemmater.6b03704,med,5,1,1,0,0,0,0,0,popov2025,Chemistry of Materials,"Atomic Layer Deposition of GeTe Films Using Ge{N[Si(CH<sub>3</sub>)<sub>3</sub>]<sub>2</sub>}<sub>2</sub>, {(CH<sub>3</sub>)<sub>3</sub>Si}<"
10.1021/acs.chemmater.7b00944,med,5,1,1,0,0,0,0,0,popov2025,Chemistry of Materials,Atomic Layer Deposition of the Solid Electrolyte Garnet Li<sub>7</sub>La<sub>3</sub>Zr<sub>2</sub>O<sub>12</sub>
10.1021/acs.chemmater.7b01130,med,5,1,1,0,0,0,0,0,popov2025,Chemistry of Materials,Oxidation State Discrimination in the Atomic Layer Deposition of Vanadium Oxides
10.1021/acs.chemmater.6b05084,med,5,1,1,0,0,0,0,0,popov2025,Chemistry of Materials,Template-Free Vapor-Phase Growth of Patrónite by Atomic Layer Deposition
10.1021/acs.chemmater.9b01877,med,5,1,1,0,0,0,0,0,popov2025,Chemistry of Materials,Nickel Germanide Thin Films by Atomic Layer Deposition
10.1016/j.commatsci.2005.03.019,med,5,1,1,0,0,0,0,0,cremers2019,Computational Materials Science,Simulation of surface relief effect on ALD process
10.1021/acs.cgd.3c00502,med,5,0,1,0,0,0,1,0,popov2025,Crystal Growth &amp; Design,Atomic Layer Deposition of Ga<sub>2</sub>O<sub>3</sub> from GaI<sub>3</sub> and O<sub>3</sub>: Growth of High-Density Phases
10.1149/2.013206jss,med,5,1,1,0,0,0,0,0,popov2025,ECS Journal of Solid State Science and Technology,Atomic Layer Deposition and Characterization of Amorphous Er<sub>x</sub>Ti<sub>1-x</sub>O<sub>y</sub>Dielectric Ultra-Thin Films
10.1149/2.0021806jss,med,5,1,1,0,0,0,0,0,popov2025,ECS Journal of Solid State Science and Technology,Atomic Layer Deposition and Performance of ZrO<sub>2</sub>-Al<sub>2</sub>O<sub>3</sub>Thin Films
10.1149/1.1475199,med,5,1,1,0,0,0,0,0,cremers2019,Electrochemical and Solid-State Letters,Atomic Layer Deposition of Nickel by the Reduction of Preformed Nickel Oxide
10.1149/1.1391185,med,5,1,1,0,0,0,0,0,popov2025,Electrochemical and Solid-State Letters,Atomic Layer Deposition of Copper Seed Layers
10.1039/c2ee21110f,med,5,1,1,0,0,0,0,0,cremers2019,Energy &amp; Environmental Science,Atomic layer deposition of vanadium oxide on carbon nanotubes for high-power supercapacitor electrodes
10.1016/j.jcrysgro.2009.12.041,med,5,1,1,0,0,0,0,0,cremers2019,Journal of Crystal Growth,Development of a multiscale model for an atomic layer deposition process
10.1016/j.jcrysgro.2010.03.033,med,5,1,1,0,0,0,0,0,popov2025,Journal of Crystal Growth,Structure and morphology of Ru films grown by atomic layer deposition from 1-ethyl-1’-methyl-ruthenocene
10.1149/2.034203jes,med,5,1,1,0,0,0,0,0,popov2025,Journal of The Electrochemical Society,Atomic Layer Deposition of Al-Doped ZrO<sub>2</sub>Thin Films as Gate Dielectric for In<sub>0.53</sub>Ga<sub>0.47</sub>As
10.1016/j.jeurceramsoc.2023.04.026,med,5,1,1,0,0,0,0,0,popov2025,Journal of the European Ceramic Society,Atomic layer deposition and characterization of Bi1Se1 thin films
10.1039/c0jm00363h,med,5,1,1,0,0,0,0,0,popov2025,Journal of Materials Chemistry,Rare earth scandate thin films by atomic layer deposition: effect of the rare earth cation size
10.1039/c2jm31391j,med,5,1,1,0,0,0,0,0,popov2025,Journal of Materials Chemistry,Atomic layer deposition of germanium-doped zinc oxide films with tuneable ultraviolet emission
10.1166/jnn.2016.12270,med,5,1,1,0,0,0,0,0,popov2025,Journal of Nanoscience and Nanotechnology,Reaction Mechanism Underlying Atomic Layer Deposition of Antimony Telluride Thin Films
10.1166/jnn.2017.14044,med,5,1,1,0,0,0,0,0,popov2025,Journal of Nanoscience and Nanotechnology,Reaction Mechanism for Atomic Layer Deposition of Germanium Ditelluride Thin Films
10.1021/jp1030587,med,5,1,1,0,0,0,0,0,cremers2019,The Journal of Physical Chemistry C,Atomic Layer Deposition of Aluminum Oxide in Mesoporous Silica Gel
10.1021/jp202202x,med,5,1,1,0,0,0,0,0,popov2025,The Journal of Physical Chemistry C,"(Sn,Al)O<sub><i>x</i></sub> Films Grown by Atomic Layer Deposition"
10.1021/jp409399y,med,5,1,1,0,0,0,0,0,popov2025,The Journal of Physical Chemistry C,Atomic Layer Deposition of Spinel Lithium Manganese Oxide by Film-Body-Controlled Lithium Incorporation for Thin-Film Lithium-Ion Batteries
10.1021/acs.jpcc.7b05240,med,5,1,1,0,0,0,0,0,popov2025,The Journal of Physical Chemistry C,Growth and Characterization of BeO Thin Films Grown by Atomic Layer Deposition Using H<sub>2</sub>O and O<sub>3</sub> as Oxygen Sources
10.1021/la300045z,med,5,1,1,0,0,0,0,0,cremers2019,Langmuir,<i>In Situ</i> Monitoring of Atomic Layer Deposition in Nanoporous Thin Films Using Ellipsometric Porosimetry
10.1016/j.mattod.2014.04.026,low,5,2,1,0,0,0,0,0,cremers2019,Materials Today,A brief review of atomic layer deposition: from fundamentals to applications
10.1016/j.mee.2018.01.033,med,5,1,1,0,0,0,0,0,cremers2019,Microelectronic Engineering,Exploiting atomic layer deposition for fabricating sub-10 nm X-ray lenses
10.1088/0957-4484/21/40/405602,med,5,1,1,0,0,0,0,0,popov2025,Nanotechnology,Liquid injection atomic layer deposition of silver nanoparticles
10.1088/1361-6528/aacda0,med,5,1,1,0,0,0,0,0,popov2025,Nanotechnology,Atomic layer deposition of GeSe films using HGeCl<sub>3</sub>and [(CH<sub>3</sub>)<sub>3</sub>Si]<sub>2</sub>Se with the discrete feeding me
10.1039/c2ra22820c,med,5,1,1,0,0,0,0,0,popov2025,RSC Adv.,Atomic layer deposition and characterization of vanadium oxide thin films
10.1016/j.sse.2012.04.005,med,5,1,1,0,0,0,0,0,cremers2019,Solid-State Electronics,Enhancement of FinFET performance using 25-nm-thin sidewall spacer grown by atomic layer deposition
10.1016/j.sse.2016.04.006,low,5,2,0,0,0,0,0,0,popov2025,Solid-State Electronics,Investigation of thermal atomic layer deposited TiAlX (X=N or C) film as metal gate
10.1016/s0040-6090(01)01678-9,med,5,1,1,0,0,0,0,0,cremers2019,Thin Solid Films,Thin film atomic layer deposition equipment for semiconductor processing
10.1016/s0040-6090(02)00236-5,med,5,1,1,0,0,0,0,0,cremers2019,Thin Solid Films,Predictive modeling of atomic layer deposition on the feature scale
10.1016/j.tsf.2015.01.027,med,5,1,1,0,0,0,0,0,popov2025,Thin Solid Films,Growth characteristics and properties of indium oxide and indium-doped zinc oxide by atomic layer deposition
10.1021/am500285d,low,4,2,0,0,0,0,0,0,popov2025,ACS Applied Materials &amp; Interfaces,Atomic Layer Deposited Molybdenum Nitride Thin Film: A Promising Anode Material for Li Ion Batteries
10.1021/acsami.7b07113,low,4,2,0,0,0,0,0,0,popov2025,ACS Applied Materials &amp; Interfaces,Atomic Layer Deposited Lithium Silicates as Solid-State Electrolytes for All-Solid-State Batteries
10.1021/acsomega.9b03149,low,4,2,0,0,0,0,0,0,popov2025,ACS Omega,Solar-Blind UV Photodetector Based on Atomic Layer-Deposited Cu<sub>2</sub>O and Nanomembrane β-Ga<sub>2</sub>O<sub>3</sub> pn Oxide Heteroj
10.1063/1.4752727,low,4,2,0,0,0,0,0,0,popov2025,Applied Physics Letters,Atomic layer deposited zinc tin oxide channel for amorphous oxide thin film transistors
10.1016/j.ceramint.2015.12.109,low,4,2,0,0,0,0,0,0,popov2025,Ceramics International,Atomic layer deposited p-type copper oxide thin films and the associated thin film transistor properties
10.1016/j.ceramint.2017.03.087,low,4,2,0,0,0,0,0,0,popov2025,Ceramics International,Studies of thermoelectric transport properties of atomic layer deposited gallium-doped ZnO
10.1021/cm101812k,low,4,2,0,0,0,0,0,0,popov2025,Chemistry of Materials,Thermoelectric Properties of Oxygen-Tuned ALD-Grown [Ca<sub>2</sub>CoO<sub>3</sub>]<sub>0.62</sub>[CoO<sub>2</sub>] Thin Films
10.1021/acs.chemmater.7b01358,low,4,0,1,0,0,0,0,0,popov2025,Chemistry of Materials,Atomic Layer Deposition of SiC<sub><i>x</i></sub>N<sub><i>y</i></sub> Using Si<sub>2</sub>Cl<sub>6</sub> and CH<sub>3</sub>NH<sub>2</sub> Pl
10.1021/acs.chemmater.7b01856,low,4,0,1,0,0,0,0,0,popov2025,Chemistry of Materials,Synthesis of SnS Thin Films by Atomic Layer Deposition at Low Temperatures
10.1021/acs.chemmater.7b05005,low,4,2,0,0,0,0,0,0,popov2025,Chemistry of Materials,Phase Control in Thin Films of Layered Cuprates
10.1021/acs.chemmater.0c01887,low,4,0,1,0,0,0,0,0,popov2025,Chemistry of Materials,Atomic Layer Deposition of PbS Thin Films at Low Temperatures
10.1016/j.jallcom.2021.159100,low,4,2,0,0,0,0,0,0,popov2025,Journal of Alloys and Compounds,Atomic-layer design and properties of Pr-doped HfO2 thin films
10.1007/s11664-019-07899-9,low,4,2,0,0,0,0,0,0,popov2025,Journal of Electronic Materials,Topological Insulator $$\hbox {Bi}_{2}\hbox {Se}_{3}$$ Films on Silicon Substrates
10.1039/d1ta09500e,low,4,2,0,0,0,0,0,0,popov2025,Journal of Materials Chemistry A,"Surface reactions between LiHMDS, TMA and TMP leading to deposition of amorphous lithium phosphate"
10.1039/c3tc31478b,low,4,0,1,0,0,0,0,0,popov2025,J. Mater. Chem. C,A simple approach to the fabrication of fluorine-doped zinc oxide thin films by atomic layer deposition at low temperatures and an investiga
10.1007/s10853-012-6942-9,low,4,2,0,0,0,0,0,0,popov2025,Journal of Materials Science,Electron doping of ALD-grown ZnO thin films through Al and P substitutions
10.1166/jnn.2013.7625,low,4,2,0,0,0,0,0,0,cremers2019,Journal of Nanoscience and Nanotechnology,Characteristics of Junctionless Charge Trap Flash Memory for 3D Stacked NAND Flash
10.1021/j100828a015,low,4,1,0,0,0,1,0,0,cremers2019,The Journal of Physical Chemistry,KINETICS OF HYDROGEN ATOM RECOMBINATION ON SURFACES<sup>1</sup>
10.1016/j.matlet.2020.129220,low,4,2,0,0,0,0,0,0,popov2025,Materials Letters,Atomic layer deposited strontium niobate thin films as new high-k dielectrics
10.1088/0963-0252/15/3/025,low,4,1,0,0,0,0,0,1,cremers2019,Plasma Sources Science and Technology,Atomic oxygen surface loss probability on silica in microwave plasmas studied by a pulsed induced fluorescence technique
10.1039/c3ra23320k,low,4,2,0,0,0,0,0,0,popov2025,RSC Advances,Atomic layer deposited aluminium phosphate thin films on N-doped CNTs
10.1007/s11432-016-5566-0,low,4,2,0,0,0,0,1,0,cremers2019,Science China Information Sciences,3D resistive RAM cell design for high-density storage class memory—a review
10.1016/s0040-6090(96)09428-x,low,4,2,0,0,0,0,0,0,cremers2019,Thin Solid Films,Porous silicon host matrix for deposition by atomic layer epitaxy
10.1007/s11242-012-9966-3,low,4,2,0,0,0,0,0,0,cremers2019,Transport in Porous Media,Knudsen Diffusion Through Cylindrical Tubes of Varying Radii: Theory and Monte Carlo Simulations
10.1021/am501331w,low,3,0,1,0,0,0,0,0,popov2025,ACS Applied Materials &amp; Interfaces,Oxygen-Free Atomic Layer Deposition of Indium Sulfide
10.1021/cm201795s,low,3,0,1,0,0,0,0,0,popov2025,Chemistry of Materials,Atomic Layer Deposition of Osmium
10.1021/acs.chemmater.5b04402,low,3,0,1,0,0,0,0,0,popov2025,Chemistry of Materials,V<sub><i>x</i></sub>In<sub>(2–<i>x</i>)</sub>S<sub>3</sub>Intermediate Band Absorbers Deposited by Atomic Layer Deposition
10.1021/acs.chemmater.8b04969,low,3,0,1,0,0,0,0,0,popov2025,Chemistry of Materials,Atomic Layer Deposition of PbI<sub>2</sub> Thin Films
10.1021/acs.chemmater.2c01202,low,3,0,1,0,0,0,0,0,popov2025,Chemistry of Materials,Atomic Layer Deposition of CsI and CsPbI<sub>3</sub>
10.1149/1.3301663,low,3,0,1,0,0,0,0,0,popov2025,Journal of The Electrochemical Society,Atomic Layer Deposition of Gd-Doped HfO[sub 2] Thin Films
10.1149/2.052203jes,low,3,0,1,0,0,0,0,0,popov2025,Journal of The Electrochemical Society,Lithium Phosphate Thin Films Grown by Atomic Layer Deposition
10.1149/2.056311jes,low,3,0,1,0,0,0,0,0,popov2025,Journal of The Electrochemical Society,High-Deposition-Rate Atomic Layer Deposition of Thulium Oxide from TmCp<sub>3</sub>and H<sub>2</sub>O
10.1039/c0jm02786c,low,3,0,1,0,0,0,0,0,popov2025,J. Mater. Chem.,Atomic layer deposition of Cd <sub>x</sub> Zn <sub>1−x</sub> S films
10.1039/c0jm01099e,low,3,0,1,0,0,0,0,0,popov2025,J. Mater. Chem.,Growth of thin films of molybdenum oxide by atomic layer deposition
10.1039/c3tc30271g,low,3,0,1,0,0,0,0,0,popov2025,J. Mater. Chem. C,Atomic layer deposition of ferroelectric LiNbO <sub>3</sub>
10.1021/jp4080652,low,3,0,1,0,0,0,0,0,popov2025,The Journal of Physical Chemistry C,Atomic Layer Deposition of BiFeO<sub>3</sub> Thin Films Using β-Diketonates and H<sub>2</sub>O
10.1021/jp409738f,low,3,0,1,0,0,0,0,0,popov2025,The Journal of Physical Chemistry C,"Ultrasmooth, High Electron Mobility Amorphous In–Zn–O Films Grown by Atomic Layer Deposition"
10.1021/acs.jpcc.6b12629,low,3,0,1,0,0,0,0,0,popov2025,The Journal of Physical Chemistry C,Atomic Layer Deposition of p-Type Bi<sub>2</sub>S<sub>3</sub>
10.1021/jz300125f,low,3,0,1,0,0,0,0,0,cremers2019,The Journal of Physical Chemistry Letters,The Surface Chemistry of Atomic Layer Depositions of Solid Thin Films
10.1016/j.matchemphys.2013.03.038,low,3,0,1,0,0,0,0,0,popov2025,Materials Chemistry and Physics,Atomic layer deposition of CdO and CdxZn1−xO films
10.1039/c3ra40745d,low,3,0,1,0,0,0,0,0,popov2025,RSC Adv.,Atomic layer deposition of LixTiyOz thin films
10.1016/j.tsf.2008.09.007,low,3,0,1,0,0,0,0,0,cremers2019,Thin Solid Films,Applications of atomic layer deposition to nanofabrication and emerging nanodevices
10.1021/am404498y,low,2,1,0,0,0,0,0,0,popov2025,ACS Applied Materials &amp; Interfaces,Ultrathin Oriented BiFeO<sub>3</sub> Films from Deposition of Atomic Layers with Greatly Improved Leakage and Ferroelectric Properties
10.1021/nn505480w,low,2,1,0,0,0,0,0,0,popov2025,ACS Nano,Vapor-Phase Atomic-Controllable Growth of Amorphous Li<sub>2</sub>S for High-Performance Lithium–Sulfur Batteries
10.1002/adma.201401805,low,2,1,0,0,0,0,0,0,popov2025,Advanced Materials,Rational Design of Atomic‐Layer‐Deposited LiFePO<sub>4</sub> as a High‐Performance Cathode for Lithium‐Ion Batteries
10.1002/andp.19093330106,low,2,1,0,0,0,0,0,0,cremers2019,Annalen der Physik,Die Gesetze der Molekularströmung und der inneren Reibungsströmung der Gase durch Röhren
10.1002/andp.19303990503,low,2,1,0,0,0,0,0,0,cremers2019,Annalen der Physik,Über eine Messung der molekularen Geschwindigkeit und eine Prüfung des Kosinusgesetzes
10.1016/j.electacta.2014.09.077,low,2,1,0,0,0,0,0,0,popov2025,Electrochimica Acta,Atomic Layer Deposited MoS 2 as a Carbon and Binder Free Anode in Li-ion Battery
10.1149/1.2085881,reject,2,0,0,1,0,0,0,0,cremers2019,Journal of The Electrochemical Society,Simulation of Mass Transport for Deposition in Via Holes and Trenches
10.1021/acs.jpcc.1c10382,low,2,1,0,0,0,0,0,0,popov2025,The Journal of Physical Chemistry C,"Growth of Ta<sub>2</sub>SnO<sub>6</sub> Films, a Candidate Wide-Band-Gap p-Type Oxide"
10.1016/j.mee.2010.06.043,low,2,1,0,0,0,0,0,0,popov2025,Microelectronic Engineering,Microstructure and stress in high-k Hf–Y–O thin films
10.1186/s11671-017-2414-0,low,2,1,0,0,0,0,0,0,popov2025,Nanoscale Research Letters,Atomic-Layer-Deposition of Indium Oxide Nano-films for Thin-Film Transistors
10.1088/0268-1242/31/9/095002,low,2,1,0,0,0,0,0,0,popov2025,Semiconductor Science and Technology,Large area growth of layered WSe<sub>2</sub>films
10.1039/tf9585401323,low,2,1,0,0,0,0,0,0,cremers2019,Transactions of the Faraday Society,The recombination of oxygen atoms at surfaces
10.1021/cr900056b,low,1,0,1,0,0,0,0,0,cremers2019,Chemical Reviews,Atomic Layer Deposition: An Overview
10.1002/andp.19324040804,reject,0,0,0,0,0,0,0,0,cremers2019,Annalen der Physik,Über die Strömung sehr verdünnter Gase durch Röhren von beliebiger Länge
10.1021/acs.chemrev.8b00800,reject,0,0,0,0,0,0,0,0,popov2025,Chemical Reviews,Introduction: Perovskites
10.1002/(sici)1521-3862(199901)5:1&lt;7::aid-cvde7&gt;3.0.co;2-j,reject,0,0,0,0,0,0,0,0,cremers2019,Chem. Vap. Depos.,Perfectly conformal TiN and Al2O3 films deposited by atomic layer deposition
10.1039/c2ee23620f,reject,0,0,0,0,0,0,0,0,popov2025,Energy Environ. Sci.,Highly photoactive Ti-doped α-Fe <sub>2</sub> O <sub>3</sub> thin film electrodes: resurrection of the dead layer
10.1016/j.jallcom.2022.168045,reject,0,0,0,0,0,0,0,0,popov2025,Journal of Alloys and Compounds,Phase transformation from FeSe to Fe3Se4
10.1116/1.585691,reject,0,0,0,0,0,0,0,0,cremers2019,"Journal of Vacuum Science &amp; Technology B: Microelectronics and Nanometer Structures Processing, Measurement, and Phenomena",Flux distributions in low pressure deposition and etch models
10.1088/0964-1726/10/6/302,reject,0,0,0,0,0,0,0,0,cremers2019,Smart Materials and Structures,Deep reactive ion etching: a promising technology for micro- and nanosatellites
10.1016/j.radmeas.2009.10.028,reject,-2,0,0,0,0,0,0,0,cremers2019,Radiation Measurements,Track-etch membranes enabled nano-/microtechnology: A review
