paper,figure_panel_series,target_entity,target_entity_class,quantity,species,value,unit,source_evidence,evidence_locator,source_kind,assertion_status,evidence_kind,expected_scope,bound_at_scope,mention_recovered,assertion_created,applicability_resolved,binding_status,resolved_output_status,inherited_by_case,recipe_status,kb_status,kg_status,canonical_status,first_missing_stage
10.1002_admi.202000318,F1a/<single>,10.1002_admi.202000318-E000,ExperimentSeries,cycle_number,,25,cycle,25 cycles,document.md near Fig 1,body,direct,experimental_condition,figure,figure,True,True,True,bound,present,True,present,present,present,present,
10.1002_admi.202000318,F1a/<single>,10.1002_admi.202000318-E000,ExperimentSeries,pulse_time,O3,80,s,exposures greater than 80 s,document.md near Fig 1,body,direct,experimental_condition,figure,figure,True,True,True,bound,present,True,not_a_recipe_field,present,present,present,
10.1002_admi.202000318,F1a/<single>,10.1002_admi.202000318-E000,ExperimentSeries,working_pressure,,750,mtorr,working pressure of 750mtorr,methods section,methods,direct,experimental_condition,method,method,True,True,True,bound,present,True,not_a_recipe_field,present,present,present,
10.1002_admi.202000318,F1a/<single>,10.1002_admi.202000318-E000,ExperimentSeries,deposition_temperature,,220,°C,substrate temperature was held at 220°C,methods section,methods,direct,experimental_condition,method,method,True,True,True,bound,present,True,present,present,present,present,
10.1002_admi.202000318,F1a/<single>,10.1002_admi.202000318-E000,ExperimentSeries,flow_rate,N2,50,sCCM,flow rate of 50 sCCM,methods section,methods,direct,experimental_condition,method,method,True,True,True,bound,present,True,present,present,present,present,
10.1002_admi.202000318,F1a/<single>,10.1002_admi.202000318-E000,ExperimentSeries,purge_time,,30,s,purge times of 30 s,methods section,methods,direct,experimental_condition,method,method,True,True,True,bound,present,True,not_a_recipe_field,present,present,present,
10.1002_admi.202000318,F1a/<single>,10.1002_admi.202000318-E000,ExperimentSeries,pulse_time,,10,s,pulses of 10 s,methods section,methods,direct,experimental_condition,method,method,True,True,True,bound,present,True,not_a_recipe_field,present,present,present,
10.1002_admi.202000318,F1b/<single>,10.1002_admi.202000318-E001,ExperimentSeries,cycle_number,,25,cycle,25 cycles,document.md near Fig 1,body,direct,experimental_condition,figure,figure,True,True,True,bound,entity_only(no case: discrete_experimental_sweep),,not_a_recipe_field,present,present,present,
10.1002_admi.202000318,F1b/<single>,10.1002_admi.202000318-E001,ExperimentSeries,pulse_time,O3,80,s,exposures greater than 80 s,document.md near Fig 1,body,direct,experimental_condition,figure,figure,True,True,True,bound,entity_only(no case: discrete_experimental_sweep),,not_a_recipe_field,present,present,present,
10.1002_admi.202000318,F1b/<single>,10.1002_admi.202000318-E001,ExperimentSeries,working_pressure,,750,mtorr,working pressure of 750mtorr,methods section,methods,direct,experimental_condition,method,method,True,True,True,bound,entity_only(no case: discrete_experimental_sweep),,not_a_recipe_field,present,present,present,
10.1002_admi.202000318,F1b/<single>,10.1002_admi.202000318-E001,ExperimentSeries,deposition_temperature,,220,°C,substrate temperature was held at 220°C,methods section,methods,direct,experimental_condition,method,method,True,True,True,bound,entity_only(no case: discrete_experimental_sweep),,not_a_recipe_field,present,present,present,
10.1002_admi.202000318,F1b/<single>,10.1002_admi.202000318-E001,ExperimentSeries,flow_rate,N2,50,sCCM,flow rate of 50 sCCM,methods section,methods,direct,experimental_condition,method,method,True,True,True,bound,entity_only(no case: discrete_experimental_sweep),,not_a_recipe_field,present,present,present,
10.1002_admi.202000318,F1b/<single>,10.1002_admi.202000318-E001,ExperimentSeries,purge_time,,30,s,purge times of 30 s,methods section,methods,direct,experimental_condition,method,method,True,True,True,bound,entity_only(no case: discrete_experimental_sweep),,not_a_recipe_field,present,present,present,
10.1002_admi.202000318,F1b/<single>,10.1002_admi.202000318-E001,ExperimentSeries,pulse_time,,10,s,pulses of 10 s,methods section,methods,direct,experimental_condition,method,method,True,True,True,bound,entity_only(no case: discrete_experimental_sweep),,not_a_recipe_field,present,present,present,
10.1002_admi.202000318,F1c/<single>,10.1002_admi.202000318-E002,ExperimentSeries,cycle_number,,25,cycle,25 cycles,document.md near Fig 1,body,direct,experimental_condition,figure,figure,True,True,True,bound,entity_only(no case: discrete_experimental_sweep),,not_a_recipe_field,present,present,present,
10.1002_admi.202000318,F1c/<single>,10.1002_admi.202000318-E002,ExperimentSeries,pulse_time,O3,80,s,exposures greater than 80 s,document.md near Fig 1,body,direct,experimental_condition,figure,figure,True,True,True,bound,entity_only(no case: discrete_experimental_sweep),,not_a_recipe_field,present,present,present,
10.1002_admi.202000318,F1c/<single>,10.1002_admi.202000318-E002,ExperimentSeries,working_pressure,,750,mtorr,working pressure of 750mtorr,methods section,methods,direct,experimental_condition,method,method,True,True,True,bound,entity_only(no case: discrete_experimental_sweep),,not_a_recipe_field,present,present,present,
10.1002_admi.202000318,F1c/<single>,10.1002_admi.202000318-E002,ExperimentSeries,deposition_temperature,,220,°C,substrate temperature was held at 220°C,methods section,methods,direct,experimental_condition,method,method,True,True,True,bound,entity_only(no case: discrete_experimental_sweep),,not_a_recipe_field,present,present,present,
10.1002_admi.202000318,F1c/<single>,10.1002_admi.202000318-E002,ExperimentSeries,flow_rate,N2,50,sCCM,flow rate of 50 sCCM,methods section,methods,direct,experimental_condition,method,method,True,True,True,bound,entity_only(no case: discrete_experimental_sweep),,not_a_recipe_field,present,present,present,
10.1002_admi.202000318,F1c/<single>,10.1002_admi.202000318-E002,ExperimentSeries,purge_time,,30,s,purge times of 30 s,methods section,methods,direct,experimental_condition,method,method,True,True,True,bound,entity_only(no case: discrete_experimental_sweep),,not_a_recipe_field,present,present,present,
10.1002_admi.202000318,F1c/<single>,10.1002_admi.202000318-E002,ExperimentSeries,pulse_time,,10,s,pulses of 10 s,methods section,methods,direct,experimental_condition,method,method,True,True,True,bound,entity_only(no case: discrete_experimental_sweep),,not_a_recipe_field,present,present,present,
10.1002_admi.202000318,F1d/<single>,10.1002_admi.202000318-E003,ExperimentSeries,cycle_number,,25,cycle,25 cycles,document.md near Fig 1,body,direct,experimental_condition,figure,figure,True,True,True,bound,present,True,present,present,present,present,
10.1002_admi.202000318,F1d/<single>,10.1002_admi.202000318-E003,ExperimentSeries,pulse_time,O3,80,s,exposures greater than 80 s,document.md near Fig 1,body,direct,experimental_condition,figure,figure,True,True,True,bound,present,True,not_a_recipe_field,present,present,present,
10.1002_admi.202000318,F1d/<single>,10.1002_admi.202000318-E003,ExperimentSeries,working_pressure,,750,mtorr,working pressure of 750mtorr,methods section,methods,direct,experimental_condition,method,method,True,True,True,bound,present,True,not_a_recipe_field,present,present,present,
10.1002_admi.202000318,F1d/<single>,10.1002_admi.202000318-E003,ExperimentSeries,deposition_temperature,,220,°C,substrate temperature was held at 220°C,methods section,methods,direct,experimental_condition,method,method,True,True,True,bound,present,True,present,present,present,present,
10.1002_admi.202000318,F1d/<single>,10.1002_admi.202000318-E003,ExperimentSeries,flow_rate,N2,50,sCCM,flow rate of 50 sCCM,methods section,methods,direct,experimental_condition,method,method,True,True,True,bound,present,True,present,present,present,present,
10.1002_admi.202000318,F1d/<single>,10.1002_admi.202000318-E003,ExperimentSeries,purge_time,,30,s,purge times of 30 s,methods section,methods,direct,experimental_condition,method,method,True,True,True,bound,present,True,not_a_recipe_field,present,present,present,
10.1002_admi.202000318,F1d/<single>,10.1002_admi.202000318-E003,ExperimentSeries,pulse_time,,10,s,pulses of 10 s,methods section,methods,direct,experimental_condition,method,method,True,True,True,bound,present,True,not_a_recipe_field,present,present,present,
10.1002_admi.202000318,F2a/10s Ozone,10.1002_admi.202000318-E004,MultiOutputMeasurement,exposure,O3,10,s,10s,series label '10s Ozone' (axis 'ozone exposure time'),series_label,direct,experimental_condition,series,series,True,True,True,bound,present,True,not_a_recipe_field,present,present,present,
10.1002_admi.202000318,F2a/10s Ozone,10.1002_admi.202000318-E004,MultiOutputMeasurement,working_pressure,,750,mtorr,working pressure of 750mtorr,methods section,methods,direct,experimental_condition,method,method,True,True,True,bound,present,True,not_a_recipe_field,present,present,present,
10.1002_admi.202000318,F2a/10s Ozone,10.1002_admi.202000318-E004,MultiOutputMeasurement,deposition_temperature,,220,°C,substrate temperature was held at 220°C,methods section,methods,direct,experimental_condition,method,method,True,True,True,bound,present,True,present,present,present,present,
10.1002_admi.202000318,F2a/10s Ozone,10.1002_admi.202000318-E004,MultiOutputMeasurement,flow_rate,N2,50,sCCM,flow rate of 50 sCCM,methods section,methods,direct,experimental_condition,method,method,True,True,True,bound,present,True,present,present,present,present,
10.1002_admi.202000318,F2a/10s Ozone,10.1002_admi.202000318-E004,MultiOutputMeasurement,purge_time,,30,s,purge times of 30 s,methods section,methods,direct,experimental_condition,method,method,True,True,True,bound,present,True,not_a_recipe_field,present,present,present,
10.1002_admi.202000318,F2a/10s Ozone,10.1002_admi.202000318-E004,MultiOutputMeasurement,pulse_time,,10,s,pulses of 10 s,methods section,methods,direct,experimental_condition,method,method,True,True,True,bound,present,True,not_a_recipe_field,present,present,present,
10.1002_admi.202000318,F2a/60s Ozone,10.1002_admi.202000318-E005,MultiOutputMeasurement,exposure,O3,60,s,60s,series label '60s Ozone' (axis 'ozone exposure time'),series_label,direct,experimental_condition,series,series,True,True,True,bound,present,True,not_a_recipe_field,present,present,present,
10.1002_admi.202000318,F2a/60s Ozone,10.1002_admi.202000318-E005,MultiOutputMeasurement,working_pressure,,750,mtorr,working pressure of 750mtorr,methods section,methods,direct,experimental_condition,method,method,True,True,True,bound,present,True,not_a_recipe_field,present,present,present,
10.1002_admi.202000318,F2a/60s Ozone,10.1002_admi.202000318-E005,MultiOutputMeasurement,deposition_temperature,,220,°C,substrate temperature was held at 220°C,methods section,methods,direct,experimental_condition,method,method,True,True,True,bound,present,True,present,present,present,present,
10.1002_admi.202000318,F2a/60s Ozone,10.1002_admi.202000318-E005,MultiOutputMeasurement,flow_rate,N2,50,sCCM,flow rate of 50 sCCM,methods section,methods,direct,experimental_condition,method,method,True,True,True,bound,present,True,present,present,present,present,
10.1002_admi.202000318,F2a/60s Ozone,10.1002_admi.202000318-E005,MultiOutputMeasurement,purge_time,,30,s,purge times of 30 s,methods section,methods,direct,experimental_condition,method,method,True,True,True,bound,present,True,not_a_recipe_field,present,present,present,
10.1002_admi.202000318,F2a/60s Ozone,10.1002_admi.202000318-E005,MultiOutputMeasurement,pulse_time,,10,s,pulses of 10 s,methods section,methods,direct,experimental_condition,method,method,True,True,True,bound,present,True,not_a_recipe_field,present,present,present,
10.1002_admi.202000318,F2a/100s Ozone,10.1002_admi.202000318-E006,MultiOutputMeasurement,exposure,O3,100,s,100s,series label '100s Ozone' (axis 'ozone exposure time'),series_label,direct,experimental_condition,series,series,True,True,True,bound,present,True,not_a_recipe_field,present,present,present,
10.1002_admi.202000318,F2a/100s Ozone,10.1002_admi.202000318-E006,MultiOutputMeasurement,working_pressure,,750,mtorr,working pressure of 750mtorr,methods section,methods,direct,experimental_condition,method,method,True,True,True,bound,present,True,not_a_recipe_field,present,present,present,
10.1002_admi.202000318,F2a/100s Ozone,10.1002_admi.202000318-E006,MultiOutputMeasurement,deposition_temperature,,220,°C,substrate temperature was held at 220°C,methods section,methods,direct,experimental_condition,method,method,True,True,True,bound,present,True,present,present,present,present,
10.1002_admi.202000318,F2a/100s Ozone,10.1002_admi.202000318-E006,MultiOutputMeasurement,flow_rate,N2,50,sCCM,flow rate of 50 sCCM,methods section,methods,direct,experimental_condition,method,method,True,True,True,bound,present,True,present,present,present,present,
10.1002_admi.202000318,F2a/100s Ozone,10.1002_admi.202000318-E006,MultiOutputMeasurement,purge_time,,30,s,purge times of 30 s,methods section,methods,direct,experimental_condition,method,method,True,True,True,bound,present,True,not_a_recipe_field,present,present,present,
10.1002_admi.202000318,F2a/100s Ozone,10.1002_admi.202000318-E006,MultiOutputMeasurement,pulse_time,,10,s,pulses of 10 s,methods section,methods,direct,experimental_condition,method,method,True,True,True,bound,present,True,not_a_recipe_field,present,present,present,
10.1002_admi.202000318,F2a/120s Ozone,10.1002_admi.202000318-E007,MultiOutputMeasurement,exposure,O3,120,s,120s,series label '120s Ozone' (axis 'ozone exposure time'),series_label,direct,experimental_condition,series,series,True,True,True,bound,present,True,not_a_recipe_field,present,present,present,
10.1002_admi.202000318,F2a/120s Ozone,10.1002_admi.202000318-E007,MultiOutputMeasurement,working_pressure,,750,mtorr,working pressure of 750mtorr,methods section,methods,direct,experimental_condition,method,method,True,True,True,bound,present,True,not_a_recipe_field,present,present,present,
10.1002_admi.202000318,F2a/120s Ozone,10.1002_admi.202000318-E007,MultiOutputMeasurement,deposition_temperature,,220,°C,substrate temperature was held at 220°C,methods section,methods,direct,experimental_condition,method,method,True,True,True,bound,present,True,present,present,present,present,
10.1002_admi.202000318,F2a/120s Ozone,10.1002_admi.202000318-E007,MultiOutputMeasurement,flow_rate,N2,50,sCCM,flow rate of 50 sCCM,methods section,methods,direct,experimental_condition,method,method,True,True,True,bound,present,True,present,present,present,present,
10.1002_admi.202000318,F2a/120s Ozone,10.1002_admi.202000318-E007,MultiOutputMeasurement,purge_time,,30,s,purge times of 30 s,methods section,methods,direct,experimental_condition,method,method,True,True,True,bound,present,True,not_a_recipe_field,present,present,present,
10.1002_admi.202000318,F2a/120s Ozone,10.1002_admi.202000318-E007,MultiOutputMeasurement,pulse_time,,10,s,pulses of 10 s,methods section,methods,direct,experimental_condition,method,method,True,True,True,bound,present,True,not_a_recipe_field,present,present,present,
10.1002_admi.202000318,"F2a/120s Ozone, x10 TBF",10.1002_admi.202000318-E008,MultiOutputMeasurement,exposure,O3,120,s,120s,"series label '120s Ozone, x10 TBF' (axis 'ozone exposure time')",series_label,direct,experimental_condition,series,series,True,True,True,bound,present,True,not_a_recipe_field,present,present,present,
10.1002_admi.202000318,"F2a/120s Ozone, x10 TBF",10.1002_admi.202000318-E008,MultiOutputMeasurement,working_pressure,,750,mtorr,working pressure of 750mtorr,methods section,methods,direct,experimental_condition,method,method,True,True,True,bound,present,True,not_a_recipe_field,present,present,present,
10.1002_admi.202000318,"F2a/120s Ozone, x10 TBF",10.1002_admi.202000318-E008,MultiOutputMeasurement,deposition_temperature,,220,°C,substrate temperature was held at 220°C,methods section,methods,direct,experimental_condition,method,method,True,True,True,bound,present,True,present,present,present,present,
10.1002_admi.202000318,"F2a/120s Ozone, x10 TBF",10.1002_admi.202000318-E008,MultiOutputMeasurement,flow_rate,N2,50,sCCM,flow rate of 50 sCCM,methods section,methods,direct,experimental_condition,method,method,True,True,True,bound,present,True,present,present,present,present,
10.1002_admi.202000318,"F2a/120s Ozone, x10 TBF",10.1002_admi.202000318-E008,MultiOutputMeasurement,purge_time,,30,s,purge times of 30 s,methods section,methods,direct,experimental_condition,method,method,True,True,True,bound,present,True,not_a_recipe_field,present,present,present,
10.1002_admi.202000318,"F2a/120s Ozone, x10 TBF",10.1002_admi.202000318-E008,MultiOutputMeasurement,pulse_time,,10,s,pulses of 10 s,methods section,methods,direct,experimental_condition,method,method,True,True,True,bound,present,True,not_a_recipe_field,present,present,present,
10.1002_admi.202000318,F4a/Reflectivity,10.1002_admi.202000318-E009,MultiOutputMeasurement,working_pressure,,750,mtorr,working pressure of 750mtorr,methods section,methods,direct,experimental_condition,method,method,True,True,True,bound,present,True,not_a_recipe_field,present,present,present,
10.1002_admi.202000318,F4a/Reflectivity,10.1002_admi.202000318-E009,MultiOutputMeasurement,deposition_temperature,,220,°C,substrate temperature was held at 220°C,methods section,methods,direct,experimental_condition,method,method,True,True,True,bound,present,True,present,present,present,present,
10.1002_admi.202000318,F4a/Reflectivity,10.1002_admi.202000318-E009,MultiOutputMeasurement,flow_rate,N2,50,sCCM,flow rate of 50 sCCM,methods section,methods,direct,experimental_condition,method,method,True,True,True,bound,present,True,present,present,present,present,
10.1002_admi.202000318,F4a/Reflectivity,10.1002_admi.202000318-E009,MultiOutputMeasurement,purge_time,,30,s,purge times of 30 s,methods section,methods,direct,experimental_condition,method,method,True,True,True,bound,present,True,not_a_recipe_field,present,present,present,
10.1002_admi.202000318,F4a/Reflectivity,10.1002_admi.202000318-E009,MultiOutputMeasurement,pulse_time,,10,s,pulses of 10 s,methods section,methods,direct,experimental_condition,method,method,True,True,True,bound,present,True,not_a_recipe_field,present,present,present,
10.1002_admi.202000318,F4a/Single Layer Model,10.1002_admi.202000318-E010,ModelSweep,working_pressure,,750,mtorr,working pressure of 750mtorr,methods section,methods,direct,experimental_condition,method,method,True,True,True,bound,entity_only(no case: model_sweep),,not_a_recipe_field,present,present,present,
10.1002_admi.202000318,F4a/Single Layer Model,10.1002_admi.202000318-E010,ModelSweep,deposition_temperature,,220,°C,substrate temperature was held at 220°C,methods section,methods,direct,experimental_condition,method,method,True,True,True,bound,entity_only(no case: model_sweep),,not_a_recipe_field,present,present,present,
10.1002_admi.202000318,F4a/Single Layer Model,10.1002_admi.202000318-E010,ModelSweep,flow_rate,N2,50,sCCM,flow rate of 50 sCCM,methods section,methods,direct,experimental_condition,method,method,True,True,True,bound,entity_only(no case: model_sweep),,not_a_recipe_field,present,present,present,
10.1002_admi.202000318,F4a/Single Layer Model,10.1002_admi.202000318-E010,ModelSweep,purge_time,,30,s,purge times of 30 s,methods section,methods,direct,experimental_condition,method,method,True,True,True,bound,entity_only(no case: model_sweep),,not_a_recipe_field,present,present,present,
10.1002_admi.202000318,F4a/Single Layer Model,10.1002_admi.202000318-E010,ModelSweep,pulse_time,,10,s,pulses of 10 s,methods section,methods,direct,experimental_condition,method,method,True,True,True,bound,entity_only(no case: model_sweep),,not_a_recipe_field,present,present,present,
10.1002_admi.202000318,F4a/Bilayer Model,10.1002_admi.202000318-E011,ModelSweep,working_pressure,,750,mtorr,working pressure of 750mtorr,methods section,methods,direct,experimental_condition,method,method,True,True,True,bound,entity_only(no case: model_sweep),,not_a_recipe_field,present,present,present,
10.1002_admi.202000318,F4a/Bilayer Model,10.1002_admi.202000318-E011,ModelSweep,deposition_temperature,,220,°C,substrate temperature was held at 220°C,methods section,methods,direct,experimental_condition,method,method,True,True,True,bound,entity_only(no case: model_sweep),,not_a_recipe_field,present,present,present,
10.1002_admi.202000318,F4a/Bilayer Model,10.1002_admi.202000318-E011,ModelSweep,flow_rate,N2,50,sCCM,flow rate of 50 sCCM,methods section,methods,direct,experimental_condition,method,method,True,True,True,bound,entity_only(no case: model_sweep),,not_a_recipe_field,present,present,present,
10.1002_admi.202000318,F4a/Bilayer Model,10.1002_admi.202000318-E011,ModelSweep,purge_time,,30,s,purge times of 30 s,methods section,methods,direct,experimental_condition,method,method,True,True,True,bound,entity_only(no case: model_sweep),,not_a_recipe_field,present,present,present,
10.1002_admi.202000318,F4a/Bilayer Model,10.1002_admi.202000318-E011,ModelSweep,pulse_time,,10,s,pulses of 10 s,methods section,methods,direct,experimental_condition,method,method,True,True,True,bound,entity_only(no case: model_sweep),,not_a_recipe_field,present,present,present,
10.1002_admi.202000318,F4b/Electron Density,10.1002_admi.202000318-E012,SimulationRun,working_pressure,,750,mtorr,working pressure of 750mtorr,methods section,methods,direct,experimental_condition,method,method,True,True,True,bound,entity_only(no case: simulation),,not_a_recipe_field,present,present,present,
10.1002_admi.202000318,F4b/Electron Density,10.1002_admi.202000318-E012,SimulationRun,deposition_temperature,,220,°C,substrate temperature was held at 220°C,methods section,methods,direct,experimental_condition,method,method,True,True,True,bound,entity_only(no case: simulation),,not_a_recipe_field,present,present,present,
10.1002_admi.202000318,F4b/Electron Density,10.1002_admi.202000318-E012,SimulationRun,flow_rate,N2,50,sCCM,flow rate of 50 sCCM,methods section,methods,direct,experimental_condition,method,method,True,True,True,bound,entity_only(no case: simulation),,not_a_recipe_field,present,present,present,
10.1002_admi.202000318,F4b/Electron Density,10.1002_admi.202000318-E012,SimulationRun,purge_time,,30,s,purge times of 30 s,methods section,methods,direct,experimental_condition,method,method,True,True,True,bound,entity_only(no case: simulation),,not_a_recipe_field,present,present,present,
10.1002_admi.202000318,F4b/Electron Density,10.1002_admi.202000318-E012,SimulationRun,pulse_time,,10,s,pulses of 10 s,methods section,methods,direct,experimental_condition,method,method,True,True,True,bound,entity_only(no case: simulation),,not_a_recipe_field,present,present,present,
10.1002_admi.202000318,F6a/100s Ozone,10.1002_admi.202000318-E013,ExperimentSeries,exposure,O3,100,s,100s,series label '100s Ozone' (axis 'ozone exposure time'),series_label,direct,experimental_condition,series,series,True,True,True,bound,entity_only(no case: discrete_experimental_sweep),,not_a_recipe_field,present,present,present,
10.1002_admi.202000318,F6a/100s Ozone,10.1002_admi.202000318-E013,ExperimentSeries,pulse_time,,30,s,exposure of 30 s,document.md near Fig 6,body,direct,experimental_condition,figure,figure,True,True,True,bound,entity_only(no case: discrete_experimental_sweep),,not_a_recipe_field,present,present,present,
10.1002_admi.202000318,F6a/100s Ozone,10.1002_admi.202000318-E013,ExperimentSeries,working_pressure,,750,mtorr,working pressure of 750mtorr,methods section,methods,direct,experimental_condition,method,method,True,True,True,bound,entity_only(no case: discrete_experimental_sweep),,not_a_recipe_field,present,present,present,
10.1002_admi.202000318,F6a/100s Ozone,10.1002_admi.202000318-E013,ExperimentSeries,deposition_temperature,,220,°C,substrate temperature was held at 220°C,methods section,methods,direct,experimental_condition,method,method,True,True,True,bound,entity_only(no case: discrete_experimental_sweep),,not_a_recipe_field,present,present,present,
10.1002_admi.202000318,F6a/100s Ozone,10.1002_admi.202000318-E013,ExperimentSeries,flow_rate,N2,50,sCCM,flow rate of 50 sCCM,methods section,methods,direct,experimental_condition,method,method,True,True,True,bound,entity_only(no case: discrete_experimental_sweep),,not_a_recipe_field,present,present,present,
10.1002_admi.202000318,F6a/100s Ozone,10.1002_admi.202000318-E013,ExperimentSeries,purge_time,,30,s,purge times of 30 s,methods section,methods,direct,experimental_condition,method,method,True,True,True,bound,entity_only(no case: discrete_experimental_sweep),,not_a_recipe_field,present,present,present,
10.1002_admi.202000318,F6a/60s Ozone,10.1002_admi.202000318-E014,ExperimentSeries,exposure,O3,60,s,60s,series label '60s Ozone' (axis 'ozone exposure time'),series_label,direct,experimental_condition,series,series,True,True,True,bound,entity_only(no case: discrete_experimental_sweep),,not_a_recipe_field,present,present,present,
10.1002_admi.202000318,F6a/60s Ozone,10.1002_admi.202000318-E014,ExperimentSeries,pulse_time,,30,s,exposure of 30 s,document.md near Fig 6,body,direct,experimental_condition,figure,figure,True,True,True,bound,entity_only(no case: discrete_experimental_sweep),,not_a_recipe_field,present,present,present,
10.1002_admi.202000318,F6a/60s Ozone,10.1002_admi.202000318-E014,ExperimentSeries,working_pressure,,750,mtorr,working pressure of 750mtorr,methods section,methods,direct,experimental_condition,method,method,True,True,True,bound,entity_only(no case: discrete_experimental_sweep),,not_a_recipe_field,present,present,present,
10.1002_admi.202000318,F6a/60s Ozone,10.1002_admi.202000318-E014,ExperimentSeries,deposition_temperature,,220,°C,substrate temperature was held at 220°C,methods section,methods,direct,experimental_condition,method,method,True,True,True,bound,entity_only(no case: discrete_experimental_sweep),,not_a_recipe_field,present,present,present,
10.1002_admi.202000318,F6a/60s Ozone,10.1002_admi.202000318-E014,ExperimentSeries,flow_rate,N2,50,sCCM,flow rate of 50 sCCM,methods section,methods,direct,experimental_condition,method,method,True,True,True,bound,entity_only(no case: discrete_experimental_sweep),,not_a_recipe_field,present,present,present,
10.1002_admi.202000318,F6a/60s Ozone,10.1002_admi.202000318-E014,ExperimentSeries,purge_time,,30,s,purge times of 30 s,methods section,methods,direct,experimental_condition,method,method,True,True,True,bound,entity_only(no case: discrete_experimental_sweep),,not_a_recipe_field,present,present,present,
10.1002_admi.202000318,F6a/20s Ozone,10.1002_admi.202000318-E015,ExperimentSeries,exposure,O3,20,s,20s,series label '20s Ozone' (axis 'ozone exposure time'),series_label,direct,experimental_condition,series,series,True,True,True,bound,entity_only(no case: discrete_experimental_sweep),,not_a_recipe_field,present,present,present,
10.1002_admi.202000318,F6a/20s Ozone,10.1002_admi.202000318-E015,ExperimentSeries,pulse_time,,30,s,exposure of 30 s,document.md near Fig 6,body,direct,experimental_condition,figure,figure,True,True,True,bound,entity_only(no case: discrete_experimental_sweep),,not_a_recipe_field,present,present,present,
10.1002_admi.202000318,F6a/20s Ozone,10.1002_admi.202000318-E015,ExperimentSeries,working_pressure,,750,mtorr,working pressure of 750mtorr,methods section,methods,direct,experimental_condition,method,method,True,True,True,bound,entity_only(no case: discrete_experimental_sweep),,not_a_recipe_field,present,present,present,
10.1002_admi.202000318,F6a/20s Ozone,10.1002_admi.202000318-E015,ExperimentSeries,deposition_temperature,,220,°C,substrate temperature was held at 220°C,methods section,methods,direct,experimental_condition,method,method,True,True,True,bound,entity_only(no case: discrete_experimental_sweep),,not_a_recipe_field,present,present,present,
10.1002_admi.202000318,F6a/20s Ozone,10.1002_admi.202000318-E015,ExperimentSeries,flow_rate,N2,50,sCCM,flow rate of 50 sCCM,methods section,methods,direct,experimental_condition,method,method,True,True,True,bound,entity_only(no case: discrete_experimental_sweep),,not_a_recipe_field,present,present,present,
10.1002_admi.202000318,F6a/20s Ozone,10.1002_admi.202000318-E015,ExperimentSeries,purge_time,,30,s,purge times of 30 s,methods section,methods,direct,experimental_condition,method,method,True,True,True,bound,entity_only(no case: discrete_experimental_sweep),,not_a_recipe_field,present,present,present,
10.1002_admi.202000318,F6b/Fraction γ Phase,10.1002_admi.202000318-E016,ExperimentSeries,pulse_time,,30,s,exposure of 30 s,document.md near Fig 6,body,direct,experimental_condition,figure,figure,True,True,True,bound,entity_only(no case: discrete_experimental_sweep),,not_a_recipe_field,present,present,present,
10.1002_admi.202000318,F6b/Fraction γ Phase,10.1002_admi.202000318-E016,ExperimentSeries,working_pressure,,750,mtorr,working pressure of 750mtorr,methods section,methods,direct,experimental_condition,method,method,True,True,True,bound,entity_only(no case: discrete_experimental_sweep),,not_a_recipe_field,present,present,present,
10.1002_admi.202000318,F6b/Fraction γ Phase,10.1002_admi.202000318-E016,ExperimentSeries,deposition_temperature,,220,°C,substrate temperature was held at 220°C,methods section,methods,direct,experimental_condition,method,method,True,True,True,bound,entity_only(no case: discrete_experimental_sweep),,not_a_recipe_field,present,present,present,
10.1002_admi.202000318,F6b/Fraction γ Phase,10.1002_admi.202000318-E016,ExperimentSeries,flow_rate,N2,50,sCCM,flow rate of 50 sCCM,methods section,methods,direct,experimental_condition,method,method,True,True,True,bound,entity_only(no case: discrete_experimental_sweep),,not_a_recipe_field,present,present,present,
10.1002_admi.202000318,F6b/Fraction γ Phase,10.1002_admi.202000318-E016,ExperimentSeries,purge_time,,30,s,purge times of 30 s,methods section,methods,direct,experimental_condition,method,method,True,True,True,bound,entity_only(no case: discrete_experimental_sweep),,not_a_recipe_field,present,present,present,
10.1002_celc.201600139,F1b/LTB:H2S,10.1002_celc.201600139-E000,ContinuousTrace,deposition_temperature,,150,°C,performed at 150 °C,figure 1 caption,caption,direct,experimental_condition,figure,figure,True,True,True,bound,present,True,present,present,present,present,
10.1002_celc.201600139,F1b/LTB:H2S,10.1002_celc.201600139-E000,ContinuousTrace,cycle_number,,3,cycle,3 ALD cycles,document.md near Fig 1,body,direct,experimental_condition,figure,figure,True,True,True,bound,present,True,present,present,present,present,
10.1002_celc.201600139,F1b/LTB:H2S,10.1002_celc.201600139-E000,ContinuousTrace,carrier_gas_partial_pressure,,1.2,Torr,flow rate of 252 sccm and a pressure of 1.2 Torr. The Li 2 S ALD [12] was performed by using alternating 5 s exposures t,methods section,methods,direct,experimental_condition,method,method,True,True,True,bound,present,True,not_a_recipe_field,present,present,present,
10.1002_celc.201600139,F1b/LTB:H2S,10.1002_celc.201600139-E000,ContinuousTrace,flow_rate,,252 sccm; 36 sccm,,"2 distinct flow_rate values at method scope; no narrower evidence distinguishes them, so none is applied",,,,,method,,True,True,False,ambiguous_withheld,candidates_preserved,False,withheld,candidates_preserved,present,n/a,applicability
10.1002_celc.201600139,F1b/TDMAAl:H2S,10.1002_celc.201600139-E001,ContinuousTrace,deposition_temperature,,150,°C,performed at 150 °C,figure 1 caption,caption,direct,experimental_condition,figure,figure,True,True,True,bound,present,True,present,present,present,present,
10.1002_celc.201600139,F1b/TDMAAl:H2S,10.1002_celc.201600139-E001,ContinuousTrace,cycle_number,,3,cycle,3 ALD cycles,document.md near Fig 1,body,direct,experimental_condition,figure,figure,True,True,True,bound,present,True,present,present,present,present,
10.1002_celc.201600139,F1b/TDMAAl:H2S,10.1002_celc.201600139-E001,ContinuousTrace,carrier_gas_partial_pressure,,1.2,Torr,flow rate of 252 sccm and a pressure of 1.2 Torr. The Li 2 S ALD [12] was performed by using alternating 5 s exposures t,methods section,methods,direct,experimental_condition,method,method,True,True,True,bound,present,True,not_a_recipe_field,present,present,present,
10.1002_celc.201600139,F1b/TDMAAl:H2S,10.1002_celc.201600139-E001,ContinuousTrace,flow_rate,,252 sccm; 36 sccm,,"2 distinct flow_rate values at method scope; no narrower evidence distinguishes them, so none is applied",,,,,method,,True,True,False,ambiguous_withheld,candidates_preserved,False,withheld,candidates_preserved,present,n/a,applicability
10.1002_celc.201600139,F1c/50nm LixAlyS,10.1002_celc.201600139-E002,ContinuousTrace,deposition_temperature,,150,°C,performed at 150 °C,figure 1 caption,caption,direct,experimental_condition,figure,figure,True,True,True,bound,present,True,present,present,present,present,
10.1002_celc.201600139,F1c/50nm LixAlyS,10.1002_celc.201600139-E002,ContinuousTrace,cycle_number,,3,cycle,3 ALD cycles,document.md near Fig 1,body,direct,experimental_condition,figure,figure,True,True,True,bound,present,True,present,present,present,present,
10.1002_celc.201600139,F1c/50nm LixAlyS,10.1002_celc.201600139-E002,ContinuousTrace,carrier_gas_partial_pressure,,1.2,Torr,flow rate of 252 sccm and a pressure of 1.2 Torr. The Li 2 S ALD [12] was performed by using alternating 5 s exposures t,methods section,methods,direct,experimental_condition,method,method,True,True,True,bound,present,True,not_a_recipe_field,present,present,present,
10.1002_celc.201600139,F1c/50nm LixAlyS,10.1002_celc.201600139-E002,ContinuousTrace,flow_rate,,252 sccm; 36 sccm,,"2 distinct flow_rate values at method scope; no narrower evidence distinguishes them, so none is applied",,,,,method,,True,True,False,ambiguous_withheld,candidates_preserved,False,withheld,candidates_preserved,present,n/a,applicability
10.1002_celc.201600139,F2a/180°C,10.1002_celc.201600139-E003,ExperimentalProfile,deposition_temperature,,180,°C,180°C,series label '180°C' (axis 'temperature'),series_label,direct,experimental_condition,series,series,True,True,True,bound,present,True,present,present,present,present,
10.1002_celc.201600139,F2a/180°C,10.1002_celc.201600139-E003,ExperimentalProfile,carrier_gas_partial_pressure,,1.2,Torr,flow rate of 252 sccm and a pressure of 1.2 Torr. The Li 2 S ALD [12] was performed by using alternating 5 s exposures t,methods section,methods,direct,experimental_condition,method,method,True,True,True,bound,present,True,not_a_recipe_field,present,present,present,
10.1002_celc.201600139,F2a/180°C,10.1002_celc.201600139-E003,ExperimentalProfile,cycle_number,,120 cycle; 160 cycle; 3 cycle; 400 cycle; 700 cycle; 90 cycle,,"6 distinct cycle_number values at method scope; no narrower evidence distinguishes them, so none is applied",,,,,method,,True,True,False,ambiguous_withheld,candidates_preserved,False,withheld,candidates_preserved,present,n/a,applicability
10.1002_celc.201600139,F2a/180°C,10.1002_celc.201600139-E003,ExperimentalProfile,flow_rate,,252 sccm; 36 sccm,,"2 distinct flow_rate values at method scope; no narrower evidence distinguishes them, so none is applied",,,,,method,,True,True,False,ambiguous_withheld,candidates_preserved,False,withheld,candidates_preserved,present,n/a,applicability
10.1002_celc.201600139,F2a/200°C,10.1002_celc.201600139-E004,ExperimentalProfile,deposition_temperature,,200,°C,200°C,series label '200°C' (axis 'temperature'),series_label,direct,experimental_condition,series,series,True,True,True,bound,present,True,present,present,present,present,
10.1002_celc.201600139,F2a/200°C,10.1002_celc.201600139-E004,ExperimentalProfile,carrier_gas_partial_pressure,,1.2,Torr,flow rate of 252 sccm and a pressure of 1.2 Torr. The Li 2 S ALD [12] was performed by using alternating 5 s exposures t,methods section,methods,direct,experimental_condition,method,method,True,True,True,bound,present,True,not_a_recipe_field,present,present,present,
10.1002_celc.201600139,F2a/200°C,10.1002_celc.201600139-E004,ExperimentalProfile,cycle_number,,120 cycle; 160 cycle; 3 cycle; 400 cycle; 700 cycle; 90 cycle,,"6 distinct cycle_number values at method scope; no narrower evidence distinguishes them, so none is applied",,,,,method,,True,True,False,ambiguous_withheld,candidates_preserved,False,withheld,candidates_preserved,present,n/a,applicability
10.1002_celc.201600139,F2a/200°C,10.1002_celc.201600139-E004,ExperimentalProfile,flow_rate,,252 sccm; 36 sccm,,"2 distinct flow_rate values at method scope; no narrower evidence distinguishes them, so none is applied",,,,,method,,True,True,False,ambiguous_withheld,candidates_preserved,False,withheld,candidates_preserved,present,n/a,applicability
10.1002_celc.201600139,F2a/250°C,10.1002_celc.201600139-E005,ExperimentalProfile,deposition_temperature,,250,°C,250°C,series label '250°C' (axis 'temperature'),series_label,direct,experimental_condition,series,series,True,True,True,bound,present,True,present,present,present,present,
10.1002_celc.201600139,F2a/250°C,10.1002_celc.201600139-E005,ExperimentalProfile,carrier_gas_partial_pressure,,1.2,Torr,flow rate of 252 sccm and a pressure of 1.2 Torr. The Li 2 S ALD [12] was performed by using alternating 5 s exposures t,methods section,methods,direct,experimental_condition,method,method,True,True,True,bound,present,True,not_a_recipe_field,present,present,present,
10.1002_celc.201600139,F2a/250°C,10.1002_celc.201600139-E005,ExperimentalProfile,cycle_number,,120 cycle; 160 cycle; 3 cycle; 400 cycle; 700 cycle; 90 cycle,,"6 distinct cycle_number values at method scope; no narrower evidence distinguishes them, so none is applied",,,,,method,,True,True,False,ambiguous_withheld,candidates_preserved,False,withheld,candidates_preserved,present,n/a,applicability
10.1002_celc.201600139,F2a/250°C,10.1002_celc.201600139-E005,ExperimentalProfile,flow_rate,,252 sccm; 36 sccm,,"2 distinct flow_rate values at method scope; no narrower evidence distinguishes them, so none is applied",,,,,method,,True,True,False,ambiguous_withheld,candidates_preserved,False,withheld,candidates_preserved,present,n/a,applicability
10.1002_celc.201600139,F2a/300°C,10.1002_celc.201600139-E006,ExperimentalProfile,deposition_temperature,,300,°C,300°C,series label '300°C' (axis 'temperature'),series_label,direct,experimental_condition,series,series,True,True,True,bound,present,True,present,present,present,present,
10.1002_celc.201600139,F2a/300°C,10.1002_celc.201600139-E006,ExperimentalProfile,carrier_gas_partial_pressure,,1.2,Torr,flow rate of 252 sccm and a pressure of 1.2 Torr. The Li 2 S ALD [12] was performed by using alternating 5 s exposures t,methods section,methods,direct,experimental_condition,method,method,True,True,True,bound,present,True,not_a_recipe_field,present,present,present,
10.1002_celc.201600139,F2a/300°C,10.1002_celc.201600139-E006,ExperimentalProfile,cycle_number,,120 cycle; 160 cycle; 3 cycle; 400 cycle; 700 cycle; 90 cycle,,"6 distinct cycle_number values at method scope; no narrower evidence distinguishes them, so none is applied",,,,,method,,True,True,False,ambiguous_withheld,candidates_preserved,False,withheld,candidates_preserved,present,n/a,applicability
10.1002_celc.201600139,F2a/300°C,10.1002_celc.201600139-E006,ExperimentalProfile,flow_rate,,252 sccm; 36 sccm,,"2 distinct flow_rate values at method scope; no narrower evidence distinguishes them, so none is applied",,,,,method,,True,True,False,ambiguous_withheld,candidates_preserved,False,withheld,candidates_preserved,present,n/a,applicability
10.1002_celc.201600139,F3a/Pristine Li,10.1002_celc.201600139-E007,ExperimentalProfile,deposition_temperature,,150,°C,performed at 150 °C,methods section,methods,direct,experimental_condition,method,method,True,True,True,bound,present,True,present,present,present,present,
10.1002_celc.201600139,F3a/Pristine Li,10.1002_celc.201600139-E007,ExperimentalProfile,carrier_gas_partial_pressure,,1.2,Torr,flow rate of 252 sccm and a pressure of 1.2 Torr. The Li 2 S ALD [12] was performed by using alternating 5 s exposures t,methods section,methods,direct,experimental_condition,method,method,True,True,True,bound,present,True,not_a_recipe_field,present,present,present,
10.1002_celc.201600139,F3a/Pristine Li,10.1002_celc.201600139-E007,ExperimentalProfile,cycle_number,,120 cycle; 160 cycle; 3 cycle; 400 cycle; 700 cycle; 90 cycle,,"6 distinct cycle_number values at method scope; no narrower evidence distinguishes them, so none is applied",,,,,method,,True,True,False,ambiguous_withheld,candidates_preserved,False,withheld,candidates_preserved,present,n/a,applicability
10.1002_celc.201600139,F3a/Pristine Li,10.1002_celc.201600139-E007,ExperimentalProfile,flow_rate,,252 sccm; 36 sccm,,"2 distinct flow_rate values at method scope; no narrower evidence distinguishes them, so none is applied",,,,,method,,True,True,False,ambiguous_withheld,candidates_preserved,False,withheld,candidates_preserved,present,n/a,applicability
10.1002_celc.201600139,F3a/Li_xAl_yS coated Li,10.1002_celc.201600139-E008,ExperimentalProfile,deposition_temperature,,150,°C,performed at 150 °C,methods section,methods,direct,experimental_condition,method,method,True,True,True,bound,present,True,present,present,present,present,
10.1002_celc.201600139,F3a/Li_xAl_yS coated Li,10.1002_celc.201600139-E008,ExperimentalProfile,carrier_gas_partial_pressure,,1.2,Torr,flow rate of 252 sccm and a pressure of 1.2 Torr. The Li 2 S ALD [12] was performed by using alternating 5 s exposures t,methods section,methods,direct,experimental_condition,method,method,True,True,True,bound,present,True,not_a_recipe_field,present,present,present,
10.1002_celc.201600139,F3a/Li_xAl_yS coated Li,10.1002_celc.201600139-E008,ExperimentalProfile,cycle_number,,120 cycle; 160 cycle; 3 cycle; 400 cycle; 700 cycle; 90 cycle,,"6 distinct cycle_number values at method scope; no narrower evidence distinguishes them, so none is applied",,,,,method,,True,True,False,ambiguous_withheld,candidates_preserved,False,withheld,candidates_preserved,present,n/a,applicability
10.1002_celc.201600139,F3a/Li_xAl_yS coated Li,10.1002_celc.201600139-E008,ExperimentalProfile,flow_rate,,252 sccm; 36 sccm,,"2 distinct flow_rate values at method scope; no narrower evidence distinguishes them, so none is applied",,,,,method,,True,True,False,ambiguous_withheld,candidates_preserved,False,withheld,candidates_preserved,present,n/a,applicability
10.1002_celc.201600139,F3b/Pristine Li,10.1002_celc.201600139-E009,ContinuousTrace,deposition_temperature,,150,°C,performed at 150 °C,methods section,methods,direct,experimental_condition,method,method,True,True,True,bound,present,True,present,present,present,present,
10.1002_celc.201600139,F3b/Pristine Li,10.1002_celc.201600139-E009,ContinuousTrace,carrier_gas_partial_pressure,,1.2,Torr,flow rate of 252 sccm and a pressure of 1.2 Torr. The Li 2 S ALD [12] was performed by using alternating 5 s exposures t,methods section,methods,direct,experimental_condition,method,method,True,True,True,bound,present,True,not_a_recipe_field,present,present,present,
10.1002_celc.201600139,F3b/Pristine Li,10.1002_celc.201600139-E009,ContinuousTrace,cycle_number,,120 cycle; 160 cycle; 3 cycle; 400 cycle; 700 cycle; 90 cycle,,"6 distinct cycle_number values at method scope; no narrower evidence distinguishes them, so none is applied",,,,,method,,True,True,False,ambiguous_withheld,candidates_preserved,False,withheld,candidates_preserved,present,n/a,applicability
10.1002_celc.201600139,F3b/Pristine Li,10.1002_celc.201600139-E009,ContinuousTrace,flow_rate,,252 sccm; 36 sccm,,"2 distinct flow_rate values at method scope; no narrower evidence distinguishes them, so none is applied",,,,,method,,True,True,False,ambiguous_withheld,candidates_preserved,False,withheld,candidates_preserved,present,n/a,applicability
10.1002_celc.201600139,F3b/Li_xAl_yS Coated Li,10.1002_celc.201600139-E010,ContinuousTrace,deposition_temperature,,150,°C,performed at 150 °C,methods section,methods,direct,experimental_condition,method,method,True,True,True,bound,present,True,present,present,present,present,
10.1002_celc.201600139,F3b/Li_xAl_yS Coated Li,10.1002_celc.201600139-E010,ContinuousTrace,carrier_gas_partial_pressure,,1.2,Torr,flow rate of 252 sccm and a pressure of 1.2 Torr. The Li 2 S ALD [12] was performed by using alternating 5 s exposures t,methods section,methods,direct,experimental_condition,method,method,True,True,True,bound,present,True,not_a_recipe_field,present,present,present,
10.1002_celc.201600139,F3b/Li_xAl_yS Coated Li,10.1002_celc.201600139-E010,ContinuousTrace,cycle_number,,120 cycle; 160 cycle; 3 cycle; 400 cycle; 700 cycle; 90 cycle,,"6 distinct cycle_number values at method scope; no narrower evidence distinguishes them, so none is applied",,,,,method,,True,True,False,ambiguous_withheld,candidates_preserved,False,withheld,candidates_preserved,present,n/a,applicability
10.1002_celc.201600139,F3b/Li_xAl_yS Coated Li,10.1002_celc.201600139-E010,ContinuousTrace,flow_rate,,252 sccm; 36 sccm,,"2 distinct flow_rate values at method scope; no narrower evidence distinguishes them, so none is applied",,,,,method,,True,True,False,ambiguous_withheld,candidates_preserved,False,withheld,candidates_preserved,present,n/a,applicability
10.1002_celc.201600139,F3c/Pristine Cu,10.1002_celc.201600139-E011,ContinuousTrace,deposition_temperature,,150,°C,performed at 150 °C,methods section,methods,direct,experimental_condition,method,method,True,True,True,bound,present,True,present,present,present,present,
10.1002_celc.201600139,F3c/Pristine Cu,10.1002_celc.201600139-E011,ContinuousTrace,carrier_gas_partial_pressure,,1.2,Torr,flow rate of 252 sccm and a pressure of 1.2 Torr. The Li 2 S ALD [12] was performed by using alternating 5 s exposures t,methods section,methods,direct,experimental_condition,method,method,True,True,True,bound,present,True,not_a_recipe_field,present,present,present,
10.1002_celc.201600139,F3c/Pristine Cu,10.1002_celc.201600139-E011,ContinuousTrace,cycle_number,,120 cycle; 160 cycle; 3 cycle; 400 cycle; 700 cycle; 90 cycle,,"6 distinct cycle_number values at method scope; no narrower evidence distinguishes them, so none is applied",,,,,method,,True,True,False,ambiguous_withheld,candidates_preserved,False,withheld,candidates_preserved,present,n/a,applicability
10.1002_celc.201600139,F3c/Pristine Cu,10.1002_celc.201600139-E011,ContinuousTrace,flow_rate,,252 sccm; 36 sccm,,"2 distinct flow_rate values at method scope; no narrower evidence distinguishes them, so none is applied",,,,,method,,True,True,False,ambiguous_withheld,candidates_preserved,False,withheld,candidates_preserved,present,n/a,applicability
10.1002_celc.201600139,F3c/Li_xAl_yS Coated Cu,10.1002_celc.201600139-E012,ContinuousTrace,deposition_temperature,,150,°C,performed at 150 °C,methods section,methods,direct,experimental_condition,method,method,True,True,True,bound,present,True,present,present,present,present,
10.1002_celc.201600139,F3c/Li_xAl_yS Coated Cu,10.1002_celc.201600139-E012,ContinuousTrace,carrier_gas_partial_pressure,,1.2,Torr,flow rate of 252 sccm and a pressure of 1.2 Torr. The Li 2 S ALD [12] was performed by using alternating 5 s exposures t,methods section,methods,direct,experimental_condition,method,method,True,True,True,bound,present,True,not_a_recipe_field,present,present,present,
10.1002_celc.201600139,F3c/Li_xAl_yS Coated Cu,10.1002_celc.201600139-E012,ContinuousTrace,cycle_number,,120 cycle; 160 cycle; 3 cycle; 400 cycle; 700 cycle; 90 cycle,,"6 distinct cycle_number values at method scope; no narrower evidence distinguishes them, so none is applied",,,,,method,,True,True,False,ambiguous_withheld,candidates_preserved,False,withheld,candidates_preserved,present,n/a,applicability
10.1002_celc.201600139,F3c/Li_xAl_yS Coated Cu,10.1002_celc.201600139-E012,ContinuousTrace,flow_rate,,252 sccm; 36 sccm,,"2 distinct flow_rate values at method scope; no narrower evidence distinguishes them, so none is applied",,,,,method,,True,True,False,ambiguous_withheld,candidates_preserved,False,withheld,candidates_preserved,present,n/a,applicability
10.1002_celc.201600139,F3d/Pristine Cu,10.1002_celc.201600139-E013,ContinuousTrace,deposition_temperature,,150,°C,performed at 150 °C,methods section,methods,direct,experimental_condition,method,method,True,True,True,bound,present,True,present,present,present,present,
10.1002_celc.201600139,F3d/Pristine Cu,10.1002_celc.201600139-E013,ContinuousTrace,carrier_gas_partial_pressure,,1.2,Torr,flow rate of 252 sccm and a pressure of 1.2 Torr. The Li 2 S ALD [12] was performed by using alternating 5 s exposures t,methods section,methods,direct,experimental_condition,method,method,True,True,True,bound,present,True,not_a_recipe_field,present,present,present,
10.1002_celc.201600139,F3d/Pristine Cu,10.1002_celc.201600139-E013,ContinuousTrace,cycle_number,,120 cycle; 160 cycle; 3 cycle; 400 cycle; 700 cycle; 90 cycle,,"6 distinct cycle_number values at method scope; no narrower evidence distinguishes them, so none is applied",,,,,method,,True,True,False,ambiguous_withheld,candidates_preserved,False,withheld,candidates_preserved,present,n/a,applicability
10.1002_celc.201600139,F3d/Pristine Cu,10.1002_celc.201600139-E013,ContinuousTrace,flow_rate,,252 sccm; 36 sccm,,"2 distinct flow_rate values at method scope; no narrower evidence distinguishes them, so none is applied",,,,,method,,True,True,False,ambiguous_withheld,candidates_preserved,False,withheld,candidates_preserved,present,n/a,applicability
10.1002_celc.201600139,F3d/Li_xAl_yS coated Cu,10.1002_celc.201600139-E014,ContinuousTrace,deposition_temperature,,150,°C,performed at 150 °C,methods section,methods,direct,experimental_condition,method,method,True,True,True,bound,present,True,present,present,present,present,
10.1002_celc.201600139,F3d/Li_xAl_yS coated Cu,10.1002_celc.201600139-E014,ContinuousTrace,carrier_gas_partial_pressure,,1.2,Torr,flow rate of 252 sccm and a pressure of 1.2 Torr. The Li 2 S ALD [12] was performed by using alternating 5 s exposures t,methods section,methods,direct,experimental_condition,method,method,True,True,True,bound,present,True,not_a_recipe_field,present,present,present,
10.1002_celc.201600139,F3d/Li_xAl_yS coated Cu,10.1002_celc.201600139-E014,ContinuousTrace,cycle_number,,120 cycle; 160 cycle; 3 cycle; 400 cycle; 700 cycle; 90 cycle,,"6 distinct cycle_number values at method scope; no narrower evidence distinguishes them, so none is applied",,,,,method,,True,True,False,ambiguous_withheld,candidates_preserved,False,withheld,candidates_preserved,present,n/a,applicability
10.1002_celc.201600139,F3d/Li_xAl_yS coated Cu,10.1002_celc.201600139-E014,ContinuousTrace,flow_rate,,252 sccm; 36 sccm,,"2 distinct flow_rate values at method scope; no narrower evidence distinguishes them, so none is applied",,,,,method,,True,True,False,ambiguous_withheld,candidates_preserved,False,withheld,candidates_preserved,present,n/a,applicability
10.1002_celc.201600139,F4a/Pristine Cu,10.1002_celc.201600139-E015,ExperimentSeries,deposition_temperature,,150,°C,performed at 150 °C,methods section,methods,direct,experimental_condition,method,method,True,True,True,bound,entity_only(no case: discrete_experimental_sweep),,not_a_recipe_field,present,present,present,
10.1002_celc.201600139,F4a/Pristine Cu,10.1002_celc.201600139-E015,ExperimentSeries,carrier_gas_partial_pressure,,1.2,Torr,flow rate of 252 sccm and a pressure of 1.2 Torr. The Li 2 S ALD [12] was performed by using alternating 5 s exposures t,methods section,methods,direct,experimental_condition,method,method,True,True,True,bound,entity_only(no case: discrete_experimental_sweep),,not_a_recipe_field,present,present,present,
10.1002_celc.201600139,F4a/Pristine Cu,10.1002_celc.201600139-E015,ExperimentSeries,cycle_number,,400 cycle; 700 cycle,,"2 distinct cycle_number values at figure scope; no narrower evidence distinguishes them, so none is applied",,,,,figure,,True,True,False,ambiguous_withheld,candidates_preserved,False,withheld,candidates_preserved,present,n/a,applicability
10.1002_celc.201600139,F4a/Pristine Cu,10.1002_celc.201600139-E015,ExperimentSeries,flow_rate,,252 sccm; 36 sccm,,"2 distinct flow_rate values at method scope; no narrower evidence distinguishes them, so none is applied",,,,,method,,True,True,False,ambiguous_withheld,candidates_preserved,False,withheld,candidates_preserved,present,n/a,applicability
10.1002_celc.201600139,F4a/Li_xAl_yS coated Cu,10.1002_celc.201600139-E016,ExperimentSeries,deposition_temperature,,150,°C,performed at 150 °C,methods section,methods,direct,experimental_condition,method,method,True,True,True,bound,entity_only(no case: discrete_experimental_sweep),,not_a_recipe_field,present,present,present,
10.1002_celc.201600139,F4a/Li_xAl_yS coated Cu,10.1002_celc.201600139-E016,ExperimentSeries,carrier_gas_partial_pressure,,1.2,Torr,flow rate of 252 sccm and a pressure of 1.2 Torr. The Li 2 S ALD [12] was performed by using alternating 5 s exposures t,methods section,methods,direct,experimental_condition,method,method,True,True,True,bound,entity_only(no case: discrete_experimental_sweep),,not_a_recipe_field,present,present,present,
10.1002_celc.201600139,F4a/Li_xAl_yS coated Cu,10.1002_celc.201600139-E016,ExperimentSeries,cycle_number,,400 cycle; 700 cycle,,"2 distinct cycle_number values at figure scope; no narrower evidence distinguishes them, so none is applied",,,,,figure,,True,True,False,ambiguous_withheld,candidates_preserved,False,withheld,candidates_preserved,present,n/a,applicability
10.1002_celc.201600139,F4a/Li_xAl_yS coated Cu,10.1002_celc.201600139-E016,ExperimentSeries,flow_rate,,252 sccm; 36 sccm,,"2 distinct flow_rate values at method scope; no narrower evidence distinguishes them, so none is applied",,,,,method,,True,True,False,ambiguous_withheld,candidates_preserved,False,withheld,candidates_preserved,present,n/a,applicability
10.1002_pssa.201532305,F2a/Hot-wire temperature,10.1002_pssa.201532305-E000,ExperimentSeries,base_pressure,,1e-7,mbar,base pressure of 1e-7 mbar,methods section,methods,direct,experimental_condition,method,method,True,True,True,bound,entity_only(no case: discrete_experimental_sweep),,not_a_recipe_field,present,present,present,
10.1002_pssa.201532305,F2a/Hot-wire temperature,10.1002_pssa.201532305-E000,ExperimentSeries,working_pressure,,-1,mbar,"325 °C, and process pressures of 0.001 -1 mbar. For ex-situ (electrical) characterization, it is important to prevent ox",methods section,methods,direct,experimental_condition,method,method,True,True,True,bound,entity_only(no case: discrete_experimental_sweep),,not_a_recipe_field,present,present,present,
10.1002_pssa.201532305,F2a/Hot-wire temperature,10.1002_pssa.201532305-E000,ExperimentSeries,generic_pressure,,1 mbar; 10 mbar,,"2 distinct generic_pressure values at method scope; no narrower evidence distinguishes them, so none is applied",,,,,method,,True,True,False,ambiguous_withheld,candidates_preserved,False,withheld,candidates_preserved,present,n/a,applicability
10.1002_pssa.201532305,F4a/1800 °C,10.1002_pssa.201532305-E001,ContinuousTrace,hot_wire_temperature,,1800,°C,1800 °C,series label '1800 °C' (axis 'hot-wire temperature'),series_label,direct,experimental_condition,series,series,True,True,True,bound,present,True,not_a_recipe_field,present,present,present,
10.1002_pssa.201532305,F4a/1800 °C,10.1002_pssa.201532305-E001,ContinuousTrace,flow_rate,H2,100,sccm,100 sccm of H2,figure 4 caption,caption,direct,model_input,figure,figure,True,True,True,bound,present,True,present,present,present,present,
10.1002_pssa.201532305,F4a/1800 °C,10.1002_pssa.201532305-E001,ContinuousTrace,deposition_temperature,,325,°C,325 °C of substrate temperature,figure 4 caption,caption,direct,model_input,figure,figure,True,True,True,bound,present,True,present,present,present,present,
10.1002_pssa.201532305,F4a/1800 °C,10.1002_pssa.201532305-E001,ContinuousTrace,flow_rate,WF6,10,sccm,10 sccm of WF6,figure 4 caption,caption,direct,model_input,figure,figure,True,True,True,bound,present,True,present,present,present,present,
10.1002_pssa.201532305,F4a/1800 °C,10.1002_pssa.201532305-E001,ContinuousTrace,flow_rate,Ar,50,sccm,50 sccm,figure 4 caption,caption,direct,experimental_condition,figure,figure,True,True,True,bound,present,True,present,present,present,present,
10.1002_pssa.201532305,F4a/1800 °C,10.1002_pssa.201532305-E001,ContinuousTrace,working_pressure,,0.01,mbar,0.01 mbar of pressure,figure 4 caption,caption,direct,model_input,figure,figure,True,True,True,bound,present,True,not_a_recipe_field,present,present,present,
10.1002_pssa.201532305,F4a/1800 °C,10.1002_pssa.201532305-E001,ContinuousTrace,pulse_time,WF6,1,min,1-min exposure to WF6,figure 4 caption,caption,direct,model_input,figure,figure,True,True,True,bound,present,True,not_a_recipe_field,present,present,present,
10.1002_pssa.201532305,F4a/1800 °C,10.1002_pssa.201532305-E001,ContinuousTrace,purge_time,,2,min,2-min purge,figure 4 caption,caption,direct,model_input,figure,figure,True,True,True,bound,present,True,not_a_recipe_field,present,present,present,
10.1002_pssa.201532305,F4a/1800 °C,10.1002_pssa.201532305-E001,ContinuousTrace,base_pressure,,1e-7,mbar,base pressure of 1e-7 mbar,methods section,methods,direct,experimental_condition,method,method,True,True,True,bound,present,True,not_a_recipe_field,present,present,present,
10.1002_pssa.201532305,F4a/1800 °C,10.1002_pssa.201532305-E001,ContinuousTrace,generic_pressure,,1 mbar; 10 mbar,,"2 distinct generic_pressure values at method scope; no narrower evidence distinguishes them, so none is applied",,,,,method,,True,True,False,ambiguous_withheld,candidates_preserved,False,withheld,candidates_preserved,present,n/a,applicability
10.1002_pssa.201532305,F4a/1860 °C,10.1002_pssa.201532305-E002,ContinuousTrace,hot_wire_temperature,,1860,°C,1860 °C,series label '1860 °C' (axis 'hot-wire temperature'),series_label,direct,experimental_condition,series,series,True,True,True,bound,present,True,not_a_recipe_field,present,present,present,
10.1002_pssa.201532305,F4a/1860 °C,10.1002_pssa.201532305-E002,ContinuousTrace,flow_rate,H2,100,sccm,100 sccm of H2,figure 4 caption,caption,direct,model_input,figure,figure,True,True,True,bound,present,True,present,present,present,present,
10.1002_pssa.201532305,F4a/1860 °C,10.1002_pssa.201532305-E002,ContinuousTrace,deposition_temperature,,325,°C,325 °C of substrate temperature,figure 4 caption,caption,direct,model_input,figure,figure,True,True,True,bound,present,True,present,present,present,present,
10.1002_pssa.201532305,F4a/1860 °C,10.1002_pssa.201532305-E002,ContinuousTrace,flow_rate,WF6,10,sccm,10 sccm of WF6,figure 4 caption,caption,direct,model_input,figure,figure,True,True,True,bound,present,True,present,present,present,present,
10.1002_pssa.201532305,F4a/1860 °C,10.1002_pssa.201532305-E002,ContinuousTrace,flow_rate,Ar,50,sccm,50 sccm,figure 4 caption,caption,direct,experimental_condition,figure,figure,True,True,True,bound,present,True,present,present,present,present,
10.1002_pssa.201532305,F4a/1860 °C,10.1002_pssa.201532305-E002,ContinuousTrace,working_pressure,,0.01,mbar,0.01 mbar of pressure,figure 4 caption,caption,direct,model_input,figure,figure,True,True,True,bound,present,True,not_a_recipe_field,present,present,present,
10.1002_pssa.201532305,F4a/1860 °C,10.1002_pssa.201532305-E002,ContinuousTrace,pulse_time,WF6,1,min,1-min exposure to WF6,figure 4 caption,caption,direct,model_input,figure,figure,True,True,True,bound,present,True,not_a_recipe_field,present,present,present,
10.1002_pssa.201532305,F4a/1860 °C,10.1002_pssa.201532305-E002,ContinuousTrace,purge_time,,2,min,2-min purge,figure 4 caption,caption,direct,model_input,figure,figure,True,True,True,bound,present,True,not_a_recipe_field,present,present,present,
10.1002_pssa.201532305,F4a/1860 °C,10.1002_pssa.201532305-E002,ContinuousTrace,base_pressure,,1e-7,mbar,base pressure of 1e-7 mbar,methods section,methods,direct,experimental_condition,method,method,True,True,True,bound,present,True,not_a_recipe_field,present,present,present,
10.1002_pssa.201532305,F4a/1860 °C,10.1002_pssa.201532305-E002,ContinuousTrace,generic_pressure,,1 mbar; 10 mbar,,"2 distinct generic_pressure values at method scope; no narrower evidence distinguishes them, so none is applied",,,,,method,,True,True,False,ambiguous_withheld,candidates_preserved,False,withheld,candidates_preserved,present,n/a,applicability
10.1002_pssa.201532305,F4a/1910 °C,10.1002_pssa.201532305-E003,ContinuousTrace,hot_wire_temperature,,1910,°C,1910 °C,series label '1910 °C' (axis 'hot-wire temperature'),series_label,direct,experimental_condition,series,series,True,True,True,bound,present,True,not_a_recipe_field,present,present,present,
10.1002_pssa.201532305,F4a/1910 °C,10.1002_pssa.201532305-E003,ContinuousTrace,flow_rate,H2,100,sccm,100 sccm of H2,figure 4 caption,caption,direct,model_input,figure,figure,True,True,True,bound,present,True,present,present,present,present,
10.1002_pssa.201532305,F4a/1910 °C,10.1002_pssa.201532305-E003,ContinuousTrace,deposition_temperature,,325,°C,325 °C of substrate temperature,figure 4 caption,caption,direct,model_input,figure,figure,True,True,True,bound,present,True,present,present,present,present,
10.1002_pssa.201532305,F4a/1910 °C,10.1002_pssa.201532305-E003,ContinuousTrace,flow_rate,WF6,10,sccm,10 sccm of WF6,figure 4 caption,caption,direct,model_input,figure,figure,True,True,True,bound,present,True,present,present,present,present,
10.1002_pssa.201532305,F4a/1910 °C,10.1002_pssa.201532305-E003,ContinuousTrace,flow_rate,Ar,50,sccm,50 sccm,figure 4 caption,caption,direct,experimental_condition,figure,figure,True,True,True,bound,present,True,present,present,present,present,
10.1002_pssa.201532305,F4a/1910 °C,10.1002_pssa.201532305-E003,ContinuousTrace,working_pressure,,0.01,mbar,0.01 mbar of pressure,figure 4 caption,caption,direct,model_input,figure,figure,True,True,True,bound,present,True,not_a_recipe_field,present,present,present,
10.1002_pssa.201532305,F4a/1910 °C,10.1002_pssa.201532305-E003,ContinuousTrace,pulse_time,WF6,1,min,1-min exposure to WF6,figure 4 caption,caption,direct,model_input,figure,figure,True,True,True,bound,present,True,not_a_recipe_field,present,present,present,
10.1002_pssa.201532305,F4a/1910 °C,10.1002_pssa.201532305-E003,ContinuousTrace,purge_time,,2,min,2-min purge,figure 4 caption,caption,direct,model_input,figure,figure,True,True,True,bound,present,True,not_a_recipe_field,present,present,present,
10.1002_pssa.201532305,F4a/1910 °C,10.1002_pssa.201532305-E003,ContinuousTrace,base_pressure,,1e-7,mbar,base pressure of 1e-7 mbar,methods section,methods,direct,experimental_condition,method,method,True,True,True,bound,present,True,not_a_recipe_field,present,present,present,
10.1002_pssa.201532305,F4a/1910 °C,10.1002_pssa.201532305-E003,ContinuousTrace,generic_pressure,,1 mbar; 10 mbar,,"2 distinct generic_pressure values at method scope; no narrower evidence distinguishes them, so none is applied",,,,,method,,True,True,False,ambiguous_withheld,candidates_preserved,False,withheld,candidates_preserved,present,n/a,applicability
10.1002_pssa.201532305,F4b/H2 10 sccm,10.1002_pssa.201532305-E004,ContinuousTrace,flow_rate,WF6,10,sccm,10 sccm of WF6,figure 4 caption,caption,direct,model_input,figure,figure,True,True,True,bound,present,True,present,present,present,present,
10.1002_pssa.201532305,F4b/H2 10 sccm,10.1002_pssa.201532305-E004,ContinuousTrace,flow_rate,,100,sccm,100sccm of H2,figure 4 caption,caption,direct,model_input,figure,figure,True,True,True,bound,present,True,present,present,present,present,
10.1002_pssa.201532305,F4b/H2 10 sccm,10.1002_pssa.201532305-E004,ContinuousTrace,hot_wire_temperature,,1860,°C,1860 °C of hot-wire,figure 4 caption,caption,direct,model_input,figure,figure,True,True,True,bound,present,True,not_a_recipe_field,present,present,present,
10.1002_pssa.201532305,F4b/H2 10 sccm,10.1002_pssa.201532305-E004,ContinuousTrace,deposition_temperature,,325,°C,325 °C of substrate temperature,figure 4 caption,caption,direct,model_input,figure,figure,True,True,True,bound,present,True,present,present,present,present,
10.1002_pssa.201532305,F4b/H2 10 sccm,10.1002_pssa.201532305-E004,ContinuousTrace,flow_rate,Ar,50,sccm,50 sccm,figure 4 caption,caption,direct,experimental_condition,figure,figure,True,True,True,bound,present,True,present,present,present,present,
10.1002_pssa.201532305,F4b/H2 10 sccm,10.1002_pssa.201532305-E004,ContinuousTrace,working_pressure,,0.01,mbar,0.01 mbar of pressure,figure 4 caption,caption,direct,model_input,figure,figure,True,True,True,bound,present,True,not_a_recipe_field,present,present,present,
10.1002_pssa.201532305,F4b/H2 10 sccm,10.1002_pssa.201532305-E004,ContinuousTrace,pulse_time,WF6,1,min,1-min exposure to WF6,figure 4 caption,caption,direct,model_input,figure,figure,True,True,True,bound,present,True,not_a_recipe_field,present,present,present,
10.1002_pssa.201532305,F4b/H2 10 sccm,10.1002_pssa.201532305-E004,ContinuousTrace,purge_time,,2,min,2-min purge,figure 4 caption,caption,direct,model_input,figure,figure,True,True,True,bound,present,True,not_a_recipe_field,present,present,present,
10.1002_pssa.201532305,F4b/H2 10 sccm,10.1002_pssa.201532305-E004,ContinuousTrace,base_pressure,,1e-7,mbar,base pressure of 1e-7 mbar,methods section,methods,direct,experimental_condition,method,method,True,True,True,bound,present,True,not_a_recipe_field,present,present,present,
10.1002_pssa.201532305,F4b/H2 10 sccm,10.1002_pssa.201532305-E004,ContinuousTrace,generic_pressure,,1 mbar; 10 mbar,,"2 distinct generic_pressure values at method scope; no narrower evidence distinguishes them, so none is applied",,,,,method,,True,True,False,ambiguous_withheld,candidates_preserved,False,withheld,candidates_preserved,present,n/a,applicability
10.1002_pssa.201532305,F4b/H2 50 sccm,10.1002_pssa.201532305-E005,ContinuousTrace,flow_rate,Ar,50,sccm,50 sccm,figure 4 caption,caption,direct,experimental_condition,figure,figure,True,True,True,bound,present,True,present,present,present,present,
10.1002_pssa.201532305,F4b/H2 50 sccm,10.1002_pssa.201532305-E005,ContinuousTrace,flow_rate,,100,sccm,100sccm of H2,figure 4 caption,caption,direct,model_input,figure,figure,True,True,True,bound,present,True,present,present,present,present,
10.1002_pssa.201532305,F4b/H2 50 sccm,10.1002_pssa.201532305-E005,ContinuousTrace,hot_wire_temperature,,1860,°C,1860 °C of hot-wire,figure 4 caption,caption,direct,model_input,figure,figure,True,True,True,bound,present,True,not_a_recipe_field,present,present,present,
10.1002_pssa.201532305,F4b/H2 50 sccm,10.1002_pssa.201532305-E005,ContinuousTrace,deposition_temperature,,325,°C,325 °C of substrate temperature,figure 4 caption,caption,direct,model_input,figure,figure,True,True,True,bound,present,True,present,present,present,present,
10.1002_pssa.201532305,F4b/H2 50 sccm,10.1002_pssa.201532305-E005,ContinuousTrace,flow_rate,WF6,10,sccm,10 sccm of WF6,figure 4 caption,caption,direct,model_input,figure,figure,True,True,True,bound,present,True,present,present,present,present,
10.1002_pssa.201532305,F4b/H2 50 sccm,10.1002_pssa.201532305-E005,ContinuousTrace,working_pressure,,0.01,mbar,0.01 mbar of pressure,figure 4 caption,caption,direct,model_input,figure,figure,True,True,True,bound,present,True,not_a_recipe_field,present,present,present,
10.1002_pssa.201532305,F4b/H2 50 sccm,10.1002_pssa.201532305-E005,ContinuousTrace,pulse_time,WF6,1,min,1-min exposure to WF6,figure 4 caption,caption,direct,model_input,figure,figure,True,True,True,bound,present,True,not_a_recipe_field,present,present,present,
10.1002_pssa.201532305,F4b/H2 50 sccm,10.1002_pssa.201532305-E005,ContinuousTrace,purge_time,,2,min,2-min purge,figure 4 caption,caption,direct,model_input,figure,figure,True,True,True,bound,present,True,not_a_recipe_field,present,present,present,
10.1002_pssa.201532305,F4b/H2 50 sccm,10.1002_pssa.201532305-E005,ContinuousTrace,base_pressure,,1e-7,mbar,base pressure of 1e-7 mbar,methods section,methods,direct,experimental_condition,method,method,True,True,True,bound,present,True,not_a_recipe_field,present,present,present,
10.1002_pssa.201532305,F4b/H2 50 sccm,10.1002_pssa.201532305-E005,ContinuousTrace,generic_pressure,,1 mbar; 10 mbar,,"2 distinct generic_pressure values at method scope; no narrower evidence distinguishes them, so none is applied",,,,,method,,True,True,False,ambiguous_withheld,candidates_preserved,False,withheld,candidates_preserved,present,n/a,applicability
10.1002_pssa.201532305,F4b/H2 100 sccm,10.1002_pssa.201532305-E006,ContinuousTrace,flow_rate,,100,sccm,100sccm of H2,figure 4 caption,caption,direct,model_input,figure,figure,True,True,True,bound,present,True,present,present,present,present,
10.1002_pssa.201532305,F4b/H2 100 sccm,10.1002_pssa.201532305-E006,ContinuousTrace,hot_wire_temperature,,1860,°C,1860 °C of hot-wire,figure 4 caption,caption,direct,model_input,figure,figure,True,True,True,bound,present,True,not_a_recipe_field,present,present,present,
10.1002_pssa.201532305,F4b/H2 100 sccm,10.1002_pssa.201532305-E006,ContinuousTrace,deposition_temperature,,325,°C,325 °C of substrate temperature,figure 4 caption,caption,direct,model_input,figure,figure,True,True,True,bound,present,True,present,present,present,present,
10.1002_pssa.201532305,F4b/H2 100 sccm,10.1002_pssa.201532305-E006,ContinuousTrace,flow_rate,WF6,10,sccm,10 sccm of WF6,figure 4 caption,caption,direct,model_input,figure,figure,True,True,True,bound,present,True,present,present,present,present,
10.1002_pssa.201532305,F4b/H2 100 sccm,10.1002_pssa.201532305-E006,ContinuousTrace,flow_rate,Ar,50,sccm,50 sccm,figure 4 caption,caption,direct,experimental_condition,figure,figure,True,True,True,bound,present,True,present,present,present,present,
10.1002_pssa.201532305,F4b/H2 100 sccm,10.1002_pssa.201532305-E006,ContinuousTrace,working_pressure,,0.01,mbar,0.01 mbar of pressure,figure 4 caption,caption,direct,model_input,figure,figure,True,True,True,bound,present,True,not_a_recipe_field,present,present,present,
10.1002_pssa.201532305,F4b/H2 100 sccm,10.1002_pssa.201532305-E006,ContinuousTrace,pulse_time,WF6,1,min,1-min exposure to WF6,figure 4 caption,caption,direct,model_input,figure,figure,True,True,True,bound,present,True,not_a_recipe_field,present,present,present,
10.1002_pssa.201532305,F4b/H2 100 sccm,10.1002_pssa.201532305-E006,ContinuousTrace,purge_time,,2,min,2-min purge,figure 4 caption,caption,direct,model_input,figure,figure,True,True,True,bound,present,True,not_a_recipe_field,present,present,present,
10.1002_pssa.201532305,F4b/H2 100 sccm,10.1002_pssa.201532305-E006,ContinuousTrace,base_pressure,,1e-7,mbar,base pressure of 1e-7 mbar,methods section,methods,direct,experimental_condition,method,method,True,True,True,bound,present,True,not_a_recipe_field,present,present,present,
10.1002_pssa.201532305,F4b/H2 100 sccm,10.1002_pssa.201532305-E006,ContinuousTrace,generic_pressure,,1 mbar; 10 mbar,,"2 distinct generic_pressure values at method scope; no narrower evidence distinguishes them, so none is applied",,,,,method,,True,True,False,ambiguous_withheld,candidates_preserved,False,withheld,candidates_preserved,present,n/a,applicability
10.1002_pssa.201532305,F4c/WF6 10 sccm,10.1002_pssa.201532305-E007,ContinuousTrace,flow_rate,WF6,10,sccm,10 sccm,series label 'WF6 10 sccm' (axis 'WF6 flow rate'),series_label,direct,experimental_condition,series,series,True,True,True,bound,present,True,present,present,present,present,
10.1002_pssa.201532305,F4c/WF6 10 sccm,10.1002_pssa.201532305-E007,ContinuousTrace,flow_rate,H2,100,sccm,100 sccm of H2,figure 4 caption,caption,direct,model_input,figure,figure,True,True,True,bound,present,True,present,present,present,present,
10.1002_pssa.201532305,F4c/WF6 10 sccm,10.1002_pssa.201532305-E007,ContinuousTrace,hot_wire_temperature,,1860,°C,1860 °C of hot-wire,figure 4 caption,caption,direct,model_input,figure,figure,True,True,True,bound,present,True,not_a_recipe_field,present,present,present,
10.1002_pssa.201532305,F4c/WF6 10 sccm,10.1002_pssa.201532305-E007,ContinuousTrace,deposition_temperature,,325,°C,325 °C of substrate temperature,figure 4 caption,caption,direct,model_input,figure,figure,True,True,True,bound,present,True,present,present,present,present,
10.1002_pssa.201532305,F4c/WF6 10 sccm,10.1002_pssa.201532305-E007,ContinuousTrace,flow_rate,Ar,50,sccm,50 sccm,figure 4 caption,caption,direct,experimental_condition,figure,figure,True,True,True,bound,present,True,present,present,present,present,
10.1002_pssa.201532305,F4c/WF6 10 sccm,10.1002_pssa.201532305-E007,ContinuousTrace,working_pressure,,0.01,mbar,0.01 mbar of pressure,figure 4 caption,caption,direct,model_input,figure,figure,True,True,True,bound,present,True,not_a_recipe_field,present,present,present,
10.1002_pssa.201532305,F4c/WF6 10 sccm,10.1002_pssa.201532305-E007,ContinuousTrace,pulse_time,WF6,1,min,1-min exposure to WF6,figure 4 caption,caption,direct,model_input,figure,figure,True,True,True,bound,present,True,not_a_recipe_field,present,present,present,
10.1002_pssa.201532305,F4c/WF6 10 sccm,10.1002_pssa.201532305-E007,ContinuousTrace,purge_time,,2,min,2-min purge,figure 4 caption,caption,direct,model_input,figure,figure,True,True,True,bound,present,True,not_a_recipe_field,present,present,present,
10.1002_pssa.201532305,F4c/WF6 10 sccm,10.1002_pssa.201532305-E007,ContinuousTrace,base_pressure,,1e-7,mbar,base pressure of 1e-7 mbar,methods section,methods,direct,experimental_condition,method,method,True,True,True,bound,present,True,not_a_recipe_field,present,present,present,
10.1002_pssa.201532305,F4c/WF6 10 sccm,10.1002_pssa.201532305-E007,ContinuousTrace,generic_pressure,,1 mbar; 10 mbar,,"2 distinct generic_pressure values at method scope; no narrower evidence distinguishes them, so none is applied",,,,,method,,True,True,False,ambiguous_withheld,candidates_preserved,False,withheld,candidates_preserved,present,n/a,applicability
10.1002_pssa.201532305,F4c/WF6 20 sccm,10.1002_pssa.201532305-E008,ContinuousTrace,flow_rate,WF6,20,sccm,20 sccm,series label 'WF6 20 sccm' (axis 'WF6 flow rate'),series_label,direct,experimental_condition,series,series,True,True,True,bound,present,True,present,present,present,present,
10.1002_pssa.201532305,F4c/WF6 20 sccm,10.1002_pssa.201532305-E008,ContinuousTrace,flow_rate,H2,100,sccm,100 sccm of H2,figure 4 caption,caption,direct,model_input,figure,figure,True,True,True,bound,present,True,present,present,present,present,
10.1002_pssa.201532305,F4c/WF6 20 sccm,10.1002_pssa.201532305-E008,ContinuousTrace,hot_wire_temperature,,1860,°C,1860 °C of hot-wire,figure 4 caption,caption,direct,model_input,figure,figure,True,True,True,bound,present,True,not_a_recipe_field,present,present,present,
10.1002_pssa.201532305,F4c/WF6 20 sccm,10.1002_pssa.201532305-E008,ContinuousTrace,deposition_temperature,,325,°C,325 °C of substrate temperature,figure 4 caption,caption,direct,model_input,figure,figure,True,True,True,bound,present,True,present,present,present,present,
10.1002_pssa.201532305,F4c/WF6 20 sccm,10.1002_pssa.201532305-E008,ContinuousTrace,flow_rate,Ar,50,sccm,50 sccm,figure 4 caption,caption,direct,experimental_condition,figure,figure,True,True,True,bound,present,True,present,present,present,present,
10.1002_pssa.201532305,F4c/WF6 20 sccm,10.1002_pssa.201532305-E008,ContinuousTrace,working_pressure,,0.01,mbar,0.01 mbar of pressure,figure 4 caption,caption,direct,model_input,figure,figure,True,True,True,bound,present,True,not_a_recipe_field,present,present,present,
10.1002_pssa.201532305,F4c/WF6 20 sccm,10.1002_pssa.201532305-E008,ContinuousTrace,pulse_time,WF6,1,min,1-min exposure to WF6,figure 4 caption,caption,direct,model_input,figure,figure,True,True,True,bound,present,True,not_a_recipe_field,present,present,present,
10.1002_pssa.201532305,F4c/WF6 20 sccm,10.1002_pssa.201532305-E008,ContinuousTrace,purge_time,,2,min,2-min purge,figure 4 caption,caption,direct,model_input,figure,figure,True,True,True,bound,present,True,not_a_recipe_field,present,present,present,
10.1002_pssa.201532305,F4c/WF6 20 sccm,10.1002_pssa.201532305-E008,ContinuousTrace,base_pressure,,1e-7,mbar,base pressure of 1e-7 mbar,methods section,methods,direct,experimental_condition,method,method,True,True,True,bound,present,True,not_a_recipe_field,present,present,present,
10.1002_pssa.201532305,F4c/WF6 20 sccm,10.1002_pssa.201532305-E008,ContinuousTrace,generic_pressure,,1 mbar; 10 mbar,,"2 distinct generic_pressure values at method scope; no narrower evidence distinguishes them, so none is applied",,,,,method,,True,True,False,ambiguous_withheld,candidates_preserved,False,withheld,candidates_preserved,present,n/a,applicability
10.1002_pssa.201532305,F4d/Ar 10 sccm,10.1002_pssa.201532305-E009,ContinuousTrace,flow_rate,WF6,10,sccm,10 sccm of WF6,figure 4 caption,caption,direct,model_input,figure,figure,True,True,True,bound,present,True,present,present,present,present,
10.1002_pssa.201532305,F4d/Ar 10 sccm,10.1002_pssa.201532305-E009,ContinuousTrace,flow_rate,H2,100,sccm,100 sccm of H2,figure 4 caption,caption,direct,model_input,figure,figure,True,True,True,bound,present,True,present,present,present,present,
10.1002_pssa.201532305,F4d/Ar 10 sccm,10.1002_pssa.201532305-E009,ContinuousTrace,hot_wire_temperature,,1860,°C,1860 °C of hot-wire,figure 4 caption,caption,direct,model_input,figure,figure,True,True,True,bound,present,True,not_a_recipe_field,present,present,present,
10.1002_pssa.201532305,F4d/Ar 10 sccm,10.1002_pssa.201532305-E009,ContinuousTrace,deposition_temperature,,325,°C,325 °C of substrate temperature,figure 4 caption,caption,direct,model_input,figure,figure,True,True,True,bound,present,True,present,present,present,present,
10.1002_pssa.201532305,F4d/Ar 10 sccm,10.1002_pssa.201532305-E009,ContinuousTrace,working_pressure,,0.01,mbar,0.01 mbar of pressure,figure 4 caption,caption,direct,model_input,figure,figure,True,True,True,bound,present,True,not_a_recipe_field,present,present,present,
10.1002_pssa.201532305,F4d/Ar 10 sccm,10.1002_pssa.201532305-E009,ContinuousTrace,pulse_time,WF6,1,min,1-min exposure to WF6,figure 4 caption,caption,direct,model_input,figure,figure,True,True,True,bound,present,True,not_a_recipe_field,present,present,present,
10.1002_pssa.201532305,F4d/Ar 10 sccm,10.1002_pssa.201532305-E009,ContinuousTrace,purge_time,,2,min,2-min purge,figure 4 caption,caption,direct,model_input,figure,figure,True,True,True,bound,present,True,not_a_recipe_field,present,present,present,
10.1002_pssa.201532305,F4d/Ar 10 sccm,10.1002_pssa.201532305-E009,ContinuousTrace,base_pressure,,1e-7,mbar,base pressure of 1e-7 mbar,methods section,methods,direct,experimental_condition,method,method,True,True,True,bound,present,True,not_a_recipe_field,present,present,present,
10.1002_pssa.201532305,F4d/Ar 10 sccm,10.1002_pssa.201532305-E009,ContinuousTrace,generic_pressure,,1 mbar; 10 mbar,,"2 distinct generic_pressure values at method scope; no narrower evidence distinguishes them, so none is applied",,,,,method,,True,True,False,ambiguous_withheld,candidates_preserved,False,withheld,candidates_preserved,present,n/a,applicability
10.1002_pssa.201532305,F4d/Ar 100 sccm,10.1002_pssa.201532305-E010,ContinuousTrace,flow_rate,H2,100,sccm,100 sccm of H2,figure 4 caption,caption,direct,model_input,figure,figure,True,True,True,bound,present,True,present,present,present,present,
10.1002_pssa.201532305,F4d/Ar 100 sccm,10.1002_pssa.201532305-E010,ContinuousTrace,hot_wire_temperature,,1860,°C,1860 °C of hot-wire,figure 4 caption,caption,direct,model_input,figure,figure,True,True,True,bound,present,True,not_a_recipe_field,present,present,present,
10.1002_pssa.201532305,F4d/Ar 100 sccm,10.1002_pssa.201532305-E010,ContinuousTrace,deposition_temperature,,325,°C,325 °C of substrate temperature,figure 4 caption,caption,direct,model_input,figure,figure,True,True,True,bound,present,True,present,present,present,present,
10.1002_pssa.201532305,F4d/Ar 100 sccm,10.1002_pssa.201532305-E010,ContinuousTrace,flow_rate,WF6,10,sccm,10 sccm of WF6,figure 4 caption,caption,direct,model_input,figure,figure,True,True,True,bound,present,True,present,present,present,present,
10.1002_pssa.201532305,F4d/Ar 100 sccm,10.1002_pssa.201532305-E010,ContinuousTrace,working_pressure,,0.01,mbar,0.01 mbar of pressure,figure 4 caption,caption,direct,model_input,figure,figure,True,True,True,bound,present,True,not_a_recipe_field,present,present,present,
10.1002_pssa.201532305,F4d/Ar 100 sccm,10.1002_pssa.201532305-E010,ContinuousTrace,pulse_time,WF6,1,min,1-min exposure to WF6,figure 4 caption,caption,direct,model_input,figure,figure,True,True,True,bound,present,True,not_a_recipe_field,present,present,present,
10.1002_pssa.201532305,F4d/Ar 100 sccm,10.1002_pssa.201532305-E010,ContinuousTrace,purge_time,,2,min,2-min purge,figure 4 caption,caption,direct,model_input,figure,figure,True,True,True,bound,present,True,not_a_recipe_field,present,present,present,
10.1002_pssa.201532305,F4d/Ar 100 sccm,10.1002_pssa.201532305-E010,ContinuousTrace,base_pressure,,1e-7,mbar,base pressure of 1e-7 mbar,methods section,methods,direct,experimental_condition,method,method,True,True,True,bound,present,True,not_a_recipe_field,present,present,present,
10.1002_pssa.201532305,F4d/Ar 100 sccm,10.1002_pssa.201532305-E010,ContinuousTrace,generic_pressure,,1 mbar; 10 mbar,,"2 distinct generic_pressure values at method scope; no narrower evidence distinguishes them, so none is applied",,,,,method,,True,True,False,ambiguous_withheld,candidates_preserved,False,withheld,candidates_preserved,present,n/a,applicability
10.1002_pssa.201532305,F5a/C1s,10.1002_pssa.201532305-E011,MultiOutputMeasurement,flow_rate,WF6,100,sccm,100 sccm,figure 5 caption,caption,direct,experimental_condition,figure,figure,True,True,True,bound,present,True,present,present,present,present,
10.1002_pssa.201532305,F5a/C1s,10.1002_pssa.201532305-E011,MultiOutputMeasurement,deposition_temperature,,325,°C,substrate temperature of 325 °C,figure 5 caption,caption,direct,experimental_condition,figure,figure,True,True,True,bound,present,True,present,present,present,present,
10.1002_pssa.201532305,F5a/C1s,10.1002_pssa.201532305-E011,MultiOutputMeasurement,hot_wire_temperature,,1800,°C,hot-wire temperature of 1800 °C,figure 5 caption,caption,direct,experimental_condition,figure,figure,True,True,True,bound,present,True,not_a_recipe_field,present,present,present,
10.1002_pssa.201532305,F5a/C1s,10.1002_pssa.201532305-E011,MultiOutputMeasurement,base_pressure,,1e-7,mbar,base pressure of 1e-7 mbar,methods section,methods,direct,experimental_condition,method,method,True,True,True,bound,present,True,not_a_recipe_field,present,present,present,
10.1002_pssa.201532305,F5a/C1s,10.1002_pssa.201532305-E011,MultiOutputMeasurement,working_pressure,,-1,mbar,"325 °C, and process pressures of 0.001 -1 mbar. For ex-situ (electrical) characterization, it is important to prevent ox",methods section,methods,direct,experimental_condition,method,method,True,True,True,bound,present,True,not_a_recipe_field,present,present,present,
10.1002_pssa.201532305,F5a/C1s,10.1002_pssa.201532305-E011,MultiOutputMeasurement,purge_time,,10 min; 2 min,,"2 distinct purge_time values at figure scope; no narrower evidence distinguishes them, so none is applied",,,,,figure,,True,True,False,ambiguous_withheld,candidates_preserved,False,withheld,candidates_preserved,present,n/a,applicability
10.1002_pssa.201532305,F5a/C1s,10.1002_pssa.201532305-E011,MultiOutputMeasurement,generic_pressure,,1 mbar; 10 mbar,,"2 distinct generic_pressure values at method scope; no narrower evidence distinguishes them, so none is applied",,,,,method,,True,True,False,ambiguous_withheld,candidates_preserved,False,withheld,candidates_preserved,present,n/a,applicability
10.1002_pssa.201532305,F5a/N1s,10.1002_pssa.201532305-E012,MultiOutputMeasurement,flow_rate,WF6,100,sccm,100 sccm,figure 5 caption,caption,direct,experimental_condition,figure,figure,True,True,True,bound,present,True,present,present,present,present,
10.1002_pssa.201532305,F5a/N1s,10.1002_pssa.201532305-E012,MultiOutputMeasurement,deposition_temperature,,325,°C,substrate temperature of 325 °C,figure 5 caption,caption,direct,experimental_condition,figure,figure,True,True,True,bound,present,True,present,present,present,present,
10.1002_pssa.201532305,F5a/N1s,10.1002_pssa.201532305-E012,MultiOutputMeasurement,hot_wire_temperature,,1800,°C,hot-wire temperature of 1800 °C,figure 5 caption,caption,direct,experimental_condition,figure,figure,True,True,True,bound,present,True,not_a_recipe_field,present,present,present,
10.1002_pssa.201532305,F5a/N1s,10.1002_pssa.201532305-E012,MultiOutputMeasurement,base_pressure,,1e-7,mbar,base pressure of 1e-7 mbar,methods section,methods,direct,experimental_condition,method,method,True,True,True,bound,present,True,not_a_recipe_field,present,present,present,
10.1002_pssa.201532305,F5a/N1s,10.1002_pssa.201532305-E012,MultiOutputMeasurement,working_pressure,,-1,mbar,"325 °C, and process pressures of 0.001 -1 mbar. For ex-situ (electrical) characterization, it is important to prevent ox",methods section,methods,direct,experimental_condition,method,method,True,True,True,bound,present,True,not_a_recipe_field,present,present,present,
10.1002_pssa.201532305,F5a/N1s,10.1002_pssa.201532305-E012,MultiOutputMeasurement,purge_time,,10 min; 2 min,,"2 distinct purge_time values at figure scope; no narrower evidence distinguishes them, so none is applied",,,,,figure,,True,True,False,ambiguous_withheld,candidates_preserved,False,withheld,candidates_preserved,present,n/a,applicability
10.1002_pssa.201532305,F5a/N1s,10.1002_pssa.201532305-E012,MultiOutputMeasurement,generic_pressure,,1 mbar; 10 mbar,,"2 distinct generic_pressure values at method scope; no narrower evidence distinguishes them, so none is applied",,,,,method,,True,True,False,ambiguous_withheld,candidates_preserved,False,withheld,candidates_preserved,present,n/a,applicability
10.1002_pssa.201532305,F5a/O1s,10.1002_pssa.201532305-E013,MultiOutputMeasurement,flow_rate,WF6,100,sccm,100 sccm,figure 5 caption,caption,direct,experimental_condition,figure,figure,True,True,True,bound,present,True,present,present,present,present,
10.1002_pssa.201532305,F5a/O1s,10.1002_pssa.201532305-E013,MultiOutputMeasurement,deposition_temperature,,325,°C,substrate temperature of 325 °C,figure 5 caption,caption,direct,experimental_condition,figure,figure,True,True,True,bound,present,True,present,present,present,present,
10.1002_pssa.201532305,F5a/O1s,10.1002_pssa.201532305-E013,MultiOutputMeasurement,hot_wire_temperature,,1800,°C,hot-wire temperature of 1800 °C,figure 5 caption,caption,direct,experimental_condition,figure,figure,True,True,True,bound,present,True,not_a_recipe_field,present,present,present,
10.1002_pssa.201532305,F5a/O1s,10.1002_pssa.201532305-E013,MultiOutputMeasurement,base_pressure,,1e-7,mbar,base pressure of 1e-7 mbar,methods section,methods,direct,experimental_condition,method,method,True,True,True,bound,present,True,not_a_recipe_field,present,present,present,
10.1002_pssa.201532305,F5a/O1s,10.1002_pssa.201532305-E013,MultiOutputMeasurement,working_pressure,,-1,mbar,"325 °C, and process pressures of 0.001 -1 mbar. For ex-situ (electrical) characterization, it is important to prevent ox",methods section,methods,direct,experimental_condition,method,method,True,True,True,bound,present,True,not_a_recipe_field,present,present,present,
10.1002_pssa.201532305,F5a/O1s,10.1002_pssa.201532305-E013,MultiOutputMeasurement,purge_time,,10 min; 2 min,,"2 distinct purge_time values at figure scope; no narrower evidence distinguishes them, so none is applied",,,,,figure,,True,True,False,ambiguous_withheld,candidates_preserved,False,withheld,candidates_preserved,present,n/a,applicability
10.1002_pssa.201532305,F5a/O1s,10.1002_pssa.201532305-E013,MultiOutputMeasurement,generic_pressure,,1 mbar; 10 mbar,,"2 distinct generic_pressure values at method scope; no narrower evidence distinguishes them, so none is applied",,,,,method,,True,True,False,ambiguous_withheld,candidates_preserved,False,withheld,candidates_preserved,present,n/a,applicability
10.1002_pssa.201532305,F5a/F1s,10.1002_pssa.201532305-E014,MultiOutputMeasurement,flow_rate,WF6,100,sccm,100 sccm,figure 5 caption,caption,direct,experimental_condition,figure,figure,True,True,True,bound,present,True,present,present,present,present,
10.1002_pssa.201532305,F5a/F1s,10.1002_pssa.201532305-E014,MultiOutputMeasurement,deposition_temperature,,325,°C,substrate temperature of 325 °C,figure 5 caption,caption,direct,experimental_condition,figure,figure,True,True,True,bound,present,True,present,present,present,present,
10.1002_pssa.201532305,F5a/F1s,10.1002_pssa.201532305-E014,MultiOutputMeasurement,hot_wire_temperature,,1800,°C,hot-wire temperature of 1800 °C,figure 5 caption,caption,direct,experimental_condition,figure,figure,True,True,True,bound,present,True,not_a_recipe_field,present,present,present,
10.1002_pssa.201532305,F5a/F1s,10.1002_pssa.201532305-E014,MultiOutputMeasurement,base_pressure,,1e-7,mbar,base pressure of 1e-7 mbar,methods section,methods,direct,experimental_condition,method,method,True,True,True,bound,present,True,not_a_recipe_field,present,present,present,
10.1002_pssa.201532305,F5a/F1s,10.1002_pssa.201532305-E014,MultiOutputMeasurement,working_pressure,,-1,mbar,"325 °C, and process pressures of 0.001 -1 mbar. For ex-situ (electrical) characterization, it is important to prevent ox",methods section,methods,direct,experimental_condition,method,method,True,True,True,bound,present,True,not_a_recipe_field,present,present,present,
10.1002_pssa.201532305,F5a/F1s,10.1002_pssa.201532305-E014,MultiOutputMeasurement,purge_time,,10 min; 2 min,,"2 distinct purge_time values at figure scope; no narrower evidence distinguishes them, so none is applied",,,,,figure,,True,True,False,ambiguous_withheld,candidates_preserved,False,withheld,candidates_preserved,present,n/a,applicability
10.1002_pssa.201532305,F5a/F1s,10.1002_pssa.201532305-E014,MultiOutputMeasurement,generic_pressure,,1 mbar; 10 mbar,,"2 distinct generic_pressure values at method scope; no narrower evidence distinguishes them, so none is applied",,,,,method,,True,True,False,ambiguous_withheld,candidates_preserved,False,withheld,candidates_preserved,present,n/a,applicability
10.1002_pssa.201532305,F5a/Si2p,10.1002_pssa.201532305-E015,MultiOutputMeasurement,flow_rate,WF6,100,sccm,100 sccm,figure 5 caption,caption,direct,experimental_condition,figure,figure,True,True,True,bound,present,True,present,present,present,present,
10.1002_pssa.201532305,F5a/Si2p,10.1002_pssa.201532305-E015,MultiOutputMeasurement,deposition_temperature,,325,°C,substrate temperature of 325 °C,figure 5 caption,caption,direct,experimental_condition,figure,figure,True,True,True,bound,present,True,present,present,present,present,
10.1002_pssa.201532305,F5a/Si2p,10.1002_pssa.201532305-E015,MultiOutputMeasurement,hot_wire_temperature,,1800,°C,hot-wire temperature of 1800 °C,figure 5 caption,caption,direct,experimental_condition,figure,figure,True,True,True,bound,present,True,not_a_recipe_field,present,present,present,
10.1002_pssa.201532305,F5a/Si2p,10.1002_pssa.201532305-E015,MultiOutputMeasurement,base_pressure,,1e-7,mbar,base pressure of 1e-7 mbar,methods section,methods,direct,experimental_condition,method,method,True,True,True,bound,present,True,not_a_recipe_field,present,present,present,
10.1002_pssa.201532305,F5a/Si2p,10.1002_pssa.201532305-E015,MultiOutputMeasurement,working_pressure,,-1,mbar,"325 °C, and process pressures of 0.001 -1 mbar. For ex-situ (electrical) characterization, it is important to prevent ox",methods section,methods,direct,experimental_condition,method,method,True,True,True,bound,present,True,not_a_recipe_field,present,present,present,
10.1002_pssa.201532305,F5a/Si2p,10.1002_pssa.201532305-E015,MultiOutputMeasurement,purge_time,,10 min; 2 min,,"2 distinct purge_time values at figure scope; no narrower evidence distinguishes them, so none is applied",,,,,figure,,True,True,False,ambiguous_withheld,candidates_preserved,False,withheld,candidates_preserved,present,n/a,applicability
10.1002_pssa.201532305,F5a/Si2p,10.1002_pssa.201532305-E015,MultiOutputMeasurement,generic_pressure,,1 mbar; 10 mbar,,"2 distinct generic_pressure values at method scope; no narrower evidence distinguishes them, so none is applied",,,,,method,,True,True,False,ambiguous_withheld,candidates_preserved,False,withheld,candidates_preserved,present,n/a,applicability
10.1002_pssa.201532305,F5a/W4f,10.1002_pssa.201532305-E016,MultiOutputMeasurement,flow_rate,WF6,100,sccm,100 sccm,figure 5 caption,caption,direct,experimental_condition,figure,figure,True,True,True,bound,present,True,present,present,present,present,
10.1002_pssa.201532305,F5a/W4f,10.1002_pssa.201532305-E016,MultiOutputMeasurement,deposition_temperature,,325,°C,substrate temperature of 325 °C,figure 5 caption,caption,direct,experimental_condition,figure,figure,True,True,True,bound,present,True,present,present,present,present,
10.1002_pssa.201532305,F5a/W4f,10.1002_pssa.201532305-E016,MultiOutputMeasurement,hot_wire_temperature,,1800,°C,hot-wire temperature of 1800 °C,figure 5 caption,caption,direct,experimental_condition,figure,figure,True,True,True,bound,present,True,not_a_recipe_field,present,present,present,
10.1002_pssa.201532305,F5a/W4f,10.1002_pssa.201532305-E016,MultiOutputMeasurement,base_pressure,,1e-7,mbar,base pressure of 1e-7 mbar,methods section,methods,direct,experimental_condition,method,method,True,True,True,bound,present,True,not_a_recipe_field,present,present,present,
10.1002_pssa.201532305,F5a/W4f,10.1002_pssa.201532305-E016,MultiOutputMeasurement,working_pressure,,-1,mbar,"325 °C, and process pressures of 0.001 -1 mbar. For ex-situ (electrical) characterization, it is important to prevent ox",methods section,methods,direct,experimental_condition,method,method,True,True,True,bound,present,True,not_a_recipe_field,present,present,present,
10.1002_pssa.201532305,F5a/W4f,10.1002_pssa.201532305-E016,MultiOutputMeasurement,purge_time,,10 min; 2 min,,"2 distinct purge_time values at figure scope; no narrower evidence distinguishes them, so none is applied",,,,,figure,,True,True,False,ambiguous_withheld,candidates_preserved,False,withheld,candidates_preserved,present,n/a,applicability
10.1002_pssa.201532305,F5a/W4f,10.1002_pssa.201532305-E016,MultiOutputMeasurement,generic_pressure,,1 mbar; 10 mbar,,"2 distinct generic_pressure values at method scope; no narrower evidence distinguishes them, so none is applied",,,,,method,,True,True,False,ambiguous_withheld,candidates_preserved,False,withheld,candidates_preserved,present,n/a,applicability
10.1002_pssa.201532305,F6a/<single>,10.1002_pssa.201532305-E017,ContinuousTrace,flow_rate,H2,100,sccm,100sccm of H2,figure 6 caption,caption,direct,experimental_condition,figure,figure,True,True,True,bound,present,True,present,present,present,present,
10.1002_pssa.201532305,F6a/<single>,10.1002_pssa.201532305-E017,ContinuousTrace,deposition_temperature,,325,°C,325 °C of substrate temperature,figure 6 caption,caption,direct,experimental_condition,figure,figure,True,True,True,bound,present,True,present,present,present,present,
10.1002_pssa.201532305,F6a/<single>,10.1002_pssa.201532305-E017,ContinuousTrace,flow_rate,Ar,50,sccm,50 sccm,figure 6 caption,caption,direct,experimental_condition,figure,figure,True,True,True,bound,present,True,present,present,present,present,
10.1002_pssa.201532305,F6a/<single>,10.1002_pssa.201532305-E017,ContinuousTrace,pulse_time,WF6,1,min,1-min exposure to WF6,figure 6 caption,caption,direct,experimental_condition,figure,figure,True,True,True,bound,present,True,not_a_recipe_field,present,present,present,
10.1002_pssa.201532305,F6a/<single>,10.1002_pssa.201532305-E017,ContinuousTrace,working_pressure,,0.01,mbar,0.01 mbar of pressure,document.md near Fig 6,body,direct,model_input,figure,figure,True,True,True,bound,present,True,not_a_recipe_field,present,present,present,
10.1002_pssa.201532305,F6a/<single>,10.1002_pssa.201532305-E017,ContinuousTrace,base_pressure,,1e-7,mbar,base pressure of 1e-7 mbar,methods section,methods,direct,experimental_condition,method,method,True,True,True,bound,present,True,not_a_recipe_field,present,present,present,
10.1002_pssa.201532305,F6a/<single>,10.1002_pssa.201532305-E017,ContinuousTrace,hot_wire_temperature,,1750 °C; 1860 °C,,"2 distinct hot_wire_temperature values at figure scope; no narrower evidence distinguishes them, so none is applied",,,,,figure,,True,True,False,ambiguous_withheld,candidates_preserved,False,withheld,candidates_preserved,present,n/a,applicability
10.1002_pssa.201532305,F6a/<single>,10.1002_pssa.201532305-E017,ContinuousTrace,flow_rate,WF6,0 sccm; 10 sccm; 2 sccm,,"3 distinct flow_rate values at figure scope; no narrower evidence distinguishes them, so none is applied",,,,,figure,,True,True,False,ambiguous_withheld,candidates_preserved,False,withheld,candidates_preserved,present,n/a,applicability
10.1002_pssa.201532305,F6a/<single>,10.1002_pssa.201532305-E017,ContinuousTrace,purge_time,,2 min; 60 s,,"2 distinct purge_time values at figure scope; no narrower evidence distinguishes them, so none is applied",,,,,figure,,True,True,False,ambiguous_withheld,candidates_preserved,False,withheld,candidates_preserved,present,n/a,applicability
10.1002_pssa.201532305,F6a/<single>,10.1002_pssa.201532305-E017,ContinuousTrace,generic_pressure,,1 mbar; 10 mbar,,"2 distinct generic_pressure values at method scope; no narrower evidence distinguishes them, so none is applied",,,,,method,,True,True,False,ambiguous_withheld,candidates_preserved,False,withheld,candidates_preserved,present,n/a,applicability
10.1002_pssa.201532305,F7a/<single>,10.1002_pssa.201532305-E018,ContinuousTrace,flow_rate,H2,100,sccm,100 sccm of H2,figure 7 caption,caption,direct,experimental_condition,figure,figure,True,True,True,bound,present,True,present,present,present,present,
10.1002_pssa.201532305,F7a/<single>,10.1002_pssa.201532305-E018,ContinuousTrace,hot_wire_temperature,,1750,°C,1750 °C of hot-wire,figure 7 caption,caption,direct,experimental_condition,figure,figure,True,True,True,bound,present,True,not_a_recipe_field,present,present,present,
10.1002_pssa.201532305,F7a/<single>,10.1002_pssa.201532305-E018,ContinuousTrace,deposition_temperature,,325,°C,325 °C of substrate temperature,figure 7 caption,caption,direct,experimental_condition,figure,figure,True,True,True,bound,present,True,present,present,present,present,
10.1002_pssa.201532305,F7a/<single>,10.1002_pssa.201532305-E018,ContinuousTrace,flow_rate,Ar,50,sccm,50 sccm,figure 7 caption,caption,direct,experimental_condition,figure,figure,True,True,True,bound,present,True,present,present,present,present,
10.1002_pssa.201532305,F7a/<single>,10.1002_pssa.201532305-E018,ContinuousTrace,working_pressure,,1,mbar,1 mbar of pressure,figure 7 caption,caption,direct,experimental_condition,figure,figure,True,True,True,bound,present,True,not_a_recipe_field,present,present,present,
10.1002_pssa.201532305,F7a/<single>,10.1002_pssa.201532305-E018,ContinuousTrace,pulse_time,WF6,1,min,1-min exposure to WF6,document.md near Fig 7,body,direct,experimental_condition,figure,figure,True,True,True,bound,present,True,not_a_recipe_field,present,present,present,
10.1002_pssa.201532305,F7a/<single>,10.1002_pssa.201532305-E018,ContinuousTrace,base_pressure,,1e-7,mbar,base pressure of 1e-7 mbar,methods section,methods,direct,experimental_condition,method,method,True,True,True,bound,present,True,not_a_recipe_field,present,present,present,
10.1002_pssa.201532305,F7a/<single>,10.1002_pssa.201532305-E018,ContinuousTrace,generic_pressure,,10,mbar,"ne (Si2H6), at 325 °C and a pressure of 10 mbar. The thickness of a-Si was in-situ monitored by SE. Next, the reactor wa",methods section,methods,direct,experimental_condition,method,method,True,True,True,bound,present,True,not_a_recipe_field,present,present,present,
10.1002_pssa.201532305,F7a/<single>,10.1002_pssa.201532305-E018,ContinuousTrace,flow_rate,WF6,10 sccm; 2 sccm,,"2 distinct flow_rate values at figure scope; no narrower evidence distinguishes them, so none is applied",,,,,figure,,True,True,False,ambiguous_withheld,candidates_preserved,False,withheld,candidates_preserved,present,n/a,applicability
10.1002_pssa.201532305,F7a/<single>,10.1002_pssa.201532305-E018,ContinuousTrace,purge_time,,2 min; 60 s,,"2 distinct purge_time values at figure scope; no narrower evidence distinguishes them, so none is applied",,,,,figure,,True,True,False,ambiguous_withheld,candidates_preserved,False,withheld,candidates_preserved,present,n/a,applicability
10.1002_pssa.201532305,F9a/<single>,10.1002_pssa.201532305-E019,UnresolvedSourceEntity,flow_rate,H2,100,sccm,100 sccm of H2,figure 9 caption,caption,direct,experimental_condition,figure,figure,True,True,True,bound,entity_only(no case: unknown),,not_a_recipe_field,present,present,present,
10.1002_pssa.201532305,F9a/<single>,10.1002_pssa.201532305-E019,UnresolvedSourceEntity,deposition_temperature,,315,°C,substrate temperature of 315 °C,figure 9 caption,caption,direct,experimental_condition,figure,figure,True,True,True,bound,entity_only(no case: unknown),,not_a_recipe_field,present,present,present,
10.1002_pssa.201532305,F9a/<single>,10.1002_pssa.201532305-E019,UnresolvedSourceEntity,hot_wire_temperature,,1750,°C,hot-wire temperature of 1750 °C,figure 9 caption,caption,direct,experimental_condition,figure,figure,True,True,True,bound,entity_only(no case: unknown),,not_a_recipe_field,present,present,present,
10.1002_pssa.201532305,F9a/<single>,10.1002_pssa.201532305-E019,UnresolvedSourceEntity,base_pressure,,1e-7,mbar,base pressure of 1e-7 mbar,methods section,methods,direct,experimental_condition,method,method,True,True,True,bound,entity_only(no case: unknown),,not_a_recipe_field,present,present,present,
10.1002_pssa.201532305,F9a/<single>,10.1002_pssa.201532305-E019,UnresolvedSourceEntity,working_pressure,lowest,0.2,mbar,"ng. Therefore, pressure between 0.1 and 0.2 mbar was selected to provide a balance between CVD mode and etching. 3.3 Opt",document.md near Fig 9,body,direct,experimental_condition,figure,figure,True,True,True,bound,entity_only(no case: unknown),,not_a_recipe_field,present,present,present,
10.1002_pssa.201532305,F9a/<single>,10.1002_pssa.201532305-E019,UnresolvedSourceEntity,flow_rate,WF6,2 sccm; 50 sccm,,"2 distinct flow_rate values at figure scope; no narrower evidence distinguishes them, so none is applied",,,,,figure,,True,True,False,ambiguous_withheld,candidates_preserved,False,withheld,candidates_preserved,present,n/a,applicability
10.1002_pssa.201532305,F9a/<single>,10.1002_pssa.201532305-E019,UnresolvedSourceEntity,generic_pressure,,0.01 mbar; 0.1 mbar,,"2 distinct generic_pressure values at figure scope; no narrower evidence distinguishes them, so none is applied",,,,,figure,,True,True,False,ambiguous_withheld,candidates_preserved,False,withheld,candidates_preserved,present,n/a,applicability
10.1002_pssa.201532305,F10a/<single>,10.1002_pssa.201532305-E020,ContinuousTrace,flow_rate,,50,sccm,50 sccm,figure 10 caption,caption,direct,experimental_condition,figure,figure,True,True,True,bound,present,True,present,present,present,present,
10.1002_pssa.201532305,F10a/<single>,10.1002_pssa.201532305-E020,ContinuousTrace,working_pressure,,0.15,mbar,process pressure of 0.15 mbar,figure 10 caption,caption,direct,experimental_condition,figure,figure,True,True,True,bound,present,True,not_a_recipe_field,present,present,present,
10.1002_pssa.201532305,F10a/<single>,10.1002_pssa.201532305-E020,ContinuousTrace,deposition_temperature,,315,°C,substrate temperature of 315 °C,figure 10 caption,caption,direct,experimental_condition,figure,figure,True,True,True,bound,present,True,present,present,present,present,
10.1002_pssa.201532305,F10a/<single>,10.1002_pssa.201532305-E020,ContinuousTrace,hot_wire_temperature,,1750,°C,hot-wire temperature of 1750 °C,figure 10 caption,caption,direct,experimental_condition,figure,figure,True,True,True,bound,present,True,not_a_recipe_field,present,present,present,
10.1002_pssa.201532305,F10a/<single>,10.1002_pssa.201532305-E020,ContinuousTrace,flow_rate,Ar,100,sccm,100 sccm,figure 10 caption,caption,direct,experimental_condition,figure,figure,True,True,True,bound,present,True,present,present,present,present,
10.1002_pssa.201532305,F10a/<single>,10.1002_pssa.201532305-E020,ContinuousTrace,pulse_time,,20,s,exposures longer than 20 s,document.md near Fig 10,body,direct,experimental_condition,figure,figure,True,True,True,bound,present,True,not_a_recipe_field,present,present,present,
10.1002_pssa.201532305,F10a/<single>,10.1002_pssa.201532305-E020,ContinuousTrace,base_pressure,,1e-7,mbar,base pressure of 1e-7 mbar,methods section,methods,direct,experimental_condition,method,method,True,True,True,bound,present,True,not_a_recipe_field,present,present,present,
10.1002_pssa.201532305,F10a/<single>,10.1002_pssa.201532305-E020,ContinuousTrace,flow_rate,H2,100 sccm; 2 sccm,,"2 distinct flow_rate values at figure scope; no narrower evidence distinguishes them, so none is applied",,,,,figure,,True,True,False,ambiguous_withheld,candidates_preserved,False,withheld,candidates_preserved,present,n/a,applicability
10.1002_pssa.201532305,F10a/<single>,10.1002_pssa.201532305-E020,ContinuousTrace,purge_time,,0.1 s; 20 s,,"2 distinct purge_time values at figure scope; no narrower evidence distinguishes them, so none is applied",,,,,figure,,True,True,False,ambiguous_withheld,candidates_preserved,False,withheld,candidates_preserved,present,n/a,applicability
10.1002_pssa.201532305,F10a/<single>,10.1002_pssa.201532305-E020,ContinuousTrace,generic_pressure,,1 mbar; 10 mbar,,"2 distinct generic_pressure values at method scope; no narrower evidence distinguishes them, so none is applied",,,,,method,,True,True,False,ambiguous_withheld,candidates_preserved,False,withheld,candidates_preserved,present,n/a,applicability
10.1002_pssa.201532305,F11a/<single>,10.1002_pssa.201532305-E021,ExperimentSeries,working_pressure,,0.15,mbar,process pressure of 0.15 mbar,document.md near Fig 11,body,direct,experimental_condition,figure,figure,True,True,True,bound,present,True,not_a_recipe_field,present,present,present,
10.1002_pssa.201532305,F11a/<single>,10.1002_pssa.201532305-E021,ExperimentSeries,deposition_temperature,,315,°C,substrate temperature of 315 °C,document.md near Fig 11,body,direct,experimental_condition,figure,figure,True,True,True,bound,present,True,present,present,present,present,
10.1002_pssa.201532305,F11a/<single>,10.1002_pssa.201532305-E021,ExperimentSeries,hot_wire_temperature,,1750,°C,hot-wire temperature of 1750 °C,document.md near Fig 11,body,direct,experimental_condition,figure,figure,True,True,True,bound,present,True,not_a_recipe_field,present,present,present,
10.1002_pssa.201532305,F11a/<single>,10.1002_pssa.201532305-E021,ExperimentSeries,flow_rate,H2,100,sccm,100 sccm of H2,document.md near Fig 11,body,direct,model_input,figure,figure,True,True,True,bound,present,True,present,present,present,present,
10.1002_pssa.201532305,F11a/<single>,10.1002_pssa.201532305-E021,ExperimentSeries,flow_rate,WF6,2,sccm,2 sccm of WF6,document.md near Fig 11,body,direct,model_input,figure,figure,True,True,True,bound,present,True,present,present,present,present,
10.1002_pssa.201532305,F11a/<single>,10.1002_pssa.201532305-E021,ExperimentSeries,flow_rate,Ar,50,sccm,50 sccm,document.md near Fig 11,body,direct,experimental_condition,figure,figure,True,True,True,bound,present,True,present,present,present,present,
10.1002_pssa.201532305,F11a/<single>,10.1002_pssa.201532305-E021,ExperimentSeries,purge_time,,20,s,purge time of 20 s,document.md near Fig 11,body,direct,experimental_condition,figure,figure,True,True,True,bound,present,True,not_a_recipe_field,present,present,present,
10.1002_pssa.201532305,F11a/<single>,10.1002_pssa.201532305-E021,ExperimentSeries,pulse_time,at-H,10,s,pulse time of 10 s,document.md near Fig 11,body,direct,experimental_condition,figure,figure,True,True,True,bound,present,True,not_a_recipe_field,present,present,present,
10.1002_pssa.201532305,F11a/<single>,10.1002_pssa.201532305-E021,ExperimentSeries,pulse_time,,20,s,exposures longer than 20 s,document.md near Fig 11,body,direct,experimental_condition,figure,figure,True,True,True,bound,present,True,not_a_recipe_field,present,present,present,
10.1002_pssa.201532305,F11a/<single>,10.1002_pssa.201532305-E021,ExperimentSeries,base_pressure,,1e-7,mbar,base pressure of 1e-7 mbar,methods section,methods,direct,experimental_condition,method,method,True,True,True,bound,present,True,not_a_recipe_field,present,present,present,
10.1002_pssa.201532305,F11a/<single>,10.1002_pssa.201532305-E021,ExperimentSeries,flow_rate,,100 sccm; 50 sccm,,"2 distinct flow_rate values at figure scope; no narrower evidence distinguishes them, so none is applied",,,,,figure,,True,True,False,ambiguous_withheld,candidates_preserved,False,withheld,candidates_preserved,present,n/a,applicability
10.1002_pssa.201532305,F11a/<single>,10.1002_pssa.201532305-E021,ExperimentSeries,generic_pressure,,1 mbar; 10 mbar,,"2 distinct generic_pressure values at method scope; no narrower evidence distinguishes them, so none is applied",,,,,method,,True,True,False,ambiguous_withheld,candidates_preserved,False,withheld,candidates_preserved,present,n/a,applicability
10.1002_pssa.201532305,F11b/<single>,10.1002_pssa.201532305-E022,ExperimentSeries,working_pressure,,0.15,mbar,process pressure of 0.15 mbar,document.md near Fig 11,body,direct,experimental_condition,figure,figure,True,True,True,bound,present,True,not_a_recipe_field,present,present,present,
10.1002_pssa.201532305,F11b/<single>,10.1002_pssa.201532305-E022,ExperimentSeries,deposition_temperature,,315,°C,substrate temperature of 315 °C,document.md near Fig 11,body,direct,experimental_condition,figure,figure,True,True,True,bound,present,True,present,present,present,present,
10.1002_pssa.201532305,F11b/<single>,10.1002_pssa.201532305-E022,ExperimentSeries,hot_wire_temperature,,1750,°C,hot-wire temperature of 1750 °C,document.md near Fig 11,body,direct,experimental_condition,figure,figure,True,True,True,bound,present,True,not_a_recipe_field,present,present,present,
10.1002_pssa.201532305,F11b/<single>,10.1002_pssa.201532305-E022,ExperimentSeries,flow_rate,H2,100,sccm,100 sccm of H2,document.md near Fig 11,body,direct,model_input,figure,figure,True,True,True,bound,present,True,present,present,present,present,
10.1002_pssa.201532305,F11b/<single>,10.1002_pssa.201532305-E022,ExperimentSeries,flow_rate,WF6,2,sccm,2 sccm of WF6,document.md near Fig 11,body,direct,model_input,figure,figure,True,True,True,bound,present,True,present,present,present,present,
10.1002_pssa.201532305,F11b/<single>,10.1002_pssa.201532305-E022,ExperimentSeries,flow_rate,Ar,50,sccm,50 sccm,document.md near Fig 11,body,direct,experimental_condition,figure,figure,True,True,True,bound,present,True,present,present,present,present,
10.1002_pssa.201532305,F11b/<single>,10.1002_pssa.201532305-E022,ExperimentSeries,purge_time,,20,s,purge time of 20 s,document.md near Fig 11,body,direct,experimental_condition,figure,figure,True,True,True,bound,present,True,not_a_recipe_field,present,present,present,
10.1002_pssa.201532305,F11b/<single>,10.1002_pssa.201532305-E022,ExperimentSeries,pulse_time,at-H,10,s,pulse time of 10 s,document.md near Fig 11,body,direct,experimental_condition,figure,figure,True,True,True,bound,present,True,not_a_recipe_field,present,present,present,
10.1002_pssa.201532305,F11b/<single>,10.1002_pssa.201532305-E022,ExperimentSeries,pulse_time,,20,s,exposures longer than 20 s,document.md near Fig 11,body,direct,experimental_condition,figure,figure,True,True,True,bound,present,True,not_a_recipe_field,present,present,present,
10.1002_pssa.201532305,F11b/<single>,10.1002_pssa.201532305-E022,ExperimentSeries,base_pressure,,1e-7,mbar,base pressure of 1e-7 mbar,methods section,methods,direct,experimental_condition,method,method,True,True,True,bound,present,True,not_a_recipe_field,present,present,present,
10.1002_pssa.201532305,F11b/<single>,10.1002_pssa.201532305-E022,ExperimentSeries,flow_rate,,100 sccm; 50 sccm,,"2 distinct flow_rate values at figure scope; no narrower evidence distinguishes them, so none is applied",,,,,figure,,True,True,False,ambiguous_withheld,candidates_preserved,False,withheld,candidates_preserved,present,n/a,applicability
10.1002_pssa.201532305,F11b/<single>,10.1002_pssa.201532305-E022,ExperimentSeries,generic_pressure,,1 mbar; 10 mbar,,"2 distinct generic_pressure values at method scope; no narrower evidence distinguishes them, so none is applied",,,,,method,,True,True,False,ambiguous_withheld,candidates_preserved,False,withheld,candidates_preserved,present,n/a,applicability
10.1002_pssa.201532305,F11c/<single>,10.1002_pssa.201532305-E023,ExperimentSeries,flow_rate,H2,100,sccm,100 sccm of H2,"figure 11 caption, panel (c)",caption,direct,model_input,panel,panel,True,True,True,bound,present,True,present,present,present,present,
10.1002_pssa.201532305,F11c/<single>,10.1002_pssa.201532305-E023,ExperimentSeries,hot_wire_temperature,,1750,°C,1750 °C of hot-wire,"figure 11 caption, panel (c)",caption,direct,model_input,panel,panel,True,True,True,bound,present,True,not_a_recipe_field,present,present,present,
10.1002_pssa.201532305,F11c/<single>,10.1002_pssa.201532305-E023,ExperimentSeries,deposition_temperature,,315,°C,315 °C of substrate temperature,"figure 11 caption, panel (c)",caption,direct,model_input,panel,panel,True,True,True,bound,present,True,present,present,present,present,
10.1002_pssa.201532305,F11c/<single>,10.1002_pssa.201532305-E023,ExperimentSeries,flow_rate,WF6,2,sccm,2 sccm of WF6,"figure 11 caption, panel (c)",caption,direct,model_input,panel,panel,True,True,True,bound,present,True,present,present,present,present,
10.1002_pssa.201532305,F11c/<single>,10.1002_pssa.201532305-E023,ExperimentSeries,flow_rate,Ar,50,sccm,50 sccm,"figure 11 caption, panel (c)",caption,direct,experimental_condition,panel,panel,True,True,True,bound,present,True,present,present,present,present,
10.1002_pssa.201532305,F11c/<single>,10.1002_pssa.201532305-E023,ExperimentSeries,working_pressure,,0.15,mbar,0.15 mbar of pressure,"figure 11 caption, panel (c)",caption,direct,model_input,panel,panel,True,True,True,bound,present,True,not_a_recipe_field,present,present,present,
10.1002_pssa.201532305,F11c/<single>,10.1002_pssa.201532305-E023,ExperimentSeries,purge_time,,20,s,purge time of 20 s,document.md near Fig 11,body,direct,experimental_condition,figure,figure,True,True,True,bound,present,True,not_a_recipe_field,present,present,present,
10.1002_pssa.201532305,F11c/<single>,10.1002_pssa.201532305-E023,ExperimentSeries,pulse_time,at-H,10,s,pulse time of 10 s,document.md near Fig 11,body,direct,experimental_condition,figure,figure,True,True,True,bound,present,True,not_a_recipe_field,present,present,present,
10.1002_pssa.201532305,F11c/<single>,10.1002_pssa.201532305-E023,ExperimentSeries,pulse_time,,20,s,exposures longer than 20 s,document.md near Fig 11,body,direct,experimental_condition,figure,figure,True,True,True,bound,present,True,not_a_recipe_field,present,present,present,
10.1002_pssa.201532305,F11c/<single>,10.1002_pssa.201532305-E023,ExperimentSeries,base_pressure,,1e-7,mbar,base pressure of 1e-7 mbar,methods section,methods,direct,experimental_condition,method,method,True,True,True,bound,present,True,not_a_recipe_field,present,present,present,
10.1002_pssa.201532305,F11c/<single>,10.1002_pssa.201532305-E023,ExperimentSeries,generic_pressure,,1 mbar; 10 mbar,,"2 distinct generic_pressure values at method scope; no narrower evidence distinguishes them, so none is applied",,,,,method,,True,True,False,ambiguous_withheld,candidates_preserved,False,withheld,candidates_preserved,present,n/a,applicability
10.1002_pssa.201532305,F12a/O,10.1002_pssa.201532305-E024,ExperimentalProfile,flow_rate,,50,sccm,50 sccm,figure 12 caption,caption,direct,experimental_condition,figure,figure,True,True,True,bound,present,True,present,present,present,present,
10.1002_pssa.201532305,F12a/O,10.1002_pssa.201532305-E024,ExperimentalProfile,working_pressure,,0.15,mbar,process pressure of 0.15 mbar,figure 12 caption,caption,direct,experimental_condition,figure,figure,True,True,True,bound,present,True,not_a_recipe_field,present,present,present,
10.1002_pssa.201532305,F12a/O,10.1002_pssa.201532305-E024,ExperimentalProfile,deposition_temperature,,315,°C,substrate temperature of 315 °C,figure 12 caption,caption,direct,experimental_condition,figure,figure,True,True,True,bound,present,True,present,present,present,present,
10.1002_pssa.201532305,F12a/O,10.1002_pssa.201532305-E024,ExperimentalProfile,hot_wire_temperature,,1750,°C,hotwire temperature of 1750 °C,figure 12 caption,caption,direct,experimental_condition,figure,figure,True,True,True,bound,present,True,not_a_recipe_field,present,present,present,
10.1002_pssa.201532305,F12a/O,10.1002_pssa.201532305-E024,ExperimentalProfile,flow_rate,Ar,100,sccm,100 sccm,figure 12 caption,caption,direct,experimental_condition,figure,figure,True,True,True,bound,present,True,present,present,present,present,
10.1002_pssa.201532305,F12a/O,10.1002_pssa.201532305-E024,ExperimentalProfile,base_pressure,,1e-7,mbar,base pressure of 1e-7 mbar,methods section,methods,direct,experimental_condition,method,method,True,True,True,bound,present,True,not_a_recipe_field,present,present,present,
10.1002_pssa.201532305,F12a/O,10.1002_pssa.201532305-E024,ExperimentalProfile,flow_rate,H2,100 sccm; 2 sccm,,"2 distinct flow_rate values at figure scope; no narrower evidence distinguishes them, so none is applied",,,,,figure,,True,True,False,ambiguous_withheld,candidates_preserved,False,withheld,candidates_preserved,present,n/a,applicability
10.1002_pssa.201532305,F12a/O,10.1002_pssa.201532305-E024,ExperimentalProfile,purge_time,,0.1 s; 30 s,,"2 distinct purge_time values at figure scope; no narrower evidence distinguishes them, so none is applied",,,,,figure,,True,True,False,ambiguous_withheld,candidates_preserved,False,withheld,candidates_preserved,present,n/a,applicability
10.1002_pssa.201532305,F12a/O,10.1002_pssa.201532305-E024,ExperimentalProfile,generic_pressure,,1 mbar; 10 mbar,,"2 distinct generic_pressure values at method scope; no narrower evidence distinguishes them, so none is applied",,,,,method,,True,True,False,ambiguous_withheld,candidates_preserved,False,withheld,candidates_preserved,present,n/a,applicability
10.1002_pssa.201532305,F12a/Si,10.1002_pssa.201532305-E025,ExperimentalProfile,flow_rate,,50,sccm,50 sccm,figure 12 caption,caption,direct,experimental_condition,figure,figure,True,True,True,bound,present,True,present,present,present,present,
10.1002_pssa.201532305,F12a/Si,10.1002_pssa.201532305-E025,ExperimentalProfile,working_pressure,,0.15,mbar,process pressure of 0.15 mbar,figure 12 caption,caption,direct,experimental_condition,figure,figure,True,True,True,bound,present,True,not_a_recipe_field,present,present,present,
10.1002_pssa.201532305,F12a/Si,10.1002_pssa.201532305-E025,ExperimentalProfile,deposition_temperature,,315,°C,substrate temperature of 315 °C,figure 12 caption,caption,direct,experimental_condition,figure,figure,True,True,True,bound,present,True,present,present,present,present,
10.1002_pssa.201532305,F12a/Si,10.1002_pssa.201532305-E025,ExperimentalProfile,hot_wire_temperature,,1750,°C,hotwire temperature of 1750 °C,figure 12 caption,caption,direct,experimental_condition,figure,figure,True,True,True,bound,present,True,not_a_recipe_field,present,present,present,
10.1002_pssa.201532305,F12a/Si,10.1002_pssa.201532305-E025,ExperimentalProfile,flow_rate,Ar,100,sccm,100 sccm,figure 12 caption,caption,direct,experimental_condition,figure,figure,True,True,True,bound,present,True,present,present,present,present,
10.1002_pssa.201532305,F12a/Si,10.1002_pssa.201532305-E025,ExperimentalProfile,base_pressure,,1e-7,mbar,base pressure of 1e-7 mbar,methods section,methods,direct,experimental_condition,method,method,True,True,True,bound,present,True,not_a_recipe_field,present,present,present,
10.1002_pssa.201532305,F12a/Si,10.1002_pssa.201532305-E025,ExperimentalProfile,flow_rate,H2,100 sccm; 2 sccm,,"2 distinct flow_rate values at figure scope; no narrower evidence distinguishes them, so none is applied",,,,,figure,,True,True,False,ambiguous_withheld,candidates_preserved,False,withheld,candidates_preserved,present,n/a,applicability
10.1002_pssa.201532305,F12a/Si,10.1002_pssa.201532305-E025,ExperimentalProfile,purge_time,,0.1 s; 30 s,,"2 distinct purge_time values at figure scope; no narrower evidence distinguishes them, so none is applied",,,,,figure,,True,True,False,ambiguous_withheld,candidates_preserved,False,withheld,candidates_preserved,present,n/a,applicability
10.1002_pssa.201532305,F12a/Si,10.1002_pssa.201532305-E025,ExperimentalProfile,generic_pressure,,1 mbar; 10 mbar,,"2 distinct generic_pressure values at method scope; no narrower evidence distinguishes them, so none is applied",,,,,method,,True,True,False,ambiguous_withheld,candidates_preserved,False,withheld,candidates_preserved,present,n/a,applicability
10.1002_pssa.201532305,F12a/<single>,10.1002_pssa.201532305-E026,ExperimentalProfile,flow_rate,,50,sccm,50 sccm,figure 12 caption,caption,direct,experimental_condition,figure,figure,True,True,True,bound,present,True,present,present,present,present,
10.1002_pssa.201532305,F12a/<single>,10.1002_pssa.201532305-E026,ExperimentalProfile,working_pressure,,0.15,mbar,process pressure of 0.15 mbar,figure 12 caption,caption,direct,experimental_condition,figure,figure,True,True,True,bound,present,True,not_a_recipe_field,present,present,present,
10.1002_pssa.201532305,F12a/<single>,10.1002_pssa.201532305-E026,ExperimentalProfile,deposition_temperature,,315,°C,substrate temperature of 315 °C,figure 12 caption,caption,direct,experimental_condition,figure,figure,True,True,True,bound,present,True,present,present,present,present,
10.1002_pssa.201532305,F12a/<single>,10.1002_pssa.201532305-E026,ExperimentalProfile,hot_wire_temperature,,1750,°C,hotwire temperature of 1750 °C,figure 12 caption,caption,direct,experimental_condition,figure,figure,True,True,True,bound,present,True,not_a_recipe_field,present,present,present,
10.1002_pssa.201532305,F12a/<single>,10.1002_pssa.201532305-E026,ExperimentalProfile,flow_rate,Ar,100,sccm,100 sccm,figure 12 caption,caption,direct,experimental_condition,figure,figure,True,True,True,bound,present,True,present,present,present,present,
10.1002_pssa.201532305,F12a/<single>,10.1002_pssa.201532305-E026,ExperimentalProfile,base_pressure,,1e-7,mbar,base pressure of 1e-7 mbar,methods section,methods,direct,experimental_condition,method,method,True,True,True,bound,present,True,not_a_recipe_field,present,present,present,
10.1002_pssa.201532305,F12a/<single>,10.1002_pssa.201532305-E026,ExperimentalProfile,flow_rate,H2,100 sccm; 2 sccm,,"2 distinct flow_rate values at figure scope; no narrower evidence distinguishes them, so none is applied",,,,,figure,,True,True,False,ambiguous_withheld,candidates_preserved,False,withheld,candidates_preserved,present,n/a,applicability
10.1002_pssa.201532305,F12a/<single>,10.1002_pssa.201532305-E026,ExperimentalProfile,purge_time,,0.1 s; 30 s,,"2 distinct purge_time values at figure scope; no narrower evidence distinguishes them, so none is applied",,,,,figure,,True,True,False,ambiguous_withheld,candidates_preserved,False,withheld,candidates_preserved,present,n/a,applicability
10.1002_pssa.201532305,F12a/<single>,10.1002_pssa.201532305-E026,ExperimentalProfile,generic_pressure,,1 mbar; 10 mbar,,"2 distinct generic_pressure values at method scope; no narrower evidence distinguishes them, so none is applied",,,,,method,,True,True,False,ambiguous_withheld,candidates_preserved,False,withheld,candidates_preserved,present,n/a,applicability
10.1002_pssa.201532305,F12a/F,10.1002_pssa.201532305-E027,ExperimentalProfile,flow_rate,,50,sccm,50 sccm,figure 12 caption,caption,direct,experimental_condition,figure,figure,True,True,True,bound,present,True,present,present,present,present,
10.1002_pssa.201532305,F12a/F,10.1002_pssa.201532305-E027,ExperimentalProfile,working_pressure,,0.15,mbar,process pressure of 0.15 mbar,figure 12 caption,caption,direct,experimental_condition,figure,figure,True,True,True,bound,present,True,not_a_recipe_field,present,present,present,
10.1002_pssa.201532305,F12a/F,10.1002_pssa.201532305-E027,ExperimentalProfile,deposition_temperature,,315,°C,substrate temperature of 315 °C,figure 12 caption,caption,direct,experimental_condition,figure,figure,True,True,True,bound,present,True,present,present,present,present,
10.1002_pssa.201532305,F12a/F,10.1002_pssa.201532305-E027,ExperimentalProfile,hot_wire_temperature,,1750,°C,hotwire temperature of 1750 °C,figure 12 caption,caption,direct,experimental_condition,figure,figure,True,True,True,bound,present,True,not_a_recipe_field,present,present,present,
10.1002_pssa.201532305,F12a/F,10.1002_pssa.201532305-E027,ExperimentalProfile,flow_rate,Ar,100,sccm,100 sccm,figure 12 caption,caption,direct,experimental_condition,figure,figure,True,True,True,bound,present,True,present,present,present,present,
10.1002_pssa.201532305,F12a/F,10.1002_pssa.201532305-E027,ExperimentalProfile,base_pressure,,1e-7,mbar,base pressure of 1e-7 mbar,methods section,methods,direct,experimental_condition,method,method,True,True,True,bound,present,True,not_a_recipe_field,present,present,present,
10.1002_pssa.201532305,F12a/F,10.1002_pssa.201532305-E027,ExperimentalProfile,flow_rate,H2,100 sccm; 2 sccm,,"2 distinct flow_rate values at figure scope; no narrower evidence distinguishes them, so none is applied",,,,,figure,,True,True,False,ambiguous_withheld,candidates_preserved,False,withheld,candidates_preserved,present,n/a,applicability
10.1002_pssa.201532305,F12a/F,10.1002_pssa.201532305-E027,ExperimentalProfile,purge_time,,0.1 s; 30 s,,"2 distinct purge_time values at figure scope; no narrower evidence distinguishes them, so none is applied",,,,,figure,,True,True,False,ambiguous_withheld,candidates_preserved,False,withheld,candidates_preserved,present,n/a,applicability
10.1002_pssa.201532305,F12a/F,10.1002_pssa.201532305-E027,ExperimentalProfile,generic_pressure,,1 mbar; 10 mbar,,"2 distinct generic_pressure values at method scope; no narrower evidence distinguishes them, so none is applied",,,,,method,,True,True,False,ambiguous_withheld,candidates_preserved,False,withheld,candidates_preserved,present,n/a,applicability
10.1007_s11671-010-9676-0,F/<single>,10.1007_s11671-010-9676-0-E000,UnresolvedSourceEntity,cycle_number,,30,cycle,30 ALD cycles,methods section,methods,approximate,experimental_condition,method,method,True,True,True,bound,entity_only(no case: unknown),,not_a_recipe_field,present,present,present,
10.1007_s11671-010-9676-0,F/<single>,10.1007_s11671-010-9676-0-E000,UnresolvedSourceEntity,flow_rate,H2,50,sccm,50 sccm,methods section,methods,approximate,experimental_condition,method,method,True,True,True,bound,entity_only(no case: unknown),,not_a_recipe_field,present,present,present,
10.1007_s12274-010-0066-9,F1f/200 ALD cycles,10.1007_s12274-010-0066-9-E000,MultiOutputMeasurement,cycle_number,,200,cycle,200 ALD cycles,document.md near Fig 1,body,direct,experimental_condition,figure,figure,True,True,True,bound,present,True,present,present,present,present,
10.1007_s12274-010-0066-9,F1f/200 ALD cycles,10.1007_s12274-010-0066-9-E000,MultiOutputMeasurement,deposition_temperature,,300 °C; 320 °C,,"2 distinct deposition_temperature values at figure scope; no narrower evidence distinguishes them, so none is applied",,,,,figure,,True,True,False,ambiguous_withheld,candidates_preserved,False,withheld,candidates_preserved,present,n/a,applicability
10.1016_j.jcrysgro.2017.04.019,F6a/Al2O3,10.1016_j.jcrysgro.2017.04.019-E000,UnresolvedSourceEntity,generic_pressure,,0.8,mbar,substrates under a pressure of about 0.8 mbar using Ar as carrier and N2 as purging gas. The Te precursor (Et3Si)2Te was,methods section,methods,approximate,experimental_condition,method,method,True,True,True,bound,entity_only(no case: unknown),,not_a_recipe_field,present,present,present,
10.1016_j.jcrysgro.2017.04.019,F6a/Al2O3,10.1016_j.jcrysgro.2017.04.019-E000,UnresolvedSourceEntity,cycle_number,,1000 cycle; 2000 cycle,,"2 distinct cycle_number values at figure scope; no narrower evidence distinguishes them, so none is applied",,,,,figure,,True,True,False,ambiguous_withheld,candidates_preserved,False,withheld,candidates_preserved,present,n/a,applicability
10.1016_j.jcrysgro.2017.04.019,F6a/Si,10.1016_j.jcrysgro.2017.04.019-E001,UnresolvedSourceEntity,generic_pressure,,0.8,mbar,substrates under a pressure of about 0.8 mbar using Ar as carrier and N2 as purging gas. The Te precursor (Et3Si)2Te was,methods section,methods,approximate,experimental_condition,method,method,True,True,True,bound,entity_only(no case: unknown),,not_a_recipe_field,present,present,present,
10.1016_j.jcrysgro.2017.04.019,F6a/Si,10.1016_j.jcrysgro.2017.04.019-E001,UnresolvedSourceEntity,cycle_number,,1000 cycle; 2000 cycle,,"2 distinct cycle_number values at figure scope; no narrower evidence distinguishes them, so none is applied",,,,,figure,,True,True,False,ambiguous_withheld,candidates_preserved,False,withheld,candidates_preserved,present,n/a,applicability
10.1016_j.jcrysgro.2017.04.019,F6a/SiO2,10.1016_j.jcrysgro.2017.04.019-E002,UnresolvedSourceEntity,generic_pressure,,0.8,mbar,substrates under a pressure of about 0.8 mbar using Ar as carrier and N2 as purging gas. The Te precursor (Et3Si)2Te was,methods section,methods,approximate,experimental_condition,method,method,True,True,True,bound,entity_only(no case: unknown),,not_a_recipe_field,present,present,present,
10.1016_j.jcrysgro.2017.04.019,F6a/SiO2,10.1016_j.jcrysgro.2017.04.019-E002,UnresolvedSourceEntity,cycle_number,,1000 cycle; 2000 cycle,,"2 distinct cycle_number values at figure scope; no narrower evidence distinguishes them, so none is applied",,,,,figure,,True,True,False,ambiguous_withheld,candidates_preserved,False,withheld,candidates_preserved,present,n/a,applicability
10.1016_j.sse.2022.108584,F2a/θ_{sat} < 0.5,10.1016_j.sse.2022.108584-E000,ModelSweep,feature_height,,1,μm,d = 1μm,figure 2 caption,caption,direct,experimental_condition,figure,figure,True,True,True,bound,entity_only(no case: model_sweep),,not_a_recipe_field,present,present,present,
10.1016_j.sse.2022.108584,F2a/θ_{sat} < 0.5,10.1016_j.sse.2022.108584-E000,ModelSweep,feature_length,,100,μm,L = 100μm,figure 2 caption,caption,direct,experimental_condition,figure,figure,True,True,True,bound,entity_only(no case: model_sweep),,not_a_recipe_field,present,present,present,
10.1016_j.sse.2022.108584,F2a/θ_{sat} < 0.9,10.1016_j.sse.2022.108584-E001,ModelSweep,feature_height,,1,μm,d = 1μm,figure 2 caption,caption,direct,experimental_condition,figure,figure,True,True,True,bound,entity_only(no case: model_sweep),,not_a_recipe_field,present,present,present,
10.1016_j.sse.2022.108584,F2a/θ_{sat} < 0.9,10.1016_j.sse.2022.108584-E001,ModelSweep,feature_length,,100,μm,L = 100μm,figure 2 caption,caption,direct,experimental_condition,figure,figure,True,True,True,bound,entity_only(no case: model_sweep),,not_a_recipe_field,present,present,present,
10.1016_j.sse.2022.108584,F2a/θ_{sat} < 0.99,10.1016_j.sse.2022.108584-E002,ModelSweep,feature_height,,1,μm,d = 1μm,figure 2 caption,caption,direct,experimental_condition,figure,figure,True,True,True,bound,entity_only(no case: model_sweep),,not_a_recipe_field,present,present,present,
10.1016_j.sse.2022.108584,F2a/θ_{sat} < 0.99,10.1016_j.sse.2022.108584-E002,ModelSweep,feature_length,,100,μm,L = 100μm,figure 2 caption,caption,direct,experimental_condition,figure,figure,True,True,True,bound,entity_only(no case: model_sweep),,not_a_recipe_field,present,present,present,
10.1016_j.sse.2022.108584,F2a/t_p < 10 s,10.1016_j.sse.2022.108584-E003,ModelSweep,feature_height,,1,μm,d = 1μm,figure 2 caption,caption,direct,experimental_condition,figure,figure,True,True,True,bound,entity_only(no case: model_sweep),,not_a_recipe_field,present,present,present,
10.1016_j.sse.2022.108584,F2a/t_p < 10 s,10.1016_j.sse.2022.108584-E003,ModelSweep,feature_length,,100,μm,L = 100μm,figure 2 caption,caption,direct,experimental_condition,figure,figure,True,True,True,bound,entity_only(no case: model_sweep),,not_a_recipe_field,present,present,present,
10.1016_j.sse.2022.108584,F2a/t_p < 1 s,10.1016_j.sse.2022.108584-E004,ModelSweep,feature_height,,1,μm,d = 1μm,figure 2 caption,caption,direct,experimental_condition,figure,figure,True,True,True,bound,entity_only(no case: model_sweep),,not_a_recipe_field,present,present,present,
10.1016_j.sse.2022.108584,F2a/t_p < 1 s,10.1016_j.sse.2022.108584-E004,ModelSweep,feature_length,,100,μm,L = 100μm,figure 2 caption,caption,direct,experimental_condition,figure,figure,True,True,True,bound,entity_only(no case: model_sweep),,not_a_recipe_field,present,present,present,
10.1016_j.sse.2022.108584,F2a/t_p < 0.1 s,10.1016_j.sse.2022.108584-E005,ModelSweep,feature_height,,1,μm,d = 1μm,figure 2 caption,caption,direct,experimental_condition,figure,figure,True,True,True,bound,entity_only(no case: model_sweep),,not_a_recipe_field,present,present,present,
10.1016_j.sse.2022.108584,F2a/t_p < 0.1 s,10.1016_j.sse.2022.108584-E005,ModelSweep,feature_length,,100,μm,L = 100μm,figure 2 caption,caption,direct,experimental_condition,figure,figure,True,True,True,bound,entity_only(no case: model_sweep),,not_a_recipe_field,present,present,present,
10.1016_j.sse.2022.108584,"F4a/Arts 2019, 310 °C",10.1016_j.sse.2022.108584-E006,ImportedLiteratureObservation,deposition_temperature,,310,°C,310 °C,"series label 'Arts 2019, 310 °C' (axis 'temperature')",series_label,direct,experimental_condition,series,series,True,True,True,bound,entity_only(no case: imported_literature_data),,not_a_recipe_field,present,present,present,
10.1016_j.sse.2022.108584,"F4a/Arts 2019, 310 °C",10.1016_j.sse.2022.108584-E006,ImportedLiteratureObservation,exposure,,750,mTorr*s,750 mTorr ⋅ s,reference-scoped statement in document.md,body,estimated,model_input,series,series,True,True,True,bound,entity_only(no case: imported_literature_data),,not_a_recipe_field,present,present,present,
10.1016_j.sse.2022.108584,"F4a/Arts 2019, 310 °C",10.1016_j.sse.2022.108584-E006,ImportedLiteratureObservation,cycle_number,,400,cycle,400 ALD cycles,reference-scoped statement in document.md,body,approximate,literature_condition,series,series,True,True,True,bound,entity_only(no case: imported_literature_data),,not_a_recipe_field,present,present,present,
10.1016_j.sse.2022.108584,"F4a/Arts 2019, 310 °C",10.1016_j.sse.2022.108584-E006,ImportedLiteratureObservation,growth_per_cycle,,1.12,Å/cycle,GPC of 1.12 Å,reference-scoped statement in document.md,body,approximate,literature_condition,series,series,True,True,True,bound,entity_only(no case: imported_literature_data),,not_a_recipe_field,present,present,present,
10.1016_j.sse.2022.108584,"F4a/Arts 2019, 310 °C",10.1016_j.sse.2022.108584-E006,ImportedLiteratureObservation,feature_height,,0.5,μm,d = 0.5 μm,reference-scoped statement in document.md,body,direct,literature_condition,series,series,True,True,True,bound,entity_only(no case: imported_literature_data),,not_a_recipe_field,present,present,present,
10.1016_j.sse.2022.108584,"F4a/Arts 2019, 310 °C",10.1016_j.sse.2022.108584-E006,ImportedLiteratureObservation,feature_length,,5000,μm,L = 5000μm,reference-scoped statement in document.md,body,direct,literature_condition,series,series,True,True,True,bound,entity_only(no case: imported_literature_data),,not_a_recipe_field,present,present,present,
10.1016_j.sse.2022.108584,"F4a/Model, 310 °C",10.1016_j.sse.2022.108584-E007,SimulationRun,deposition_temperature,,310,°C,310 °C,"series label 'Model, 310 °C' (axis 'temperature')",series_label,direct,experimental_condition,series,series,True,True,True,bound,entity_only(no case: simulation),,not_a_recipe_field,present,present,present,
10.1016_j.sse.2022.108584,"F4a/Arts 2019, 220 °C",10.1016_j.sse.2022.108584-E008,ImportedLiteratureObservation,deposition_temperature,,220,°C,220 °C,"series label 'Arts 2019, 220 °C' (axis 'temperature')",series_label,direct,experimental_condition,series,series,True,True,True,bound,entity_only(no case: imported_literature_data),,not_a_recipe_field,present,present,present,
10.1016_j.sse.2022.108584,"F4a/Arts 2019, 220 °C",10.1016_j.sse.2022.108584-E008,ImportedLiteratureObservation,exposure,,750,mTorr*s,750 mTorr ⋅ s,reference-scoped statement in document.md,body,estimated,model_input,series,series,True,True,True,bound,entity_only(no case: imported_literature_data),,not_a_recipe_field,present,present,present,
10.1016_j.sse.2022.108584,"F4a/Arts 2019, 220 °C",10.1016_j.sse.2022.108584-E008,ImportedLiteratureObservation,cycle_number,,400,cycle,400 ALD cycles,reference-scoped statement in document.md,body,approximate,literature_condition,series,series,True,True,True,bound,entity_only(no case: imported_literature_data),,not_a_recipe_field,present,present,present,
10.1016_j.sse.2022.108584,"F4a/Arts 2019, 220 °C",10.1016_j.sse.2022.108584-E008,ImportedLiteratureObservation,growth_per_cycle,,1.12,Å/cycle,GPC of 1.12 Å,reference-scoped statement in document.md,body,approximate,literature_condition,series,series,True,True,True,bound,entity_only(no case: imported_literature_data),,not_a_recipe_field,present,present,present,
10.1016_j.sse.2022.108584,"F4a/Arts 2019, 220 °C",10.1016_j.sse.2022.108584-E008,ImportedLiteratureObservation,feature_height,,0.5,μm,d = 0.5 μm,reference-scoped statement in document.md,body,direct,literature_condition,series,series,True,True,True,bound,entity_only(no case: imported_literature_data),,not_a_recipe_field,present,present,present,
10.1016_j.sse.2022.108584,"F4a/Arts 2019, 220 °C",10.1016_j.sse.2022.108584-E008,ImportedLiteratureObservation,feature_length,,5000,μm,L = 5000μm,reference-scoped statement in document.md,body,direct,literature_condition,series,series,True,True,True,bound,entity_only(no case: imported_literature_data),,not_a_recipe_field,present,present,present,
10.1016_j.sse.2022.108584,"F4a/Model, 220 °C",10.1016_j.sse.2022.108584-E009,SimulationRun,deposition_temperature,,220,°C,220 °C,"series label 'Model, 220 °C' (axis 'temperature')",series_label,direct,experimental_condition,series,series,True,True,True,bound,entity_only(no case: simulation),,not_a_recipe_field,present,present,present,
10.1016_j.sse.2022.108584,"F4a/Arts 2019, 150 °C",10.1016_j.sse.2022.108584-E010,ImportedLiteratureObservation,deposition_temperature,,150,°C,150 °C,"series label 'Arts 2019, 150 °C' (axis 'temperature')",series_label,direct,experimental_condition,series,series,True,True,True,bound,entity_only(no case: imported_literature_data),,not_a_recipe_field,present,present,present,
10.1016_j.sse.2022.108584,"F4a/Arts 2019, 150 °C",10.1016_j.sse.2022.108584-E010,ImportedLiteratureObservation,exposure,,750,mTorr*s,750 mTorr ⋅ s,reference-scoped statement in document.md,body,estimated,model_input,series,series,True,True,True,bound,entity_only(no case: imported_literature_data),,not_a_recipe_field,present,present,present,
10.1016_j.sse.2022.108584,"F4a/Arts 2019, 150 °C",10.1016_j.sse.2022.108584-E010,ImportedLiteratureObservation,cycle_number,,400,cycle,400 ALD cycles,reference-scoped statement in document.md,body,approximate,literature_condition,series,series,True,True,True,bound,entity_only(no case: imported_literature_data),,not_a_recipe_field,present,present,present,
10.1016_j.sse.2022.108584,"F4a/Arts 2019, 150 °C",10.1016_j.sse.2022.108584-E010,ImportedLiteratureObservation,growth_per_cycle,,1.12,Å/cycle,GPC of 1.12 Å,reference-scoped statement in document.md,body,approximate,literature_condition,series,series,True,True,True,bound,entity_only(no case: imported_literature_data),,not_a_recipe_field,present,present,present,
10.1016_j.sse.2022.108584,"F4a/Arts 2019, 150 °C",10.1016_j.sse.2022.108584-E010,ImportedLiteratureObservation,feature_height,,0.5,μm,d = 0.5 μm,reference-scoped statement in document.md,body,direct,literature_condition,series,series,True,True,True,bound,entity_only(no case: imported_literature_data),,not_a_recipe_field,present,present,present,
10.1016_j.sse.2022.108584,"F4a/Arts 2019, 150 °C",10.1016_j.sse.2022.108584-E010,ImportedLiteratureObservation,feature_length,,5000,μm,L = 5000μm,reference-scoped statement in document.md,body,direct,literature_condition,series,series,True,True,True,bound,entity_only(no case: imported_literature_data),,not_a_recipe_field,present,present,present,
10.1016_j.sse.2022.108584,"F4a/Model, 150 °C",10.1016_j.sse.2022.108584-E011,SimulationRun,deposition_temperature,,150,°C,150 °C,"series label 'Model, 150 °C' (axis 'temperature')",series_label,direct,experimental_condition,series,series,True,True,True,bound,entity_only(no case: simulation),,not_a_recipe_field,present,present,present,
10.1016_j.sse.2022.108584,F6a/Ylilammi 2018,10.1016_j.sse.2022.108584-E017,ImportedLiteratureObservation,feature_height,,0.1,μm,d = 0.1 μm,document.md near Fig 6,body,direct,experimental_condition,figure,figure,True,True,True,bound,entity_only(no case: imported_literature_data),,not_a_recipe_field,present,present,present,
10.1016_j.sse.2022.108584,F6a/Ylilammi 2018,10.1016_j.sse.2022.108584-E017,ImportedLiteratureObservation,precursor_partial_pressure,,325,mTorr,p A = 325 mTorr,reference-scoped statement in document.md,body,estimated,model_input,series,series,True,True,True,bound,entity_only(no case: imported_literature_data),,not_a_recipe_field,present,present,present,
10.1016_j.sse.2022.108584,"F6a/Yim and Ylivaara 2020, t_p = 0.2 s",10.1016_j.sse.2022.108584-E018,ImportedLiteratureObservation,feature_height,,0.1,μm,d = 0.1 μm,reference-scoped statement in document.md,body,direct,literature_condition,series,series,True,True,True,bound,entity_only(no case: imported_literature_data),,not_a_recipe_field,present,present,present,
10.1016_j.sse.2022.108584,"F6a/Yim and Ylivaara 2020, t_p = 0.2 s",10.1016_j.sse.2022.108584-E018,ImportedLiteratureObservation,precursor_partial_pressure,,160,mTorr,p A = 160 mTorr,reference-scoped statement in document.md,body,estimated,model_input,series,series,True,True,True,bound,entity_only(no case: imported_literature_data),,not_a_recipe_field,present,present,present,
10.1016_j.sse.2022.108584,"F6a/Yim and Ylivaara 2020, t_p = 0.1 s",10.1016_j.sse.2022.108584-E019,ImportedLiteratureObservation,feature_height,,0.1,μm,d = 0.1 μm,reference-scoped statement in document.md,body,direct,literature_condition,series,series,True,True,True,bound,entity_only(no case: imported_literature_data),,not_a_recipe_field,present,present,present,
10.1016_j.sse.2022.108584,"F6a/Yim and Ylivaara 2020, t_p = 0.1 s",10.1016_j.sse.2022.108584-E019,ImportedLiteratureObservation,precursor_partial_pressure,,160,mTorr,p A = 160 mTorr,reference-scoped statement in document.md,body,estimated,model_input,series,series,True,True,True,bound,entity_only(no case: imported_literature_data),,not_a_recipe_field,present,present,present,
10.1016_j.sse.2022.108584,F6a/Arts 2019,10.1016_j.sse.2022.108584-E020,ImportedLiteratureObservation,feature_height,,0.5,μm,d = 0.5 μm,reference-scoped statement in document.md,body,direct,literature_condition,series,series,True,True,True,bound,entity_only(no case: imported_literature_data),,not_a_recipe_field,present,present,present,
10.1016_j.sse.2022.108584,F6a/Arts 2019,10.1016_j.sse.2022.108584-E020,ImportedLiteratureObservation,exposure,,750,mTorr*s,750 mTorr ⋅ s,reference-scoped statement in document.md,body,estimated,model_input,series,series,True,True,True,bound,entity_only(no case: imported_literature_data),,not_a_recipe_field,present,present,present,
10.1016_j.sse.2022.108584,F6a/Arts 2019,10.1016_j.sse.2022.108584-E020,ImportedLiteratureObservation,cycle_number,,400,cycle,400 ALD cycles,reference-scoped statement in document.md,body,approximate,literature_condition,series,series,True,True,True,bound,entity_only(no case: imported_literature_data),,not_a_recipe_field,present,present,present,
10.1016_j.sse.2022.108584,F6a/Arts 2019,10.1016_j.sse.2022.108584-E020,ImportedLiteratureObservation,growth_per_cycle,,1.12,Å/cycle,GPC of 1.12 Å,reference-scoped statement in document.md,body,approximate,literature_condition,series,series,True,True,True,bound,entity_only(no case: imported_literature_data),,not_a_recipe_field,present,present,present,
10.1016_j.sse.2022.108584,F6a/Arts 2019,10.1016_j.sse.2022.108584-E020,ImportedLiteratureObservation,feature_length,,5000,μm,L = 5000μm,reference-scoped statement in document.md,body,direct,literature_condition,series,series,True,True,True,bound,entity_only(no case: imported_literature_data),,not_a_recipe_field,present,present,present,
10.1016_j.sse.2022.108584,"F7a/Yim and Ylivaara 2020, d = 2.0 µm",10.1016_j.sse.2022.108584-E021,ImportedLiteratureObservation,feature_height,,2.0,µm,d = 2.0 µm,"series label 'Yim and Ylivaara 2020, d = 2.0 µm' (axis 'initial opening d')",series_label,direct,experimental_condition,series,series,True,True,True,bound,entity_only(no case: imported_literature_data),,not_a_recipe_field,present,present,present,
10.1016_j.sse.2022.108584,"F7a/Yim and Ylivaara 2020, d = 2.0 µm",10.1016_j.sse.2022.108584-E021,ImportedLiteratureObservation,precursor_partial_pressure,,160,mTorr,p A = 160 mTorr,reference-scoped statement in document.md,body,estimated,model_input,series,series,True,True,True,bound,entity_only(no case: imported_literature_data),,not_a_recipe_field,present,present,present,
10.1016_j.sse.2022.108584,"F7a/Yim and Ylivaara 2020, d = 0.5 µm",10.1016_j.sse.2022.108584-E022,ImportedLiteratureObservation,feature_height,,0.5,µm,d = 0.5 µm,"series label 'Yim and Ylivaara 2020, d = 0.5 µm' (axis 'initial opening d')",series_label,direct,experimental_condition,series,series,True,True,True,bound,entity_only(no case: imported_literature_data),,not_a_recipe_field,present,present,present,
10.1016_j.sse.2022.108584,"F7a/Yim and Ylivaara 2020, d = 0.5 µm",10.1016_j.sse.2022.108584-E022,ImportedLiteratureObservation,precursor_partial_pressure,,160,mTorr,p A = 160 mTorr,reference-scoped statement in document.md,body,estimated,model_input,series,series,True,True,True,bound,entity_only(no case: imported_literature_data),,not_a_recipe_field,present,present,present,
10.1016_j.sse.2022.108584,"F7a/Yim and Ylivaara 2020, d = 0.1 µm",10.1016_j.sse.2022.108584-E023,ImportedLiteratureObservation,feature_height,,0.1,µm,d = 0.1 µm,"series label 'Yim and Ylivaara 2020, d = 0.1 µm' (axis 'initial opening d')",series_label,direct,experimental_condition,series,series,True,True,True,bound,entity_only(no case: imported_literature_data),,not_a_recipe_field,present,present,present,
10.1016_j.sse.2022.108584,"F7a/Yim and Ylivaara 2020, d = 0.1 µm",10.1016_j.sse.2022.108584-E023,ImportedLiteratureObservation,precursor_partial_pressure,,160,mTorr,p A = 160 mTorr,reference-scoped statement in document.md,body,estimated,model_input,series,series,True,True,True,bound,entity_only(no case: imported_literature_data),,not_a_recipe_field,present,present,present,
10.1016_j.sse.2022.108584,"F7a/Knudsen, d = 2.0 µm",10.1016_j.sse.2022.108584-E024,SimulationRun,feature_height,,2.0,µm,d = 2.0 µm,"series label 'Knudsen, d = 2.0 µm' (axis 'initial opening d')",series_label,direct,experimental_condition,series,series,True,True,True,bound,entity_only(no case: simulation),,not_a_recipe_field,present,present,present,
10.1016_j.sse.2022.108584,"F7a/Bosanquet, d = 2.0 µm",10.1016_j.sse.2022.108584-E025,SimulationRun,feature_height,,2.0,µm,d = 2.0 µm,"series label 'Bosanquet, d = 2.0 µm' (axis 'initial opening d')",series_label,direct,experimental_condition,series,series,True,True,True,bound,entity_only(no case: simulation),,not_a_recipe_field,present,present,present,
10.1016_j.tsf.2012.11.127,F2a/Thickness,10.1016_j.tsf.2012.11.127-E000,ExperimentSeries,growth_per_cycle,,0.13,Å/cycle,0.13 Å/cycle,figure 2 caption,caption,direct,experimental_condition,figure,figure,True,True,True,bound,entity_only(no case: discrete_experimental_sweep),,not_a_recipe_field,present,present,present,
10.1016_j.tsf.2012.11.127,F2a/Thickness,10.1016_j.tsf.2012.11.127-E000,ExperimentSeries,deposition_temperature,,350,°C,growth temperature was maintained at 350°C,methods section,methods,direct,experimental_condition,method,method,True,True,True,bound,entity_only(no case: discrete_experimental_sweep),,not_a_recipe_field,present,present,present,
10.1016_j.tsf.2012.11.127,F3a/Zr ratio: Fe:Zr=1:80,10.1016_j.tsf.2012.11.127-E001,ExperimentSeries,growth_per_cycle,,0.13,Å/cycle,0.13 Å/cycle,document.md near Fig 3,body,direct,experimental_condition,figure,figure,True,True,True,bound,entity_only(no case: discrete_experimental_sweep),,not_a_recipe_field,present,present,present,
10.1016_j.tsf.2012.11.127,F3a/Zr ratio: Fe:Zr=1:80,10.1016_j.tsf.2012.11.127-E001,ExperimentSeries,deposition_temperature,,350,°C,growth temperature was maintained at 350°C,methods section,methods,direct,experimental_condition,method,method,True,True,True,bound,entity_only(no case: discrete_experimental_sweep),,not_a_recipe_field,present,present,present,
10.1016_j.tsf.2012.11.127,F3a/Zr ratio: Fe:Zr=1:200,10.1016_j.tsf.2012.11.127-E002,ExperimentSeries,growth_per_cycle,,0.13,Å/cycle,0.13 Å/cycle,document.md near Fig 3,body,direct,experimental_condition,figure,figure,True,True,True,bound,entity_only(no case: discrete_experimental_sweep),,not_a_recipe_field,present,present,present,
10.1016_j.tsf.2012.11.127,F3a/Zr ratio: Fe:Zr=1:200,10.1016_j.tsf.2012.11.127-E002,ExperimentSeries,deposition_temperature,,350,°C,growth temperature was maintained at 350°C,methods section,methods,direct,experimental_condition,method,method,True,True,True,bound,entity_only(no case: discrete_experimental_sweep),,not_a_recipe_field,present,present,present,
10.1016_j.tsf.2012.11.127,F3a/<single>,10.1016_j.tsf.2012.11.127-E003,ExperimentSeries,growth_per_cycle,,0.13,Å/cycle,0.13 Å/cycle,document.md near Fig 3,body,direct,experimental_condition,figure,figure,True,True,True,bound,entity_only(no case: discrete_experimental_sweep),,not_a_recipe_field,present,present,present,
10.1016_j.tsf.2012.11.127,F3a/<single>,10.1016_j.tsf.2012.11.127-E003,ExperimentSeries,deposition_temperature,,350,°C,growth temperature was maintained at 350°C,methods section,methods,direct,experimental_condition,method,method,True,True,True,bound,entity_only(no case: discrete_experimental_sweep),,not_a_recipe_field,present,present,present,
10.1016_j.tsf.2012.11.127,F4a/<single>,10.1016_j.tsf.2012.11.127-E004,MultiOutputMeasurement,deposition_temperature,,350,°C,growth temperature was maintained at 350°C,methods section,methods,direct,experimental_condition,method,method,True,True,True,bound,present,True,present,present,present,present,
10.1016_j.tsf.2012.11.127,F4a/Fe:Zr 1:200,10.1016_j.tsf.2012.11.127-E005,MultiOutputMeasurement,deposition_temperature,,350,°C,growth temperature was maintained at 350°C,methods section,methods,direct,experimental_condition,method,method,True,True,True,bound,present,True,present,present,present,present,
10.1016_j.tsf.2012.11.127,F4a/Fe:Zr 1:135,10.1016_j.tsf.2012.11.127-E006,MultiOutputMeasurement,deposition_temperature,,350,°C,growth temperature was maintained at 350°C,methods section,methods,direct,experimental_condition,method,method,True,True,True,bound,present,True,present,present,present,present,
10.1016_j.tsf.2012.11.127,F4a/Fe:Zr 1:80,10.1016_j.tsf.2012.11.127-E007,MultiOutputMeasurement,deposition_temperature,,350,°C,growth temperature was maintained at 350°C,methods section,methods,direct,experimental_condition,method,method,True,True,True,bound,present,True,present,present,present,present,
10.1016_j.tsf.2012.11.127,F4b/<single>,10.1016_j.tsf.2012.11.127-E008,MultiOutputMeasurement,deposition_temperature,,350,°C,growth temperature was maintained at 350°C,methods section,methods,direct,experimental_condition,method,method,True,True,True,bound,present,True,present,present,present,present,
10.1016_j.tsf.2012.11.127,F4b/Fe:Zr 1:200,10.1016_j.tsf.2012.11.127-E009,MultiOutputMeasurement,deposition_temperature,,350,°C,growth temperature was maintained at 350°C,methods section,methods,direct,experimental_condition,method,method,True,True,True,bound,present,True,present,present,present,present,
10.1016_j.tsf.2012.11.127,F4b/Fe:Zr 1:135,10.1016_j.tsf.2012.11.127-E010,MultiOutputMeasurement,deposition_temperature,,350,°C,growth temperature was maintained at 350°C,methods section,methods,direct,experimental_condition,method,method,True,True,True,bound,present,True,present,present,present,present,
10.1016_j.tsf.2012.11.127,F4b/Fe:Zr 1:80,10.1016_j.tsf.2012.11.127-E011,MultiOutputMeasurement,deposition_temperature,,350,°C,growth temperature was maintained at 350°C,methods section,methods,direct,experimental_condition,method,method,True,True,True,bound,present,True,present,present,present,present,
10.1016_j.tsf.2012.11.127,F5a/800°C,10.1016_j.tsf.2012.11.127-E012,MultiOutputMeasurement,temperature,,800,°C,800°C,series label '800°C' (axis 'condition'),series_label,direct,experimental_condition,series,series,True,True,True,bound,present,True,not_a_recipe_field,present,present,present,
10.1016_j.tsf.2012.11.127,F5a/800°C,10.1016_j.tsf.2012.11.127-E012,MultiOutputMeasurement,deposition_temperature,,350,°C,growth temperature was maintained at 350°C,methods section,methods,direct,experimental_condition,method,method,True,True,True,bound,present,True,present,present,present,present,
10.1016_j.tsf.2012.11.127,F5a/600°C,10.1016_j.tsf.2012.11.127-E013,MultiOutputMeasurement,temperature,,600,°C,600°C,series label '600°C' (axis 'condition'),series_label,direct,experimental_condition,series,series,True,True,True,bound,present,True,not_a_recipe_field,present,present,present,
10.1016_j.tsf.2012.11.127,F5a/600°C,10.1016_j.tsf.2012.11.127-E013,MultiOutputMeasurement,deposition_temperature,,350,°C,growth temperature was maintained at 350°C,methods section,methods,direct,experimental_condition,method,method,True,True,True,bound,present,True,present,present,present,present,
10.1016_j.tsf.2012.11.127,F5a/as grown,10.1016_j.tsf.2012.11.127-E014,MultiOutputMeasurement,deposition_temperature,,350,°C,growth temperature was maintained at 350°C,methods section,methods,direct,experimental_condition,method,method,True,True,True,bound,present,True,present,present,present,present,
10.1016_j.tsf.2012.11.127,F5a/as grown,10.1016_j.tsf.2012.11.127-E014,MultiOutputMeasurement,temperature,,600 °C; 800 °C,,"2 distinct temperature values at figure scope; no narrower evidence distinguishes them, so none is applied",,,,,figure,,True,True,False,ambiguous_withheld,candidates_preserved,False,withheld,candidates_preserved,present,n/a,applicability
10.1016_j.tsf.2012.11.127,F5a/t-ZrO2,10.1016_j.tsf.2012.11.127-E015,MultiOutputMeasurement,deposition_temperature,,350,°C,growth temperature was maintained at 350°C,methods section,methods,direct,experimental_condition,method,method,True,True,True,bound,present,True,present,present,present,present,
10.1016_j.tsf.2012.11.127,F5a/t-ZrO2,10.1016_j.tsf.2012.11.127-E015,MultiOutputMeasurement,temperature,,600 °C; 800 °C,,"2 distinct temperature values at figure scope; no narrower evidence distinguishes them, so none is applied",,,,,figure,,True,True,False,ambiguous_withheld,candidates_preserved,False,withheld,candidates_preserved,present,n/a,applicability
10.1016_j.tsf.2012.11.127,F5a/m-ZrO2,10.1016_j.tsf.2012.11.127-E016,MultiOutputMeasurement,deposition_temperature,,350,°C,growth temperature was maintained at 350°C,methods section,methods,direct,experimental_condition,method,method,True,True,True,bound,present,True,present,present,present,present,
10.1016_j.tsf.2012.11.127,F5a/m-ZrO2,10.1016_j.tsf.2012.11.127-E016,MultiOutputMeasurement,temperature,,600 °C; 800 °C,,"2 distinct temperature values at figure scope; no narrower evidence distinguishes them, so none is applied",,,,,figure,,True,True,False,ambiguous_withheld,candidates_preserved,False,withheld,candidates_preserved,present,n/a,applicability
10.1016_j.tsf.2012.11.127,F5b/800°C,10.1016_j.tsf.2012.11.127-E017,MultiOutputMeasurement,temperature,,800,°C,800°C,series label '800°C' (axis 'condition'),series_label,direct,experimental_condition,series,series,True,True,True,bound,present,True,not_a_recipe_field,present,present,present,
10.1016_j.tsf.2012.11.127,F5b/800°C,10.1016_j.tsf.2012.11.127-E017,MultiOutputMeasurement,deposition_temperature,,350,°C,growth temperature was maintained at 350°C,methods section,methods,direct,experimental_condition,method,method,True,True,True,bound,present,True,present,present,present,present,
10.1016_j.tsf.2012.11.127,F5b/600°C,10.1016_j.tsf.2012.11.127-E018,MultiOutputMeasurement,temperature,,600,°C,600°C,series label '600°C' (axis 'condition'),series_label,direct,experimental_condition,series,series,True,True,True,bound,present,True,not_a_recipe_field,present,present,present,
10.1016_j.tsf.2012.11.127,F5b/600°C,10.1016_j.tsf.2012.11.127-E018,MultiOutputMeasurement,deposition_temperature,,350,°C,growth temperature was maintained at 350°C,methods section,methods,direct,experimental_condition,method,method,True,True,True,bound,present,True,present,present,present,present,
10.1016_j.tsf.2012.11.127,F5b/as grown,10.1016_j.tsf.2012.11.127-E019,MultiOutputMeasurement,deposition_temperature,,350,°C,growth temperature was maintained at 350°C,methods section,methods,direct,experimental_condition,method,method,True,True,True,bound,present,True,present,present,present,present,
10.1016_j.tsf.2012.11.127,F5b/as grown,10.1016_j.tsf.2012.11.127-E019,MultiOutputMeasurement,temperature,,600 °C; 800 °C,,"2 distinct temperature values at figure scope; no narrower evidence distinguishes them, so none is applied",,,,,figure,,True,True,False,ambiguous_withheld,candidates_preserved,False,withheld,candidates_preserved,present,n/a,applicability
10.1016_j.tsf.2012.11.127,F5b/t-ZrO2,10.1016_j.tsf.2012.11.127-E020,MultiOutputMeasurement,deposition_temperature,,350,°C,growth temperature was maintained at 350°C,methods section,methods,direct,experimental_condition,method,method,True,True,True,bound,present,True,present,present,present,present,
10.1016_j.tsf.2012.11.127,F5b/t-ZrO2,10.1016_j.tsf.2012.11.127-E020,MultiOutputMeasurement,temperature,,600 °C; 800 °C,,"2 distinct temperature values at figure scope; no narrower evidence distinguishes them, so none is applied",,,,,figure,,True,True,False,ambiguous_withheld,candidates_preserved,False,withheld,candidates_preserved,present,n/a,applicability
10.1016_j.tsf.2012.11.127,F5b/m-ZrO2,10.1016_j.tsf.2012.11.127-E021,MultiOutputMeasurement,deposition_temperature,,350,°C,growth temperature was maintained at 350°C,methods section,methods,direct,experimental_condition,method,method,True,True,True,bound,present,True,present,present,present,present,
10.1016_j.tsf.2012.11.127,F5b/m-ZrO2,10.1016_j.tsf.2012.11.127-E021,MultiOutputMeasurement,temperature,,600 °C; 800 °C,,"2 distinct temperature values at figure scope; no narrower evidence distinguishes them, so none is applied",,,,,figure,,True,True,False,ambiguous_withheld,candidates_preserved,False,withheld,candidates_preserved,present,n/a,applicability
10.1016_j.tsf.2012.11.127,F6a/Zr,10.1016_j.tsf.2012.11.127-E022,ExperimentSeries,deposition_temperature,,350,°C,growth temperature was maintained at 350°C,methods section,methods,direct,experimental_condition,method,method,True,True,True,bound,entity_only(no case: discrete_experimental_sweep),,not_a_recipe_field,present,present,present,
10.1016_j.tsf.2012.11.127,F6a/Fe,10.1016_j.tsf.2012.11.127-E023,ExperimentSeries,deposition_temperature,,350,°C,growth temperature was maintained at 350°C,methods section,methods,direct,experimental_condition,method,method,True,True,True,bound,entity_only(no case: discrete_experimental_sweep),,not_a_recipe_field,present,present,present,
10.1016_j.tsf.2012.11.127,F6a/30Si,10.1016_j.tsf.2012.11.127-E024,ExperimentSeries,deposition_temperature,,350,°C,growth temperature was maintained at 350°C,methods section,methods,direct,experimental_condition,method,method,True,True,True,bound,entity_only(no case: discrete_experimental_sweep),,not_a_recipe_field,present,present,present,
10.1016_j.tsf.2012.11.127,F6b/Zr,10.1016_j.tsf.2012.11.127-E025,ExperimentSeries,temperature,,600,°C,600°C,figure caption,caption,direct,experimental_condition,figure,figure,True,True,True,bound,entity_only(no case: discrete_experimental_sweep),,not_a_recipe_field,present,present,present,
10.1016_j.tsf.2012.11.127,F6b/Zr,10.1016_j.tsf.2012.11.127-E025,ExperimentSeries,deposition_temperature,,350,°C,growth temperature was maintained at 350°C,methods section,methods,direct,experimental_condition,method,method,True,True,True,bound,entity_only(no case: discrete_experimental_sweep),,not_a_recipe_field,present,present,present,
10.1016_j.tsf.2012.11.127,F6b/Fe,10.1016_j.tsf.2012.11.127-E026,ExperimentSeries,temperature,,600,°C,600°C,figure caption,caption,direct,experimental_condition,figure,figure,True,True,True,bound,entity_only(no case: discrete_experimental_sweep),,not_a_recipe_field,present,present,present,
10.1016_j.tsf.2012.11.127,F6b/Fe,10.1016_j.tsf.2012.11.127-E026,ExperimentSeries,deposition_temperature,,350,°C,growth temperature was maintained at 350°C,methods section,methods,direct,experimental_condition,method,method,True,True,True,bound,entity_only(no case: discrete_experimental_sweep),,not_a_recipe_field,present,present,present,
10.1016_j.tsf.2012.11.127,F6b/30Si,10.1016_j.tsf.2012.11.127-E027,ExperimentSeries,temperature,,600,°C,600°C,figure caption,caption,direct,experimental_condition,figure,figure,True,True,True,bound,entity_only(no case: discrete_experimental_sweep),,not_a_recipe_field,present,present,present,
10.1016_j.tsf.2012.11.127,F6b/30Si,10.1016_j.tsf.2012.11.127-E027,ExperimentSeries,deposition_temperature,,350,°C,growth temperature was maintained at 350°C,methods section,methods,direct,experimental_condition,method,method,True,True,True,bound,entity_only(no case: discrete_experimental_sweep),,not_a_recipe_field,present,present,present,
10.1016_j.tsf.2012.11.127,F7a/<single>,10.1016_j.tsf.2012.11.127-E028,MultiOutputMeasurement,deposition_temperature,,350,°C,growth temperature was maintained at 350°C,methods section,methods,direct,experimental_condition,method,method,True,True,True,bound,present,True,present,present,present,present,
10.1016_j.tsf.2012.11.127,F7a/ZrO2:Fe,10.1016_j.tsf.2012.11.127-E029,MultiOutputMeasurement,deposition_temperature,,350,°C,growth temperature was maintained at 350°C,methods section,methods,direct,experimental_condition,method,method,True,True,True,bound,present,True,present,present,present,present,
10.1016_j.tsf.2012.11.127,F7b/<single>,10.1016_j.tsf.2012.11.127-E030,MultiOutputMeasurement,temperature,,600,°C,600°C,figure caption,caption,direct,experimental_condition,figure,figure,True,True,True,bound,present,True,not_a_recipe_field,present,present,present,
10.1016_j.tsf.2012.11.127,F7b/<single>,10.1016_j.tsf.2012.11.127-E030,MultiOutputMeasurement,deposition_temperature,,350,°C,growth temperature was maintained at 350°C,methods section,methods,direct,experimental_condition,method,method,True,True,True,bound,present,True,present,present,present,present,
10.1016_j.tsf.2012.11.127,F7b/ZrO2:Fe,10.1016_j.tsf.2012.11.127-E031,MultiOutputMeasurement,temperature,,600,°C,600°C,figure caption,caption,direct,experimental_condition,figure,figure,True,True,True,bound,present,True,not_a_recipe_field,present,present,present,
10.1016_j.tsf.2012.11.127,F7b/ZrO2:Fe,10.1016_j.tsf.2012.11.127-E031,MultiOutputMeasurement,deposition_temperature,,350,°C,growth temperature was maintained at 350°C,methods section,methods,direct,experimental_condition,method,method,True,True,True,bound,present,True,present,present,present,present,
10.1021_acs.chemmater.2c01154,F1a/0,10.1021_acs.chemmater.2c01154-E000,MultiOutputMeasurement,cycle_number,,140,cycle,140 ALD cycles,"figure 1 caption, panel (a)",caption,direct,experimental_condition,panel,panel,True,True,True,bound,present,True,present,present,present,present,
10.1021_acs.chemmater.2c01154,F1a/0,10.1021_acs.chemmater.2c01154-E000,MultiOutputMeasurement,deposition_temperature,,150,°C,grown at 150 ° C,document.md near Fig 1,body,direct,experimental_condition,figure,figure,True,True,True,bound,present,True,present,present,present,present,
10.1021_acs.chemmater.2c01154,F1a/0.20,10.1021_acs.chemmater.2c01154-E001,MultiOutputMeasurement,cycle_number,,140,cycle,140 ALD cycles,"figure 1 caption, panel (a)",caption,direct,experimental_condition,panel,panel,True,True,True,bound,present,True,present,present,present,present,
10.1021_acs.chemmater.2c01154,F1a/0.20,10.1021_acs.chemmater.2c01154-E001,MultiOutputMeasurement,deposition_temperature,,150,°C,grown at 150 ° C,document.md near Fig 1,body,direct,experimental_condition,figure,figure,True,True,True,bound,present,True,present,present,present,present,
10.1021_acs.chemmater.2c01154,F1a/0.50,10.1021_acs.chemmater.2c01154-E002,MultiOutputMeasurement,cycle_number,,140,cycle,140 ALD cycles,"figure 1 caption, panel (a)",caption,direct,experimental_condition,panel,panel,True,True,True,bound,present,True,present,present,present,present,
10.1021_acs.chemmater.2c01154,F1a/0.50,10.1021_acs.chemmater.2c01154-E002,MultiOutputMeasurement,deposition_temperature,,150,°C,grown at 150 ° C,document.md near Fig 1,body,direct,experimental_condition,figure,figure,True,True,True,bound,present,True,present,present,present,present,
10.1021_acs.chemmater.2c01154,F1a/0.65,10.1021_acs.chemmater.2c01154-E003,MultiOutputMeasurement,cycle_number,,140,cycle,140 ALD cycles,"figure 1 caption, panel (a)",caption,direct,experimental_condition,panel,panel,True,True,True,bound,present,True,present,present,present,present,
10.1021_acs.chemmater.2c01154,F1a/0.65,10.1021_acs.chemmater.2c01154-E003,MultiOutputMeasurement,deposition_temperature,,150,°C,grown at 150 ° C,document.md near Fig 1,body,direct,experimental_condition,figure,figure,True,True,True,bound,present,True,present,present,present,present,
10.1021_acs.chemmater.2c01154,F1a/0.80,10.1021_acs.chemmater.2c01154-E004,MultiOutputMeasurement,cycle_number,,140,cycle,140 ALD cycles,"figure 1 caption, panel (a)",caption,direct,experimental_condition,panel,panel,True,True,True,bound,present,True,present,present,present,present,
10.1021_acs.chemmater.2c01154,F1a/0.80,10.1021_acs.chemmater.2c01154-E004,MultiOutputMeasurement,deposition_temperature,,150,°C,grown at 150 ° C,document.md near Fig 1,body,direct,experimental_condition,figure,figure,True,True,True,bound,present,True,present,present,present,present,
10.1021_acs.chemmater.2c01154,F1a/0.94,10.1021_acs.chemmater.2c01154-E005,MultiOutputMeasurement,cycle_number,,140,cycle,140 ALD cycles,"figure 1 caption, panel (a)",caption,direct,experimental_condition,panel,panel,True,True,True,bound,present,True,present,present,present,present,
10.1021_acs.chemmater.2c01154,F1a/0.94,10.1021_acs.chemmater.2c01154-E005,MultiOutputMeasurement,deposition_temperature,,150,°C,grown at 150 ° C,document.md near Fig 1,body,direct,experimental_condition,figure,figure,True,True,True,bound,present,True,present,present,present,present,
10.1021_acs.chemmater.2c01154,F1b/SiO2/Si,10.1021_acs.chemmater.2c01154-E006,MultiOutputMeasurement,deposition_temperature,,150,°C,grown at 150 ° C,document.md near Fig 1,body,direct,experimental_condition,figure,figure,True,True,True,bound,present,True,present,present,present,present,
10.1021_acs.chemmater.2c01154,F1b/SiO2/Si,10.1021_acs.chemmater.2c01154-E006,MultiOutputMeasurement,cycle_number,,140 cycle; 50 cycle,,"cycle_number is varied by a panel/series of this figure, so a figure-scope value is one panel's setting and cannot be applied to this entity",,,,,figure,,True,True,False,ambiguous_withheld,candidates_preserved,False,withheld,candidates_preserved,present,n/a,applicability
10.1021_acs.chemmater.2c01154,F1b/10 cyc (0.9 nm),10.1021_acs.chemmater.2c01154-E007,MultiOutputMeasurement,cycle_number,,0.9,nm,(0.9 nm,series label '10 cyc (0.9 nm)' (axis 'number of cycles'),series_label,direct,experimental_condition,series,series,True,True,True,bound,present,True,present,present,present,present,
10.1021_acs.chemmater.2c01154,F1b/10 cyc (0.9 nm),10.1021_acs.chemmater.2c01154-E007,MultiOutputMeasurement,deposition_temperature,,150,°C,grown at 150 ° C,document.md near Fig 1,body,direct,experimental_condition,figure,figure,True,True,True,bound,present,True,present,present,present,present,
10.1021_acs.chemmater.2c01154,F1b/20 cyc (1.6 nm),10.1021_acs.chemmater.2c01154-E008,MultiOutputMeasurement,cycle_number,,1.6,nm,(1.6 nm,series label '20 cyc (1.6 nm)' (axis 'number of cycles'),series_label,direct,experimental_condition,series,series,True,True,True,bound,present,True,present,present,present,present,
10.1021_acs.chemmater.2c01154,F1b/20 cyc (1.6 nm),10.1021_acs.chemmater.2c01154-E008,MultiOutputMeasurement,deposition_temperature,,150,°C,grown at 150 ° C,document.md near Fig 1,body,direct,experimental_condition,figure,figure,True,True,True,bound,present,True,present,present,present,present,
10.1021_acs.chemmater.2c01154,F1b/30 cyc (2.6 nm),10.1021_acs.chemmater.2c01154-E009,MultiOutputMeasurement,cycle_number,,2.6,nm,(2.6 nm,series label '30 cyc (2.6 nm)' (axis 'number of cycles'),series_label,direct,experimental_condition,series,series,True,True,True,bound,present,True,present,present,present,present,
10.1021_acs.chemmater.2c01154,F1b/30 cyc (2.6 nm),10.1021_acs.chemmater.2c01154-E009,MultiOutputMeasurement,deposition_temperature,,150,°C,grown at 150 ° C,document.md near Fig 1,body,direct,experimental_condition,figure,figure,True,True,True,bound,present,True,present,present,present,present,
10.1021_acs.chemmater.2c01154,F1b/50 cyc (4.8 nm),10.1021_acs.chemmater.2c01154-E010,MultiOutputMeasurement,cycle_number,,4.8,nm,(4.8 nm,series label '50 cyc (4.8 nm)' (axis 'number of cycles'),series_label,direct,experimental_condition,series,series,True,True,True,bound,present,True,present,present,present,present,
10.1021_acs.chemmater.2c01154,F1b/50 cyc (4.8 nm),10.1021_acs.chemmater.2c01154-E010,MultiOutputMeasurement,deposition_temperature,,150,°C,grown at 150 ° C,document.md near Fig 1,body,direct,experimental_condition,figure,figure,True,True,True,bound,present,True,present,present,present,present,
10.1021_acs.chemmater.2c01154,F2a/Amorphous,10.1021_acs.chemmater.2c01154-E011,ExperimentSeries,cycle_number,,-140 cycle; 50 cycle; 60 cycle,,"3 distinct cycle_number values at figure scope; no narrower evidence distinguishes them, so none is applied",,,,,figure,,True,True,False,ambiguous_withheld,candidates_preserved,False,withheld,candidates_preserved,present,n/a,applicability
10.1021_acs.chemmater.2c01154,F2a/Crystalline,10.1021_acs.chemmater.2c01154-E012,ExperimentSeries,cycle_number,,-140 cycle; 50 cycle; 60 cycle,,"3 distinct cycle_number values at figure scope; no narrower evidence distinguishes them, so none is applied",,,,,figure,,True,True,False,ambiguous_withheld,candidates_preserved,False,withheld,candidates_preserved,present,n/a,applicability
10.1021_acs.chemmater.2c01154,F4a/50 °C,10.1021_acs.chemmater.2c01154-E013,ExperimentSeries,deposition_temperature,,50,°C,50 °C,series label '50 °C' (axis 'deposition_temperature'),series_label,direct,experimental_condition,series,series,True,True,True,bound,present,True,present,present,present,present,
10.1021_acs.chemmater.2c01154,F4a/50 °C,10.1021_acs.chemmater.2c01154-E013,ExperimentSeries,cycle_number,,-140,cycle,-140 ALD cycles,figure 4 caption,caption,direct,experimental_condition,figure,figure,True,True,True,bound,present,True,present,present,present,present,
10.1021_acs.chemmater.2c01154,F4a/100 °C,10.1021_acs.chemmater.2c01154-E014,ExperimentSeries,deposition_temperature,,100,°C,100 °C,series label '100 °C' (axis 'deposition_temperature'),series_label,direct,experimental_condition,series,series,True,True,True,bound,present,True,present,present,present,present,
10.1021_acs.chemmater.2c01154,F4a/100 °C,10.1021_acs.chemmater.2c01154-E014,ExperimentSeries,cycle_number,,-140,cycle,-140 ALD cycles,figure 4 caption,caption,direct,experimental_condition,figure,figure,True,True,True,bound,present,True,present,present,present,present,
10.1021_acs.chemmater.2c01154,F4a/150 °C,10.1021_acs.chemmater.2c01154-E015,ExperimentSeries,deposition_temperature,,150,°C,150 °C,series label '150 °C' (axis 'deposition_temperature'),series_label,direct,experimental_condition,series,series,True,True,True,bound,present,True,present,present,present,present,
10.1021_acs.chemmater.2c01154,F4a/150 °C,10.1021_acs.chemmater.2c01154-E015,ExperimentSeries,cycle_number,,-140,cycle,-140 ALD cycles,figure 4 caption,caption,direct,experimental_condition,figure,figure,True,True,True,bound,present,True,present,present,present,present,
10.1021_acs.chemmater.2c01154,F4a/200 °C,10.1021_acs.chemmater.2c01154-E016,ExperimentSeries,deposition_temperature,,200,°C,200 °C,series label '200 °C' (axis 'deposition_temperature'),series_label,direct,experimental_condition,series,series,True,True,True,bound,present,True,present,present,present,present,
10.1021_acs.chemmater.2c01154,F4a/200 °C,10.1021_acs.chemmater.2c01154-E016,ExperimentSeries,cycle_number,,-140,cycle,-140 ALD cycles,figure 4 caption,caption,direct,experimental_condition,figure,figure,True,True,True,bound,present,True,present,present,present,present,
10.1021_acs.chemmater.2c01154,F4a/250 °C,10.1021_acs.chemmater.2c01154-E017,ExperimentSeries,deposition_temperature,,250,°C,250 °C,series label '250 °C' (axis 'deposition_temperature'),series_label,direct,experimental_condition,series,series,True,True,True,bound,present,True,present,present,present,present,
10.1021_acs.chemmater.2c01154,F4a/250 °C,10.1021_acs.chemmater.2c01154-E017,ExperimentSeries,cycle_number,,-140,cycle,-140 ALD cycles,figure 4 caption,caption,direct,experimental_condition,figure,figure,True,True,True,bound,present,True,present,present,present,present,
10.1021_acs.chemmater.2c01154,F4a/300 °C,10.1021_acs.chemmater.2c01154-E018,ExperimentSeries,deposition_temperature,,300,°C,300 °C,series label '300 °C' (axis 'deposition_temperature'),series_label,direct,experimental_condition,series,series,True,True,True,bound,present,True,present,present,present,present,
10.1021_acs.chemmater.2c01154,F4a/300 °C,10.1021_acs.chemmater.2c01154-E018,ExperimentSeries,cycle_number,,-140,cycle,-140 ALD cycles,figure 4 caption,caption,direct,experimental_condition,figure,figure,True,True,True,bound,present,True,present,present,present,present,
10.1021_acs.chemmater.2c01154,F4a/350 °C,10.1021_acs.chemmater.2c01154-E019,ExperimentSeries,deposition_temperature,,350,°C,350 °C,series label '350 °C' (axis 'deposition_temperature'),series_label,direct,experimental_condition,series,series,True,True,True,bound,present,True,present,present,present,present,
10.1021_acs.chemmater.2c01154,F4a/350 °C,10.1021_acs.chemmater.2c01154-E019,ExperimentSeries,cycle_number,,-140,cycle,-140 ALD cycles,figure 4 caption,caption,direct,experimental_condition,figure,figure,True,True,True,bound,present,True,present,present,present,present,
10.1021_acs.chemmater.2c01154,F4a/450 °C,10.1021_acs.chemmater.2c01154-E020,ExperimentSeries,deposition_temperature,,450,°C,450 °C,series label '450 °C' (axis 'deposition_temperature'),series_label,direct,experimental_condition,series,series,True,True,True,bound,present,True,present,present,present,present,
10.1021_acs.chemmater.2c01154,F4a/450 °C,10.1021_acs.chemmater.2c01154-E020,ExperimentSeries,cycle_number,,-140,cycle,-140 ALD cycles,figure 4 caption,caption,direct,experimental_condition,figure,figure,True,True,True,bound,present,True,present,present,present,present,
10.1021_acs.chemmater.2c01154,F5a/0.94,10.1021_acs.chemmater.2c01154-E021,MultiOutputMeasurement,deposition_temperature,,150,°C,grown at 150 ° C,document.md near Fig 5,body,direct,experimental_condition,figure,figure,True,True,True,bound,present,True,present,present,present,present,
10.1021_acs.chemmater.2c01154,F5a/0.94,10.1021_acs.chemmater.2c01154-E021,MultiOutputMeasurement,cycle_number,,140,cycle,140 ALD cycles,document.md near Fig 5,body,direct,experimental_condition,figure,figure,True,True,True,bound,present,True,present,present,present,present,
10.1021_acs.chemmater.2c01154,F5a/0.80,10.1021_acs.chemmater.2c01154-E022,MultiOutputMeasurement,deposition_temperature,,150,°C,grown at 150 ° C,document.md near Fig 5,body,direct,experimental_condition,figure,figure,True,True,True,bound,present,True,present,present,present,present,
10.1021_acs.chemmater.2c01154,F5a/0.80,10.1021_acs.chemmater.2c01154-E022,MultiOutputMeasurement,cycle_number,,140,cycle,140 ALD cycles,document.md near Fig 5,body,direct,experimental_condition,figure,figure,True,True,True,bound,present,True,present,present,present,present,
10.1021_acs.chemmater.2c01154,F5a/0.65,10.1021_acs.chemmater.2c01154-E023,MultiOutputMeasurement,deposition_temperature,,150,°C,grown at 150 ° C,document.md near Fig 5,body,direct,experimental_condition,figure,figure,True,True,True,bound,present,True,present,present,present,present,
10.1021_acs.chemmater.2c01154,F5a/0.65,10.1021_acs.chemmater.2c01154-E023,MultiOutputMeasurement,cycle_number,,140,cycle,140 ALD cycles,document.md near Fig 5,body,direct,experimental_condition,figure,figure,True,True,True,bound,present,True,present,present,present,present,
10.1021_acs.chemmater.2c01154,F5a/0.50,10.1021_acs.chemmater.2c01154-E024,MultiOutputMeasurement,deposition_temperature,,150,°C,grown at 150 ° C,document.md near Fig 5,body,direct,experimental_condition,figure,figure,True,True,True,bound,present,True,present,present,present,present,
10.1021_acs.chemmater.2c01154,F5a/0.50,10.1021_acs.chemmater.2c01154-E024,MultiOutputMeasurement,cycle_number,,140,cycle,140 ALD cycles,document.md near Fig 5,body,direct,experimental_condition,figure,figure,True,True,True,bound,present,True,present,present,present,present,
10.1021_acs.chemmater.2c01154,F5a/0.20,10.1021_acs.chemmater.2c01154-E025,MultiOutputMeasurement,deposition_temperature,,150,°C,grown at 150 ° C,document.md near Fig 5,body,direct,experimental_condition,figure,figure,True,True,True,bound,present,True,present,present,present,present,
10.1021_acs.chemmater.2c01154,F5a/0.20,10.1021_acs.chemmater.2c01154-E025,MultiOutputMeasurement,cycle_number,,140,cycle,140 ALD cycles,document.md near Fig 5,body,direct,experimental_condition,figure,figure,True,True,True,bound,present,True,present,present,present,present,
10.1021_acs.chemmater.2c01154,F5b/0.94,10.1021_acs.chemmater.2c01154-E026,MultiOutputMeasurement,deposition_temperature,,150,°C,grown at 150 ° C,"figure 5 caption, panel (b)",caption,direct,experimental_condition,panel,panel,True,True,True,bound,present,True,present,present,present,present,
10.1021_acs.chemmater.2c01154,F5b/0.94,10.1021_acs.chemmater.2c01154-E026,MultiOutputMeasurement,cycle_number,,140,cycle,140 ALD cycles,"figure 5 caption, panel (b)",caption,direct,experimental_condition,panel,panel,True,True,True,bound,present,True,present,present,present,present,
10.1021_acs.chemmater.2c01154,F5b/0.80,10.1021_acs.chemmater.2c01154-E027,MultiOutputMeasurement,deposition_temperature,,150,°C,grown at 150 ° C,"figure 5 caption, panel (b)",caption,direct,experimental_condition,panel,panel,True,True,True,bound,present,True,present,present,present,present,
10.1021_acs.chemmater.2c01154,F5b/0.80,10.1021_acs.chemmater.2c01154-E027,MultiOutputMeasurement,cycle_number,,140,cycle,140 ALD cycles,"figure 5 caption, panel (b)",caption,direct,experimental_condition,panel,panel,True,True,True,bound,present,True,present,present,present,present,
10.1021_acs.chemmater.2c01154,F5b/0.65,10.1021_acs.chemmater.2c01154-E028,MultiOutputMeasurement,deposition_temperature,,150,°C,grown at 150 ° C,"figure 5 caption, panel (b)",caption,direct,experimental_condition,panel,panel,True,True,True,bound,present,True,present,present,present,present,
10.1021_acs.chemmater.2c01154,F5b/0.65,10.1021_acs.chemmater.2c01154-E028,MultiOutputMeasurement,cycle_number,,140,cycle,140 ALD cycles,"figure 5 caption, panel (b)",caption,direct,experimental_condition,panel,panel,True,True,True,bound,present,True,present,present,present,present,
10.1021_acs.chemmater.2c01154,F5b/0.50,10.1021_acs.chemmater.2c01154-E029,MultiOutputMeasurement,deposition_temperature,,150,°C,grown at 150 ° C,"figure 5 caption, panel (b)",caption,direct,experimental_condition,panel,panel,True,True,True,bound,present,True,present,present,present,present,
10.1021_acs.chemmater.2c01154,F5b/0.50,10.1021_acs.chemmater.2c01154-E029,MultiOutputMeasurement,cycle_number,,140,cycle,140 ALD cycles,"figure 5 caption, panel (b)",caption,direct,experimental_condition,panel,panel,True,True,True,bound,present,True,present,present,present,present,
10.1021_acs.chemmater.2c01154,F5b/0.20,10.1021_acs.chemmater.2c01154-E030,MultiOutputMeasurement,deposition_temperature,,150,°C,grown at 150 ° C,"figure 5 caption, panel (b)",caption,direct,experimental_condition,panel,panel,True,True,True,bound,present,True,present,present,present,present,
10.1021_acs.chemmater.2c01154,F5b/0.20,10.1021_acs.chemmater.2c01154-E030,MultiOutputMeasurement,cycle_number,,140,cycle,140 ALD cycles,"figure 5 caption, panel (b)",caption,direct,experimental_condition,panel,panel,True,True,True,bound,present,True,present,present,present,present,
10.1021_acs.chemmater.2c01154,F7a/0,10.1021_acs.chemmater.2c01154-E031,ExperimentSeries,cycle_number,,100,cycle,100 cycles,document.md near Fig 7,body,direct,experimental_condition,figure,figure,True,True,True,bound,entity_only(no case: discrete_experimental_sweep),,not_a_recipe_field,present,present,present,
10.1021_acs.chemmater.2c01154,F7a/0.20,10.1021_acs.chemmater.2c01154-E032,ExperimentSeries,cycle_number,,100,cycle,100 cycles,document.md near Fig 7,body,direct,experimental_condition,figure,figure,True,True,True,bound,entity_only(no case: discrete_experimental_sweep),,not_a_recipe_field,present,present,present,
10.1021_acs.chemmater.2c01154,F7a/0.50,10.1021_acs.chemmater.2c01154-E033,ExperimentSeries,cycle_number,,100,cycle,100 cycles,document.md near Fig 7,body,direct,experimental_condition,figure,figure,True,True,True,bound,entity_only(no case: discrete_experimental_sweep),,not_a_recipe_field,present,present,present,
10.1021_acs.chemmater.2c01154,F7a/0.65,10.1021_acs.chemmater.2c01154-E034,ExperimentSeries,cycle_number,,100,cycle,100 cycles,document.md near Fig 7,body,direct,experimental_condition,figure,figure,True,True,True,bound,entity_only(no case: discrete_experimental_sweep),,not_a_recipe_field,present,present,present,
10.1021_acs.chemmater.2c01154,F7a/0.80,10.1021_acs.chemmater.2c01154-E035,ExperimentSeries,cycle_number,,100,cycle,100 cycles,document.md near Fig 7,body,direct,experimental_condition,figure,figure,True,True,True,bound,entity_only(no case: discrete_experimental_sweep),,not_a_recipe_field,present,present,present,
10.1021_acs.chemmater.2c01154,F7a/0.94,10.1021_acs.chemmater.2c01154-E036,ExperimentSeries,cycle_number,,100,cycle,100 cycles,document.md near Fig 7,body,direct,experimental_condition,figure,figure,True,True,True,bound,entity_only(no case: discrete_experimental_sweep),,not_a_recipe_field,present,present,present,
10.1021_acs.chemmater.2c01154,F7b/0,10.1021_acs.chemmater.2c01154-E037,ExperimentSeries,cycle_number,,100,cycle,100 cycles,"figure 7 caption, panel (b)",caption,direct,experimental_condition,panel,panel,True,True,True,bound,present,True,present,present,present,present,
10.1021_acs.chemmater.2c01154,F7b/0.20,10.1021_acs.chemmater.2c01154-E038,ExperimentSeries,cycle_number,,100,cycle,100 cycles,"figure 7 caption, panel (b)",caption,direct,experimental_condition,panel,panel,True,True,True,bound,present,True,present,present,present,present,
10.1021_acs.chemmater.2c01154,F7b/0.35,10.1021_acs.chemmater.2c01154-E039,ExperimentSeries,cycle_number,,100,cycle,100 cycles,"figure 7 caption, panel (b)",caption,direct,experimental_condition,panel,panel,True,True,True,bound,present,True,present,present,present,present,
10.1021_acs.chemmater.2c01154,F7b/0.50,10.1021_acs.chemmater.2c01154-E040,ExperimentSeries,cycle_number,,100,cycle,100 cycles,"figure 7 caption, panel (b)",caption,direct,experimental_condition,panel,panel,True,True,True,bound,present,True,present,present,present,present,
10.1021_acs.chemmater.2c01154,F7b/0.65,10.1021_acs.chemmater.2c01154-E041,ExperimentSeries,cycle_number,,100,cycle,100 cycles,"figure 7 caption, panel (b)",caption,direct,experimental_condition,panel,panel,True,True,True,bound,present,True,present,present,present,present,
10.1021_acs.chemmater.2c01154,F7b/0.80,10.1021_acs.chemmater.2c01154-E042,ExperimentSeries,cycle_number,,100,cycle,100 cycles,"figure 7 caption, panel (b)",caption,direct,experimental_condition,panel,panel,True,True,True,bound,present,True,present,present,present,present,
10.1021_acs.chemmater.2c01154,F7b/0.94,10.1021_acs.chemmater.2c01154-E043,ExperimentSeries,cycle_number,,100,cycle,100 cycles,"figure 7 caption, panel (b)",caption,direct,experimental_condition,panel,panel,True,True,True,bound,present,True,present,present,present,present,
10.1021_acs.chemmater.2c01154,F8a/0,10.1021_acs.chemmater.2c01154-E044,ExperimentSeries,cycle_number,,-140,cycle,-140 ALD cycles,figure 8 caption,caption,direct,experimental_condition,figure,figure,True,True,True,bound,present,True,present,present,present,present,
10.1021_acs.chemmater.2c01154,F8a/0.20,10.1021_acs.chemmater.2c01154-E045,ExperimentSeries,cycle_number,,-140,cycle,-140 ALD cycles,figure 8 caption,caption,direct,experimental_condition,figure,figure,True,True,True,bound,present,True,present,present,present,present,
10.1021_acs.chemmater.2c01154,F8a/0.35,10.1021_acs.chemmater.2c01154-E046,ExperimentSeries,cycle_number,,-140,cycle,-140 ALD cycles,figure 8 caption,caption,direct,experimental_condition,figure,figure,True,True,True,bound,present,True,present,present,present,present,
10.1021_acs.chemmater.2c01154,F8a/0.50,10.1021_acs.chemmater.2c01154-E047,ExperimentSeries,cycle_number,,-140,cycle,-140 ALD cycles,figure 8 caption,caption,direct,experimental_condition,figure,figure,True,True,True,bound,present,True,present,present,present,present,
10.1021_acs.chemmater.2c01154,F8a/0.65,10.1021_acs.chemmater.2c01154-E048,ExperimentSeries,cycle_number,,-140,cycle,-140 ALD cycles,figure 8 caption,caption,direct,experimental_condition,figure,figure,True,True,True,bound,present,True,present,present,present,present,
10.1021_acs.chemmater.2c01154,F8a/0.80,10.1021_acs.chemmater.2c01154-E049,ExperimentSeries,cycle_number,,-140,cycle,-140 ALD cycles,figure 8 caption,caption,direct,experimental_condition,figure,figure,True,True,True,bound,present,True,present,present,present,present,
10.1021_acs.chemmater.2c01154,F8a/0.94,10.1021_acs.chemmater.2c01154-E050,ExperimentSeries,cycle_number,,-140,cycle,-140 ALD cycles,figure 8 caption,caption,direct,experimental_condition,figure,figure,True,True,True,bound,present,True,present,present,present,present,
10.1021_acs.chemmater.2c01154,F9a/0.80,10.1021_acs.chemmater.2c01154-E051,MultiOutputMeasurement,temperature,,150,°C,(150 ° C,figure caption,caption,direct,experimental_condition,figure,figure,True,True,True,bound,present,True,not_a_recipe_field,present,present,present,
10.1021_acs.chemmater.2c01154,F9a/0,10.1021_acs.chemmater.2c01154-E052,MultiOutputMeasurement,temperature,,150,°C,(150 ° C,figure caption,caption,direct,experimental_condition,figure,figure,True,True,True,bound,present,True,not_a_recipe_field,present,present,present,
10.1021_acs.chemmater.2c01154,F9b/0.50,10.1021_acs.chemmater.2c01154-E053,MultiOutputMeasurement,temperature,,100,°C,(100 ° C,figure caption,caption,direct,experimental_condition,figure,figure,True,True,True,bound,present,True,not_a_recipe_field,present,present,present,
10.1021_acs.chemmater.2c01154,F9b/Thermal ALD,10.1021_acs.chemmater.2c01154-E054,MultiOutputMeasurement,temperature,,100,°C,(100 ° C,figure caption,caption,direct,experimental_condition,figure,figure,True,True,True,bound,present,True,not_a_recipe_field,present,present,present,
10.1021_acs.chemmater.2c01154,F9b/0,10.1021_acs.chemmater.2c01154-E055,MultiOutputMeasurement,temperature,,100,°C,(100 ° C,figure caption,caption,direct,experimental_condition,figure,figure,True,True,True,bound,present,True,not_a_recipe_field,present,present,present,
10.1021_acs.chemmater.2c02292,F1a/<single>,10.1021_acs.chemmater.2c02292-E000,ExperimentSeries,deposition_temperature,,100,°C,substrate temperature of 100 °C,document.md near Fig 1,body,direct,experimental_condition,figure,figure,True,True,True,bound,present,True,present,present,present,present,
10.1021_acs.chemmater.2c02292,F1a/<single>,10.1021_acs.chemmater.2c02292-E000,ExperimentSeries,growth_per_cycle,,1,Å/cycle,GPC of 1Å/cycle,document.md near Fig 1,body,direct,experimental_condition,figure,figure,True,True,True,bound,present,True,not_a_recipe_field,present,present,present,
10.1021_acs.chemmater.2c02292,F1a/<single>,10.1021_acs.chemmater.2c02292-E000,ExperimentSeries,pulse_time,,25 s; 40 s,,"2 distinct pulse_time values at figure scope; no narrower evidence distinguishes them, so none is applied",,,,,figure,,True,True,False,ambiguous_withheld,candidates_preserved,False,withheld,candidates_preserved,present,n/a,applicability
10.1021_acs.chemmater.2c02292,F1b/<single>,10.1021_acs.chemmater.2c02292-E001,ExperimentSeries,deposition_temperature,,100,°C,substrate temperature of 100 °C,document.md near Fig 1,body,direct,experimental_condition,figure,figure,True,True,True,bound,present,True,present,present,present,present,
10.1021_acs.chemmater.2c02292,F1b/<single>,10.1021_acs.chemmater.2c02292-E001,ExperimentSeries,growth_per_cycle,,1,Å/cycle,GPC of 1Å/cycle,document.md near Fig 1,body,direct,experimental_condition,figure,figure,True,True,True,bound,present,True,not_a_recipe_field,present,present,present,
10.1021_acs.chemmater.2c02292,F1b/<single>,10.1021_acs.chemmater.2c02292-E001,ExperimentSeries,pulse_time,,25 s; 40 s,,"2 distinct pulse_time values at figure scope; no narrower evidence distinguishes them, so none is applied",,,,,figure,,True,True,False,ambiguous_withheld,candidates_preserved,False,withheld,candidates_preserved,present,n/a,applicability
10.1021_acs.chemmater.2c02292,F1c/<single>,10.1021_acs.chemmater.2c02292-E002,ExperimentSeries,deposition_temperature,,100,°C,substrate temperature of 100 °C,document.md near Fig 1,body,direct,experimental_condition,figure,figure,True,True,True,bound,present,True,present,present,present,present,
10.1021_acs.chemmater.2c02292,F1c/<single>,10.1021_acs.chemmater.2c02292-E002,ExperimentSeries,growth_per_cycle,,1,Å/cycle,GPC of 1Å/cycle,document.md near Fig 1,body,direct,experimental_condition,figure,figure,True,True,True,bound,present,True,not_a_recipe_field,present,present,present,
10.1021_acs.chemmater.2c02292,F1c/<single>,10.1021_acs.chemmater.2c02292-E002,ExperimentSeries,pulse_time,,25 s; 40 s,,"2 distinct pulse_time values at figure scope; no narrower evidence distinguishes them, so none is applied",,,,,figure,,True,True,False,ambiguous_withheld,candidates_preserved,False,withheld,candidates_preserved,present,n/a,applicability
10.1021_acs.chemmater.2c02292,F1d/Si-H,10.1021_acs.chemmater.2c02292-E003,ExperimentSeries,deposition_temperature,,100,°C,substrate temperature of 100 °C,document.md near Fig 1,body,direct,experimental_condition,figure,figure,True,True,True,bound,entity_only(no case: discrete_experimental_sweep),,not_a_recipe_field,present,present,present,
10.1021_acs.chemmater.2c02292,F1d/Si-H,10.1021_acs.chemmater.2c02292-E003,ExperimentSeries,growth_per_cycle,,1,Å/cycle,GPC of 1Å/cycle,document.md near Fig 1,body,direct,experimental_condition,figure,figure,True,True,True,bound,entity_only(no case: discrete_experimental_sweep),,not_a_recipe_field,present,present,present,
10.1021_acs.chemmater.2c02292,F1d/Si-H,10.1021_acs.chemmater.2c02292-E003,ExperimentSeries,pulse_time,,25 s; 40 s,,"2 distinct pulse_time values at figure scope; no narrower evidence distinguishes them, so none is applied",,,,,figure,,True,True,False,ambiguous_withheld,candidates_preserved,False,withheld,candidates_preserved,present,n/a,applicability
10.1021_acs.chemmater.2c02292,F1d/Si with native oxide,10.1021_acs.chemmater.2c02292-E004,ExperimentSeries,deposition_temperature,,100,°C,substrate temperature of 100 °C,document.md near Fig 1,body,direct,experimental_condition,figure,figure,True,True,True,bound,entity_only(no case: discrete_experimental_sweep),,not_a_recipe_field,present,present,present,
10.1021_acs.chemmater.2c02292,F1d/Si with native oxide,10.1021_acs.chemmater.2c02292-E004,ExperimentSeries,growth_per_cycle,,1,Å/cycle,GPC of 1Å/cycle,document.md near Fig 1,body,direct,experimental_condition,figure,figure,True,True,True,bound,entity_only(no case: discrete_experimental_sweep),,not_a_recipe_field,present,present,present,
10.1021_acs.chemmater.2c02292,F1d/Si with native oxide,10.1021_acs.chemmater.2c02292-E004,ExperimentSeries,pulse_time,,25 s; 40 s,,"2 distinct pulse_time values at figure scope; no narrower evidence distinguishes them, so none is applied",,,,,figure,,True,True,False,ambiguous_withheld,candidates_preserved,False,withheld,candidates_preserved,present,n/a,applicability
10.1021_acs.chemmater.2c02292,F1f/<single>,10.1021_acs.chemmater.2c02292-E005,ExperimentalProfile,deposition_temperature,,100,°C,substrate temperature of 100 °C,document.md near Fig 1,body,direct,experimental_condition,figure,figure,True,True,True,bound,present,True,present,present,present,present,
10.1021_acs.chemmater.2c02292,F1f/<single>,10.1021_acs.chemmater.2c02292-E005,ExperimentalProfile,growth_per_cycle,,1,Å/cycle,GPC of 1Å/cycle,document.md near Fig 1,body,direct,experimental_condition,figure,figure,True,True,True,bound,present,True,not_a_recipe_field,present,present,present,
10.1021_acs.chemmater.2c02292,F1f/<single>,10.1021_acs.chemmater.2c02292-E005,ExperimentalProfile,pulse_time,,25 s; 40 s,,"2 distinct pulse_time values at figure scope; no narrower evidence distinguishes them, so none is applied",,,,,figure,,True,True,False,ambiguous_withheld,candidates_preserved,False,withheld,candidates_preserved,present,n/a,applicability
10.1021_acs.chemmater.2c02292,F3a/Annealed in He,10.1021_acs.chemmater.2c02292-E015,MultiOutputMeasurement,temperature,,800,°C,800 °C,figure caption,caption,direct,experimental_condition,figure,figure,True,True,True,bound,present,True,not_a_recipe_field,present,present,present,
10.1021_acs.chemmater.2c02292,F3a/Annealed in air,10.1021_acs.chemmater.2c02292-E016,MultiOutputMeasurement,temperature,,800,°C,800 °C,figure caption,caption,direct,experimental_condition,figure,figure,True,True,True,bound,present,True,not_a_recipe_field,present,present,present,
10.1021_acs.chemmater.2c02292,F3a/As deposited,10.1021_acs.chemmater.2c02292-E017,MultiOutputMeasurement,temperature,,800,°C,800 °C,figure caption,caption,direct,experimental_condition,figure,figure,True,True,True,bound,present,True,not_a_recipe_field,present,present,present,
10.1021_acs.chemmater.2c02292,F5a/Methanol,10.1021_acs.chemmater.2c02292-E024,ExperimentSeries,cycle_number,,50,cycle,50 ALD cycles,figure 5 caption,caption,direct,experimental_condition,figure,figure,True,True,True,bound,entity_only(no case: discrete_experimental_sweep),,not_a_recipe_field,present,present,present,
10.1021_acs.chemmater.2c02292,F5a/Methanol,10.1021_acs.chemmater.2c02292-E024,ExperimentSeries,pulse_time,,25,s,pulses and 25s,document.md near Fig 5,body,direct,experimental_condition,figure,figure,True,True,True,bound,entity_only(no case: discrete_experimental_sweep),,not_a_recipe_field,present,present,present,
10.1021_acs.chemmater.2c02292,F5a/Methanol,10.1021_acs.chemmater.2c02292-E024,ExperimentSeries,growth_per_cycle,,1 Å/cycle; 1.4 Å/cycle; 2 Å/cycle,,"3 distinct growth_per_cycle values at figure scope; no narrower evidence distinguishes them, so none is applied",,,,,figure,,True,True,False,ambiguous_withheld,candidates_preserved,False,withheld,candidates_preserved,present,n/a,applicability
10.1021_acs.chemmater.2c02292,F5a/Ethanol,10.1021_acs.chemmater.2c02292-E025,ExperimentSeries,cycle_number,,50,cycle,50 ALD cycles,figure 5 caption,caption,direct,experimental_condition,figure,figure,True,True,True,bound,entity_only(no case: discrete_experimental_sweep),,not_a_recipe_field,present,present,present,
10.1021_acs.chemmater.2c02292,F5a/Ethanol,10.1021_acs.chemmater.2c02292-E025,ExperimentSeries,pulse_time,,25,s,pulses and 25s,document.md near Fig 5,body,direct,experimental_condition,figure,figure,True,True,True,bound,entity_only(no case: discrete_experimental_sweep),,not_a_recipe_field,present,present,present,
10.1021_acs.chemmater.2c02292,F5a/Ethanol,10.1021_acs.chemmater.2c02292-E025,ExperimentSeries,growth_per_cycle,,1 Å/cycle; 1.4 Å/cycle; 2 Å/cycle,,"3 distinct growth_per_cycle values at figure scope; no narrower evidence distinguishes them, so none is applied",,,,,figure,,True,True,False,ambiguous_withheld,candidates_preserved,False,withheld,candidates_preserved,present,n/a,applicability
10.1021_acs.chemmater.2c02292,F5a/2-propanol,10.1021_acs.chemmater.2c02292-E026,ExperimentSeries,cycle_number,,50,cycle,50 ALD cycles,figure 5 caption,caption,direct,experimental_condition,figure,figure,True,True,True,bound,entity_only(no case: discrete_experimental_sweep),,not_a_recipe_field,present,present,present,
10.1021_acs.chemmater.2c02292,F5a/2-propanol,10.1021_acs.chemmater.2c02292-E026,ExperimentSeries,pulse_time,,25,s,pulses and 25s,document.md near Fig 5,body,direct,experimental_condition,figure,figure,True,True,True,bound,entity_only(no case: discrete_experimental_sweep),,not_a_recipe_field,present,present,present,
10.1021_acs.chemmater.2c02292,F5a/2-propanol,10.1021_acs.chemmater.2c02292-E026,ExperimentSeries,growth_per_cycle,,1 Å/cycle; 1.4 Å/cycle; 2 Å/cycle,,"3 distinct growth_per_cycle values at figure scope; no narrower evidence distinguishes them, so none is applied",,,,,figure,,True,True,False,ambiguous_withheld,candidates_preserved,False,withheld,candidates_preserved,present,n/a,applicability
10.1021_acs.chemmater.2c02292,F5a/1-propanol,10.1021_acs.chemmater.2c02292-E027,ExperimentSeries,cycle_number,,50,cycle,50 ALD cycles,figure 5 caption,caption,direct,experimental_condition,figure,figure,True,True,True,bound,entity_only(no case: discrete_experimental_sweep),,not_a_recipe_field,present,present,present,
10.1021_acs.chemmater.2c02292,F5a/1-propanol,10.1021_acs.chemmater.2c02292-E027,ExperimentSeries,pulse_time,,25,s,pulses and 25s,document.md near Fig 5,body,direct,experimental_condition,figure,figure,True,True,True,bound,entity_only(no case: discrete_experimental_sweep),,not_a_recipe_field,present,present,present,
10.1021_acs.chemmater.2c02292,F5a/1-propanol,10.1021_acs.chemmater.2c02292-E027,ExperimentSeries,growth_per_cycle,,1 Å/cycle; 1.4 Å/cycle; 2 Å/cycle,,"3 distinct growth_per_cycle values at figure scope; no narrower evidence distinguishes them, so none is applied",,,,,figure,,True,True,False,ambiguous_withheld,candidates_preserved,False,withheld,candidates_preserved,present,n/a,applicability
10.1021_acs.chemmater.2c02292,F5b/Methanol,10.1021_acs.chemmater.2c02292-E028,ExperimentSeries,cycle_number,,50,cycle,50 ALD cycles,figure 5 caption,caption,direct,experimental_condition,figure,figure,True,True,True,bound,present,True,present,present,present,present,
10.1021_acs.chemmater.2c02292,F5b/Methanol,10.1021_acs.chemmater.2c02292-E028,ExperimentSeries,pulse_time,,25,s,pulses and 25s,document.md near Fig 5,body,direct,experimental_condition,figure,figure,True,True,True,bound,present,True,not_a_recipe_field,present,present,present,
10.1021_acs.chemmater.2c02292,F5b/Methanol,10.1021_acs.chemmater.2c02292-E028,ExperimentSeries,growth_per_cycle,,1 Å/cycle; 1.4 Å/cycle; 2 Å/cycle,,"3 distinct growth_per_cycle values at figure scope; no narrower evidence distinguishes them, so none is applied",,,,,figure,,True,True,False,ambiguous_withheld,candidates_preserved,False,withheld,candidates_preserved,present,n/a,applicability
10.1021_acs.chemmater.2c02292,F5b/Ethanol,10.1021_acs.chemmater.2c02292-E029,ExperimentSeries,cycle_number,,50,cycle,50 ALD cycles,figure 5 caption,caption,direct,experimental_condition,figure,figure,True,True,True,bound,present,True,present,present,present,present,
10.1021_acs.chemmater.2c02292,F5b/Ethanol,10.1021_acs.chemmater.2c02292-E029,ExperimentSeries,pulse_time,,25,s,pulses and 25s,document.md near Fig 5,body,direct,experimental_condition,figure,figure,True,True,True,bound,present,True,not_a_recipe_field,present,present,present,
10.1021_acs.chemmater.2c02292,F5b/Ethanol,10.1021_acs.chemmater.2c02292-E029,ExperimentSeries,growth_per_cycle,,1 Å/cycle; 1.4 Å/cycle; 2 Å/cycle,,"3 distinct growth_per_cycle values at figure scope; no narrower evidence distinguishes them, so none is applied",,,,,figure,,True,True,False,ambiguous_withheld,candidates_preserved,False,withheld,candidates_preserved,present,n/a,applicability
10.1021_acs.chemmater.2c02292,F5b/2-propanol,10.1021_acs.chemmater.2c02292-E030,ExperimentSeries,cycle_number,,50,cycle,50 ALD cycles,figure 5 caption,caption,direct,experimental_condition,figure,figure,True,True,True,bound,present,True,present,present,present,present,
10.1021_acs.chemmater.2c02292,F5b/2-propanol,10.1021_acs.chemmater.2c02292-E030,ExperimentSeries,pulse_time,,25,s,pulses and 25s,document.md near Fig 5,body,direct,experimental_condition,figure,figure,True,True,True,bound,present,True,not_a_recipe_field,present,present,present,
10.1021_acs.chemmater.2c02292,F5b/2-propanol,10.1021_acs.chemmater.2c02292-E030,ExperimentSeries,growth_per_cycle,,1 Å/cycle; 1.4 Å/cycle; 2 Å/cycle,,"3 distinct growth_per_cycle values at figure scope; no narrower evidence distinguishes them, so none is applied",,,,,figure,,True,True,False,ambiguous_withheld,candidates_preserved,False,withheld,candidates_preserved,present,n/a,applicability
10.1021_acs.chemmater.2c02292,F5c/Methanol,10.1021_acs.chemmater.2c02292-E031,ExperimentSeries,cycle_number,,50,cycle,50 ALD cycles,figure 5 caption,caption,direct,experimental_condition,figure,figure,True,True,True,bound,present,True,present,present,present,present,
10.1021_acs.chemmater.2c02292,F5c/Methanol,10.1021_acs.chemmater.2c02292-E031,ExperimentSeries,pulse_time,,25,s,pulses and 25s,document.md near Fig 5,body,direct,experimental_condition,figure,figure,True,True,True,bound,present,True,not_a_recipe_field,present,present,present,
10.1021_acs.chemmater.2c02292,F5c/Methanol,10.1021_acs.chemmater.2c02292-E031,ExperimentSeries,growth_per_cycle,,1 Å/cycle; 1.4 Å/cycle; 2 Å/cycle,,"3 distinct growth_per_cycle values at figure scope; no narrower evidence distinguishes them, so none is applied",,,,,figure,,True,True,False,ambiguous_withheld,candidates_preserved,False,withheld,candidates_preserved,present,n/a,applicability
10.1021_acs.chemmater.2c02292,F5c/Ethanol,10.1021_acs.chemmater.2c02292-E032,ExperimentSeries,cycle_number,,50,cycle,50 ALD cycles,figure 5 caption,caption,direct,experimental_condition,figure,figure,True,True,True,bound,present,True,present,present,present,present,
10.1021_acs.chemmater.2c02292,F5c/Ethanol,10.1021_acs.chemmater.2c02292-E032,ExperimentSeries,pulse_time,,25,s,pulses and 25s,document.md near Fig 5,body,direct,experimental_condition,figure,figure,True,True,True,bound,present,True,not_a_recipe_field,present,present,present,
10.1021_acs.chemmater.2c02292,F5c/Ethanol,10.1021_acs.chemmater.2c02292-E032,ExperimentSeries,growth_per_cycle,,1 Å/cycle; 1.4 Å/cycle; 2 Å/cycle,,"3 distinct growth_per_cycle values at figure scope; no narrower evidence distinguishes them, so none is applied",,,,,figure,,True,True,False,ambiguous_withheld,candidates_preserved,False,withheld,candidates_preserved,present,n/a,applicability
10.1021_acs.chemmater.2c02292,F5c/2-propanol,10.1021_acs.chemmater.2c02292-E033,ExperimentSeries,cycle_number,,50,cycle,50 ALD cycles,figure 5 caption,caption,direct,experimental_condition,figure,figure,True,True,True,bound,present,True,present,present,present,present,
10.1021_acs.chemmater.2c02292,F5c/2-propanol,10.1021_acs.chemmater.2c02292-E033,ExperimentSeries,pulse_time,,25,s,pulses and 25s,document.md near Fig 5,body,direct,experimental_condition,figure,figure,True,True,True,bound,present,True,not_a_recipe_field,present,present,present,
10.1021_acs.chemmater.2c02292,F5c/2-propanol,10.1021_acs.chemmater.2c02292-E033,ExperimentSeries,growth_per_cycle,,1 Å/cycle; 1.4 Å/cycle; 2 Å/cycle,,"3 distinct growth_per_cycle values at figure scope; no narrower evidence distinguishes them, so none is applied",,,,,figure,,True,True,False,ambiguous_withheld,candidates_preserved,False,withheld,candidates_preserved,present,n/a,applicability
10.1021_acs.jpcc.9b08176,F1b/r=10^-5,10.1021_acs.jpcc.9b08176-E000,ModelSweep,cycle_number,,400,cycle,400 cycles,methods section,methods,approximate,experimental_condition,method,method,True,True,True,bound,entity_only(no case: model_sweep),,not_a_recipe_field,present,present,present,
10.1021_acs.jpcc.9b08176,F1b/r=10^-5,10.1021_acs.jpcc.9b08176-E000,ModelSweep,flow_rate,,50,sccm,50 sccm,methods section,methods,direct,experimental_condition,method,method,True,True,True,bound,entity_only(no case: model_sweep),,not_a_recipe_field,present,present,present,
10.1021_acs.jpcc.9b08176,F1b/r=10^-4,10.1021_acs.jpcc.9b08176-E001,ModelSweep,cycle_number,,400,cycle,400 cycles,methods section,methods,approximate,experimental_condition,method,method,True,True,True,bound,entity_only(no case: model_sweep),,not_a_recipe_field,present,present,present,
10.1021_acs.jpcc.9b08176,F1b/r=10^-4,10.1021_acs.jpcc.9b08176-E001,ModelSweep,flow_rate,,50,sccm,50 sccm,methods section,methods,direct,experimental_condition,method,method,True,True,True,bound,entity_only(no case: model_sweep),,not_a_recipe_field,present,present,present,
10.1021_acs.jpcc.9b08176,F1b/r=10^-3,10.1021_acs.jpcc.9b08176-E002,ModelSweep,cycle_number,,400,cycle,400 cycles,methods section,methods,approximate,experimental_condition,method,method,True,True,True,bound,entity_only(no case: model_sweep),,not_a_recipe_field,present,present,present,
10.1021_acs.jpcc.9b08176,F1b/r=10^-3,10.1021_acs.jpcc.9b08176-E002,ModelSweep,flow_rate,,50,sccm,50 sccm,methods section,methods,direct,experimental_condition,method,method,True,True,True,bound,entity_only(no case: model_sweep),,not_a_recipe_field,present,present,present,
10.1021_acs.jpcc.9b08176,F1b/r=10^-2,10.1021_acs.jpcc.9b08176-E003,ModelSweep,cycle_number,,400,cycle,400 cycles,methods section,methods,approximate,experimental_condition,method,method,True,True,True,bound,entity_only(no case: model_sweep),,not_a_recipe_field,present,present,present,
10.1021_acs.jpcc.9b08176,F1b/r=10^-2,10.1021_acs.jpcc.9b08176-E003,ModelSweep,flow_rate,,50,sccm,50 sccm,methods section,methods,direct,experimental_condition,method,method,True,True,True,bound,entity_only(no case: model_sweep),,not_a_recipe_field,present,present,present,
10.1021_acs.jpcc.9b08176,F1c/t=10^0,10.1021_acs.jpcc.9b08176-E004,ModelSweep,cycle_number,,400,cycle,400 cycles,methods section,methods,approximate,experimental_condition,method,method,True,True,True,bound,entity_only(no case: model_sweep),,not_a_recipe_field,present,present,present,
10.1021_acs.jpcc.9b08176,F1c/t=10^0,10.1021_acs.jpcc.9b08176-E004,ModelSweep,flow_rate,,50,sccm,50 sccm,methods section,methods,direct,experimental_condition,method,method,True,True,True,bound,entity_only(no case: model_sweep),,not_a_recipe_field,present,present,present,
10.1021_acs.jpcc.9b08176,F1c/t=10^1,10.1021_acs.jpcc.9b08176-E005,ModelSweep,cycle_number,,400,cycle,400 cycles,methods section,methods,approximate,experimental_condition,method,method,True,True,True,bound,entity_only(no case: model_sweep),,not_a_recipe_field,present,present,present,
10.1021_acs.jpcc.9b08176,F1c/t=10^1,10.1021_acs.jpcc.9b08176-E005,ModelSweep,flow_rate,,50,sccm,50 sccm,methods section,methods,direct,experimental_condition,method,method,True,True,True,bound,entity_only(no case: model_sweep),,not_a_recipe_field,present,present,present,
10.1021_acs.jpcc.9b08176,F1c/t=10^2,10.1021_acs.jpcc.9b08176-E006,ModelSweep,cycle_number,,400,cycle,400 cycles,methods section,methods,approximate,experimental_condition,method,method,True,True,True,bound,entity_only(no case: model_sweep),,not_a_recipe_field,present,present,present,
10.1021_acs.jpcc.9b08176,F1c/t=10^2,10.1021_acs.jpcc.9b08176-E006,ModelSweep,flow_rate,,50,sccm,50 sccm,methods section,methods,direct,experimental_condition,method,method,True,True,True,bound,entity_only(no case: model_sweep),,not_a_recipe_field,present,present,present,
10.1021_acs.jpcc.9b08176,F1c/t=10^3,10.1021_acs.jpcc.9b08176-E007,ModelSweep,cycle_number,,400,cycle,400 cycles,methods section,methods,approximate,experimental_condition,method,method,True,True,True,bound,entity_only(no case: model_sweep),,not_a_recipe_field,present,present,present,
10.1021_acs.jpcc.9b08176,F1c/t=10^3,10.1021_acs.jpcc.9b08176-E007,ModelSweep,flow_rate,,50,sccm,50 sccm,methods section,methods,direct,experimental_condition,method,method,True,True,True,bound,entity_only(no case: model_sweep),,not_a_recipe_field,present,present,present,
10.1021_acs.jpcc.9b08176,F1c/t=10^4,10.1021_acs.jpcc.9b08176-E008,ModelSweep,cycle_number,,400,cycle,400 cycles,methods section,methods,approximate,experimental_condition,method,method,True,True,True,bound,entity_only(no case: model_sweep),,not_a_recipe_field,present,present,present,
10.1021_acs.jpcc.9b08176,F1c/t=10^4,10.1021_acs.jpcc.9b08176-E008,ModelSweep,flow_rate,,50,sccm,50 sccm,methods section,methods,direct,experimental_condition,method,method,True,True,True,bound,entity_only(no case: model_sweep),,not_a_recipe_field,present,present,present,
10.1021_acs.jpcc.9b08176,F2a/<single>,10.1021_acs.jpcc.9b08176-E009,ExperimentSeries,flow_rate,,50,sccm,50 sccm,methods section,methods,direct,experimental_condition,method,method,True,True,True,bound,present,True,present,present,present,present,
10.1021_acs.jpcc.9b08176,F2a/<single>,10.1021_acs.jpcc.9b08176-E009,ExperimentSeries,cycle_number,,300 cycle; 400 cycle,,"2 distinct cycle_number values at figure scope; no narrower evidence distinguishes them, so none is applied",,,,,figure,,True,True,False,ambiguous_withheld,candidates_preserved,False,withheld,candidates_preserved,present,n/a,applicability
10.1021_acs.jpcc.9b08176,F2a/<single>,10.1021_acs.jpcc.9b08176-E010,ExperimentSeries,flow_rate,,50,sccm,50 sccm,methods section,methods,direct,experimental_condition,method,method,True,True,True,bound,present,True,present,present,present,present,
10.1021_acs.jpcc.9b08176,F2a/<single>,10.1021_acs.jpcc.9b08176-E010,ExperimentSeries,cycle_number,,300 cycle; 400 cycle,,"2 distinct cycle_number values at figure scope; no narrower evidence distinguishes them, so none is applied",,,,,figure,,True,True,False,ambiguous_withheld,candidates_preserved,False,withheld,candidates_preserved,present,n/a,applicability
10.1021_acs.jpcc.9b08176,F2a/<single>,10.1021_acs.jpcc.9b08176-E011,ExperimentSeries,flow_rate,,50,sccm,50 sccm,methods section,methods,direct,experimental_condition,method,method,True,True,True,bound,present,True,present,present,present,present,
10.1021_acs.jpcc.9b08176,F2a/<single>,10.1021_acs.jpcc.9b08176-E011,ExperimentSeries,cycle_number,,300 cycle; 400 cycle,,"2 distinct cycle_number values at figure scope; no narrower evidence distinguishes them, so none is applied",,,,,figure,,True,True,False,ambiguous_withheld,candidates_preserved,False,withheld,candidates_preserved,present,n/a,applicability
10.1021_acs.jpcc.9b08176,F2a/<single>,10.1021_acs.jpcc.9b08176-E012,ExperimentSeries,flow_rate,,50,sccm,50 sccm,methods section,methods,direct,experimental_condition,method,method,True,True,True,bound,present,True,present,present,present,present,
10.1021_acs.jpcc.9b08176,F2a/<single>,10.1021_acs.jpcc.9b08176-E012,ExperimentSeries,cycle_number,,300 cycle; 400 cycle,,"2 distinct cycle_number values at figure scope; no narrower evidence distinguishes them, so none is applied",,,,,figure,,True,True,False,ambiguous_withheld,candidates_preserved,False,withheld,candidates_preserved,present,n/a,applicability
10.1021_acs.jpcc.9b08176,F3a/<single>,10.1021_acs.jpcc.9b08176-E013,DerivedRepresentation,cycle_number,,400,cycle,400 cycles,methods section,methods,approximate,experimental_condition,method,method,True,True,True,bound,entity_only(no case: derived_representation),,not_a_recipe_field,present,present,present,
10.1021_acs.jpcc.9b08176,F3a/<single>,10.1021_acs.jpcc.9b08176-E013,DerivedRepresentation,flow_rate,,50,sccm,50 sccm,methods section,methods,direct,experimental_condition,method,method,True,True,True,bound,entity_only(no case: derived_representation),,not_a_recipe_field,present,present,present,
10.1021_acs.jpcc.9b08176,F3a/<single>,10.1021_acs.jpcc.9b08176-E014,DerivedRepresentation,cycle_number,,400,cycle,400 cycles,methods section,methods,approximate,experimental_condition,method,method,True,True,True,bound,entity_only(no case: derived_representation),,not_a_recipe_field,present,present,present,
10.1021_acs.jpcc.9b08176,F3a/<single>,10.1021_acs.jpcc.9b08176-E014,DerivedRepresentation,flow_rate,,50,sccm,50 sccm,methods section,methods,direct,experimental_condition,method,method,True,True,True,bound,entity_only(no case: derived_representation),,not_a_recipe_field,present,present,present,
10.1039_c5tc03561a,F2a/<single>,10.1039_c5tc03561a-E000,ExperimentSeries,working_pressure,,0.6,Torr,chamber pressure of 0.6 Torr,methods section,methods,direct,experimental_condition,method,method,True,True,True,bound,present,True,not_a_recipe_field,present,present,present,
10.1039_c5tc03561a,F2a/<single>,10.1039_c5tc03561a-E000,ExperimentSeries,deposition_temperature,,210,°C,grown at 210 °C,methods section,methods,direct,experimental_condition,method,method,True,True,True,bound,present,True,present,present,present,present,
10.1039_c5tc03561a,F2a/<single>,10.1039_c5tc03561a-E000,ExperimentSeries,flow_rate,Ar,10,sccm,10 sccm of Ar,methods section,methods,direct,experimental_condition,method,method,True,True,True,bound,present,True,present,present,present,present,
10.1039_c5tc03561a,F2a/<single>,10.1039_c5tc03561a-E000,ExperimentSeries,generic_pressure,,1,mbar,per cycle at a differential pressure of 1 mbar (pressure of precursor vapor and Ar boosting Fig. 2 (a) GPC plotted versu,document.md near Fig 2,body,direct,experimental_condition,figure,figure,True,True,True,bound,present,True,not_a_recipe_field,present,present,present,
10.1039_c5tc03561a,F2b/<single>,10.1039_c5tc03561a-E001,ExperimentSeries,working_pressure,,0.6,Torr,chamber pressure of 0.6 Torr,methods section,methods,direct,experimental_condition,method,method,True,True,True,bound,present,True,not_a_recipe_field,present,present,present,
10.1039_c5tc03561a,F2b/<single>,10.1039_c5tc03561a-E001,ExperimentSeries,deposition_temperature,,210,°C,grown at 210 °C,methods section,methods,direct,experimental_condition,method,method,True,True,True,bound,present,True,present,present,present,present,
10.1039_c5tc03561a,F2b/<single>,10.1039_c5tc03561a-E001,ExperimentSeries,flow_rate,Ar,10,sccm,10 sccm of Ar,methods section,methods,direct,experimental_condition,method,method,True,True,True,bound,present,True,present,present,present,present,
10.1039_c5tc03561a,F2b/<single>,10.1039_c5tc03561a-E001,ExperimentSeries,generic_pressure,,1,mbar,per cycle at a differential pressure of 1 mbar (pressure of precursor vapor and Ar boosting Fig. 2 (a) GPC plotted versu,document.md near Fig 2,body,direct,experimental_condition,figure,figure,True,True,True,bound,present,True,not_a_recipe_field,present,present,present,
10.1039_c5tc03561a,F3a/<single>,10.1039_c5tc03561a-E002,ExperimentSeries,growth_per_cycle,,0.45,Å/cycle,0.45 Å per cycle,document.md near Fig 3,body,direct,experimental_condition,figure,figure,True,True,True,bound,present,True,not_a_recipe_field,present,present,present,
10.1039_c5tc03561a,F3a/<single>,10.1039_c5tc03561a-E002,ExperimentSeries,working_pressure,,0.6,Torr,chamber pressure of 0.6 Torr,methods section,methods,direct,experimental_condition,method,method,True,True,True,bound,present,True,not_a_recipe_field,present,present,present,
10.1039_c5tc03561a,F3a/<single>,10.1039_c5tc03561a-E002,ExperimentSeries,deposition_temperature,,210,°C,grown at 210 °C,methods section,methods,direct,experimental_condition,method,method,True,True,True,bound,present,True,present,present,present,present,
10.1039_c5tc03561a,F3a/<single>,10.1039_c5tc03561a-E002,ExperimentSeries,flow_rate,Ar,10,sccm,10 sccm of Ar,methods section,methods,direct,experimental_condition,method,method,True,True,True,bound,present,True,present,present,present,present,
10.1039_c5tc03561a,F3b/<single>,10.1039_c5tc03561a-E003,ExperimentSeries,cycle_number,,100,cycles,100 cycles,figure caption,caption,direct,experimental_condition,figure,figure,True,True,True,bound,present,True,present,present,present,present,
10.1039_c5tc03561a,F3b/<single>,10.1039_c5tc03561a-E003,ExperimentSeries,growth_per_cycle,,0.45,Å/cycle,0.45 Å per cycle,document.md near Fig 3,body,direct,experimental_condition,figure,figure,True,True,True,bound,present,True,not_a_recipe_field,present,present,present,
10.1039_c5tc03561a,F3b/<single>,10.1039_c5tc03561a-E003,ExperimentSeries,working_pressure,,0.6,Torr,chamber pressure of 0.6 Torr,methods section,methods,direct,experimental_condition,method,method,True,True,True,bound,present,True,not_a_recipe_field,present,present,present,
10.1039_c5tc03561a,F3b/<single>,10.1039_c5tc03561a-E003,ExperimentSeries,deposition_temperature,,210,°C,grown at 210 °C,methods section,methods,direct,experimental_condition,method,method,True,True,True,bound,present,True,present,present,present,present,
10.1039_c5tc03561a,F3b/<single>,10.1039_c5tc03561a-E003,ExperimentSeries,flow_rate,Ar,10,sccm,10 sccm of Ar,methods section,methods,direct,experimental_condition,method,method,True,True,True,bound,present,True,present,present,present,present,
10.1039_c5tc03561a,F4a/Ba,10.1039_c5tc03561a-E004,MultiOutputMeasurement,working_pressure,,0.6,Torr,chamber pressure of 0.6 Torr,methods section,methods,direct,experimental_condition,method,method,True,True,True,bound,present,True,not_a_recipe_field,present,present,present,
10.1039_c5tc03561a,F4a/Ba,10.1039_c5tc03561a-E004,MultiOutputMeasurement,deposition_temperature,,210,°C,grown at 210 °C,methods section,methods,direct,experimental_condition,method,method,True,True,True,bound,present,True,present,present,present,present,
10.1039_c5tc03561a,F4a/Ba,10.1039_c5tc03561a-E004,MultiOutputMeasurement,flow_rate,Ar,10,sccm,10 sccm of Ar,methods section,methods,direct,experimental_condition,method,method,True,True,True,bound,present,True,present,present,present,present,
10.1039_c5tc03561a,F4a/O,10.1039_c5tc03561a-E005,MultiOutputMeasurement,working_pressure,,0.6,Torr,chamber pressure of 0.6 Torr,methods section,methods,direct,experimental_condition,method,method,True,True,True,bound,present,True,not_a_recipe_field,present,present,present,
10.1039_c5tc03561a,F4a/O,10.1039_c5tc03561a-E005,MultiOutputMeasurement,deposition_temperature,,210,°C,grown at 210 °C,methods section,methods,direct,experimental_condition,method,method,True,True,True,bound,present,True,present,present,present,present,
10.1039_c5tc03561a,F4a/O,10.1039_c5tc03561a-E005,MultiOutputMeasurement,flow_rate,Ar,10,sccm,10 sccm of Ar,methods section,methods,direct,experimental_condition,method,method,True,True,True,bound,present,True,present,present,present,present,
10.1039_c5tc03561a,F4a/C,10.1039_c5tc03561a-E006,MultiOutputMeasurement,working_pressure,,0.6,Torr,chamber pressure of 0.6 Torr,methods section,methods,direct,experimental_condition,method,method,True,True,True,bound,present,True,not_a_recipe_field,present,present,present,
10.1039_c5tc03561a,F4a/C,10.1039_c5tc03561a-E006,MultiOutputMeasurement,deposition_temperature,,210,°C,grown at 210 °C,methods section,methods,direct,experimental_condition,method,method,True,True,True,bound,present,True,present,present,present,present,
10.1039_c5tc03561a,F4a/C,10.1039_c5tc03561a-E006,MultiOutputMeasurement,flow_rate,Ar,10,sccm,10 sccm of Ar,methods section,methods,direct,experimental_condition,method,method,True,True,True,bound,present,True,present,present,present,present,
10.1039_c5tc03561a,F4a/Si,10.1039_c5tc03561a-E007,MultiOutputMeasurement,working_pressure,,0.6,Torr,chamber pressure of 0.6 Torr,methods section,methods,direct,experimental_condition,method,method,True,True,True,bound,present,True,not_a_recipe_field,present,present,present,
10.1039_c5tc03561a,F4a/Si,10.1039_c5tc03561a-E007,MultiOutputMeasurement,deposition_temperature,,210,°C,grown at 210 °C,methods section,methods,direct,experimental_condition,method,method,True,True,True,bound,present,True,present,present,present,present,
10.1039_c5tc03561a,F4a/Si,10.1039_c5tc03561a-E007,MultiOutputMeasurement,flow_rate,Ar,10,sccm,10 sccm of Ar,methods section,methods,direct,experimental_condition,method,method,True,True,True,bound,present,True,present,present,present,present,
10.1039_c5tc03561a,F7a/Ti,10.1039_c5tc03561a-E008,MultiOutputMeasurement,deposition_temperature,,210,°C,substrate temperature was 210 °C,document.md near Fig 7,body,direct,experimental_condition,figure,figure,True,True,True,bound,present,True,present,present,present,present,
10.1039_c5tc03561a,F7a/Ti,10.1039_c5tc03561a-E008,MultiOutputMeasurement,cycle_number,,2,cycle,2 cycles,document.md near Fig 7,body,direct,experimental_condition,figure,figure,True,True,True,bound,present,True,present,present,present,present,
10.1039_c5tc03561a,F7a/Ti,10.1039_c5tc03561a-E008,MultiOutputMeasurement,purge_time,,60,s,purging step (60 s,document.md near Fig 7,body,direct,experimental_condition,figure,figure,True,True,True,bound,present,True,not_a_recipe_field,present,present,present,
10.1039_c5tc03561a,F7a/Ti,10.1039_c5tc03561a-E008,MultiOutputMeasurement,pulse_time,,0.1,s,dose (0.1 s,document.md near Fig 7,body,direct,experimental_condition,figure,figure,True,True,True,bound,present,True,not_a_recipe_field,present,present,present,
10.1039_c5tc03561a,F7a/Ti,10.1039_c5tc03561a-E008,MultiOutputMeasurement,working_pressure,,0.6,Torr,chamber pressure of 0.6 Torr,methods section,methods,direct,experimental_condition,method,method,True,True,True,bound,present,True,not_a_recipe_field,present,present,present,
10.1039_c5tc03561a,F7a/Ti,10.1039_c5tc03561a-E008,MultiOutputMeasurement,flow_rate,Ar,10,sccm,10 sccm of Ar,methods section,methods,direct,experimental_condition,method,method,True,True,True,bound,present,True,present,present,present,present,
10.1039_c5tc03561a,F7a/Ba,10.1039_c5tc03561a-E009,MultiOutputMeasurement,deposition_temperature,,210,°C,substrate temperature was 210 °C,document.md near Fig 7,body,direct,experimental_condition,figure,figure,True,True,True,bound,present,True,present,present,present,present,
10.1039_c5tc03561a,F7a/Ba,10.1039_c5tc03561a-E009,MultiOutputMeasurement,cycle_number,,2,cycle,2 cycles,document.md near Fig 7,body,direct,experimental_condition,figure,figure,True,True,True,bound,present,True,present,present,present,present,
10.1039_c5tc03561a,F7a/Ba,10.1039_c5tc03561a-E009,MultiOutputMeasurement,purge_time,,60,s,purging step (60 s,document.md near Fig 7,body,direct,experimental_condition,figure,figure,True,True,True,bound,present,True,not_a_recipe_field,present,present,present,
10.1039_c5tc03561a,F7a/Ba,10.1039_c5tc03561a-E009,MultiOutputMeasurement,pulse_time,,0.1,s,dose (0.1 s,document.md near Fig 7,body,direct,experimental_condition,figure,figure,True,True,True,bound,present,True,not_a_recipe_field,present,present,present,
10.1039_c5tc03561a,F7a/Ba,10.1039_c5tc03561a-E009,MultiOutputMeasurement,working_pressure,,0.6,Torr,chamber pressure of 0.6 Torr,methods section,methods,direct,experimental_condition,method,method,True,True,True,bound,present,True,not_a_recipe_field,present,present,present,
10.1039_c5tc03561a,F7a/Ba,10.1039_c5tc03561a-E009,MultiOutputMeasurement,flow_rate,Ar,10,sccm,10 sccm of Ar,methods section,methods,direct,experimental_condition,method,method,True,True,True,bound,present,True,present,present,present,present,
10.1039_c5tc03561a,F7a/O,10.1039_c5tc03561a-E010,MultiOutputMeasurement,deposition_temperature,,210,°C,substrate temperature was 210 °C,document.md near Fig 7,body,direct,experimental_condition,figure,figure,True,True,True,bound,present,True,present,present,present,present,
10.1039_c5tc03561a,F7a/O,10.1039_c5tc03561a-E010,MultiOutputMeasurement,cycle_number,,2,cycle,2 cycles,document.md near Fig 7,body,direct,experimental_condition,figure,figure,True,True,True,bound,present,True,present,present,present,present,
10.1039_c5tc03561a,F7a/O,10.1039_c5tc03561a-E010,MultiOutputMeasurement,purge_time,,60,s,purging step (60 s,document.md near Fig 7,body,direct,experimental_condition,figure,figure,True,True,True,bound,present,True,not_a_recipe_field,present,present,present,
10.1039_c5tc03561a,F7a/O,10.1039_c5tc03561a-E010,MultiOutputMeasurement,pulse_time,,0.1,s,dose (0.1 s,document.md near Fig 7,body,direct,experimental_condition,figure,figure,True,True,True,bound,present,True,not_a_recipe_field,present,present,present,
10.1039_c5tc03561a,F7a/O,10.1039_c5tc03561a-E010,MultiOutputMeasurement,working_pressure,,0.6,Torr,chamber pressure of 0.6 Torr,methods section,methods,direct,experimental_condition,method,method,True,True,True,bound,present,True,not_a_recipe_field,present,present,present,
10.1039_c5tc03561a,F7a/O,10.1039_c5tc03561a-E010,MultiOutputMeasurement,flow_rate,Ar,10,sccm,10 sccm of Ar,methods section,methods,direct,experimental_condition,method,method,True,True,True,bound,present,True,present,present,present,present,
10.1039_c5tc03561a,F7a/C,10.1039_c5tc03561a-E011,MultiOutputMeasurement,deposition_temperature,,210,°C,substrate temperature was 210 °C,document.md near Fig 7,body,direct,experimental_condition,figure,figure,True,True,True,bound,present,True,present,present,present,present,
10.1039_c5tc03561a,F7a/C,10.1039_c5tc03561a-E011,MultiOutputMeasurement,cycle_number,,2,cycle,2 cycles,document.md near Fig 7,body,direct,experimental_condition,figure,figure,True,True,True,bound,present,True,present,present,present,present,
10.1039_c5tc03561a,F7a/C,10.1039_c5tc03561a-E011,MultiOutputMeasurement,purge_time,,60,s,purging step (60 s,document.md near Fig 7,body,direct,experimental_condition,figure,figure,True,True,True,bound,present,True,not_a_recipe_field,present,present,present,
10.1039_c5tc03561a,F7a/C,10.1039_c5tc03561a-E011,MultiOutputMeasurement,pulse_time,,0.1,s,dose (0.1 s,document.md near Fig 7,body,direct,experimental_condition,figure,figure,True,True,True,bound,present,True,not_a_recipe_field,present,present,present,
10.1039_c5tc03561a,F7a/C,10.1039_c5tc03561a-E011,MultiOutputMeasurement,working_pressure,,0.6,Torr,chamber pressure of 0.6 Torr,methods section,methods,direct,experimental_condition,method,method,True,True,True,bound,present,True,not_a_recipe_field,present,present,present,
10.1039_c5tc03561a,F7a/C,10.1039_c5tc03561a-E011,MultiOutputMeasurement,flow_rate,Ar,10,sccm,10 sccm of Ar,methods section,methods,direct,experimental_condition,method,method,True,True,True,bound,present,True,present,present,present,present,
10.1039_c5tc03561a,F7a/Si,10.1039_c5tc03561a-E012,MultiOutputMeasurement,deposition_temperature,,210,°C,substrate temperature was 210 °C,document.md near Fig 7,body,direct,experimental_condition,figure,figure,True,True,True,bound,present,True,present,present,present,present,
10.1039_c5tc03561a,F7a/Si,10.1039_c5tc03561a-E012,MultiOutputMeasurement,cycle_number,,2,cycle,2 cycles,document.md near Fig 7,body,direct,experimental_condition,figure,figure,True,True,True,bound,present,True,present,present,present,present,
10.1039_c5tc03561a,F7a/Si,10.1039_c5tc03561a-E012,MultiOutputMeasurement,purge_time,,60,s,purging step (60 s,document.md near Fig 7,body,direct,experimental_condition,figure,figure,True,True,True,bound,present,True,not_a_recipe_field,present,present,present,
10.1039_c5tc03561a,F7a/Si,10.1039_c5tc03561a-E012,MultiOutputMeasurement,pulse_time,,0.1,s,dose (0.1 s,document.md near Fig 7,body,direct,experimental_condition,figure,figure,True,True,True,bound,present,True,not_a_recipe_field,present,present,present,
10.1039_c5tc03561a,F7a/Si,10.1039_c5tc03561a-E012,MultiOutputMeasurement,working_pressure,,0.6,Torr,chamber pressure of 0.6 Torr,methods section,methods,direct,experimental_condition,method,method,True,True,True,bound,present,True,not_a_recipe_field,present,present,present,
10.1039_c5tc03561a,F7a/Si,10.1039_c5tc03561a-E012,MultiOutputMeasurement,flow_rate,Ar,10,sccm,10 sccm of Ar,methods section,methods,direct,experimental_condition,method,method,True,True,True,bound,present,True,present,present,present,present,
10.1039_c5tc03561a,F8a/<single>,10.1039_c5tc03561a-E013,ExperimentSeries,working_pressure,,0.6,Torr,chamber pressure of 0.6 Torr,methods section,methods,direct,experimental_condition,method,method,True,True,True,bound,entity_only(no case: discrete_experimental_sweep),,not_a_recipe_field,present,present,present,
10.1039_c5tc03561a,F8a/<single>,10.1039_c5tc03561a-E013,ExperimentSeries,deposition_temperature,,210,°C,grown at 210 °C,methods section,methods,direct,experimental_condition,method,method,True,True,True,bound,entity_only(no case: discrete_experimental_sweep),,not_a_recipe_field,present,present,present,
10.1039_c5tc03561a,F8a/<single>,10.1039_c5tc03561a-E013,ExperimentSeries,flow_rate,Ar,10,sccm,10 sccm of Ar,methods section,methods,direct,experimental_condition,method,method,True,True,True,bound,entity_only(no case: discrete_experimental_sweep),,not_a_recipe_field,present,present,present,
10.1039_c6dt03571j,F5a/<single>,10.1039_c6dt03571j-E000,ExperimentSeries,temperature,,300,°C,300 °C,figure caption,caption,direct,experimental_condition,figure,figure,True,True,True,bound,present,True,not_a_recipe_field,present,present,present,
10.1039_c6dt03571j,F5a/<single>,10.1039_c6dt03571j-E000,ExperimentSeries,deposition_temperature,,225,°C,deposition temperature of 225 °C,document.md near Fig 5,body,direct,experimental_condition,figure,figure,True,True,True,bound,present,True,present,present,present,present,
10.1039_c6dt03571j,F5a/<single>,10.1039_c6dt03571j-E000,ExperimentSeries,cycle_number,,1000,cycle,1000 cycles,document.md near Fig 5,body,direct,experimental_condition,figure,figure,True,True,True,bound,present,True,present,present,present,present,
10.1039_c6dt03571j,F5a/<single>,10.1039_c6dt03571j-E000,ExperimentSeries,purge_time,,10,s,10 s purge,document.md near Fig 5,body,direct,experimental_condition,figure,figure,True,True,True,bound,present,True,not_a_recipe_field,present,present,present,
10.1039_c6dt03571j,F5a/<single>,10.1039_c6dt03571j-E000,ExperimentSeries,pulse_time,H2O,4,s,pulses of 4 s,document.md near Fig 5,body,direct,experimental_condition,figure,figure,True,True,True,bound,present,True,not_a_recipe_field,present,present,present,
10.1039_c6dt03571j,F5a/<single>,10.1039_c6dt03571j-E000,ExperimentSeries,pulse_time,,1,s,pulses ≥ 1 s,document.md near Fig 5,body,direct,experimental_condition,figure,figure,True,True,True,bound,present,True,not_a_recipe_field,present,present,present,
10.1039_c6dt03571j,F5b/<single>,10.1039_c6dt03571j-E001,ExperimentSeries,deposition_temperature,,225,°C,deposition temperature of 225 °C,document.md near Fig 5,body,direct,experimental_condition,figure,figure,True,True,True,bound,entity_only(no case: discrete_experimental_sweep),,not_a_recipe_field,present,present,present,
10.1039_c6dt03571j,F5b/<single>,10.1039_c6dt03571j-E001,ExperimentSeries,cycle_number,,1000,cycle,1000 cycles,document.md near Fig 5,body,direct,experimental_condition,figure,figure,True,True,True,bound,entity_only(no case: discrete_experimental_sweep),,not_a_recipe_field,present,present,present,
10.1039_c6dt03571j,F5b/<single>,10.1039_c6dt03571j-E001,ExperimentSeries,purge_time,,10,s,10 s purge,document.md near Fig 5,body,direct,experimental_condition,figure,figure,True,True,True,bound,entity_only(no case: discrete_experimental_sweep),,not_a_recipe_field,present,present,present,
10.1039_c6dt03571j,F5b/<single>,10.1039_c6dt03571j-E001,ExperimentSeries,pulse_time,H2O,4,s,pulses of 4 s,document.md near Fig 5,body,direct,experimental_condition,figure,figure,True,True,True,bound,entity_only(no case: discrete_experimental_sweep),,not_a_recipe_field,present,present,present,
10.1039_c6dt03571j,F5b/<single>,10.1039_c6dt03571j-E001,ExperimentSeries,pulse_time,,1,s,pulses ≥ 1 s,document.md near Fig 5,body,direct,experimental_condition,figure,figure,True,True,True,bound,entity_only(no case: discrete_experimental_sweep),,not_a_recipe_field,present,present,present,
10.1039_c6dt03571j,F5c/<single>,10.1039_c6dt03571j-E002,ExperimentSeries,deposition_temperature,,225,°C,deposition temperature of 225 °C,document.md near Fig 5,body,direct,experimental_condition,figure,figure,True,True,True,bound,present,True,present,present,present,present,
10.1039_c6dt03571j,F5c/<single>,10.1039_c6dt03571j-E002,ExperimentSeries,cycle_number,,1000,cycle,1000 cycles,document.md near Fig 5,body,direct,experimental_condition,figure,figure,True,True,True,bound,present,True,present,present,present,present,
10.1039_c6dt03571j,F5c/<single>,10.1039_c6dt03571j-E002,ExperimentSeries,purge_time,,10,s,10 s purge,document.md near Fig 5,body,direct,experimental_condition,figure,figure,True,True,True,bound,present,True,not_a_recipe_field,present,present,present,
10.1039_c6dt03571j,F5c/<single>,10.1039_c6dt03571j-E002,ExperimentSeries,pulse_time,H2O,4,s,pulses of 4 s,document.md near Fig 5,body,direct,experimental_condition,figure,figure,True,True,True,bound,present,True,not_a_recipe_field,present,present,present,
10.1039_c6dt03571j,F5c/<single>,10.1039_c6dt03571j-E002,ExperimentSeries,pulse_time,,1,s,pulses ≥ 1 s,document.md near Fig 5,body,direct,experimental_condition,figure,figure,True,True,True,bound,present,True,not_a_recipe_field,present,present,present,
10.1039_c6dt03571j,F5d/<single>,10.1039_c6dt03571j-E003,ExperimentSeries,deposition_temperature,,225,°C,carried out at 225 °C,"figure 5 caption, panel (d)",caption,direct,experimental_condition,panel,panel,True,True,True,bound,present,True,present,present,present,present,
10.1039_c6dt03571j,F5d/<single>,10.1039_c6dt03571j-E003,ExperimentSeries,cycle_number,,1000,cycle,1000 cycles,document.md near Fig 5,body,direct,experimental_condition,figure,figure,True,True,True,bound,present,True,present,present,present,present,
10.1039_c6dt03571j,F5d/<single>,10.1039_c6dt03571j-E003,ExperimentSeries,purge_time,,10,s,10 s purge,document.md near Fig 5,body,direct,experimental_condition,figure,figure,True,True,True,bound,present,True,not_a_recipe_field,present,present,present,
10.1039_c6dt03571j,F5d/<single>,10.1039_c6dt03571j-E003,ExperimentSeries,pulse_time,H2O,4,s,pulses of 4 s,document.md near Fig 5,body,direct,experimental_condition,figure,figure,True,True,True,bound,present,True,not_a_recipe_field,present,present,present,
10.1039_c6dt03571j,F5d/<single>,10.1039_c6dt03571j-E003,ExperimentSeries,pulse_time,,1,s,pulses ≥ 1 s,document.md near Fig 5,body,direct,experimental_condition,figure,figure,True,True,True,bound,present,True,not_a_recipe_field,present,present,present,
10.1039_c6dt03571j,F6a/150°C,10.1039_c6dt03571j-E004,MultiOutputMeasurement,deposition_temperature,,150,°C,150°C,series label '150°C' (axis 'temperature'),series_label,direct,experimental_condition,series,series,True,True,True,bound,present,True,present,present,present,present,
10.1039_c6dt03571j,F6a/175°C,10.1039_c6dt03571j-E005,MultiOutputMeasurement,deposition_temperature,,175,°C,175°C,series label '175°C' (axis 'temperature'),series_label,direct,experimental_condition,series,series,True,True,True,bound,present,True,present,present,present,present,
10.1039_c6dt03571j,F6a/200°C,10.1039_c6dt03571j-E006,MultiOutputMeasurement,deposition_temperature,,200,°C,200°C,series label '200°C' (axis 'temperature'),series_label,direct,experimental_condition,series,series,True,True,True,bound,present,True,present,present,present,present,
10.1039_c6dt03571j,F6a/225°C,10.1039_c6dt03571j-E007,MultiOutputMeasurement,deposition_temperature,,225,°C,225°C,series label '225°C' (axis 'temperature'),series_label,direct,experimental_condition,series,series,True,True,True,bound,present,True,present,present,present,present,
10.1039_c6dt03571j,F6a/250°C,10.1039_c6dt03571j-E008,MultiOutputMeasurement,deposition_temperature,,250,°C,250°C,series label '250°C' (axis 'temperature'),series_label,direct,experimental_condition,series,series,True,True,True,bound,present,True,present,present,present,present,
10.1039_c6dt03571j,F6a/275°C,10.1039_c6dt03571j-E009,MultiOutputMeasurement,deposition_temperature,,275,°C,275°C,series label '275°C' (axis 'temperature'),series_label,direct,experimental_condition,series,series,True,True,True,bound,present,True,present,present,present,present,
10.1039_c6dt03571j,F6a/300°C,10.1039_c6dt03571j-E010,MultiOutputMeasurement,deposition_temperature,,300,°C,300°C,series label '300°C' (axis 'temperature'),series_label,direct,experimental_condition,series,series,True,True,True,bound,present,True,present,present,present,present,
10.1039_c6dt03571j,F7a/150°C,10.1039_c6dt03571j-E011,UnresolvedSourceEntity,deposition_temperature,,150,°C,150°C,series label '150°C' (axis 'temperature'),series_label,direct,experimental_condition,series,series,True,True,True,bound,entity_only(no case: unknown),,not_a_recipe_field,present,present,present,
10.1039_c6dt03571j,F7a/175°C,10.1039_c6dt03571j-E012,UnresolvedSourceEntity,deposition_temperature,,175,°C,175°C,series label '175°C' (axis 'temperature'),series_label,direct,experimental_condition,series,series,True,True,True,bound,entity_only(no case: unknown),,not_a_recipe_field,present,present,present,
10.1039_c6dt03571j,F7a/200°C,10.1039_c6dt03571j-E013,UnresolvedSourceEntity,deposition_temperature,,200,°C,200°C,series label '200°C' (axis 'temperature'),series_label,direct,experimental_condition,series,series,True,True,True,bound,entity_only(no case: unknown),,not_a_recipe_field,present,present,present,
10.1039_c6dt03571j,F7a/225°C,10.1039_c6dt03571j-E014,UnresolvedSourceEntity,deposition_temperature,,225,°C,225°C,series label '225°C' (axis 'temperature'),series_label,direct,experimental_condition,series,series,True,True,True,bound,entity_only(no case: unknown),,not_a_recipe_field,present,present,present,
10.1039_c6dt03571j,F7a/250°C,10.1039_c6dt03571j-E015,UnresolvedSourceEntity,deposition_temperature,,250,°C,250°C,series label '250°C' (axis 'temperature'),series_label,direct,experimental_condition,series,series,True,True,True,bound,entity_only(no case: unknown),,not_a_recipe_field,present,present,present,
10.1039_c6dt03571j,F7a/275°C,10.1039_c6dt03571j-E016,UnresolvedSourceEntity,deposition_temperature,,275,°C,275°C,series label '275°C' (axis 'temperature'),series_label,direct,experimental_condition,series,series,True,True,True,bound,entity_only(no case: unknown),,not_a_recipe_field,present,present,present,
10.1039_c6dt03571j,F7a/300°C,10.1039_c6dt03571j-E017,UnresolvedSourceEntity,deposition_temperature,,300,°C,300°C,series label '300°C' (axis 'temperature'),series_label,direct,experimental_condition,series,series,True,True,True,bound,entity_only(no case: unknown),,not_a_recipe_field,present,present,present,
10.1039_c6dt03571j,F8a/Sputtered,10.1039_c6dt03571j-E018,MultiOutputMeasurement,deposition_temperature,,175 °C; 225 °C,,"2 distinct deposition_temperature values at figure scope; no narrower evidence distinguishes them, so none is applied",,,,,figure,,True,True,False,ambiguous_withheld,candidates_preserved,False,withheld,candidates_preserved,present,n/a,applicability
10.1039_c6dt03571j,F8a/As introduced,10.1039_c6dt03571j-E019,MultiOutputMeasurement,deposition_temperature,,175 °C; 225 °C,,"2 distinct deposition_temperature values at figure scope; no narrower evidence distinguishes them, so none is applied",,,,,figure,,True,True,False,ambiguous_withheld,candidates_preserved,False,withheld,candidates_preserved,present,n/a,applicability
10.1039_c6dt03571j,F8/As introduced O 1s,10.1039_c6dt03571j-E020,MultiOutputMeasurement,deposition_temperature,,175 °C; 225 °C,,"2 distinct deposition_temperature values at figure scope; no narrower evidence distinguishes them, so none is applied",,,,,figure,,True,True,False,ambiguous_withheld,candidates_preserved,False,withheld,candidates_preserved,present,n/a,applicability
10.1039_c6dt03571j,F8/Sputtered O 1s,10.1039_c6dt03571j-E021,MultiOutputMeasurement,deposition_temperature,,175 °C; 225 °C,,"2 distinct deposition_temperature values at figure scope; no narrower evidence distinguishes them, so none is applied",,,,,figure,,True,True,False,ambiguous_withheld,candidates_preserved,False,withheld,candidates_preserved,present,n/a,applicability
10.1039_c6dt03571j,F8/As introduced Zn 2p3/2,10.1039_c6dt03571j-E022,MultiOutputMeasurement,deposition_temperature,,175 °C; 225 °C,,"2 distinct deposition_temperature values at figure scope; no narrower evidence distinguishes them, so none is applied",,,,,figure,,True,True,False,ambiguous_withheld,candidates_preserved,False,withheld,candidates_preserved,present,n/a,applicability
10.1039_c6dt03571j,F8/Sputtered Zn 2p3/2,10.1039_c6dt03571j-E023,MultiOutputMeasurement,deposition_temperature,,175 °C; 225 °C,,"2 distinct deposition_temperature values at figure scope; no narrower evidence distinguishes them, so none is applied",,,,,figure,,True,True,False,ambiguous_withheld,candidates_preserved,False,withheld,candidates_preserved,present,n/a,applicability
10.1039_c6dt03571j,F9a/<single>,10.1039_c6dt03571j-E024,UnresolvedSourceEntity,deposition_temperature,,225,°C,deposited at 225 °C,document.md near Fig 9,body,derived,experimental_condition,figure,figure,True,True,True,bound,entity_only(no case: unknown),,not_a_recipe_field,present,present,present,
10.1039_c6dt03571j,F9b/<single>,10.1039_c6dt03571j-E025,UnresolvedSourceEntity,deposition_temperature,,225,°C,deposited at 225 °C,"figure 9 caption, panel (b)",caption,derived,experimental_condition,panel,panel,True,True,True,bound,entity_only(no case: unknown),,not_a_recipe_field,present,present,present,
10.1039_c7ra07722j,F2/<single>,10.1039_c7ra07722j-E000,ContinuousTrace,cycle_number,,10,cycle,10 cycles,document.md near Fig 2,body,direct,experimental_condition,figure,figure,True,True,True,bound,present,True,present,present,present,present,
10.1039_c7ra07722j,F2/<single>,10.1039_c7ra07722j-E000,ContinuousTrace,base_pressure,,1e-8,mbar,base pressure of the system was 1e-8 mbar,methods section,methods,direct,experimental_condition,method,method,True,True,True,bound,present,True,not_a_recipe_field,present,present,present,
10.1039_c7ra07722j,F2/<single>,10.1039_c7ra07722j-E000,ContinuousTrace,purge_time,,2 s; 5 s,,"2 distinct purge_time values at figure scope; no narrower evidence distinguishes them, so none is applied",,,,,figure,,True,True,False,ambiguous_withheld,candidates_preserved,False,withheld,candidates_preserved,present,n/a,applicability
10.1039_c7ra07722j,F2/<single>,10.1039_c7ra07722j-E000,ContinuousTrace,pulse_time,H2O,2 s; 50 ms,,"2 distinct pulse_time values at figure scope; no narrower evidence distinguishes them, so none is applied",,,,,figure,,True,True,False,ambiguous_withheld,candidates_preserved,False,withheld,candidates_preserved,present,n/a,applicability
10.1039_c7ra07722j,F2/<single>,10.1039_c7ra07722j-E000,ContinuousTrace,working_pressure,,13 mTorr; 20 mTorr,,"2 distinct working_pressure values at method scope; no narrower evidence distinguishes them, so none is applied",,,,,method,,True,True,False,ambiguous_withheld,candidates_preserved,False,withheld,candidates_preserved,present,n/a,applicability
10.1039_c7ra07722j,F2/<single>,10.1039_c7ra07722j-E001,ContinuousTrace,cycle_number,,10,cycle,10 cycles,document.md near Fig 2,body,direct,experimental_condition,figure,figure,True,True,True,bound,present,True,present,present,present,present,
10.1039_c7ra07722j,F2/<single>,10.1039_c7ra07722j-E001,ContinuousTrace,base_pressure,,1e-8,mbar,base pressure of the system was 1e-8 mbar,methods section,methods,direct,experimental_condition,method,method,True,True,True,bound,present,True,not_a_recipe_field,present,present,present,
10.1039_c7ra07722j,F2/<single>,10.1039_c7ra07722j-E001,ContinuousTrace,purge_time,,2 s; 5 s,,"2 distinct purge_time values at figure scope; no narrower evidence distinguishes them, so none is applied",,,,,figure,,True,True,False,ambiguous_withheld,candidates_preserved,False,withheld,candidates_preserved,present,n/a,applicability
10.1039_c7ra07722j,F2/<single>,10.1039_c7ra07722j-E001,ContinuousTrace,pulse_time,H2O,2 s; 50 ms,,"2 distinct pulse_time values at figure scope; no narrower evidence distinguishes them, so none is applied",,,,,figure,,True,True,False,ambiguous_withheld,candidates_preserved,False,withheld,candidates_preserved,present,n/a,applicability
10.1039_c7ra07722j,F2/<single>,10.1039_c7ra07722j-E001,ContinuousTrace,working_pressure,,13 mTorr; 20 mTorr,,"2 distinct working_pressure values at method scope; no narrower evidence distinguishes them, so none is applied",,,,,method,,True,True,False,ambiguous_withheld,candidates_preserved,False,withheld,candidates_preserved,present,n/a,applicability
10.1039_c7ra07722j,F2/<single>,10.1039_c7ra07722j-E002,ContinuousTrace,cycle_number,,10,cycle,10 cycles,document.md near Fig 2,body,direct,experimental_condition,figure,figure,True,True,True,bound,present,True,present,present,present,present,
10.1039_c7ra07722j,F2/<single>,10.1039_c7ra07722j-E002,ContinuousTrace,base_pressure,,1e-8,mbar,base pressure of the system was 1e-8 mbar,methods section,methods,direct,experimental_condition,method,method,True,True,True,bound,present,True,not_a_recipe_field,present,present,present,
10.1039_c7ra07722j,F2/<single>,10.1039_c7ra07722j-E002,ContinuousTrace,purge_time,,2 s; 5 s,,"2 distinct purge_time values at figure scope; no narrower evidence distinguishes them, so none is applied",,,,,figure,,True,True,False,ambiguous_withheld,candidates_preserved,False,withheld,candidates_preserved,present,n/a,applicability
10.1039_c7ra07722j,F2/<single>,10.1039_c7ra07722j-E002,ContinuousTrace,pulse_time,H2O,2 s; 50 ms,,"2 distinct pulse_time values at figure scope; no narrower evidence distinguishes them, so none is applied",,,,,figure,,True,True,False,ambiguous_withheld,candidates_preserved,False,withheld,candidates_preserved,present,n/a,applicability
10.1039_c7ra07722j,F2/<single>,10.1039_c7ra07722j-E002,ContinuousTrace,working_pressure,,13 mTorr; 20 mTorr,,"2 distinct working_pressure values at method scope; no narrower evidence distinguishes them, so none is applied",,,,,method,,True,True,False,ambiguous_withheld,candidates_preserved,False,withheld,candidates_preserved,present,n/a,applicability
10.1039_c7ra07722j,F2/<single>,10.1039_c7ra07722j-E003,ContinuousTrace,cycle_number,,10,cycle,10 cycles,document.md near Fig 2,body,direct,experimental_condition,figure,figure,True,True,True,bound,present,True,present,present,present,present,
10.1039_c7ra07722j,F2/<single>,10.1039_c7ra07722j-E003,ContinuousTrace,base_pressure,,1e-8,mbar,base pressure of the system was 1e-8 mbar,methods section,methods,direct,experimental_condition,method,method,True,True,True,bound,present,True,not_a_recipe_field,present,present,present,
10.1039_c7ra07722j,F2/<single>,10.1039_c7ra07722j-E003,ContinuousTrace,purge_time,,2 s; 5 s,,"2 distinct purge_time values at figure scope; no narrower evidence distinguishes them, so none is applied",,,,,figure,,True,True,False,ambiguous_withheld,candidates_preserved,False,withheld,candidates_preserved,present,n/a,applicability
10.1039_c7ra07722j,F2/<single>,10.1039_c7ra07722j-E003,ContinuousTrace,pulse_time,H2O,2 s; 50 ms,,"2 distinct pulse_time values at figure scope; no narrower evidence distinguishes them, so none is applied",,,,,figure,,True,True,False,ambiguous_withheld,candidates_preserved,False,withheld,candidates_preserved,present,n/a,applicability
10.1039_c7ra07722j,F2/<single>,10.1039_c7ra07722j-E003,ContinuousTrace,working_pressure,,13 mTorr; 20 mTorr,,"2 distinct working_pressure values at method scope; no narrower evidence distinguishes them, so none is applied",,,,,method,,True,True,False,ambiguous_withheld,candidates_preserved,False,withheld,candidates_preserved,present,n/a,applicability
10.1039_c7ra07722j,F2/<single>,10.1039_c7ra07722j-E004,ContinuousTrace,cycle_number,,10,cycle,10 cycles,document.md near Fig 2,body,direct,experimental_condition,figure,figure,True,True,True,bound,present,True,present,present,present,present,
10.1039_c7ra07722j,F2/<single>,10.1039_c7ra07722j-E004,ContinuousTrace,base_pressure,,1e-8,mbar,base pressure of the system was 1e-8 mbar,methods section,methods,direct,experimental_condition,method,method,True,True,True,bound,present,True,not_a_recipe_field,present,present,present,
10.1039_c7ra07722j,F2/<single>,10.1039_c7ra07722j-E004,ContinuousTrace,purge_time,,2 s; 5 s,,"2 distinct purge_time values at figure scope; no narrower evidence distinguishes them, so none is applied",,,,,figure,,True,True,False,ambiguous_withheld,candidates_preserved,False,withheld,candidates_preserved,present,n/a,applicability
10.1039_c7ra07722j,F2/<single>,10.1039_c7ra07722j-E004,ContinuousTrace,pulse_time,H2O,2 s; 50 ms,,"2 distinct pulse_time values at figure scope; no narrower evidence distinguishes them, so none is applied",,,,,figure,,True,True,False,ambiguous_withheld,candidates_preserved,False,withheld,candidates_preserved,present,n/a,applicability
10.1039_c7ra07722j,F2/<single>,10.1039_c7ra07722j-E004,ContinuousTrace,working_pressure,,13 mTorr; 20 mTorr,,"2 distinct working_pressure values at method scope; no narrower evidence distinguishes them, so none is applied",,,,,method,,True,True,False,ambiguous_withheld,candidates_preserved,False,withheld,candidates_preserved,present,n/a,applicability
10.1039_c7ra07722j,F3a/Thermal 150 °C,10.1039_c7ra07722j-E005,ExperimentSeries,deposition_temperature,,150,°C,150 °C,series label 'Thermal 150 °C' (axis 'process and temperature'),series_label,direct,experimental_condition,series,series,True,True,True,bound,entity_only(no case: discrete_experimental_sweep),,not_a_recipe_field,present,present,present,
10.1039_c7ra07722j,F3a/Thermal 150 °C,10.1039_c7ra07722j-E005,ExperimentSeries,base_pressure,,1e-8,mbar,base pressure of the system was 1e-8 mbar,methods section,methods,direct,experimental_condition,method,method,True,True,True,bound,entity_only(no case: discrete_experimental_sweep),,not_a_recipe_field,present,present,present,
10.1039_c7ra07722j,F3a/Thermal 150 °C,10.1039_c7ra07722j-E005,ExperimentSeries,cycle_number,,10,cycle,10 cycles,methods section,methods,direct,experimental_condition,method,method,True,True,True,bound,entity_only(no case: discrete_experimental_sweep),,not_a_recipe_field,present,present,present,
10.1039_c7ra07722j,F3a/Thermal 150 °C,10.1039_c7ra07722j-E005,ExperimentSeries,working_pressure,,13 mTorr; 20 mTorr,,"2 distinct working_pressure values at method scope; no narrower evidence distinguishes them, so none is applied",,,,,method,,True,True,False,ambiguous_withheld,candidates_preserved,False,withheld,candidates_preserved,present,n/a,applicability
10.1039_c7ra07722j,F3a/Thermal 150 °C,10.1039_c7ra07722j-E005,ExperimentSeries,purge_time,,2 s; 5 s,,"2 distinct purge_time values at method scope; no narrower evidence distinguishes them, so none is applied",,,,,method,,True,True,False,ambiguous_withheld,candidates_preserved,False,withheld,candidates_preserved,present,n/a,applicability
10.1039_c7ra07722j,F3a/Thermal 150 °C,10.1039_c7ra07722j-E005,ExperimentSeries,pulse_time,H2O,2 s; 50 ms,,"2 distinct pulse_time values at method scope; no narrower evidence distinguishes them, so none is applied",,,,,method,,True,True,False,ambiguous_withheld,candidates_preserved,False,withheld,candidates_preserved,present,n/a,applicability
10.1039_c7ra07722j,F3a/Plasma 50 °C,10.1039_c7ra07722j-E006,ExperimentSeries,deposition_temperature,,50,°C,50 °C,series label 'Plasma 50 °C' (axis 'process and temperature'),series_label,direct,experimental_condition,series,series,True,True,True,bound,entity_only(no case: discrete_experimental_sweep),,not_a_recipe_field,present,present,present,
10.1039_c7ra07722j,F3a/Plasma 50 °C,10.1039_c7ra07722j-E006,ExperimentSeries,base_pressure,,1e-8,mbar,base pressure of the system was 1e-8 mbar,methods section,methods,direct,experimental_condition,method,method,True,True,True,bound,entity_only(no case: discrete_experimental_sweep),,not_a_recipe_field,present,present,present,
10.1039_c7ra07722j,F3a/Plasma 50 °C,10.1039_c7ra07722j-E006,ExperimentSeries,cycle_number,,10,cycle,10 cycles,methods section,methods,direct,experimental_condition,method,method,True,True,True,bound,entity_only(no case: discrete_experimental_sweep),,not_a_recipe_field,present,present,present,
10.1039_c7ra07722j,F3a/Plasma 50 °C,10.1039_c7ra07722j-E006,ExperimentSeries,working_pressure,,13 mTorr; 20 mTorr,,"2 distinct working_pressure values at method scope; no narrower evidence distinguishes them, so none is applied",,,,,method,,True,True,False,ambiguous_withheld,candidates_preserved,False,withheld,candidates_preserved,present,n/a,applicability
10.1039_c7ra07722j,F3a/Plasma 50 °C,10.1039_c7ra07722j-E006,ExperimentSeries,purge_time,,2 s; 5 s,,"2 distinct purge_time values at method scope; no narrower evidence distinguishes them, so none is applied",,,,,method,,True,True,False,ambiguous_withheld,candidates_preserved,False,withheld,candidates_preserved,present,n/a,applicability
10.1039_c7ra07722j,F3a/Plasma 50 °C,10.1039_c7ra07722j-E006,ExperimentSeries,pulse_time,H2O,2 s; 50 ms,,"2 distinct pulse_time values at method scope; no narrower evidence distinguishes them, so none is applied",,,,,method,,True,True,False,ambiguous_withheld,candidates_preserved,False,withheld,candidates_preserved,present,n/a,applicability
10.1039_c7ra07722j,F3a/Plasma 200 °C,10.1039_c7ra07722j-E007,ExperimentSeries,deposition_temperature,,200,°C,200 °C,series label 'Plasma 200 °C' (axis 'process and temperature'),series_label,direct,experimental_condition,series,series,True,True,True,bound,entity_only(no case: discrete_experimental_sweep),,not_a_recipe_field,present,present,present,
10.1039_c7ra07722j,F3a/Plasma 200 °C,10.1039_c7ra07722j-E007,ExperimentSeries,base_pressure,,1e-8,mbar,base pressure of the system was 1e-8 mbar,methods section,methods,direct,experimental_condition,method,method,True,True,True,bound,entity_only(no case: discrete_experimental_sweep),,not_a_recipe_field,present,present,present,
10.1039_c7ra07722j,F3a/Plasma 200 °C,10.1039_c7ra07722j-E007,ExperimentSeries,cycle_number,,10,cycle,10 cycles,methods section,methods,direct,experimental_condition,method,method,True,True,True,bound,entity_only(no case: discrete_experimental_sweep),,not_a_recipe_field,present,present,present,
10.1039_c7ra07722j,F3a/Plasma 200 °C,10.1039_c7ra07722j-E007,ExperimentSeries,working_pressure,,13 mTorr; 20 mTorr,,"2 distinct working_pressure values at method scope; no narrower evidence distinguishes them, so none is applied",,,,,method,,True,True,False,ambiguous_withheld,candidates_preserved,False,withheld,candidates_preserved,present,n/a,applicability
10.1039_c7ra07722j,F3a/Plasma 200 °C,10.1039_c7ra07722j-E007,ExperimentSeries,purge_time,,2 s; 5 s,,"2 distinct purge_time values at method scope; no narrower evidence distinguishes them, so none is applied",,,,,method,,True,True,False,ambiguous_withheld,candidates_preserved,False,withheld,candidates_preserved,present,n/a,applicability
10.1039_c7ra07722j,F3a/Plasma 200 °C,10.1039_c7ra07722j-E007,ExperimentSeries,pulse_time,H2O,2 s; 50 ms,,"2 distinct pulse_time values at method scope; no narrower evidence distinguishes them, so none is applied",,,,,method,,True,True,False,ambiguous_withheld,candidates_preserved,False,withheld,candidates_preserved,present,n/a,applicability
10.1039_c7ra07722j,F3a/Plasma 275 °C,10.1039_c7ra07722j-E008,ExperimentSeries,deposition_temperature,,275,°C,275 °C,series label 'Plasma 275 °C' (axis 'process and temperature'),series_label,direct,experimental_condition,series,series,True,True,True,bound,entity_only(no case: discrete_experimental_sweep),,not_a_recipe_field,present,present,present,
10.1039_c7ra07722j,F3a/Plasma 275 °C,10.1039_c7ra07722j-E008,ExperimentSeries,base_pressure,,1e-8,mbar,base pressure of the system was 1e-8 mbar,methods section,methods,direct,experimental_condition,method,method,True,True,True,bound,entity_only(no case: discrete_experimental_sweep),,not_a_recipe_field,present,present,present,
10.1039_c7ra07722j,F3a/Plasma 275 °C,10.1039_c7ra07722j-E008,ExperimentSeries,cycle_number,,10,cycle,10 cycles,methods section,methods,direct,experimental_condition,method,method,True,True,True,bound,entity_only(no case: discrete_experimental_sweep),,not_a_recipe_field,present,present,present,
10.1039_c7ra07722j,F3a/Plasma 275 °C,10.1039_c7ra07722j-E008,ExperimentSeries,working_pressure,,13 mTorr; 20 mTorr,,"2 distinct working_pressure values at method scope; no narrower evidence distinguishes them, so none is applied",,,,,method,,True,True,False,ambiguous_withheld,candidates_preserved,False,withheld,candidates_preserved,present,n/a,applicability
10.1039_c7ra07722j,F3a/Plasma 275 °C,10.1039_c7ra07722j-E008,ExperimentSeries,purge_time,,2 s; 5 s,,"2 distinct purge_time values at method scope; no narrower evidence distinguishes them, so none is applied",,,,,method,,True,True,False,ambiguous_withheld,candidates_preserved,False,withheld,candidates_preserved,present,n/a,applicability
10.1039_c7ra07722j,F3a/Plasma 275 °C,10.1039_c7ra07722j-E008,ExperimentSeries,pulse_time,H2O,2 s; 50 ms,,"2 distinct pulse_time values at method scope; no narrower evidence distinguishes them, so none is applied",,,,,method,,True,True,False,ambiguous_withheld,candidates_preserved,False,withheld,candidates_preserved,present,n/a,applicability
10.1039_c7ra07722j,F3a/Plasma 300 °C,10.1039_c7ra07722j-E009,ExperimentSeries,deposition_temperature,,300,°C,300 °C,series label 'Plasma 300 °C' (axis 'process and temperature'),series_label,direct,experimental_condition,series,series,True,True,True,bound,entity_only(no case: discrete_experimental_sweep),,not_a_recipe_field,present,present,present,
10.1039_c7ra07722j,F3a/Plasma 300 °C,10.1039_c7ra07722j-E009,ExperimentSeries,base_pressure,,1e-8,mbar,base pressure of the system was 1e-8 mbar,methods section,methods,direct,experimental_condition,method,method,True,True,True,bound,entity_only(no case: discrete_experimental_sweep),,not_a_recipe_field,present,present,present,
10.1039_c7ra07722j,F3a/Plasma 300 °C,10.1039_c7ra07722j-E009,ExperimentSeries,cycle_number,,10,cycle,10 cycles,methods section,methods,direct,experimental_condition,method,method,True,True,True,bound,entity_only(no case: discrete_experimental_sweep),,not_a_recipe_field,present,present,present,
10.1039_c7ra07722j,F3a/Plasma 300 °C,10.1039_c7ra07722j-E009,ExperimentSeries,working_pressure,,13 mTorr; 20 mTorr,,"2 distinct working_pressure values at method scope; no narrower evidence distinguishes them, so none is applied",,,,,method,,True,True,False,ambiguous_withheld,candidates_preserved,False,withheld,candidates_preserved,present,n/a,applicability
10.1039_c7ra07722j,F3a/Plasma 300 °C,10.1039_c7ra07722j-E009,ExperimentSeries,purge_time,,2 s; 5 s,,"2 distinct purge_time values at method scope; no narrower evidence distinguishes them, so none is applied",,,,,method,,True,True,False,ambiguous_withheld,candidates_preserved,False,withheld,candidates_preserved,present,n/a,applicability
10.1039_c7ra07722j,F3a/Plasma 300 °C,10.1039_c7ra07722j-E009,ExperimentSeries,pulse_time,H2O,2 s; 50 ms,,"2 distinct pulse_time values at method scope; no narrower evidence distinguishes them, so none is applied",,,,,method,,True,True,False,ambiguous_withheld,candidates_preserved,False,withheld,candidates_preserved,present,n/a,applicability
10.1039_c7ra07722j,"F3b/SE, thermal",10.1039_c7ra07722j-E010,ExperimentSeries,base_pressure,,1e-8,mbar,base pressure of the system was 1e-8 mbar,methods section,methods,direct,experimental_condition,method,method,True,True,True,bound,present,True,not_a_recipe_field,present,present,present,
10.1039_c7ra07722j,"F3b/SE, thermal",10.1039_c7ra07722j-E010,ExperimentSeries,cycle_number,,10,cycle,10 cycles,methods section,methods,direct,experimental_condition,method,method,True,True,True,bound,present,True,present,present,present,present,
10.1039_c7ra07722j,"F3b/SE, thermal",10.1039_c7ra07722j-E010,ExperimentSeries,working_pressure,,13 mTorr; 20 mTorr,,"2 distinct working_pressure values at method scope; no narrower evidence distinguishes them, so none is applied",,,,,method,,True,True,False,ambiguous_withheld,candidates_preserved,False,withheld,candidates_preserved,present,n/a,applicability
10.1039_c7ra07722j,"F3b/SE, thermal",10.1039_c7ra07722j-E010,ExperimentSeries,purge_time,,2 s; 5 s,,"2 distinct purge_time values at method scope; no narrower evidence distinguishes them, so none is applied",,,,,method,,True,True,False,ambiguous_withheld,candidates_preserved,False,withheld,candidates_preserved,present,n/a,applicability
10.1039_c7ra07722j,"F3b/SE, thermal",10.1039_c7ra07722j-E010,ExperimentSeries,pulse_time,H2O,2 s; 50 ms,,"2 distinct pulse_time values at method scope; no narrower evidence distinguishes them, so none is applied",,,,,method,,True,True,False,ambiguous_withheld,candidates_preserved,False,withheld,candidates_preserved,present,n/a,applicability
10.1039_c7ra07722j,"F3b/SE, plasma",10.1039_c7ra07722j-E011,ExperimentSeries,base_pressure,,1e-8,mbar,base pressure of the system was 1e-8 mbar,methods section,methods,direct,experimental_condition,method,method,True,True,True,bound,present,True,not_a_recipe_field,present,present,present,
10.1039_c7ra07722j,"F3b/SE, plasma",10.1039_c7ra07722j-E011,ExperimentSeries,cycle_number,,10,cycle,10 cycles,methods section,methods,direct,experimental_condition,method,method,True,True,True,bound,present,True,present,present,present,present,
10.1039_c7ra07722j,"F3b/SE, plasma",10.1039_c7ra07722j-E011,ExperimentSeries,working_pressure,,13 mTorr; 20 mTorr,,"2 distinct working_pressure values at method scope; no narrower evidence distinguishes them, so none is applied",,,,,method,,True,True,False,ambiguous_withheld,candidates_preserved,False,withheld,candidates_preserved,present,n/a,applicability
10.1039_c7ra07722j,"F3b/SE, plasma",10.1039_c7ra07722j-E011,ExperimentSeries,purge_time,,2 s; 5 s,,"2 distinct purge_time values at method scope; no narrower evidence distinguishes them, so none is applied",,,,,method,,True,True,False,ambiguous_withheld,candidates_preserved,False,withheld,candidates_preserved,present,n/a,applicability
10.1039_c7ra07722j,"F3b/SE, plasma",10.1039_c7ra07722j-E011,ExperimentSeries,pulse_time,H2O,2 s; 50 ms,,"2 distinct pulse_time values at method scope; no narrower evidence distinguishes them, so none is applied",,,,,method,,True,True,False,ambiguous_withheld,candidates_preserved,False,withheld,candidates_preserved,present,n/a,applicability
10.1039_c7ra07722j,"F3b/EBS, thermal",10.1039_c7ra07722j-E012,ExperimentSeries,base_pressure,,1e-8,mbar,base pressure of the system was 1e-8 mbar,methods section,methods,direct,experimental_condition,method,method,True,True,True,bound,present,True,not_a_recipe_field,present,present,present,
10.1039_c7ra07722j,"F3b/EBS, thermal",10.1039_c7ra07722j-E012,ExperimentSeries,cycle_number,,10,cycle,10 cycles,methods section,methods,direct,experimental_condition,method,method,True,True,True,bound,present,True,present,present,present,present,
10.1039_c7ra07722j,"F3b/EBS, thermal",10.1039_c7ra07722j-E012,ExperimentSeries,working_pressure,,13 mTorr; 20 mTorr,,"2 distinct working_pressure values at method scope; no narrower evidence distinguishes them, so none is applied",,,,,method,,True,True,False,ambiguous_withheld,candidates_preserved,False,withheld,candidates_preserved,present,n/a,applicability
10.1039_c7ra07722j,"F3b/EBS, thermal",10.1039_c7ra07722j-E012,ExperimentSeries,purge_time,,2 s; 5 s,,"2 distinct purge_time values at method scope; no narrower evidence distinguishes them, so none is applied",,,,,method,,True,True,False,ambiguous_withheld,candidates_preserved,False,withheld,candidates_preserved,present,n/a,applicability
10.1039_c7ra07722j,"F3b/EBS, thermal",10.1039_c7ra07722j-E012,ExperimentSeries,pulse_time,H2O,2 s; 50 ms,,"2 distinct pulse_time values at method scope; no narrower evidence distinguishes them, so none is applied",,,,,method,,True,True,False,ambiguous_withheld,candidates_preserved,False,withheld,candidates_preserved,present,n/a,applicability
10.1039_c7ra07722j,"F3b/EBS, plasma",10.1039_c7ra07722j-E013,ExperimentSeries,base_pressure,,1e-8,mbar,base pressure of the system was 1e-8 mbar,methods section,methods,direct,experimental_condition,method,method,True,True,True,bound,present,True,not_a_recipe_field,present,present,present,
10.1039_c7ra07722j,"F3b/EBS, plasma",10.1039_c7ra07722j-E013,ExperimentSeries,cycle_number,,10,cycle,10 cycles,methods section,methods,direct,experimental_condition,method,method,True,True,True,bound,present,True,present,present,present,present,
10.1039_c7ra07722j,"F3b/EBS, plasma",10.1039_c7ra07722j-E013,ExperimentSeries,working_pressure,,13 mTorr; 20 mTorr,,"2 distinct working_pressure values at method scope; no narrower evidence distinguishes them, so none is applied",,,,,method,,True,True,False,ambiguous_withheld,candidates_preserved,False,withheld,candidates_preserved,present,n/a,applicability
10.1039_c7ra07722j,"F3b/EBS, plasma",10.1039_c7ra07722j-E013,ExperimentSeries,purge_time,,2 s; 5 s,,"2 distinct purge_time values at method scope; no narrower evidence distinguishes them, so none is applied",,,,,method,,True,True,False,ambiguous_withheld,candidates_preserved,False,withheld,candidates_preserved,present,n/a,applicability
10.1039_c7ra07722j,"F3b/EBS, plasma",10.1039_c7ra07722j-E013,ExperimentSeries,pulse_time,H2O,2 s; 50 ms,,"2 distinct pulse_time values at method scope; no narrower evidence distinguishes them, so none is applied",,,,,method,,True,True,False,ambiguous_withheld,candidates_preserved,False,withheld,candidates_preserved,present,n/a,applicability
10.1039_c7ra07722j,F4a/250 °C,10.1039_c7ra07722j-E014,ExperimentSeries,deposition_temperature,,250,°C,250 °C,series label '250 °C' (axis 'deposition_temperature'),series_label,direct,experimental_condition,series,series,True,True,True,bound,entity_only(no case: discrete_experimental_sweep),,not_a_recipe_field,present,present,present,
10.1039_c7ra07722j,F4a/250 °C,10.1039_c7ra07722j-E014,ExperimentSeries,pulse_time,,2,s,pulses of 2 s,figure 4 caption,caption,direct,experimental_condition,figure,figure,True,True,True,bound,entity_only(no case: discrete_experimental_sweep),,not_a_recipe_field,present,present,present,
10.1039_c7ra07722j,F4a/250 °C,10.1039_c7ra07722j-E014,ExperimentSeries,pulse_time,H2O,50,ms,pulsed 20 times for 50 ms,figure 4 caption,caption,direct,experimental_condition,figure,figure,True,True,True,bound,entity_only(no case: discrete_experimental_sweep),,not_a_recipe_field,present,present,present,
10.1039_c7ra07722j,F4a/250 °C,10.1039_c7ra07722j-E014,ExperimentSeries,base_pressure,,1e-8,mbar,base pressure of the system was 1e-8 mbar,methods section,methods,direct,experimental_condition,method,method,True,True,True,bound,entity_only(no case: discrete_experimental_sweep),,not_a_recipe_field,present,present,present,
10.1039_c7ra07722j,F4a/250 °C,10.1039_c7ra07722j-E014,ExperimentSeries,cycle_number,,10,cycle,10 cycles,methods section,methods,direct,experimental_condition,method,method,True,True,True,bound,entity_only(no case: discrete_experimental_sweep),,not_a_recipe_field,present,present,present,
10.1039_c7ra07722j,F4a/250 °C,10.1039_c7ra07722j-E014,ExperimentSeries,working_pressure,,13 mTorr; 20 mTorr,,"2 distinct working_pressure values at method scope; no narrower evidence distinguishes them, so none is applied",,,,,method,,True,True,False,ambiguous_withheld,candidates_preserved,False,withheld,candidates_preserved,present,n/a,applicability
10.1039_c7ra07722j,F4a/250 °C,10.1039_c7ra07722j-E014,ExperimentSeries,purge_time,,2 s; 5 s,,"2 distinct purge_time values at method scope; no narrower evidence distinguishes them, so none is applied",,,,,method,,True,True,False,ambiguous_withheld,candidates_preserved,False,withheld,candidates_preserved,present,n/a,applicability
10.1039_c7ra07722j,F4a/275 °C,10.1039_c7ra07722j-E015,ExperimentSeries,deposition_temperature,,275,°C,275 °C,series label '275 °C' (axis 'deposition_temperature'),series_label,direct,experimental_condition,series,series,True,True,True,bound,entity_only(no case: discrete_experimental_sweep),,not_a_recipe_field,present,present,present,
10.1039_c7ra07722j,F4a/275 °C,10.1039_c7ra07722j-E015,ExperimentSeries,pulse_time,,2,s,pulses of 2 s,figure 4 caption,caption,direct,experimental_condition,figure,figure,True,True,True,bound,entity_only(no case: discrete_experimental_sweep),,not_a_recipe_field,present,present,present,
10.1039_c7ra07722j,F4a/275 °C,10.1039_c7ra07722j-E015,ExperimentSeries,pulse_time,H2O,50,ms,pulsed 20 times for 50 ms,figure 4 caption,caption,direct,experimental_condition,figure,figure,True,True,True,bound,entity_only(no case: discrete_experimental_sweep),,not_a_recipe_field,present,present,present,
10.1039_c7ra07722j,F4a/275 °C,10.1039_c7ra07722j-E015,ExperimentSeries,base_pressure,,1e-8,mbar,base pressure of the system was 1e-8 mbar,methods section,methods,direct,experimental_condition,method,method,True,True,True,bound,entity_only(no case: discrete_experimental_sweep),,not_a_recipe_field,present,present,present,
10.1039_c7ra07722j,F4a/275 °C,10.1039_c7ra07722j-E015,ExperimentSeries,cycle_number,,10,cycle,10 cycles,methods section,methods,direct,experimental_condition,method,method,True,True,True,bound,entity_only(no case: discrete_experimental_sweep),,not_a_recipe_field,present,present,present,
10.1039_c7ra07722j,F4a/275 °C,10.1039_c7ra07722j-E015,ExperimentSeries,working_pressure,,13 mTorr; 20 mTorr,,"2 distinct working_pressure values at method scope; no narrower evidence distinguishes them, so none is applied",,,,,method,,True,True,False,ambiguous_withheld,candidates_preserved,False,withheld,candidates_preserved,present,n/a,applicability
10.1039_c7ra07722j,F4a/275 °C,10.1039_c7ra07722j-E015,ExperimentSeries,purge_time,,2 s; 5 s,,"2 distinct purge_time values at method scope; no narrower evidence distinguishes them, so none is applied",,,,,method,,True,True,False,ambiguous_withheld,candidates_preserved,False,withheld,candidates_preserved,present,n/a,applicability
10.1039_c7ra07722j,F4a/300 °C,10.1039_c7ra07722j-E016,ExperimentSeries,deposition_temperature,,300,°C,300 °C,series label '300 °C' (axis 'deposition_temperature'),series_label,direct,experimental_condition,series,series,True,True,True,bound,entity_only(no case: discrete_experimental_sweep),,not_a_recipe_field,present,present,present,
10.1039_c7ra07722j,F4a/300 °C,10.1039_c7ra07722j-E016,ExperimentSeries,pulse_time,,2,s,pulses of 2 s,figure 4 caption,caption,direct,experimental_condition,figure,figure,True,True,True,bound,entity_only(no case: discrete_experimental_sweep),,not_a_recipe_field,present,present,present,
10.1039_c7ra07722j,F4a/300 °C,10.1039_c7ra07722j-E016,ExperimentSeries,pulse_time,H2O,50,ms,pulsed 20 times for 50 ms,figure 4 caption,caption,direct,experimental_condition,figure,figure,True,True,True,bound,entity_only(no case: discrete_experimental_sweep),,not_a_recipe_field,present,present,present,
10.1039_c7ra07722j,F4a/300 °C,10.1039_c7ra07722j-E016,ExperimentSeries,base_pressure,,1e-8,mbar,base pressure of the system was 1e-8 mbar,methods section,methods,direct,experimental_condition,method,method,True,True,True,bound,entity_only(no case: discrete_experimental_sweep),,not_a_recipe_field,present,present,present,
10.1039_c7ra07722j,F4a/300 °C,10.1039_c7ra07722j-E016,ExperimentSeries,cycle_number,,10,cycle,10 cycles,methods section,methods,direct,experimental_condition,method,method,True,True,True,bound,entity_only(no case: discrete_experimental_sweep),,not_a_recipe_field,present,present,present,
10.1039_c7ra07722j,F4a/300 °C,10.1039_c7ra07722j-E016,ExperimentSeries,working_pressure,,13 mTorr; 20 mTorr,,"2 distinct working_pressure values at method scope; no narrower evidence distinguishes them, so none is applied",,,,,method,,True,True,False,ambiguous_withheld,candidates_preserved,False,withheld,candidates_preserved,present,n/a,applicability
10.1039_c7ra07722j,F4a/300 °C,10.1039_c7ra07722j-E016,ExperimentSeries,purge_time,,2 s; 5 s,,"2 distinct purge_time values at method scope; no narrower evidence distinguishes them, so none is applied",,,,,method,,True,True,False,ambiguous_withheld,candidates_preserved,False,withheld,candidates_preserved,present,n/a,applicability
10.1039_c7ra07722j,F5a/3 s plasma,10.1039_c7ra07722j-E017,ExperimentSeries,exposure,,3,s,3 s,series label '3 s plasma' (axis 'plasma exposure time'),series_label,direct,experimental_condition,series,series,True,True,True,bound,entity_only(no case: discrete_experimental_sweep),,not_a_recipe_field,present,present,present,
10.1039_c7ra07722j,F5a/3 s plasma,10.1039_c7ra07722j-E017,ExperimentSeries,cycle_number,,100,cycle,100 cycles,document.md near Fig 5,body,direct,experimental_condition,figure,figure,True,True,True,bound,entity_only(no case: discrete_experimental_sweep),,not_a_recipe_field,present,present,present,
10.1039_c7ra07722j,F5a/3 s plasma,10.1039_c7ra07722j-E017,ExperimentSeries,pulse_time,,2,s,pulses of 2 s,document.md near Fig 5,body,direct,experimental_condition,figure,figure,True,True,True,bound,entity_only(no case: discrete_experimental_sweep),,not_a_recipe_field,present,present,present,
10.1039_c7ra07722j,F5a/3 s plasma,10.1039_c7ra07722j-E017,ExperimentSeries,pulse_time,H2O,50,ms,pulsed 20 times for 50 ms,document.md near Fig 5,body,direct,experimental_condition,figure,figure,True,True,True,bound,entity_only(no case: discrete_experimental_sweep),,not_a_recipe_field,present,present,present,
10.1039_c7ra07722j,F5a/3 s plasma,10.1039_c7ra07722j-E017,ExperimentSeries,base_pressure,,1e-8,mbar,base pressure of the system was 1e-8 mbar,methods section,methods,direct,experimental_condition,method,method,True,True,True,bound,entity_only(no case: discrete_experimental_sweep),,not_a_recipe_field,present,present,present,
10.1039_c7ra07722j,F5a/3 s plasma,10.1039_c7ra07722j-E017,ExperimentSeries,working_pressure,,13 mTorr; 20 mTorr,,"2 distinct working_pressure values at method scope; no narrower evidence distinguishes them, so none is applied",,,,,method,,True,True,False,ambiguous_withheld,candidates_preserved,False,withheld,candidates_preserved,present,n/a,applicability
10.1039_c7ra07722j,F5a/3 s plasma,10.1039_c7ra07722j-E017,ExperimentSeries,purge_time,,2 s; 5 s,,"2 distinct purge_time values at method scope; no narrower evidence distinguishes them, so none is applied",,,,,method,,True,True,False,ambiguous_withheld,candidates_preserved,False,withheld,candidates_preserved,present,n/a,applicability
10.1039_c7ra07722j,F5a/5 s plasma,10.1039_c7ra07722j-E018,ExperimentSeries,exposure,,5,s,5 s,series label '5 s plasma' (axis 'plasma exposure time'),series_label,direct,experimental_condition,series,series,True,True,True,bound,entity_only(no case: discrete_experimental_sweep),,not_a_recipe_field,present,present,present,
10.1039_c7ra07722j,F5a/5 s plasma,10.1039_c7ra07722j-E018,ExperimentSeries,cycle_number,,100,cycle,100 cycles,document.md near Fig 5,body,direct,experimental_condition,figure,figure,True,True,True,bound,entity_only(no case: discrete_experimental_sweep),,not_a_recipe_field,present,present,present,
10.1039_c7ra07722j,F5a/5 s plasma,10.1039_c7ra07722j-E018,ExperimentSeries,pulse_time,,2,s,pulses of 2 s,document.md near Fig 5,body,direct,experimental_condition,figure,figure,True,True,True,bound,entity_only(no case: discrete_experimental_sweep),,not_a_recipe_field,present,present,present,
10.1039_c7ra07722j,F5a/5 s plasma,10.1039_c7ra07722j-E018,ExperimentSeries,pulse_time,H2O,50,ms,pulsed 20 times for 50 ms,document.md near Fig 5,body,direct,experimental_condition,figure,figure,True,True,True,bound,entity_only(no case: discrete_experimental_sweep),,not_a_recipe_field,present,present,present,
10.1039_c7ra07722j,F5a/5 s plasma,10.1039_c7ra07722j-E018,ExperimentSeries,base_pressure,,1e-8,mbar,base pressure of the system was 1e-8 mbar,methods section,methods,direct,experimental_condition,method,method,True,True,True,bound,entity_only(no case: discrete_experimental_sweep),,not_a_recipe_field,present,present,present,
10.1039_c7ra07722j,F5a/5 s plasma,10.1039_c7ra07722j-E018,ExperimentSeries,working_pressure,,13 mTorr; 20 mTorr,,"2 distinct working_pressure values at method scope; no narrower evidence distinguishes them, so none is applied",,,,,method,,True,True,False,ambiguous_withheld,candidates_preserved,False,withheld,candidates_preserved,present,n/a,applicability
10.1039_c7ra07722j,F5a/5 s plasma,10.1039_c7ra07722j-E018,ExperimentSeries,purge_time,,2 s; 5 s,,"2 distinct purge_time values at method scope; no narrower evidence distinguishes them, so none is applied",,,,,method,,True,True,False,ambiguous_withheld,candidates_preserved,False,withheld,candidates_preserved,present,n/a,applicability
10.1039_c7ra07722j,F5a/20 s plasma,10.1039_c7ra07722j-E019,ExperimentSeries,exposure,,20,s,20 s,series label '20 s plasma' (axis 'plasma exposure time'),series_label,direct,experimental_condition,series,series,True,True,True,bound,entity_only(no case: discrete_experimental_sweep),,not_a_recipe_field,present,present,present,
10.1039_c7ra07722j,F5a/20 s plasma,10.1039_c7ra07722j-E019,ExperimentSeries,cycle_number,,100,cycle,100 cycles,document.md near Fig 5,body,direct,experimental_condition,figure,figure,True,True,True,bound,entity_only(no case: discrete_experimental_sweep),,not_a_recipe_field,present,present,present,
10.1039_c7ra07722j,F5a/20 s plasma,10.1039_c7ra07722j-E019,ExperimentSeries,pulse_time,,2,s,pulses of 2 s,document.md near Fig 5,body,direct,experimental_condition,figure,figure,True,True,True,bound,entity_only(no case: discrete_experimental_sweep),,not_a_recipe_field,present,present,present,
10.1039_c7ra07722j,F5a/20 s plasma,10.1039_c7ra07722j-E019,ExperimentSeries,pulse_time,H2O,50,ms,pulsed 20 times for 50 ms,document.md near Fig 5,body,direct,experimental_condition,figure,figure,True,True,True,bound,entity_only(no case: discrete_experimental_sweep),,not_a_recipe_field,present,present,present,
10.1039_c7ra07722j,F5a/20 s plasma,10.1039_c7ra07722j-E019,ExperimentSeries,base_pressure,,1e-8,mbar,base pressure of the system was 1e-8 mbar,methods section,methods,direct,experimental_condition,method,method,True,True,True,bound,entity_only(no case: discrete_experimental_sweep),,not_a_recipe_field,present,present,present,
10.1039_c7ra07722j,F5a/20 s plasma,10.1039_c7ra07722j-E019,ExperimentSeries,working_pressure,,13 mTorr; 20 mTorr,,"2 distinct working_pressure values at method scope; no narrower evidence distinguishes them, so none is applied",,,,,method,,True,True,False,ambiguous_withheld,candidates_preserved,False,withheld,candidates_preserved,present,n/a,applicability
10.1039_c7ra07722j,F5a/20 s plasma,10.1039_c7ra07722j-E019,ExperimentSeries,purge_time,,2 s; 5 s,,"2 distinct purge_time values at method scope; no narrower evidence distinguishes them, so none is applied",,,,,method,,True,True,False,ambiguous_withheld,candidates_preserved,False,withheld,candidates_preserved,present,n/a,applicability
10.1039_c7ra07722j,F6a/<single>,10.1039_c7ra07722j-E020,MultiOutputMeasurement,base_pressure,,1e-8,mbar,base pressure of the system was 1e-8 mbar,methods section,methods,direct,experimental_condition,method,method,True,True,True,bound,present,True,not_a_recipe_field,present,present,present,
10.1039_c7ra07722j,F6a/<single>,10.1039_c7ra07722j-E020,MultiOutputMeasurement,cycle_number,,10,cycle,10 cycles,methods section,methods,direct,experimental_condition,method,method,True,True,True,bound,present,True,present,present,present,present,
10.1039_c7ra07722j,F6a/<single>,10.1039_c7ra07722j-E020,MultiOutputMeasurement,working_pressure,,13 mTorr; 20 mTorr,,"2 distinct working_pressure values at method scope; no narrower evidence distinguishes them, so none is applied",,,,,method,,True,True,False,ambiguous_withheld,candidates_preserved,False,withheld,candidates_preserved,present,n/a,applicability
10.1039_c7ra07722j,F6a/<single>,10.1039_c7ra07722j-E020,MultiOutputMeasurement,purge_time,,2 s; 5 s,,"2 distinct purge_time values at method scope; no narrower evidence distinguishes them, so none is applied",,,,,method,,True,True,False,ambiguous_withheld,candidates_preserved,False,withheld,candidates_preserved,present,n/a,applicability
10.1039_c7ra07722j,F6a/<single>,10.1039_c7ra07722j-E020,MultiOutputMeasurement,pulse_time,H2O,2 s; 50 ms,,"2 distinct pulse_time values at method scope; no narrower evidence distinguishes them, so none is applied",,,,,method,,True,True,False,ambiguous_withheld,candidates_preserved,False,withheld,candidates_preserved,present,n/a,applicability
10.1039_c7ra07722j,F6a/C-C / C-O / C=O,10.1039_c7ra07722j-E021,MultiOutputMeasurement,base_pressure,,1e-8,mbar,base pressure of the system was 1e-8 mbar,methods section,methods,direct,experimental_condition,method,method,True,True,True,bound,present,True,not_a_recipe_field,present,present,present,
10.1039_c7ra07722j,F6a/C-C / C-O / C=O,10.1039_c7ra07722j-E021,MultiOutputMeasurement,cycle_number,,10,cycle,10 cycles,methods section,methods,direct,experimental_condition,method,method,True,True,True,bound,present,True,present,present,present,present,
10.1039_c7ra07722j,F6a/C-C / C-O / C=O,10.1039_c7ra07722j-E021,MultiOutputMeasurement,working_pressure,,13 mTorr; 20 mTorr,,"2 distinct working_pressure values at method scope; no narrower evidence distinguishes them, so none is applied",,,,,method,,True,True,False,ambiguous_withheld,candidates_preserved,False,withheld,candidates_preserved,present,n/a,applicability
10.1039_c7ra07722j,F6a/C-C / C-O / C=O,10.1039_c7ra07722j-E021,MultiOutputMeasurement,purge_time,,2 s; 5 s,,"2 distinct purge_time values at method scope; no narrower evidence distinguishes them, so none is applied",,,,,method,,True,True,False,ambiguous_withheld,candidates_preserved,False,withheld,candidates_preserved,present,n/a,applicability
10.1039_c7ra07722j,F6a/C-C / C-O / C=O,10.1039_c7ra07722j-E021,MultiOutputMeasurement,pulse_time,H2O,2 s; 50 ms,,"2 distinct pulse_time values at method scope; no narrower evidence distinguishes them, so none is applied",,,,,method,,True,True,False,ambiguous_withheld,candidates_preserved,False,withheld,candidates_preserved,present,n/a,applicability
10.1039_c7ra07722j,F6b/<single>,10.1039_c7ra07722j-E022,MultiOutputMeasurement,base_pressure,,1e-8,mbar,base pressure of the system was 1e-8 mbar,methods section,methods,direct,experimental_condition,method,method,True,True,True,bound,present,True,not_a_recipe_field,present,present,present,
10.1039_c7ra07722j,F6b/<single>,10.1039_c7ra07722j-E022,MultiOutputMeasurement,cycle_number,,10,cycle,10 cycles,methods section,methods,direct,experimental_condition,method,method,True,True,True,bound,present,True,present,present,present,present,
10.1039_c7ra07722j,F6b/<single>,10.1039_c7ra07722j-E022,MultiOutputMeasurement,working_pressure,,13 mTorr; 20 mTorr,,"2 distinct working_pressure values at method scope; no narrower evidence distinguishes them, so none is applied",,,,,method,,True,True,False,ambiguous_withheld,candidates_preserved,False,withheld,candidates_preserved,present,n/a,applicability
10.1039_c7ra07722j,F6b/<single>,10.1039_c7ra07722j-E022,MultiOutputMeasurement,purge_time,,2 s; 5 s,,"2 distinct purge_time values at method scope; no narrower evidence distinguishes them, so none is applied",,,,,method,,True,True,False,ambiguous_withheld,candidates_preserved,False,withheld,candidates_preserved,present,n/a,applicability
10.1039_c7ra07722j,F6b/<single>,10.1039_c7ra07722j-E022,MultiOutputMeasurement,pulse_time,H2O,2 s; 50 ms,,"2 distinct pulse_time values at method scope; no narrower evidence distinguishes them, so none is applied",,,,,method,,True,True,False,ambiguous_withheld,candidates_preserved,False,withheld,candidates_preserved,present,n/a,applicability
10.1039_c7ra07722j,F6c/<single>,10.1039_c7ra07722j-E023,MultiOutputMeasurement,base_pressure,,1e-8,mbar,base pressure of the system was 1e-8 mbar,methods section,methods,direct,experimental_condition,method,method,True,True,True,bound,present,True,not_a_recipe_field,present,present,present,
10.1039_c7ra07722j,F6c/<single>,10.1039_c7ra07722j-E023,MultiOutputMeasurement,cycle_number,,10,cycle,10 cycles,methods section,methods,direct,experimental_condition,method,method,True,True,True,bound,present,True,present,present,present,present,
10.1039_c7ra07722j,F6c/<single>,10.1039_c7ra07722j-E023,MultiOutputMeasurement,working_pressure,,13 mTorr; 20 mTorr,,"2 distinct working_pressure values at method scope; no narrower evidence distinguishes them, so none is applied",,,,,method,,True,True,False,ambiguous_withheld,candidates_preserved,False,withheld,candidates_preserved,present,n/a,applicability
10.1039_c7ra07722j,F6c/<single>,10.1039_c7ra07722j-E023,MultiOutputMeasurement,purge_time,,2 s; 5 s,,"2 distinct purge_time values at method scope; no narrower evidence distinguishes them, so none is applied",,,,,method,,True,True,False,ambiguous_withheld,candidates_preserved,False,withheld,candidates_preserved,present,n/a,applicability
10.1039_c7ra07722j,F6c/<single>,10.1039_c7ra07722j-E023,MultiOutputMeasurement,pulse_time,H2O,2 s; 50 ms,,"2 distinct pulse_time values at method scope; no narrower evidence distinguishes them, so none is applied",,,,,method,,True,True,False,ambiguous_withheld,candidates_preserved,False,withheld,candidates_preserved,present,n/a,applicability
10.1039_c7ra07722j,F7a/Thermal 300 °C,10.1039_c7ra07722j-E024,MultiOutputMeasurement,deposition_temperature,,300,°C,300 °C,series label 'Thermal 300 °C' (axis 'process type and temperature'),series_label,direct,experimental_condition,series,series,True,True,True,bound,present,True,present,present,present,present,
10.1039_c7ra07722j,F7a/Thermal 300 °C,10.1039_c7ra07722j-E024,MultiOutputMeasurement,base_pressure,,1e-8,mbar,base pressure of the system was 1e-8 mbar,methods section,methods,direct,experimental_condition,method,method,True,True,True,bound,present,True,not_a_recipe_field,present,present,present,
10.1039_c7ra07722j,F7a/Thermal 300 °C,10.1039_c7ra07722j-E024,MultiOutputMeasurement,cycle_number,,10,cycle,10 cycles,methods section,methods,direct,experimental_condition,method,method,True,True,True,bound,present,True,present,present,present,present,
10.1039_c7ra07722j,F7a/Thermal 300 °C,10.1039_c7ra07722j-E024,MultiOutputMeasurement,working_pressure,,13 mTorr; 20 mTorr,,"2 distinct working_pressure values at method scope; no narrower evidence distinguishes them, so none is applied",,,,,method,,True,True,False,ambiguous_withheld,candidates_preserved,False,withheld,candidates_preserved,present,n/a,applicability
10.1039_c7ra07722j,F7a/Thermal 300 °C,10.1039_c7ra07722j-E024,MultiOutputMeasurement,purge_time,,2 s; 5 s,,"2 distinct purge_time values at method scope; no narrower evidence distinguishes them, so none is applied",,,,,method,,True,True,False,ambiguous_withheld,candidates_preserved,False,withheld,candidates_preserved,present,n/a,applicability
10.1039_c7ra07722j,F7a/Thermal 300 °C,10.1039_c7ra07722j-E024,MultiOutputMeasurement,pulse_time,H2O,2 s; 50 ms,,"2 distinct pulse_time values at method scope; no narrower evidence distinguishes them, so none is applied",,,,,method,,True,True,False,ambiguous_withheld,candidates_preserved,False,withheld,candidates_preserved,present,n/a,applicability
10.1039_c7ra07722j,F7a/Thermal 150 °C,10.1039_c7ra07722j-E025,MultiOutputMeasurement,deposition_temperature,,150,°C,150 °C,series label 'Thermal 150 °C' (axis 'process type and temperature'),series_label,direct,experimental_condition,series,series,True,True,True,bound,present,True,present,present,present,present,
10.1039_c7ra07722j,F7a/Thermal 150 °C,10.1039_c7ra07722j-E025,MultiOutputMeasurement,base_pressure,,1e-8,mbar,base pressure of the system was 1e-8 mbar,methods section,methods,direct,experimental_condition,method,method,True,True,True,bound,present,True,not_a_recipe_field,present,present,present,
10.1039_c7ra07722j,F7a/Thermal 150 °C,10.1039_c7ra07722j-E025,MultiOutputMeasurement,cycle_number,,10,cycle,10 cycles,methods section,methods,direct,experimental_condition,method,method,True,True,True,bound,present,True,present,present,present,present,
10.1039_c7ra07722j,F7a/Thermal 150 °C,10.1039_c7ra07722j-E025,MultiOutputMeasurement,working_pressure,,13 mTorr; 20 mTorr,,"2 distinct working_pressure values at method scope; no narrower evidence distinguishes them, so none is applied",,,,,method,,True,True,False,ambiguous_withheld,candidates_preserved,False,withheld,candidates_preserved,present,n/a,applicability
10.1039_c7ra07722j,F7a/Thermal 150 °C,10.1039_c7ra07722j-E025,MultiOutputMeasurement,purge_time,,2 s; 5 s,,"2 distinct purge_time values at method scope; no narrower evidence distinguishes them, so none is applied",,,,,method,,True,True,False,ambiguous_withheld,candidates_preserved,False,withheld,candidates_preserved,present,n/a,applicability
10.1039_c7ra07722j,F7a/Thermal 150 °C,10.1039_c7ra07722j-E025,MultiOutputMeasurement,pulse_time,H2O,2 s; 50 ms,,"2 distinct pulse_time values at method scope; no narrower evidence distinguishes them, so none is applied",,,,,method,,True,True,False,ambiguous_withheld,candidates_preserved,False,withheld,candidates_preserved,present,n/a,applicability
10.1039_c7ra07722j,F7a/Thermal 100 °C,10.1039_c7ra07722j-E026,MultiOutputMeasurement,deposition_temperature,,100,°C,100 °C,series label 'Thermal 100 °C' (axis 'process type and temperature'),series_label,direct,experimental_condition,series,series,True,True,True,bound,present,True,present,present,present,present,
10.1039_c7ra07722j,F7a/Thermal 100 °C,10.1039_c7ra07722j-E026,MultiOutputMeasurement,base_pressure,,1e-8,mbar,base pressure of the system was 1e-8 mbar,methods section,methods,direct,experimental_condition,method,method,True,True,True,bound,present,True,not_a_recipe_field,present,present,present,
10.1039_c7ra07722j,F7a/Thermal 100 °C,10.1039_c7ra07722j-E026,MultiOutputMeasurement,cycle_number,,10,cycle,10 cycles,methods section,methods,direct,experimental_condition,method,method,True,True,True,bound,present,True,present,present,present,present,
10.1039_c7ra07722j,F7a/Thermal 100 °C,10.1039_c7ra07722j-E026,MultiOutputMeasurement,working_pressure,,13 mTorr; 20 mTorr,,"2 distinct working_pressure values at method scope; no narrower evidence distinguishes them, so none is applied",,,,,method,,True,True,False,ambiguous_withheld,candidates_preserved,False,withheld,candidates_preserved,present,n/a,applicability
10.1039_c7ra07722j,F7a/Thermal 100 °C,10.1039_c7ra07722j-E026,MultiOutputMeasurement,purge_time,,2 s; 5 s,,"2 distinct purge_time values at method scope; no narrower evidence distinguishes them, so none is applied",,,,,method,,True,True,False,ambiguous_withheld,candidates_preserved,False,withheld,candidates_preserved,present,n/a,applicability
10.1039_c7ra07722j,F7a/Thermal 100 °C,10.1039_c7ra07722j-E026,MultiOutputMeasurement,pulse_time,H2O,2 s; 50 ms,,"2 distinct pulse_time values at method scope; no narrower evidence distinguishes them, so none is applied",,,,,method,,True,True,False,ambiguous_withheld,candidates_preserved,False,withheld,candidates_preserved,present,n/a,applicability
10.1039_c7ra07722j,F7a/Plasma 250 °C,10.1039_c7ra07722j-E027,MultiOutputMeasurement,deposition_temperature,,250,°C,250 °C,series label 'Plasma 250 °C' (axis 'process type and temperature'),series_label,direct,experimental_condition,series,series,True,True,True,bound,present,True,present,present,present,present,
10.1039_c7ra07722j,F7a/Plasma 250 °C,10.1039_c7ra07722j-E027,MultiOutputMeasurement,base_pressure,,1e-8,mbar,base pressure of the system was 1e-8 mbar,methods section,methods,direct,experimental_condition,method,method,True,True,True,bound,present,True,not_a_recipe_field,present,present,present,
10.1039_c7ra07722j,F7a/Plasma 250 °C,10.1039_c7ra07722j-E027,MultiOutputMeasurement,cycle_number,,10,cycle,10 cycles,methods section,methods,direct,experimental_condition,method,method,True,True,True,bound,present,True,present,present,present,present,
10.1039_c7ra07722j,F7a/Plasma 250 °C,10.1039_c7ra07722j-E027,MultiOutputMeasurement,working_pressure,,13 mTorr; 20 mTorr,,"2 distinct working_pressure values at method scope; no narrower evidence distinguishes them, so none is applied",,,,,method,,True,True,False,ambiguous_withheld,candidates_preserved,False,withheld,candidates_preserved,present,n/a,applicability
10.1039_c7ra07722j,F7a/Plasma 250 °C,10.1039_c7ra07722j-E027,MultiOutputMeasurement,purge_time,,2 s; 5 s,,"2 distinct purge_time values at method scope; no narrower evidence distinguishes them, so none is applied",,,,,method,,True,True,False,ambiguous_withheld,candidates_preserved,False,withheld,candidates_preserved,present,n/a,applicability
10.1039_c7ra07722j,F7a/Plasma 250 °C,10.1039_c7ra07722j-E027,MultiOutputMeasurement,pulse_time,H2O,2 s; 50 ms,,"2 distinct pulse_time values at method scope; no narrower evidence distinguishes them, so none is applied",,,,,method,,True,True,False,ambiguous_withheld,candidates_preserved,False,withheld,candidates_preserved,present,n/a,applicability
10.1039_c7ra07722j,F7a/Plasma 150 °C,10.1039_c7ra07722j-E028,MultiOutputMeasurement,deposition_temperature,,150,°C,150 °C,series label 'Plasma 150 °C' (axis 'process type and temperature'),series_label,direct,experimental_condition,series,series,True,True,True,bound,present,True,present,present,present,present,
10.1039_c7ra07722j,F7a/Plasma 150 °C,10.1039_c7ra07722j-E028,MultiOutputMeasurement,base_pressure,,1e-8,mbar,base pressure of the system was 1e-8 mbar,methods section,methods,direct,experimental_condition,method,method,True,True,True,bound,present,True,not_a_recipe_field,present,present,present,
10.1039_c7ra07722j,F7a/Plasma 150 °C,10.1039_c7ra07722j-E028,MultiOutputMeasurement,cycle_number,,10,cycle,10 cycles,methods section,methods,direct,experimental_condition,method,method,True,True,True,bound,present,True,present,present,present,present,
10.1039_c7ra07722j,F7a/Plasma 150 °C,10.1039_c7ra07722j-E028,MultiOutputMeasurement,working_pressure,,13 mTorr; 20 mTorr,,"2 distinct working_pressure values at method scope; no narrower evidence distinguishes them, so none is applied",,,,,method,,True,True,False,ambiguous_withheld,candidates_preserved,False,withheld,candidates_preserved,present,n/a,applicability
10.1039_c7ra07722j,F7a/Plasma 150 °C,10.1039_c7ra07722j-E028,MultiOutputMeasurement,purge_time,,2 s; 5 s,,"2 distinct purge_time values at method scope; no narrower evidence distinguishes them, so none is applied",,,,,method,,True,True,False,ambiguous_withheld,candidates_preserved,False,withheld,candidates_preserved,present,n/a,applicability
10.1039_c7ra07722j,F7a/Plasma 150 °C,10.1039_c7ra07722j-E028,MultiOutputMeasurement,pulse_time,H2O,2 s; 50 ms,,"2 distinct pulse_time values at method scope; no narrower evidence distinguishes them, so none is applied",,,,,method,,True,True,False,ambiguous_withheld,candidates_preserved,False,withheld,candidates_preserved,present,n/a,applicability
10.1039_c7ra07722j,F7a/Plasma 50 °C,10.1039_c7ra07722j-E029,MultiOutputMeasurement,deposition_temperature,,50,°C,50 °C,series label 'Plasma 50 °C' (axis 'process type and temperature'),series_label,direct,experimental_condition,series,series,True,True,True,bound,present,True,present,present,present,present,
10.1039_c7ra07722j,F7a/Plasma 50 °C,10.1039_c7ra07722j-E029,MultiOutputMeasurement,base_pressure,,1e-8,mbar,base pressure of the system was 1e-8 mbar,methods section,methods,direct,experimental_condition,method,method,True,True,True,bound,present,True,not_a_recipe_field,present,present,present,
10.1039_c7ra07722j,F7a/Plasma 50 °C,10.1039_c7ra07722j-E029,MultiOutputMeasurement,cycle_number,,10,cycle,10 cycles,methods section,methods,direct,experimental_condition,method,method,True,True,True,bound,present,True,present,present,present,present,
10.1039_c7ra07722j,F7a/Plasma 50 °C,10.1039_c7ra07722j-E029,MultiOutputMeasurement,working_pressure,,13 mTorr; 20 mTorr,,"2 distinct working_pressure values at method scope; no narrower evidence distinguishes them, so none is applied",,,,,method,,True,True,False,ambiguous_withheld,candidates_preserved,False,withheld,candidates_preserved,present,n/a,applicability
10.1039_c7ra07722j,F7a/Plasma 50 °C,10.1039_c7ra07722j-E029,MultiOutputMeasurement,purge_time,,2 s; 5 s,,"2 distinct purge_time values at method scope; no narrower evidence distinguishes them, so none is applied",,,,,method,,True,True,False,ambiguous_withheld,candidates_preserved,False,withheld,candidates_preserved,present,n/a,applicability
10.1039_c7ra07722j,F7a/Plasma 50 °C,10.1039_c7ra07722j-E029,MultiOutputMeasurement,pulse_time,H2O,2 s; 50 ms,,"2 distinct pulse_time values at method scope; no narrower evidence distinguishes them, so none is applied",,,,,method,,True,True,False,ambiguous_withheld,candidates_preserved,False,withheld,candidates_preserved,present,n/a,applicability
10.1039_c7ra07722j,F10a/Plasma,10.1039_c7ra07722j-E030,ContinuousTrace,base_pressure,,1e-8,mbar,base pressure of the system was 1e-8 mbar,methods section,methods,direct,experimental_condition,method,method,True,True,True,bound,present,True,not_a_recipe_field,present,present,present,
10.1039_c7ra07722j,F10a/Plasma,10.1039_c7ra07722j-E030,ContinuousTrace,cycle_number,,10,cycle,10 cycles,methods section,methods,direct,experimental_condition,method,method,True,True,True,bound,present,True,present,present,present,present,
10.1039_c7ra07722j,F10a/Plasma,10.1039_c7ra07722j-E030,ContinuousTrace,working_pressure,,13 mTorr; 20 mTorr,,"2 distinct working_pressure values at method scope; no narrower evidence distinguishes them, so none is applied",,,,,method,,True,True,False,ambiguous_withheld,candidates_preserved,False,withheld,candidates_preserved,present,n/a,applicability
10.1039_c7ra07722j,F10a/Plasma,10.1039_c7ra07722j-E030,ContinuousTrace,purge_time,,2 s; 5 s,,"2 distinct purge_time values at method scope; no narrower evidence distinguishes them, so none is applied",,,,,method,,True,True,False,ambiguous_withheld,candidates_preserved,False,withheld,candidates_preserved,present,n/a,applicability
10.1039_c7ra07722j,F10a/Plasma,10.1039_c7ra07722j-E030,ContinuousTrace,pulse_time,H2O,2 s; 50 ms,,"2 distinct pulse_time values at method scope; no narrower evidence distinguishes them, so none is applied",,,,,method,,True,True,False,ambiguous_withheld,candidates_preserved,False,withheld,candidates_preserved,present,n/a,applicability
10.1039_c7ra07722j,F10a/Thermal,10.1039_c7ra07722j-E031,ContinuousTrace,base_pressure,,1e-8,mbar,base pressure of the system was 1e-8 mbar,methods section,methods,direct,experimental_condition,method,method,True,True,True,bound,present,True,not_a_recipe_field,present,present,present,
10.1039_c7ra07722j,F10a/Thermal,10.1039_c7ra07722j-E031,ContinuousTrace,cycle_number,,10,cycle,10 cycles,methods section,methods,direct,experimental_condition,method,method,True,True,True,bound,present,True,present,present,present,present,
10.1039_c7ra07722j,F10a/Thermal,10.1039_c7ra07722j-E031,ContinuousTrace,working_pressure,,13 mTorr; 20 mTorr,,"2 distinct working_pressure values at method scope; no narrower evidence distinguishes them, so none is applied",,,,,method,,True,True,False,ambiguous_withheld,candidates_preserved,False,withheld,candidates_preserved,present,n/a,applicability
10.1039_c7ra07722j,F10a/Thermal,10.1039_c7ra07722j-E031,ContinuousTrace,purge_time,,2 s; 5 s,,"2 distinct purge_time values at method scope; no narrower evidence distinguishes them, so none is applied",,,,,method,,True,True,False,ambiguous_withheld,candidates_preserved,False,withheld,candidates_preserved,present,n/a,applicability
10.1039_c7ra07722j,F10a/Thermal,10.1039_c7ra07722j-E031,ContinuousTrace,pulse_time,H2O,2 s; 50 ms,,"2 distinct pulse_time values at method scope; no narrower evidence distinguishes them, so none is applied",,,,,method,,True,True,False,ambiguous_withheld,candidates_preserved,False,withheld,candidates_preserved,present,n/a,applicability
10.1039_c7ra07722j,F10a/Plasma fit,10.1039_c7ra07722j-E032,Fit,base_pressure,,1e-8,mbar,base pressure of the system was 1e-8 mbar,methods section,methods,direct,experimental_condition,method,method,True,True,True,bound,entity_only(no case: fit),,not_a_recipe_field,present,present,present,
10.1039_c7ra07722j,F10a/Plasma fit,10.1039_c7ra07722j-E032,Fit,cycle_number,,10,cycle,10 cycles,methods section,methods,direct,experimental_condition,method,method,True,True,True,bound,entity_only(no case: fit),,not_a_recipe_field,present,present,present,
10.1039_c7ra07722j,F10a/Plasma fit,10.1039_c7ra07722j-E032,Fit,working_pressure,,13 mTorr; 20 mTorr,,"2 distinct working_pressure values at method scope; no narrower evidence distinguishes them, so none is applied",,,,,method,,True,True,False,ambiguous_withheld,candidates_preserved,False,withheld,candidates_preserved,present,n/a,applicability
10.1039_c7ra07722j,F10a/Plasma fit,10.1039_c7ra07722j-E032,Fit,purge_time,,2 s; 5 s,,"2 distinct purge_time values at method scope; no narrower evidence distinguishes them, so none is applied",,,,,method,,True,True,False,ambiguous_withheld,candidates_preserved,False,withheld,candidates_preserved,present,n/a,applicability
10.1039_c7ra07722j,F10a/Plasma fit,10.1039_c7ra07722j-E032,Fit,pulse_time,H2O,2 s; 50 ms,,"2 distinct pulse_time values at method scope; no narrower evidence distinguishes them, so none is applied",,,,,method,,True,True,False,ambiguous_withheld,candidates_preserved,False,withheld,candidates_preserved,present,n/a,applicability
10.1039_c7ra07722j,F10a/Thermal fit,10.1039_c7ra07722j-E033,Fit,base_pressure,,1e-8,mbar,base pressure of the system was 1e-8 mbar,methods section,methods,direct,experimental_condition,method,method,True,True,True,bound,entity_only(no case: fit),,not_a_recipe_field,present,present,present,
10.1039_c7ra07722j,F10a/Thermal fit,10.1039_c7ra07722j-E033,Fit,cycle_number,,10,cycle,10 cycles,methods section,methods,direct,experimental_condition,method,method,True,True,True,bound,entity_only(no case: fit),,not_a_recipe_field,present,present,present,
10.1039_c7ra07722j,F10a/Thermal fit,10.1039_c7ra07722j-E033,Fit,working_pressure,,13 mTorr; 20 mTorr,,"2 distinct working_pressure values at method scope; no narrower evidence distinguishes them, so none is applied",,,,,method,,True,True,False,ambiguous_withheld,candidates_preserved,False,withheld,candidates_preserved,present,n/a,applicability
10.1039_c7ra07722j,F10a/Thermal fit,10.1039_c7ra07722j-E033,Fit,purge_time,,2 s; 5 s,,"2 distinct purge_time values at method scope; no narrower evidence distinguishes them, so none is applied",,,,,method,,True,True,False,ambiguous_withheld,candidates_preserved,False,withheld,candidates_preserved,present,n/a,applicability
10.1039_c7ra07722j,F10a/Thermal fit,10.1039_c7ra07722j-E033,Fit,pulse_time,H2O,2 s; 50 ms,,"2 distinct pulse_time values at method scope; no narrower evidence distinguishes them, so none is applied",,,,,method,,True,True,False,ambiguous_withheld,candidates_preserved,False,withheld,candidates_preserved,present,n/a,applicability
10.1039_d0cp03358h,F2a/<single>,10.1039_d0cp03358h-E000,ExperimentalProfile,working_pressure,,3,hPa,process pressure was ca. 3 hPa,methods section,methods,approximate,experimental_condition,method,method,True,True,True,bound,present,True,not_a_recipe_field,present,present,present,
10.1039_d0cp03358h,F2a/<single>,10.1039_d0cp03358h-E000,ExperimentalProfile,deposition_temperature,,300,°C,grown at 300 °C,methods section,methods,direct,experimental_condition,method,method,True,True,True,bound,present,True,present,present,present,present,
10.1039_d0cp03358h,F2a/<single>,10.1039_d0cp03358h-E000,ExperimentalProfile,cycle_number,,500,cycle,500 ALD cycles,methods section,methods,approximate,experimental_condition,method,method,True,True,True,bound,present,True,present,present,present,present,
10.1039_d0cp03358h,F2a/<single>,10.1039_d0cp03358h-E000,ExperimentalProfile,flow_rate,N2,150,sccm,flow rate of 150 sccm,methods section,methods,approximate,experimental_condition,method,method,True,True,True,bound,present,True,present,present,present,present,
10.1039_d0cp03358h,F2a/<single>,10.1039_d0cp03358h-E000,ExperimentalProfile,feature_height,,500,nm,channel height: 500 nm,methods section,methods,direct,experimental_condition,method,method,True,True,True,bound,present,True,not_a_recipe_field,present,present,present,
10.1039_d0cp03358h,F2b/<single>,10.1039_d0cp03358h-E001,ExperimentalProfile,working_pressure,,3,hPa,process pressure was ca. 3 hPa,methods section,methods,approximate,experimental_condition,method,method,True,True,True,bound,present,True,not_a_recipe_field,present,present,present,
10.1039_d0cp03358h,F2b/<single>,10.1039_d0cp03358h-E001,ExperimentalProfile,deposition_temperature,,300,°C,grown at 300 °C,methods section,methods,direct,experimental_condition,method,method,True,True,True,bound,present,True,present,present,present,present,
10.1039_d0cp03358h,F2b/<single>,10.1039_d0cp03358h-E001,ExperimentalProfile,cycle_number,,500,cycle,500 ALD cycles,methods section,methods,approximate,experimental_condition,method,method,True,True,True,bound,present,True,present,present,present,present,
10.1039_d0cp03358h,F2b/<single>,10.1039_d0cp03358h-E001,ExperimentalProfile,flow_rate,N2,150,sccm,flow rate of 150 sccm,methods section,methods,approximate,experimental_condition,method,method,True,True,True,bound,present,True,present,present,present,present,
10.1039_d0cp03358h,F2b/<single>,10.1039_d0cp03358h-E001,ExperimentalProfile,feature_height,,500,nm,channel height: 500 nm,methods section,methods,direct,experimental_condition,method,method,True,True,True,bound,present,True,not_a_recipe_field,present,present,present,
10.1039_d0cp03358h,F2c/<single>,10.1039_d0cp03358h-E002,ExperimentalProfile,working_pressure,,3,hPa,process pressure was ca. 3 hPa,methods section,methods,approximate,experimental_condition,method,method,True,True,True,bound,present,True,not_a_recipe_field,present,present,present,
10.1039_d0cp03358h,F2c/<single>,10.1039_d0cp03358h-E002,ExperimentalProfile,deposition_temperature,,300,°C,grown at 300 °C,methods section,methods,direct,experimental_condition,method,method,True,True,True,bound,present,True,present,present,present,present,
10.1039_d0cp03358h,F2c/<single>,10.1039_d0cp03358h-E002,ExperimentalProfile,cycle_number,,500,cycle,500 ALD cycles,methods section,methods,approximate,experimental_condition,method,method,True,True,True,bound,present,True,present,present,present,present,
10.1039_d0cp03358h,F2c/<single>,10.1039_d0cp03358h-E002,ExperimentalProfile,flow_rate,N2,150,sccm,flow rate of 150 sccm,methods section,methods,approximate,experimental_condition,method,method,True,True,True,bound,present,True,present,present,present,present,
10.1039_d0cp03358h,F2c/<single>,10.1039_d0cp03358h-E002,ExperimentalProfile,feature_height,,500,nm,channel height: 500 nm,methods section,methods,direct,experimental_condition,method,method,True,True,True,bound,present,True,not_a_recipe_field,present,present,present,
10.1039_d0cp03358h,F2d/<single>,10.1039_d0cp03358h-E003,ExperimentalProfile,working_pressure,,3,hPa,process pressure was ca. 3 hPa,methods section,methods,approximate,experimental_condition,method,method,True,True,True,bound,present,True,not_a_recipe_field,present,present,present,
10.1039_d0cp03358h,F2d/<single>,10.1039_d0cp03358h-E003,ExperimentalProfile,deposition_temperature,,300,°C,grown at 300 °C,methods section,methods,direct,experimental_condition,method,method,True,True,True,bound,present,True,present,present,present,present,
10.1039_d0cp03358h,F2d/<single>,10.1039_d0cp03358h-E003,ExperimentalProfile,cycle_number,,500,cycle,500 ALD cycles,methods section,methods,approximate,experimental_condition,method,method,True,True,True,bound,present,True,present,present,present,present,
10.1039_d0cp03358h,F2d/<single>,10.1039_d0cp03358h-E003,ExperimentalProfile,flow_rate,N2,150,sccm,flow rate of 150 sccm,methods section,methods,approximate,experimental_condition,method,method,True,True,True,bound,present,True,present,present,present,present,
10.1039_d0cp03358h,F2d/<single>,10.1039_d0cp03358h-E003,ExperimentalProfile,feature_height,,500,nm,channel height: 500 nm,methods section,methods,direct,experimental_condition,method,method,True,True,True,bound,present,True,not_a_recipe_field,present,present,present,
10.1039_d0cp03358h,F3a/simulated profile,10.1039_d0cp03358h-E004,SimulationRun,working_pressure,,3,hPa,process pressure was ca. 3 hPa,methods section,methods,approximate,experimental_condition,method,method,True,True,True,bound,entity_only(no case: simulation),,not_a_recipe_field,present,present,present,
10.1039_d0cp03358h,F3a/simulated profile,10.1039_d0cp03358h-E004,SimulationRun,deposition_temperature,,300,°C,grown at 300 °C,methods section,methods,direct,experimental_condition,method,method,True,True,True,bound,entity_only(no case: simulation),,not_a_recipe_field,present,present,present,
10.1039_d0cp03358h,F3a/simulated profile,10.1039_d0cp03358h-E004,SimulationRun,cycle_number,,500,cycle,500 ALD cycles,methods section,methods,approximate,experimental_condition,method,method,True,True,True,bound,entity_only(no case: simulation),,not_a_recipe_field,present,present,present,
10.1039_d0cp03358h,F3a/simulated profile,10.1039_d0cp03358h-E004,SimulationRun,flow_rate,N2,150,sccm,flow rate of 150 sccm,methods section,methods,approximate,experimental_condition,method,method,True,True,True,bound,entity_only(no case: simulation),,not_a_recipe_field,present,present,present,
10.1039_d0cp03358h,F3a/simulated profile,10.1039_d0cp03358h-E004,SimulationRun,feature_height,,500,nm,channel height: 500 nm,methods section,methods,direct,experimental_condition,method,method,True,True,True,bound,entity_only(no case: simulation),,not_a_recipe_field,present,present,present,
10.1039_d0cp03358h,F3b/experimental profile,10.1039_d0cp03358h-E005,ExperimentalProfile,working_pressure,,3,hPa,process pressure was ca. 3 hPa,methods section,methods,approximate,experimental_condition,method,method,True,True,True,bound,present,True,not_a_recipe_field,present,present,present,
10.1039_d0cp03358h,F3b/experimental profile,10.1039_d0cp03358h-E005,ExperimentalProfile,deposition_temperature,,300,°C,grown at 300 °C,methods section,methods,direct,experimental_condition,method,method,True,True,True,bound,present,True,present,present,present,present,
10.1039_d0cp03358h,F3b/experimental profile,10.1039_d0cp03358h-E005,ExperimentalProfile,cycle_number,,500,cycle,500 ALD cycles,methods section,methods,approximate,experimental_condition,method,method,True,True,True,bound,present,True,present,present,present,present,
10.1039_d0cp03358h,F3b/experimental profile,10.1039_d0cp03358h-E005,ExperimentalProfile,flow_rate,N2,150,sccm,flow rate of 150 sccm,methods section,methods,approximate,experimental_condition,method,method,True,True,True,bound,present,True,present,present,present,present,
10.1039_d0cp03358h,F3b/experimental profile,10.1039_d0cp03358h-E005,ExperimentalProfile,feature_height,,500,nm,channel height: 500 nm,methods section,methods,direct,experimental_condition,method,method,True,True,True,bound,present,True,not_a_recipe_field,present,present,present,
10.1039_d0cp03358h,F5b/Si,10.1039_d0cp03358h-E006,ExperimentalProfile,working_pressure,,3,hPa,process pressure was ca. 3 hPa,methods section,methods,approximate,experimental_condition,method,method,True,True,True,bound,present,True,not_a_recipe_field,present,present,present,
10.1039_d0cp03358h,F5b/Si,10.1039_d0cp03358h-E006,ExperimentalProfile,deposition_temperature,,300,°C,grown at 300 °C,methods section,methods,direct,experimental_condition,method,method,True,True,True,bound,present,True,present,present,present,present,
10.1039_d0cp03358h,F5b/Si,10.1039_d0cp03358h-E006,ExperimentalProfile,cycle_number,,500,cycle,500 ALD cycles,methods section,methods,approximate,experimental_condition,method,method,True,True,True,bound,present,True,present,present,present,present,
10.1039_d0cp03358h,F5b/Si,10.1039_d0cp03358h-E006,ExperimentalProfile,flow_rate,N2,150,sccm,flow rate of 150 sccm,methods section,methods,approximate,experimental_condition,method,method,True,True,True,bound,present,True,present,present,present,present,
10.1039_d0cp03358h,F5b/Si,10.1039_d0cp03358h-E006,ExperimentalProfile,feature_height,,500,nm,channel height: 500 nm,methods section,methods,direct,experimental_condition,method,method,True,True,True,bound,present,True,not_a_recipe_field,present,present,present,
10.1039_d0cp03358h,F5b/O,10.1039_d0cp03358h-E007,ExperimentalProfile,working_pressure,,3,hPa,process pressure was ca. 3 hPa,methods section,methods,approximate,experimental_condition,method,method,True,True,True,bound,present,True,not_a_recipe_field,present,present,present,
10.1039_d0cp03358h,F5b/O,10.1039_d0cp03358h-E007,ExperimentalProfile,deposition_temperature,,300,°C,grown at 300 °C,methods section,methods,direct,experimental_condition,method,method,True,True,True,bound,present,True,present,present,present,present,
10.1039_d0cp03358h,F5b/O,10.1039_d0cp03358h-E007,ExperimentalProfile,cycle_number,,500,cycle,500 ALD cycles,methods section,methods,approximate,experimental_condition,method,method,True,True,True,bound,present,True,present,present,present,present,
10.1039_d0cp03358h,F5b/O,10.1039_d0cp03358h-E007,ExperimentalProfile,flow_rate,N2,150,sccm,flow rate of 150 sccm,methods section,methods,approximate,experimental_condition,method,method,True,True,True,bound,present,True,present,present,present,present,
10.1039_d0cp03358h,F5b/O,10.1039_d0cp03358h-E007,ExperimentalProfile,feature_height,,500,nm,channel height: 500 nm,methods section,methods,direct,experimental_condition,method,method,True,True,True,bound,present,True,not_a_recipe_field,present,present,present,
10.1039_d0cp03358h,F5b/Al,10.1039_d0cp03358h-E008,ExperimentalProfile,working_pressure,,3,hPa,process pressure was ca. 3 hPa,methods section,methods,approximate,experimental_condition,method,method,True,True,True,bound,present,True,not_a_recipe_field,present,present,present,
10.1039_d0cp03358h,F5b/Al,10.1039_d0cp03358h-E008,ExperimentalProfile,deposition_temperature,,300,°C,grown at 300 °C,methods section,methods,direct,experimental_condition,method,method,True,True,True,bound,present,True,present,present,present,present,
10.1039_d0cp03358h,F5b/Al,10.1039_d0cp03358h-E008,ExperimentalProfile,cycle_number,,500,cycle,500 ALD cycles,methods section,methods,approximate,experimental_condition,method,method,True,True,True,bound,present,True,present,present,present,present,
10.1039_d0cp03358h,F5b/Al,10.1039_d0cp03358h-E008,ExperimentalProfile,flow_rate,N2,150,sccm,flow rate of 150 sccm,methods section,methods,approximate,experimental_condition,method,method,True,True,True,bound,present,True,present,present,present,present,
10.1039_d0cp03358h,F5b/Al,10.1039_d0cp03358h-E008,ExperimentalProfile,feature_height,,500,nm,channel height: 500 nm,methods section,methods,direct,experimental_condition,method,method,True,True,True,bound,present,True,not_a_recipe_field,present,present,present,
10.1039_d0cp03358h,F7a/X5 (50 μm),10.1039_d0cp03358h-E009,ExperimentalProfile,cycle_number,,500,cycle,500 cycles,document.md near Fig 7,body,approximate,experimental_condition,figure,figure,True,True,True,bound,present,True,present,present,present,present,
10.1039_d0cp03358h,F7a/X5 (50 μm),10.1039_d0cp03358h-E009,ExperimentalProfile,feature_height,,500,nm,channel height of 500 nm,document.md near Fig 7,body,direct,experimental_condition,figure,figure,True,True,True,bound,present,True,not_a_recipe_field,present,present,present,
10.1039_d0cp03358h,F7a/X5 (50 μm),10.1039_d0cp03358h-E009,ExperimentalProfile,working_pressure,,3,hPa,process pressure was ca. 3 hPa,methods section,methods,approximate,experimental_condition,method,method,True,True,True,bound,present,True,not_a_recipe_field,present,present,present,
10.1039_d0cp03358h,F7a/X5 (50 μm),10.1039_d0cp03358h-E009,ExperimentalProfile,deposition_temperature,,300,°C,grown at 300 °C,methods section,methods,direct,experimental_condition,method,method,True,True,True,bound,present,True,present,present,present,present,
10.1039_d0cp03358h,F7a/X5 (50 μm),10.1039_d0cp03358h-E009,ExperimentalProfile,flow_rate,N2,150,sccm,flow rate of 150 sccm,methods section,methods,approximate,experimental_condition,method,method,True,True,True,bound,present,True,present,present,present,present,
10.1039_d0cp03358h,F7a/X10 (25 μm),10.1039_d0cp03358h-E010,ExperimentalProfile,cycle_number,,500,cycle,500 cycles,document.md near Fig 7,body,approximate,experimental_condition,figure,figure,True,True,True,bound,present,True,present,present,present,present,
10.1039_d0cp03358h,F7a/X10 (25 μm),10.1039_d0cp03358h-E010,ExperimentalProfile,feature_height,,500,nm,channel height of 500 nm,document.md near Fig 7,body,direct,experimental_condition,figure,figure,True,True,True,bound,present,True,not_a_recipe_field,present,present,present,
10.1039_d0cp03358h,F7a/X10 (25 μm),10.1039_d0cp03358h-E010,ExperimentalProfile,working_pressure,,3,hPa,process pressure was ca. 3 hPa,methods section,methods,approximate,experimental_condition,method,method,True,True,True,bound,present,True,not_a_recipe_field,present,present,present,
10.1039_d0cp03358h,F7a/X10 (25 μm),10.1039_d0cp03358h-E010,ExperimentalProfile,deposition_temperature,,300,°C,grown at 300 °C,methods section,methods,direct,experimental_condition,method,method,True,True,True,bound,present,True,present,present,present,present,
10.1039_d0cp03358h,F7a/X10 (25 μm),10.1039_d0cp03358h-E010,ExperimentalProfile,flow_rate,N2,150,sccm,flow rate of 150 sccm,methods section,methods,approximate,experimental_condition,method,method,True,True,True,bound,present,True,present,present,present,present,
10.1039_d0cp03358h,F7a/X50 (5 μm),10.1039_d0cp03358h-E011,ExperimentalProfile,cycle_number,,500,cycle,500 cycles,document.md near Fig 7,body,approximate,experimental_condition,figure,figure,True,True,True,bound,present,True,present,present,present,present,
10.1039_d0cp03358h,F7a/X50 (5 μm),10.1039_d0cp03358h-E011,ExperimentalProfile,feature_height,,500,nm,channel height of 500 nm,document.md near Fig 7,body,direct,experimental_condition,figure,figure,True,True,True,bound,present,True,not_a_recipe_field,present,present,present,
10.1039_d0cp03358h,F7a/X50 (5 μm),10.1039_d0cp03358h-E011,ExperimentalProfile,working_pressure,,3,hPa,process pressure was ca. 3 hPa,methods section,methods,approximate,experimental_condition,method,method,True,True,True,bound,present,True,not_a_recipe_field,present,present,present,
10.1039_d0cp03358h,F7a/X50 (5 μm),10.1039_d0cp03358h-E011,ExperimentalProfile,deposition_temperature,,300,°C,grown at 300 °C,methods section,methods,direct,experimental_condition,method,method,True,True,True,bound,present,True,present,present,present,present,
10.1039_d0cp03358h,F7a/X50 (5 μm),10.1039_d0cp03358h-E011,ExperimentalProfile,flow_rate,N2,150,sccm,flow rate of 150 sccm,methods section,methods,approximate,experimental_condition,method,method,True,True,True,bound,present,True,present,present,present,present,
10.1039_d0cp03358h,F8a/0.1,10.1039_d0cp03358h-E012,ExperimentalProfile,cycle_number,,500,cycle,500 cycles,document.md near Fig 8,body,direct,experimental_condition,figure,figure,True,True,True,bound,present,True,present,present,present,present,
10.1039_d0cp03358h,F8a/0.1,10.1039_d0cp03358h-E012,ExperimentalProfile,feature_height,,500,nm,channel height of 500 nm,document.md near Fig 8,body,direct,experimental_condition,figure,figure,True,True,True,bound,present,True,not_a_recipe_field,present,present,present,
10.1039_d0cp03358h,F8a/0.1,10.1039_d0cp03358h-E012,ExperimentalProfile,working_pressure,,3,hPa,process pressure was ca. 3 hPa,methods section,methods,approximate,experimental_condition,method,method,True,True,True,bound,present,True,not_a_recipe_field,present,present,present,
10.1039_d0cp03358h,F8a/0.1,10.1039_d0cp03358h-E012,ExperimentalProfile,deposition_temperature,,300,°C,grown at 300 °C,methods section,methods,direct,experimental_condition,method,method,True,True,True,bound,present,True,present,present,present,present,
10.1039_d0cp03358h,F8a/0.1,10.1039_d0cp03358h-E012,ExperimentalProfile,flow_rate,N2,150,sccm,flow rate of 150 sccm,methods section,methods,approximate,experimental_condition,method,method,True,True,True,bound,present,True,present,present,present,present,
10.1039_d0cp03358h,F8a/0.5,10.1039_d0cp03358h-E013,ExperimentalProfile,cycle_number,,500,cycle,500 cycles,document.md near Fig 8,body,direct,experimental_condition,figure,figure,True,True,True,bound,present,True,present,present,present,present,
10.1039_d0cp03358h,F8a/0.5,10.1039_d0cp03358h-E013,ExperimentalProfile,feature_height,,500,nm,channel height of 500 nm,document.md near Fig 8,body,direct,experimental_condition,figure,figure,True,True,True,bound,present,True,not_a_recipe_field,present,present,present,
10.1039_d0cp03358h,F8a/0.5,10.1039_d0cp03358h-E013,ExperimentalProfile,working_pressure,,3,hPa,process pressure was ca. 3 hPa,methods section,methods,approximate,experimental_condition,method,method,True,True,True,bound,present,True,not_a_recipe_field,present,present,present,
10.1039_d0cp03358h,F8a/0.5,10.1039_d0cp03358h-E013,ExperimentalProfile,deposition_temperature,,300,°C,grown at 300 °C,methods section,methods,direct,experimental_condition,method,method,True,True,True,bound,present,True,present,present,present,present,
10.1039_d0cp03358h,F8a/0.5,10.1039_d0cp03358h-E013,ExperimentalProfile,flow_rate,N2,150,sccm,flow rate of 150 sccm,methods section,methods,approximate,experimental_condition,method,method,True,True,True,bound,present,True,present,present,present,present,
10.1039_d0cp03358h,F8a/1,10.1039_d0cp03358h-E014,ExperimentalProfile,cycle_number,,500,cycle,500 cycles,document.md near Fig 8,body,direct,experimental_condition,figure,figure,True,True,True,bound,present,True,present,present,present,present,
10.1039_d0cp03358h,F8a/1,10.1039_d0cp03358h-E014,ExperimentalProfile,feature_height,,500,nm,channel height of 500 nm,document.md near Fig 8,body,direct,experimental_condition,figure,figure,True,True,True,bound,present,True,not_a_recipe_field,present,present,present,
10.1039_d0cp03358h,F8a/1,10.1039_d0cp03358h-E014,ExperimentalProfile,working_pressure,,3,hPa,process pressure was ca. 3 hPa,methods section,methods,approximate,experimental_condition,method,method,True,True,True,bound,present,True,not_a_recipe_field,present,present,present,
10.1039_d0cp03358h,F8a/1,10.1039_d0cp03358h-E014,ExperimentalProfile,deposition_temperature,,300,°C,grown at 300 °C,methods section,methods,direct,experimental_condition,method,method,True,True,True,bound,present,True,present,present,present,present,
10.1039_d0cp03358h,F8a/1,10.1039_d0cp03358h-E014,ExperimentalProfile,flow_rate,N2,150,sccm,flow rate of 150 sccm,methods section,methods,approximate,experimental_condition,method,method,True,True,True,bound,present,True,present,present,present,present,
10.1039_d0cp03358h,F8a/5,10.1039_d0cp03358h-E015,ExperimentalProfile,cycle_number,,500,cycle,500 cycles,document.md near Fig 8,body,direct,experimental_condition,figure,figure,True,True,True,bound,present,True,present,present,present,present,
10.1039_d0cp03358h,F8a/5,10.1039_d0cp03358h-E015,ExperimentalProfile,feature_height,,500,nm,channel height of 500 nm,document.md near Fig 8,body,direct,experimental_condition,figure,figure,True,True,True,bound,present,True,not_a_recipe_field,present,present,present,
10.1039_d0cp03358h,F8a/5,10.1039_d0cp03358h-E015,ExperimentalProfile,working_pressure,,3,hPa,process pressure was ca. 3 hPa,methods section,methods,approximate,experimental_condition,method,method,True,True,True,bound,present,True,not_a_recipe_field,present,present,present,
10.1039_d0cp03358h,F8a/5,10.1039_d0cp03358h-E015,ExperimentalProfile,deposition_temperature,,300,°C,grown at 300 °C,methods section,methods,direct,experimental_condition,method,method,True,True,True,bound,present,True,present,present,present,present,
10.1039_d0cp03358h,F8a/5,10.1039_d0cp03358h-E015,ExperimentalProfile,flow_rate,N2,150,sccm,flow rate of 150 sccm,methods section,methods,approximate,experimental_condition,method,method,True,True,True,bound,present,True,present,present,present,present,
10.1039_d0cp03358h,F8b/Sample 2,10.1039_d0cp03358h-E016,ExperimentalProfile,cycle_number,,500,cycle,500 cycles,"figure 8 caption, panel (b)",caption,direct,experimental_condition,panel,panel,True,True,True,bound,present,True,present,present,present,present,
10.1039_d0cp03358h,F8b/Sample 2,10.1039_d0cp03358h-E016,ExperimentalProfile,feature_height,,500,nm,channel height of 500 nm,"figure 8 caption, panel (b)",caption,direct,experimental_condition,panel,panel,True,True,True,bound,present,True,not_a_recipe_field,present,present,present,
10.1039_d0cp03358h,F8b/Sample 2,10.1039_d0cp03358h-E016,ExperimentalProfile,working_pressure,,3,hPa,process pressure was ca. 3 hPa,methods section,methods,approximate,experimental_condition,method,method,True,True,True,bound,present,True,not_a_recipe_field,present,present,present,
10.1039_d0cp03358h,F8b/Sample 2,10.1039_d0cp03358h-E016,ExperimentalProfile,deposition_temperature,,300,°C,grown at 300 °C,methods section,methods,direct,experimental_condition,method,method,True,True,True,bound,present,True,present,present,present,present,
10.1039_d0cp03358h,F8b/Sample 2,10.1039_d0cp03358h-E016,ExperimentalProfile,flow_rate,N2,150,sccm,flow rate of 150 sccm,methods section,methods,approximate,experimental_condition,method,method,True,True,True,bound,present,True,present,present,present,present,
10.1039_d0cp03358h,F8b/Sample 4,10.1039_d0cp03358h-E017,ExperimentalProfile,cycle_number,,500,cycle,500 cycles,"figure 8 caption, panel (b)",caption,direct,experimental_condition,panel,panel,True,True,True,bound,present,True,present,present,present,present,
10.1039_d0cp03358h,F8b/Sample 4,10.1039_d0cp03358h-E017,ExperimentalProfile,feature_height,,500,nm,channel height of 500 nm,"figure 8 caption, panel (b)",caption,direct,experimental_condition,panel,panel,True,True,True,bound,present,True,not_a_recipe_field,present,present,present,
10.1039_d0cp03358h,F8b/Sample 4,10.1039_d0cp03358h-E017,ExperimentalProfile,working_pressure,,3,hPa,process pressure was ca. 3 hPa,methods section,methods,approximate,experimental_condition,method,method,True,True,True,bound,present,True,not_a_recipe_field,present,present,present,
10.1039_d0cp03358h,F8b/Sample 4,10.1039_d0cp03358h-E017,ExperimentalProfile,deposition_temperature,,300,°C,grown at 300 °C,methods section,methods,direct,experimental_condition,method,method,True,True,True,bound,present,True,present,present,present,present,
10.1039_d0cp03358h,F8b/Sample 4,10.1039_d0cp03358h-E017,ExperimentalProfile,flow_rate,N2,150,sccm,flow rate of 150 sccm,methods section,methods,approximate,experimental_condition,method,method,True,True,True,bound,present,True,present,present,present,present,
10.1039_d0cp03358h,F8b/Sample 8,10.1039_d0cp03358h-E018,ExperimentalProfile,cycle_number,,500,cycle,500 cycles,"figure 8 caption, panel (b)",caption,direct,experimental_condition,panel,panel,True,True,True,bound,present,True,present,present,present,present,
10.1039_d0cp03358h,F8b/Sample 8,10.1039_d0cp03358h-E018,ExperimentalProfile,feature_height,,500,nm,channel height of 500 nm,"figure 8 caption, panel (b)",caption,direct,experimental_condition,panel,panel,True,True,True,bound,present,True,not_a_recipe_field,present,present,present,
10.1039_d0cp03358h,F8b/Sample 8,10.1039_d0cp03358h-E018,ExperimentalProfile,working_pressure,,3,hPa,process pressure was ca. 3 hPa,methods section,methods,approximate,experimental_condition,method,method,True,True,True,bound,present,True,not_a_recipe_field,present,present,present,
10.1039_d0cp03358h,F8b/Sample 8,10.1039_d0cp03358h-E018,ExperimentalProfile,deposition_temperature,,300,°C,grown at 300 °C,methods section,methods,direct,experimental_condition,method,method,True,True,True,bound,present,True,present,present,present,present,
10.1039_d0cp03358h,F8b/Sample 8,10.1039_d0cp03358h-E018,ExperimentalProfile,flow_rate,N2,150,sccm,flow rate of 150 sccm,methods section,methods,approximate,experimental_condition,method,method,True,True,True,bound,present,True,present,present,present,present,
10.1039_d0cp03358h,F8b/Sample 12,10.1039_d0cp03358h-E019,ExperimentalProfile,cycle_number,,500,cycle,500 cycles,"figure 8 caption, panel (b)",caption,direct,experimental_condition,panel,panel,True,True,True,bound,present,True,present,present,present,present,
10.1039_d0cp03358h,F8b/Sample 12,10.1039_d0cp03358h-E019,ExperimentalProfile,feature_height,,500,nm,channel height of 500 nm,"figure 8 caption, panel (b)",caption,direct,experimental_condition,panel,panel,True,True,True,bound,present,True,not_a_recipe_field,present,present,present,
10.1039_d0cp03358h,F8b/Sample 12,10.1039_d0cp03358h-E019,ExperimentalProfile,working_pressure,,3,hPa,process pressure was ca. 3 hPa,methods section,methods,approximate,experimental_condition,method,method,True,True,True,bound,present,True,not_a_recipe_field,present,present,present,
10.1039_d0cp03358h,F8b/Sample 12,10.1039_d0cp03358h-E019,ExperimentalProfile,deposition_temperature,,300,°C,grown at 300 °C,methods section,methods,direct,experimental_condition,method,method,True,True,True,bound,present,True,present,present,present,present,
10.1039_d0cp03358h,F8b/Sample 12,10.1039_d0cp03358h-E019,ExperimentalProfile,flow_rate,N2,150,sccm,flow rate of 150 sccm,methods section,methods,approximate,experimental_condition,method,method,True,True,True,bound,present,True,present,present,present,present,
10.1039_d0cp03358h,F9a/100 nm,10.1039_d0cp03358h-E020,ExperimentalProfile,feature_height,,100,nm,100 nm,series label '100 nm' (axis 'channel height'),series_label,direct,experimental_condition,series,series,True,True,True,bound,present,True,not_a_recipe_field,present,present,present,
10.1039_d0cp03358h,F9a/100 nm,10.1039_d0cp03358h-E020,ExperimentalProfile,working_pressure,,3,hPa,process pressure was ca. 3 hPa,methods section,methods,approximate,experimental_condition,method,method,True,True,True,bound,present,True,not_a_recipe_field,present,present,present,
10.1039_d0cp03358h,F9a/100 nm,10.1039_d0cp03358h-E020,ExperimentalProfile,deposition_temperature,,300,°C,grown at 300 °C,methods section,methods,direct,experimental_condition,method,method,True,True,True,bound,present,True,present,present,present,present,
10.1039_d0cp03358h,F9a/100 nm,10.1039_d0cp03358h-E020,ExperimentalProfile,flow_rate,N2,150,sccm,flow rate of 150 sccm,methods section,methods,approximate,experimental_condition,method,method,True,True,True,bound,present,True,present,present,present,present,
10.1039_d0cp03358h,F9a/100 nm,10.1039_d0cp03358h-E020,ExperimentalProfile,cycle_number,,500 cycle,,"cycle_number is varied by a panel/series of this figure, so a method-scope value is one panel's setting and cannot be applied to this entity",,,,,method,,True,True,False,ambiguous_withheld,candidates_preserved,False,withheld,candidates_preserved,present,n/a,applicability
10.1039_d0cp03358h,F9a/500 nm,10.1039_d0cp03358h-E021,ExperimentalProfile,feature_height,,500,nm,500 nm,series label '500 nm' (axis 'channel height'),series_label,direct,experimental_condition,series,series,True,True,True,bound,present,True,not_a_recipe_field,present,present,present,
10.1039_d0cp03358h,F9a/500 nm,10.1039_d0cp03358h-E021,ExperimentalProfile,working_pressure,,3,hPa,process pressure was ca. 3 hPa,methods section,methods,approximate,experimental_condition,method,method,True,True,True,bound,present,True,not_a_recipe_field,present,present,present,
10.1039_d0cp03358h,F9a/500 nm,10.1039_d0cp03358h-E021,ExperimentalProfile,deposition_temperature,,300,°C,grown at 300 °C,methods section,methods,direct,experimental_condition,method,method,True,True,True,bound,present,True,present,present,present,present,
10.1039_d0cp03358h,F9a/500 nm,10.1039_d0cp03358h-E021,ExperimentalProfile,flow_rate,N2,150,sccm,flow rate of 150 sccm,methods section,methods,approximate,experimental_condition,method,method,True,True,True,bound,present,True,present,present,present,present,
10.1039_d0cp03358h,F9a/500 nm,10.1039_d0cp03358h-E021,ExperimentalProfile,cycle_number,,500 cycle,,"cycle_number is varied by a panel/series of this figure, so a method-scope value is one panel's setting and cannot be applied to this entity",,,,,method,,True,True,False,ambiguous_withheld,candidates_preserved,False,withheld,candidates_preserved,present,n/a,applicability
10.1039_d0cp03358h,F9a/2000 nm,10.1039_d0cp03358h-E022,ExperimentalProfile,feature_height,,2000,nm,2000 nm,series label '2000 nm' (axis 'channel height'),series_label,direct,experimental_condition,series,series,True,True,True,bound,present,True,not_a_recipe_field,present,present,present,
10.1039_d0cp03358h,F9a/2000 nm,10.1039_d0cp03358h-E022,ExperimentalProfile,working_pressure,,3,hPa,process pressure was ca. 3 hPa,methods section,methods,approximate,experimental_condition,method,method,True,True,True,bound,present,True,not_a_recipe_field,present,present,present,
10.1039_d0cp03358h,F9a/2000 nm,10.1039_d0cp03358h-E022,ExperimentalProfile,deposition_temperature,,300,°C,grown at 300 °C,methods section,methods,direct,experimental_condition,method,method,True,True,True,bound,present,True,present,present,present,present,
10.1039_d0cp03358h,F9a/2000 nm,10.1039_d0cp03358h-E022,ExperimentalProfile,flow_rate,N2,150,sccm,flow rate of 150 sccm,methods section,methods,approximate,experimental_condition,method,method,True,True,True,bound,present,True,present,present,present,present,
10.1039_d0cp03358h,F9a/2000 nm,10.1039_d0cp03358h-E022,ExperimentalProfile,cycle_number,,500 cycle,,"cycle_number is varied by a panel/series of this figure, so a method-scope value is one panel's setting and cannot be applied to this entity",,,,,method,,True,True,False,ambiguous_withheld,candidates_preserved,False,withheld,candidates_preserved,present,n/a,applicability
10.1039_d0cp03358h,F9b/100 nm,10.1039_d0cp03358h-E023,ExperimentalProfile,feature_height,,100,nm,100 nm,series label '100 nm' (axis 'channel height'),series_label,direct,experimental_condition,series,series,True,True,True,bound,present,True,not_a_recipe_field,present,present,present,
10.1039_d0cp03358h,F9b/100 nm,10.1039_d0cp03358h-E023,ExperimentalProfile,working_pressure,,3,hPa,process pressure was ca. 3 hPa,methods section,methods,approximate,experimental_condition,method,method,True,True,True,bound,present,True,not_a_recipe_field,present,present,present,
10.1039_d0cp03358h,F9b/100 nm,10.1039_d0cp03358h-E023,ExperimentalProfile,deposition_temperature,,300,°C,grown at 300 °C,methods section,methods,direct,experimental_condition,method,method,True,True,True,bound,present,True,present,present,present,present,
10.1039_d0cp03358h,F9b/100 nm,10.1039_d0cp03358h-E023,ExperimentalProfile,flow_rate,N2,150,sccm,flow rate of 150 sccm,methods section,methods,approximate,experimental_condition,method,method,True,True,True,bound,present,True,present,present,present,present,
10.1039_d0cp03358h,F9b/100 nm,10.1039_d0cp03358h-E023,ExperimentalProfile,cycle_number,,500 cycle,,"cycle_number is varied by a panel/series of this figure, so a method-scope value is one panel's setting and cannot be applied to this entity",,,,,method,,True,True,False,ambiguous_withheld,candidates_preserved,False,withheld,candidates_preserved,present,n/a,applicability
10.1039_d0cp03358h,F9b/500 nm,10.1039_d0cp03358h-E024,ExperimentalProfile,feature_height,,500,nm,500 nm,series label '500 nm' (axis 'channel height'),series_label,direct,experimental_condition,series,series,True,True,True,bound,present,True,not_a_recipe_field,present,present,present,
10.1039_d0cp03358h,F9b/500 nm,10.1039_d0cp03358h-E024,ExperimentalProfile,working_pressure,,3,hPa,process pressure was ca. 3 hPa,methods section,methods,approximate,experimental_condition,method,method,True,True,True,bound,present,True,not_a_recipe_field,present,present,present,
10.1039_d0cp03358h,F9b/500 nm,10.1039_d0cp03358h-E024,ExperimentalProfile,deposition_temperature,,300,°C,grown at 300 °C,methods section,methods,direct,experimental_condition,method,method,True,True,True,bound,present,True,present,present,present,present,
10.1039_d0cp03358h,F9b/500 nm,10.1039_d0cp03358h-E024,ExperimentalProfile,flow_rate,N2,150,sccm,flow rate of 150 sccm,methods section,methods,approximate,experimental_condition,method,method,True,True,True,bound,present,True,present,present,present,present,
10.1039_d0cp03358h,F9b/500 nm,10.1039_d0cp03358h-E024,ExperimentalProfile,cycle_number,,500 cycle,,"cycle_number is varied by a panel/series of this figure, so a method-scope value is one panel's setting and cannot be applied to this entity",,,,,method,,True,True,False,ambiguous_withheld,candidates_preserved,False,withheld,candidates_preserved,present,n/a,applicability
10.1039_d0cp03358h,F9b/2000 nm,10.1039_d0cp03358h-E025,ExperimentalProfile,feature_height,,2000,nm,2000 nm,series label '2000 nm' (axis 'channel height'),series_label,direct,experimental_condition,series,series,True,True,True,bound,present,True,not_a_recipe_field,present,present,present,
10.1039_d0cp03358h,F9b/2000 nm,10.1039_d0cp03358h-E025,ExperimentalProfile,working_pressure,,3,hPa,process pressure was ca. 3 hPa,methods section,methods,approximate,experimental_condition,method,method,True,True,True,bound,present,True,not_a_recipe_field,present,present,present,
10.1039_d0cp03358h,F9b/2000 nm,10.1039_d0cp03358h-E025,ExperimentalProfile,deposition_temperature,,300,°C,grown at 300 °C,methods section,methods,direct,experimental_condition,method,method,True,True,True,bound,present,True,present,present,present,present,
10.1039_d0cp03358h,F9b/2000 nm,10.1039_d0cp03358h-E025,ExperimentalProfile,flow_rate,N2,150,sccm,flow rate of 150 sccm,methods section,methods,approximate,experimental_condition,method,method,True,True,True,bound,present,True,present,present,present,present,
10.1039_d0cp03358h,F9b/2000 nm,10.1039_d0cp03358h-E025,ExperimentalProfile,cycle_number,,500 cycle,,"cycle_number is varied by a panel/series of this figure, so a method-scope value is one panel's setting and cannot be applied to this entity",,,,,method,,True,True,False,ambiguous_withheld,candidates_preserved,False,withheld,candidates_preserved,present,n/a,applicability
10.1039_d0cp03358h,F9c/100 nm,10.1039_d0cp03358h-E026,ExperimentalProfile,feature_height,,100,nm,100 nm,series label '100 nm' (axis 'channel height'),series_label,direct,experimental_condition,series,series,True,True,True,bound,present,True,not_a_recipe_field,present,present,present,
10.1039_d0cp03358h,F9c/100 nm,10.1039_d0cp03358h-E026,ExperimentalProfile,working_pressure,,3,hPa,process pressure was ca. 3 hPa,methods section,methods,approximate,experimental_condition,method,method,True,True,True,bound,present,True,not_a_recipe_field,present,present,present,
10.1039_d0cp03358h,F9c/100 nm,10.1039_d0cp03358h-E026,ExperimentalProfile,deposition_temperature,,300,°C,grown at 300 °C,methods section,methods,direct,experimental_condition,method,method,True,True,True,bound,present,True,present,present,present,present,
10.1039_d0cp03358h,F9c/100 nm,10.1039_d0cp03358h-E026,ExperimentalProfile,flow_rate,N2,150,sccm,flow rate of 150 sccm,methods section,methods,approximate,experimental_condition,method,method,True,True,True,bound,present,True,present,present,present,present,
10.1039_d0cp03358h,F9c/100 nm,10.1039_d0cp03358h-E026,ExperimentalProfile,cycle_number,,500 cycle,,"cycle_number is varied by a panel/series of this figure, so a method-scope value is one panel's setting and cannot be applied to this entity",,,,,method,,True,True,False,ambiguous_withheld,candidates_preserved,False,withheld,candidates_preserved,present,n/a,applicability
10.1039_d0cp03358h,F9c/500 nm,10.1039_d0cp03358h-E027,ExperimentalProfile,feature_height,,500,nm,500 nm,series label '500 nm' (axis 'channel height'),series_label,direct,experimental_condition,series,series,True,True,True,bound,present,True,not_a_recipe_field,present,present,present,
10.1039_d0cp03358h,F9c/500 nm,10.1039_d0cp03358h-E027,ExperimentalProfile,working_pressure,,3,hPa,process pressure was ca. 3 hPa,methods section,methods,approximate,experimental_condition,method,method,True,True,True,bound,present,True,not_a_recipe_field,present,present,present,
10.1039_d0cp03358h,F9c/500 nm,10.1039_d0cp03358h-E027,ExperimentalProfile,deposition_temperature,,300,°C,grown at 300 °C,methods section,methods,direct,experimental_condition,method,method,True,True,True,bound,present,True,present,present,present,present,
10.1039_d0cp03358h,F9c/500 nm,10.1039_d0cp03358h-E027,ExperimentalProfile,flow_rate,N2,150,sccm,flow rate of 150 sccm,methods section,methods,approximate,experimental_condition,method,method,True,True,True,bound,present,True,present,present,present,present,
10.1039_d0cp03358h,F9c/500 nm,10.1039_d0cp03358h-E027,ExperimentalProfile,cycle_number,,500 cycle,,"cycle_number is varied by a panel/series of this figure, so a method-scope value is one panel's setting and cannot be applied to this entity",,,,,method,,True,True,False,ambiguous_withheld,candidates_preserved,False,withheld,candidates_preserved,present,n/a,applicability
10.1039_d0cp03358h,F9c/2000 nm,10.1039_d0cp03358h-E028,ExperimentalProfile,feature_height,,2000,nm,2000 nm,series label '2000 nm' (axis 'channel height'),series_label,direct,experimental_condition,series,series,True,True,True,bound,present,True,not_a_recipe_field,present,present,present,
10.1039_d0cp03358h,F9c/2000 nm,10.1039_d0cp03358h-E028,ExperimentalProfile,working_pressure,,3,hPa,process pressure was ca. 3 hPa,methods section,methods,approximate,experimental_condition,method,method,True,True,True,bound,present,True,not_a_recipe_field,present,present,present,
10.1039_d0cp03358h,F9c/2000 nm,10.1039_d0cp03358h-E028,ExperimentalProfile,deposition_temperature,,300,°C,grown at 300 °C,methods section,methods,direct,experimental_condition,method,method,True,True,True,bound,present,True,present,present,present,present,
10.1039_d0cp03358h,F9c/2000 nm,10.1039_d0cp03358h-E028,ExperimentalProfile,flow_rate,N2,150,sccm,flow rate of 150 sccm,methods section,methods,approximate,experimental_condition,method,method,True,True,True,bound,present,True,present,present,present,present,
10.1039_d0cp03358h,F9c/2000 nm,10.1039_d0cp03358h-E028,ExperimentalProfile,cycle_number,,500 cycle,,"cycle_number is varied by a panel/series of this figure, so a method-scope value is one panel's setting and cannot be applied to this entity",,,,,method,,True,True,False,ambiguous_withheld,candidates_preserved,False,withheld,candidates_preserved,present,n/a,applicability
10.1039_d0cp03358h,F9d/250 cycles,10.1039_d0cp03358h-E029,ExperimentalProfile,cycle_number,,250,cycles,250 cycles,series label '250 cycles' (axis 'cycle_number'),series_label,direct,experimental_condition,series,series,True,True,True,bound,present,True,present,present,present,present,
10.1039_d0cp03358h,F9d/250 cycles,10.1039_d0cp03358h-E029,ExperimentalProfile,working_pressure,,3,hPa,process pressure was ca. 3 hPa,methods section,methods,approximate,experimental_condition,method,method,True,True,True,bound,present,True,not_a_recipe_field,present,present,present,
10.1039_d0cp03358h,F9d/250 cycles,10.1039_d0cp03358h-E029,ExperimentalProfile,deposition_temperature,,300,°C,grown at 300 °C,methods section,methods,direct,experimental_condition,method,method,True,True,True,bound,present,True,present,present,present,present,
10.1039_d0cp03358h,F9d/250 cycles,10.1039_d0cp03358h-E029,ExperimentalProfile,flow_rate,N2,150,sccm,flow rate of 150 sccm,methods section,methods,approximate,experimental_condition,method,method,True,True,True,bound,present,True,present,present,present,present,
10.1039_d0cp03358h,F9d/250 cycles,10.1039_d0cp03358h-E029,ExperimentalProfile,feature_height,,100 nm; 500 nm,,"feature_height is varied by a panel/series of this figure, so a figure-scope value is one panel's setting and cannot be applied to this entity",,,,,figure,,True,True,False,ambiguous_withheld,candidates_preserved,False,withheld,candidates_preserved,present,n/a,applicability
10.1039_d0cp03358h,F9d/500 cycles,10.1039_d0cp03358h-E030,ExperimentalProfile,cycle_number,,500,cycles,500 cycles,series label '500 cycles' (axis 'cycle_number'),series_label,direct,experimental_condition,series,series,True,True,True,bound,present,True,present,present,present,present,
10.1039_d0cp03358h,F9d/500 cycles,10.1039_d0cp03358h-E030,ExperimentalProfile,working_pressure,,3,hPa,process pressure was ca. 3 hPa,methods section,methods,approximate,experimental_condition,method,method,True,True,True,bound,present,True,not_a_recipe_field,present,present,present,
10.1039_d0cp03358h,F9d/500 cycles,10.1039_d0cp03358h-E030,ExperimentalProfile,deposition_temperature,,300,°C,grown at 300 °C,methods section,methods,direct,experimental_condition,method,method,True,True,True,bound,present,True,present,present,present,present,
10.1039_d0cp03358h,F9d/500 cycles,10.1039_d0cp03358h-E030,ExperimentalProfile,flow_rate,N2,150,sccm,flow rate of 150 sccm,methods section,methods,approximate,experimental_condition,method,method,True,True,True,bound,present,True,present,present,present,present,
10.1039_d0cp03358h,F9d/500 cycles,10.1039_d0cp03358h-E030,ExperimentalProfile,feature_height,,100 nm; 500 nm,,"feature_height is varied by a panel/series of this figure, so a figure-scope value is one panel's setting and cannot be applied to this entity",,,,,figure,,True,True,False,ambiguous_withheld,candidates_preserved,False,withheld,candidates_preserved,present,n/a,applicability
10.1039_d0cp03358h,F9d/1000 cycles,10.1039_d0cp03358h-E031,ExperimentalProfile,cycle_number,,1000,cycles,1000 cycles,series label '1000 cycles' (axis 'cycle_number'),series_label,direct,experimental_condition,series,series,True,True,True,bound,present,True,present,present,present,present,
10.1039_d0cp03358h,F9d/1000 cycles,10.1039_d0cp03358h-E031,ExperimentalProfile,working_pressure,,3,hPa,process pressure was ca. 3 hPa,methods section,methods,approximate,experimental_condition,method,method,True,True,True,bound,present,True,not_a_recipe_field,present,present,present,
10.1039_d0cp03358h,F9d/1000 cycles,10.1039_d0cp03358h-E031,ExperimentalProfile,deposition_temperature,,300,°C,grown at 300 °C,methods section,methods,direct,experimental_condition,method,method,True,True,True,bound,present,True,present,present,present,present,
10.1039_d0cp03358h,F9d/1000 cycles,10.1039_d0cp03358h-E031,ExperimentalProfile,flow_rate,N2,150,sccm,flow rate of 150 sccm,methods section,methods,approximate,experimental_condition,method,method,True,True,True,bound,present,True,present,present,present,present,
10.1039_d0cp03358h,F9d/1000 cycles,10.1039_d0cp03358h-E031,ExperimentalProfile,feature_height,,100 nm; 500 nm,,"feature_height is varied by a panel/series of this figure, so a figure-scope value is one panel's setting and cannot be applied to this entity",,,,,figure,,True,True,False,ambiguous_withheld,candidates_preserved,False,withheld,candidates_preserved,present,n/a,applicability
10.1039_d0cp03358h,F9e/250 cycles,10.1039_d0cp03358h-E032,ExperimentalProfile,cycle_number,,250,cycles,250 cycles,series label '250 cycles' (axis 'cycle_number'),series_label,direct,experimental_condition,series,series,True,True,True,bound,present,True,present,present,present,present,
10.1039_d0cp03358h,F9e/250 cycles,10.1039_d0cp03358h-E032,ExperimentalProfile,working_pressure,,3,hPa,process pressure was ca. 3 hPa,methods section,methods,approximate,experimental_condition,method,method,True,True,True,bound,present,True,not_a_recipe_field,present,present,present,
10.1039_d0cp03358h,F9e/250 cycles,10.1039_d0cp03358h-E032,ExperimentalProfile,deposition_temperature,,300,°C,grown at 300 °C,methods section,methods,direct,experimental_condition,method,method,True,True,True,bound,present,True,present,present,present,present,
10.1039_d0cp03358h,F9e/250 cycles,10.1039_d0cp03358h-E032,ExperimentalProfile,flow_rate,N2,150,sccm,flow rate of 150 sccm,methods section,methods,approximate,experimental_condition,method,method,True,True,True,bound,present,True,present,present,present,present,
10.1039_d0cp03358h,F9e/250 cycles,10.1039_d0cp03358h-E032,ExperimentalProfile,feature_height,,100 nm; 500 nm,,"feature_height is varied by a panel/series of this figure, so a figure-scope value is one panel's setting and cannot be applied to this entity",,,,,figure,,True,True,False,ambiguous_withheld,candidates_preserved,False,withheld,candidates_preserved,present,n/a,applicability
10.1039_d0cp03358h,F9e/500 cycles,10.1039_d0cp03358h-E033,ExperimentalProfile,cycle_number,,500,cycles,500 cycles,series label '500 cycles' (axis 'cycle_number'),series_label,direct,experimental_condition,series,series,True,True,True,bound,present,True,present,present,present,present,
10.1039_d0cp03358h,F9e/500 cycles,10.1039_d0cp03358h-E033,ExperimentalProfile,working_pressure,,3,hPa,process pressure was ca. 3 hPa,methods section,methods,approximate,experimental_condition,method,method,True,True,True,bound,present,True,not_a_recipe_field,present,present,present,
10.1039_d0cp03358h,F9e/500 cycles,10.1039_d0cp03358h-E033,ExperimentalProfile,deposition_temperature,,300,°C,grown at 300 °C,methods section,methods,direct,experimental_condition,method,method,True,True,True,bound,present,True,present,present,present,present,
10.1039_d0cp03358h,F9e/500 cycles,10.1039_d0cp03358h-E033,ExperimentalProfile,flow_rate,N2,150,sccm,flow rate of 150 sccm,methods section,methods,approximate,experimental_condition,method,method,True,True,True,bound,present,True,present,present,present,present,
10.1039_d0cp03358h,F9e/500 cycles,10.1039_d0cp03358h-E033,ExperimentalProfile,feature_height,,100 nm; 500 nm,,"feature_height is varied by a panel/series of this figure, so a figure-scope value is one panel's setting and cannot be applied to this entity",,,,,figure,,True,True,False,ambiguous_withheld,candidates_preserved,False,withheld,candidates_preserved,present,n/a,applicability
10.1039_d0cp03358h,F9e/1000 cycles,10.1039_d0cp03358h-E034,ExperimentalProfile,cycle_number,,1000,cycles,1000 cycles,series label '1000 cycles' (axis 'cycle_number'),series_label,direct,experimental_condition,series,series,True,True,True,bound,present,True,present,present,present,present,
10.1039_d0cp03358h,F9e/1000 cycles,10.1039_d0cp03358h-E034,ExperimentalProfile,working_pressure,,3,hPa,process pressure was ca. 3 hPa,methods section,methods,approximate,experimental_condition,method,method,True,True,True,bound,present,True,not_a_recipe_field,present,present,present,
10.1039_d0cp03358h,F9e/1000 cycles,10.1039_d0cp03358h-E034,ExperimentalProfile,deposition_temperature,,300,°C,grown at 300 °C,methods section,methods,direct,experimental_condition,method,method,True,True,True,bound,present,True,present,present,present,present,
10.1039_d0cp03358h,F9e/1000 cycles,10.1039_d0cp03358h-E034,ExperimentalProfile,flow_rate,N2,150,sccm,flow rate of 150 sccm,methods section,methods,approximate,experimental_condition,method,method,True,True,True,bound,present,True,present,present,present,present,
10.1039_d0cp03358h,F9e/1000 cycles,10.1039_d0cp03358h-E034,ExperimentalProfile,feature_height,,100 nm; 500 nm,,"feature_height is varied by a panel/series of this figure, so a figure-scope value is one panel's setting and cannot be applied to this entity",,,,,figure,,True,True,False,ambiguous_withheld,candidates_preserved,False,withheld,candidates_preserved,present,n/a,applicability
10.1039_d0cp03358h,F9f/250 cycles,10.1039_d0cp03358h-E035,ExperimentalProfile,cycle_number,,250,cycles,250 cycles,series label '250 cycles' (axis 'cycle_number'),series_label,direct,experimental_condition,series,series,True,True,True,bound,present,True,present,present,present,present,
10.1039_d0cp03358h,F9f/250 cycles,10.1039_d0cp03358h-E035,ExperimentalProfile,working_pressure,,3,hPa,process pressure was ca. 3 hPa,methods section,methods,approximate,experimental_condition,method,method,True,True,True,bound,present,True,not_a_recipe_field,present,present,present,
10.1039_d0cp03358h,F9f/250 cycles,10.1039_d0cp03358h-E035,ExperimentalProfile,deposition_temperature,,300,°C,grown at 300 °C,methods section,methods,direct,experimental_condition,method,method,True,True,True,bound,present,True,present,present,present,present,
10.1039_d0cp03358h,F9f/250 cycles,10.1039_d0cp03358h-E035,ExperimentalProfile,flow_rate,N2,150,sccm,flow rate of 150 sccm,methods section,methods,approximate,experimental_condition,method,method,True,True,True,bound,present,True,present,present,present,present,
10.1039_d0cp03358h,F9f/250 cycles,10.1039_d0cp03358h-E035,ExperimentalProfile,feature_height,,100 nm; 500 nm,,"feature_height is varied by a panel/series of this figure, so a figure-scope value is one panel's setting and cannot be applied to this entity",,,,,figure,,True,True,False,ambiguous_withheld,candidates_preserved,False,withheld,candidates_preserved,present,n/a,applicability
10.1039_d0cp03358h,F9f/500 cycles,10.1039_d0cp03358h-E036,ExperimentalProfile,cycle_number,,500,cycles,500 cycles,series label '500 cycles' (axis 'cycle_number'),series_label,direct,experimental_condition,series,series,True,True,True,bound,present,True,present,present,present,present,
10.1039_d0cp03358h,F9f/500 cycles,10.1039_d0cp03358h-E036,ExperimentalProfile,working_pressure,,3,hPa,process pressure was ca. 3 hPa,methods section,methods,approximate,experimental_condition,method,method,True,True,True,bound,present,True,not_a_recipe_field,present,present,present,
10.1039_d0cp03358h,F9f/500 cycles,10.1039_d0cp03358h-E036,ExperimentalProfile,deposition_temperature,,300,°C,grown at 300 °C,methods section,methods,direct,experimental_condition,method,method,True,True,True,bound,present,True,present,present,present,present,
10.1039_d0cp03358h,F9f/500 cycles,10.1039_d0cp03358h-E036,ExperimentalProfile,flow_rate,N2,150,sccm,flow rate of 150 sccm,methods section,methods,approximate,experimental_condition,method,method,True,True,True,bound,present,True,present,present,present,present,
10.1039_d0cp03358h,F9f/500 cycles,10.1039_d0cp03358h-E036,ExperimentalProfile,feature_height,,100 nm; 500 nm,,"feature_height is varied by a panel/series of this figure, so a figure-scope value is one panel's setting and cannot be applied to this entity",,,,,figure,,True,True,False,ambiguous_withheld,candidates_preserved,False,withheld,candidates_preserved,present,n/a,applicability
10.1039_d0cp03358h,F9f/1000 cycles,10.1039_d0cp03358h-E037,ExperimentalProfile,cycle_number,,1000,cycles,1000 cycles,series label '1000 cycles' (axis 'cycle_number'),series_label,direct,experimental_condition,series,series,True,True,True,bound,present,True,present,present,present,present,
10.1039_d0cp03358h,F9f/1000 cycles,10.1039_d0cp03358h-E037,ExperimentalProfile,working_pressure,,3,hPa,process pressure was ca. 3 hPa,methods section,methods,approximate,experimental_condition,method,method,True,True,True,bound,present,True,not_a_recipe_field,present,present,present,
10.1039_d0cp03358h,F9f/1000 cycles,10.1039_d0cp03358h-E037,ExperimentalProfile,deposition_temperature,,300,°C,grown at 300 °C,methods section,methods,direct,experimental_condition,method,method,True,True,True,bound,present,True,present,present,present,present,
10.1039_d0cp03358h,F9f/1000 cycles,10.1039_d0cp03358h-E037,ExperimentalProfile,flow_rate,N2,150,sccm,flow rate of 150 sccm,methods section,methods,approximate,experimental_condition,method,method,True,True,True,bound,present,True,present,present,present,present,
10.1039_d0cp03358h,F9f/1000 cycles,10.1039_d0cp03358h-E037,ExperimentalProfile,feature_height,,100 nm; 500 nm,,"feature_height is varied by a panel/series of this figure, so a figure-scope value is one panel's setting and cannot be applied to this entity",,,,,figure,,True,True,False,ambiguous_withheld,candidates_preserved,False,withheld,candidates_preserved,present,n/a,applicability
10.1039_d0cp03358h,F10a/100 nm,10.1039_d0cp03358h-E038,SimulationRun,feature_height,,100,nm,100 nm,series label '100 nm' (axis 'channel height'),series_label,direct,experimental_condition,series,series,True,True,True,bound,entity_only(no case: simulation),,not_a_recipe_field,present,present,present,
10.1039_d0cp03358h,F10a/100 nm,10.1039_d0cp03358h-E038,SimulationRun,working_pressure,,3,hPa,process pressure was ca. 3 hPa,methods section,methods,approximate,experimental_condition,method,method,True,True,True,bound,entity_only(no case: simulation),,not_a_recipe_field,present,present,present,
10.1039_d0cp03358h,F10a/100 nm,10.1039_d0cp03358h-E038,SimulationRun,deposition_temperature,,300,°C,grown at 300 °C,methods section,methods,direct,experimental_condition,method,method,True,True,True,bound,entity_only(no case: simulation),,not_a_recipe_field,present,present,present,
10.1039_d0cp03358h,F10a/100 nm,10.1039_d0cp03358h-E038,SimulationRun,flow_rate,N2,150,sccm,flow rate of 150 sccm,methods section,methods,approximate,experimental_condition,method,method,True,True,True,bound,entity_only(no case: simulation),,not_a_recipe_field,present,present,present,
10.1039_d0cp03358h,F10a/100 nm,10.1039_d0cp03358h-E038,SimulationRun,precursor_partial_pressure,TMA,65,Pa,p A0 = 65 Pa,figure 10 caption,caption,direct,model_input,figure,figure,True,True,True,bound,entity_only(no case: simulation),,not_a_recipe_field,present,present,present,
10.1039_d0cp03358h,F10a/100 nm,10.1039_d0cp03358h-E038,SimulationRun,carrier_gas_partial_pressure,N2,300,Pa,p B = 300 Pa,figure 10 caption,caption,direct,model_input,figure,figure,True,True,True,bound,entity_only(no case: simulation),,not_a_recipe_field,present,present,present,
10.1039_d0cp03358h,F10a/100 nm,10.1039_d0cp03358h-E038,SimulationRun,cycle_number,,500 cycle,,"cycle_number is varied by a panel/series of this figure, so a method-scope value is one panel's setting and cannot be applied to this entity",,,,,method,,True,True,False,ambiguous_withheld,candidates_preserved,False,withheld,candidates_preserved,present,n/a,applicability
10.1039_d0cp03358h,F10a/200 nm,10.1039_d0cp03358h-E039,SimulationRun,feature_height,,200,nm,200 nm,series label '200 nm' (axis 'channel height'),series_label,direct,experimental_condition,series,series,True,True,True,bound,entity_only(no case: simulation),,not_a_recipe_field,present,present,present,
10.1039_d0cp03358h,F10a/200 nm,10.1039_d0cp03358h-E039,SimulationRun,working_pressure,,3,hPa,process pressure was ca. 3 hPa,methods section,methods,approximate,experimental_condition,method,method,True,True,True,bound,entity_only(no case: simulation),,not_a_recipe_field,present,present,present,
10.1039_d0cp03358h,F10a/200 nm,10.1039_d0cp03358h-E039,SimulationRun,deposition_temperature,,300,°C,grown at 300 °C,methods section,methods,direct,experimental_condition,method,method,True,True,True,bound,entity_only(no case: simulation),,not_a_recipe_field,present,present,present,
10.1039_d0cp03358h,F10a/200 nm,10.1039_d0cp03358h-E039,SimulationRun,flow_rate,N2,150,sccm,flow rate of 150 sccm,methods section,methods,approximate,experimental_condition,method,method,True,True,True,bound,entity_only(no case: simulation),,not_a_recipe_field,present,present,present,
10.1039_d0cp03358h,F10a/200 nm,10.1039_d0cp03358h-E039,SimulationRun,precursor_partial_pressure,TMA,65,Pa,p A0 = 65 Pa,figure 10 caption,caption,direct,model_input,figure,figure,True,True,True,bound,entity_only(no case: simulation),,not_a_recipe_field,present,present,present,
10.1039_d0cp03358h,F10a/200 nm,10.1039_d0cp03358h-E039,SimulationRun,carrier_gas_partial_pressure,N2,300,Pa,p B = 300 Pa,figure 10 caption,caption,direct,model_input,figure,figure,True,True,True,bound,entity_only(no case: simulation),,not_a_recipe_field,present,present,present,
10.1039_d0cp03358h,F10a/200 nm,10.1039_d0cp03358h-E039,SimulationRun,cycle_number,,500 cycle,,"cycle_number is varied by a panel/series of this figure, so a method-scope value is one panel's setting and cannot be applied to this entity",,,,,method,,True,True,False,ambiguous_withheld,candidates_preserved,False,withheld,candidates_preserved,present,n/a,applicability
10.1039_d0cp03358h,F10a/500 nm,10.1039_d0cp03358h-E040,SimulationRun,feature_height,,500,nm,500 nm,series label '500 nm' (axis 'channel height'),series_label,direct,experimental_condition,series,series,True,True,True,bound,entity_only(no case: simulation),,not_a_recipe_field,present,present,present,
10.1039_d0cp03358h,F10a/500 nm,10.1039_d0cp03358h-E040,SimulationRun,working_pressure,,3,hPa,process pressure was ca. 3 hPa,methods section,methods,approximate,experimental_condition,method,method,True,True,True,bound,entity_only(no case: simulation),,not_a_recipe_field,present,present,present,
10.1039_d0cp03358h,F10a/500 nm,10.1039_d0cp03358h-E040,SimulationRun,deposition_temperature,,300,°C,grown at 300 °C,methods section,methods,direct,experimental_condition,method,method,True,True,True,bound,entity_only(no case: simulation),,not_a_recipe_field,present,present,present,
10.1039_d0cp03358h,F10a/500 nm,10.1039_d0cp03358h-E040,SimulationRun,flow_rate,N2,150,sccm,flow rate of 150 sccm,methods section,methods,approximate,experimental_condition,method,method,True,True,True,bound,entity_only(no case: simulation),,not_a_recipe_field,present,present,present,
10.1039_d0cp03358h,F10a/500 nm,10.1039_d0cp03358h-E040,SimulationRun,precursor_partial_pressure,TMA,65,Pa,p A0 = 65 Pa,figure 10 caption,caption,direct,model_input,figure,figure,True,True,True,bound,entity_only(no case: simulation),,not_a_recipe_field,present,present,present,
10.1039_d0cp03358h,F10a/500 nm,10.1039_d0cp03358h-E040,SimulationRun,carrier_gas_partial_pressure,N2,300,Pa,p B = 300 Pa,figure 10 caption,caption,direct,model_input,figure,figure,True,True,True,bound,entity_only(no case: simulation),,not_a_recipe_field,present,present,present,
10.1039_d0cp03358h,F10a/500 nm,10.1039_d0cp03358h-E040,SimulationRun,cycle_number,,500 cycle,,"cycle_number is varied by a panel/series of this figure, so a method-scope value is one panel's setting and cannot be applied to this entity",,,,,method,,True,True,False,ambiguous_withheld,candidates_preserved,False,withheld,candidates_preserved,present,n/a,applicability
10.1039_d0cp03358h,F10a/1000 nm,10.1039_d0cp03358h-E041,SimulationRun,feature_height,,1000,nm,1000 nm,series label '1000 nm' (axis 'channel height'),series_label,direct,experimental_condition,series,series,True,True,True,bound,entity_only(no case: simulation),,not_a_recipe_field,present,present,present,
10.1039_d0cp03358h,F10a/1000 nm,10.1039_d0cp03358h-E041,SimulationRun,working_pressure,,3,hPa,process pressure was ca. 3 hPa,methods section,methods,approximate,experimental_condition,method,method,True,True,True,bound,entity_only(no case: simulation),,not_a_recipe_field,present,present,present,
10.1039_d0cp03358h,F10a/1000 nm,10.1039_d0cp03358h-E041,SimulationRun,deposition_temperature,,300,°C,grown at 300 °C,methods section,methods,direct,experimental_condition,method,method,True,True,True,bound,entity_only(no case: simulation),,not_a_recipe_field,present,present,present,
10.1039_d0cp03358h,F10a/1000 nm,10.1039_d0cp03358h-E041,SimulationRun,flow_rate,N2,150,sccm,flow rate of 150 sccm,methods section,methods,approximate,experimental_condition,method,method,True,True,True,bound,entity_only(no case: simulation),,not_a_recipe_field,present,present,present,
10.1039_d0cp03358h,F10a/1000 nm,10.1039_d0cp03358h-E041,SimulationRun,precursor_partial_pressure,TMA,65,Pa,p A0 = 65 Pa,figure 10 caption,caption,direct,model_input,figure,figure,True,True,True,bound,entity_only(no case: simulation),,not_a_recipe_field,present,present,present,
10.1039_d0cp03358h,F10a/1000 nm,10.1039_d0cp03358h-E041,SimulationRun,carrier_gas_partial_pressure,N2,300,Pa,p B = 300 Pa,figure 10 caption,caption,direct,model_input,figure,figure,True,True,True,bound,entity_only(no case: simulation),,not_a_recipe_field,present,present,present,
10.1039_d0cp03358h,F10a/1000 nm,10.1039_d0cp03358h-E041,SimulationRun,cycle_number,,500 cycle,,"cycle_number is varied by a panel/series of this figure, so a method-scope value is one panel's setting and cannot be applied to this entity",,,,,method,,True,True,False,ambiguous_withheld,candidates_preserved,False,withheld,candidates_preserved,present,n/a,applicability
10.1039_d0cp03358h,F10a/2000 nm,10.1039_d0cp03358h-E042,SimulationRun,feature_height,,2000,nm,2000 nm,series label '2000 nm' (axis 'channel height'),series_label,direct,experimental_condition,series,series,True,True,True,bound,entity_only(no case: simulation),,not_a_recipe_field,present,present,present,
10.1039_d0cp03358h,F10a/2000 nm,10.1039_d0cp03358h-E042,SimulationRun,working_pressure,,3,hPa,process pressure was ca. 3 hPa,methods section,methods,approximate,experimental_condition,method,method,True,True,True,bound,entity_only(no case: simulation),,not_a_recipe_field,present,present,present,
10.1039_d0cp03358h,F10a/2000 nm,10.1039_d0cp03358h-E042,SimulationRun,deposition_temperature,,300,°C,grown at 300 °C,methods section,methods,direct,experimental_condition,method,method,True,True,True,bound,entity_only(no case: simulation),,not_a_recipe_field,present,present,present,
10.1039_d0cp03358h,F10a/2000 nm,10.1039_d0cp03358h-E042,SimulationRun,flow_rate,N2,150,sccm,flow rate of 150 sccm,methods section,methods,approximate,experimental_condition,method,method,True,True,True,bound,entity_only(no case: simulation),,not_a_recipe_field,present,present,present,
10.1039_d0cp03358h,F10a/2000 nm,10.1039_d0cp03358h-E042,SimulationRun,precursor_partial_pressure,TMA,65,Pa,p A0 = 65 Pa,figure 10 caption,caption,direct,model_input,figure,figure,True,True,True,bound,entity_only(no case: simulation),,not_a_recipe_field,present,present,present,
10.1039_d0cp03358h,F10a/2000 nm,10.1039_d0cp03358h-E042,SimulationRun,carrier_gas_partial_pressure,N2,300,Pa,p B = 300 Pa,figure 10 caption,caption,direct,model_input,figure,figure,True,True,True,bound,entity_only(no case: simulation),,not_a_recipe_field,present,present,present,
10.1039_d0cp03358h,F10a/2000 nm,10.1039_d0cp03358h-E042,SimulationRun,cycle_number,,500 cycle,,"cycle_number is varied by a panel/series of this figure, so a method-scope value is one panel's setting and cannot be applied to this entity",,,,,method,,True,True,False,ambiguous_withheld,candidates_preserved,False,withheld,candidates_preserved,present,n/a,applicability
10.1039_d0cp03358h,F10b/100 nm,10.1039_d0cp03358h-E043,SimulationRun,feature_height,,100,nm,100 nm,series label '100 nm' (axis 'channel height'),series_label,direct,experimental_condition,series,series,True,True,True,bound,entity_only(no case: simulation),,not_a_recipe_field,present,present,present,
10.1039_d0cp03358h,F10b/100 nm,10.1039_d0cp03358h-E043,SimulationRun,working_pressure,,3,hPa,process pressure was ca. 3 hPa,methods section,methods,approximate,experimental_condition,method,method,True,True,True,bound,entity_only(no case: simulation),,not_a_recipe_field,present,present,present,
10.1039_d0cp03358h,F10b/100 nm,10.1039_d0cp03358h-E043,SimulationRun,deposition_temperature,,300,°C,grown at 300 °C,methods section,methods,direct,experimental_condition,method,method,True,True,True,bound,entity_only(no case: simulation),,not_a_recipe_field,present,present,present,
10.1039_d0cp03358h,F10b/100 nm,10.1039_d0cp03358h-E043,SimulationRun,flow_rate,N2,150,sccm,flow rate of 150 sccm,methods section,methods,approximate,experimental_condition,method,method,True,True,True,bound,entity_only(no case: simulation),,not_a_recipe_field,present,present,present,
10.1039_d0cp03358h,F10b/100 nm,10.1039_d0cp03358h-E043,SimulationRun,precursor_partial_pressure,TMA,65,Pa,p A0 = 65 Pa,figure 10 caption,caption,direct,model_input,figure,figure,True,True,True,bound,entity_only(no case: simulation),,not_a_recipe_field,present,present,present,
10.1039_d0cp03358h,F10b/100 nm,10.1039_d0cp03358h-E043,SimulationRun,carrier_gas_partial_pressure,N2,300,Pa,p B = 300 Pa,figure 10 caption,caption,direct,model_input,figure,figure,True,True,True,bound,entity_only(no case: simulation),,not_a_recipe_field,present,present,present,
10.1039_d0cp03358h,F10b/100 nm,10.1039_d0cp03358h-E043,SimulationRun,cycle_number,,500 cycle,,"cycle_number is varied by a panel/series of this figure, so a method-scope value is one panel's setting and cannot be applied to this entity",,,,,method,,True,True,False,ambiguous_withheld,candidates_preserved,False,withheld,candidates_preserved,present,n/a,applicability
10.1039_d0cp03358h,F10b/200 nm,10.1039_d0cp03358h-E044,SimulationRun,feature_height,,200,nm,200 nm,series label '200 nm' (axis 'channel height'),series_label,direct,experimental_condition,series,series,True,True,True,bound,entity_only(no case: simulation),,not_a_recipe_field,present,present,present,
10.1039_d0cp03358h,F10b/200 nm,10.1039_d0cp03358h-E044,SimulationRun,working_pressure,,3,hPa,process pressure was ca. 3 hPa,methods section,methods,approximate,experimental_condition,method,method,True,True,True,bound,entity_only(no case: simulation),,not_a_recipe_field,present,present,present,
10.1039_d0cp03358h,F10b/200 nm,10.1039_d0cp03358h-E044,SimulationRun,deposition_temperature,,300,°C,grown at 300 °C,methods section,methods,direct,experimental_condition,method,method,True,True,True,bound,entity_only(no case: simulation),,not_a_recipe_field,present,present,present,
10.1039_d0cp03358h,F10b/200 nm,10.1039_d0cp03358h-E044,SimulationRun,flow_rate,N2,150,sccm,flow rate of 150 sccm,methods section,methods,approximate,experimental_condition,method,method,True,True,True,bound,entity_only(no case: simulation),,not_a_recipe_field,present,present,present,
10.1039_d0cp03358h,F10b/200 nm,10.1039_d0cp03358h-E044,SimulationRun,precursor_partial_pressure,TMA,65,Pa,p A0 = 65 Pa,figure 10 caption,caption,direct,model_input,figure,figure,True,True,True,bound,entity_only(no case: simulation),,not_a_recipe_field,present,present,present,
10.1039_d0cp03358h,F10b/200 nm,10.1039_d0cp03358h-E044,SimulationRun,carrier_gas_partial_pressure,N2,300,Pa,p B = 300 Pa,figure 10 caption,caption,direct,model_input,figure,figure,True,True,True,bound,entity_only(no case: simulation),,not_a_recipe_field,present,present,present,
10.1039_d0cp03358h,F10b/200 nm,10.1039_d0cp03358h-E044,SimulationRun,cycle_number,,500 cycle,,"cycle_number is varied by a panel/series of this figure, so a method-scope value is one panel's setting and cannot be applied to this entity",,,,,method,,True,True,False,ambiguous_withheld,candidates_preserved,False,withheld,candidates_preserved,present,n/a,applicability
10.1039_d0cp03358h,F10b/500 nm,10.1039_d0cp03358h-E045,SimulationRun,feature_height,,500,nm,500 nm,series label '500 nm' (axis 'channel height'),series_label,direct,experimental_condition,series,series,True,True,True,bound,entity_only(no case: simulation),,not_a_recipe_field,present,present,present,
10.1039_d0cp03358h,F10b/500 nm,10.1039_d0cp03358h-E045,SimulationRun,working_pressure,,3,hPa,process pressure was ca. 3 hPa,methods section,methods,approximate,experimental_condition,method,method,True,True,True,bound,entity_only(no case: simulation),,not_a_recipe_field,present,present,present,
10.1039_d0cp03358h,F10b/500 nm,10.1039_d0cp03358h-E045,SimulationRun,deposition_temperature,,300,°C,grown at 300 °C,methods section,methods,direct,experimental_condition,method,method,True,True,True,bound,entity_only(no case: simulation),,not_a_recipe_field,present,present,present,
10.1039_d0cp03358h,F10b/500 nm,10.1039_d0cp03358h-E045,SimulationRun,flow_rate,N2,150,sccm,flow rate of 150 sccm,methods section,methods,approximate,experimental_condition,method,method,True,True,True,bound,entity_only(no case: simulation),,not_a_recipe_field,present,present,present,
10.1039_d0cp03358h,F10b/500 nm,10.1039_d0cp03358h-E045,SimulationRun,precursor_partial_pressure,TMA,65,Pa,p A0 = 65 Pa,figure 10 caption,caption,direct,model_input,figure,figure,True,True,True,bound,entity_only(no case: simulation),,not_a_recipe_field,present,present,present,
10.1039_d0cp03358h,F10b/500 nm,10.1039_d0cp03358h-E045,SimulationRun,carrier_gas_partial_pressure,N2,300,Pa,p B = 300 Pa,figure 10 caption,caption,direct,model_input,figure,figure,True,True,True,bound,entity_only(no case: simulation),,not_a_recipe_field,present,present,present,
10.1039_d0cp03358h,F10b/500 nm,10.1039_d0cp03358h-E045,SimulationRun,cycle_number,,500 cycle,,"cycle_number is varied by a panel/series of this figure, so a method-scope value is one panel's setting and cannot be applied to this entity",,,,,method,,True,True,False,ambiguous_withheld,candidates_preserved,False,withheld,candidates_preserved,present,n/a,applicability
10.1039_d0cp03358h,F10b/1000 nm,10.1039_d0cp03358h-E046,SimulationRun,feature_height,,1000,nm,1000 nm,series label '1000 nm' (axis 'channel height'),series_label,direct,experimental_condition,series,series,True,True,True,bound,entity_only(no case: simulation),,not_a_recipe_field,present,present,present,
10.1039_d0cp03358h,F10b/1000 nm,10.1039_d0cp03358h-E046,SimulationRun,working_pressure,,3,hPa,process pressure was ca. 3 hPa,methods section,methods,approximate,experimental_condition,method,method,True,True,True,bound,entity_only(no case: simulation),,not_a_recipe_field,present,present,present,
10.1039_d0cp03358h,F10b/1000 nm,10.1039_d0cp03358h-E046,SimulationRun,deposition_temperature,,300,°C,grown at 300 °C,methods section,methods,direct,experimental_condition,method,method,True,True,True,bound,entity_only(no case: simulation),,not_a_recipe_field,present,present,present,
10.1039_d0cp03358h,F10b/1000 nm,10.1039_d0cp03358h-E046,SimulationRun,flow_rate,N2,150,sccm,flow rate of 150 sccm,methods section,methods,approximate,experimental_condition,method,method,True,True,True,bound,entity_only(no case: simulation),,not_a_recipe_field,present,present,present,
10.1039_d0cp03358h,F10b/1000 nm,10.1039_d0cp03358h-E046,SimulationRun,precursor_partial_pressure,TMA,65,Pa,p A0 = 65 Pa,figure 10 caption,caption,direct,model_input,figure,figure,True,True,True,bound,entity_only(no case: simulation),,not_a_recipe_field,present,present,present,
10.1039_d0cp03358h,F10b/1000 nm,10.1039_d0cp03358h-E046,SimulationRun,carrier_gas_partial_pressure,N2,300,Pa,p B = 300 Pa,figure 10 caption,caption,direct,model_input,figure,figure,True,True,True,bound,entity_only(no case: simulation),,not_a_recipe_field,present,present,present,
10.1039_d0cp03358h,F10b/1000 nm,10.1039_d0cp03358h-E046,SimulationRun,cycle_number,,500 cycle,,"cycle_number is varied by a panel/series of this figure, so a method-scope value is one panel's setting and cannot be applied to this entity",,,,,method,,True,True,False,ambiguous_withheld,candidates_preserved,False,withheld,candidates_preserved,present,n/a,applicability
10.1039_d0cp03358h,F10b/2000 nm,10.1039_d0cp03358h-E047,SimulationRun,feature_height,,2000,nm,2000 nm,series label '2000 nm' (axis 'channel height'),series_label,direct,experimental_condition,series,series,True,True,True,bound,entity_only(no case: simulation),,not_a_recipe_field,present,present,present,
10.1039_d0cp03358h,F10b/2000 nm,10.1039_d0cp03358h-E047,SimulationRun,working_pressure,,3,hPa,process pressure was ca. 3 hPa,methods section,methods,approximate,experimental_condition,method,method,True,True,True,bound,entity_only(no case: simulation),,not_a_recipe_field,present,present,present,
10.1039_d0cp03358h,F10b/2000 nm,10.1039_d0cp03358h-E047,SimulationRun,deposition_temperature,,300,°C,grown at 300 °C,methods section,methods,direct,experimental_condition,method,method,True,True,True,bound,entity_only(no case: simulation),,not_a_recipe_field,present,present,present,
10.1039_d0cp03358h,F10b/2000 nm,10.1039_d0cp03358h-E047,SimulationRun,flow_rate,N2,150,sccm,flow rate of 150 sccm,methods section,methods,approximate,experimental_condition,method,method,True,True,True,bound,entity_only(no case: simulation),,not_a_recipe_field,present,present,present,
10.1039_d0cp03358h,F10b/2000 nm,10.1039_d0cp03358h-E047,SimulationRun,precursor_partial_pressure,TMA,65,Pa,p A0 = 65 Pa,figure 10 caption,caption,direct,model_input,figure,figure,True,True,True,bound,entity_only(no case: simulation),,not_a_recipe_field,present,present,present,
10.1039_d0cp03358h,F10b/2000 nm,10.1039_d0cp03358h-E047,SimulationRun,carrier_gas_partial_pressure,N2,300,Pa,p B = 300 Pa,figure 10 caption,caption,direct,model_input,figure,figure,True,True,True,bound,entity_only(no case: simulation),,not_a_recipe_field,present,present,present,
10.1039_d0cp03358h,F10b/2000 nm,10.1039_d0cp03358h-E047,SimulationRun,cycle_number,,500 cycle,,"cycle_number is varied by a panel/series of this figure, so a method-scope value is one panel's setting and cannot be applied to this entity",,,,,method,,True,True,False,ambiguous_withheld,candidates_preserved,False,withheld,candidates_preserved,present,n/a,applicability
10.1039_d0cp03358h,F10c/100 nm,10.1039_d0cp03358h-E048,SimulationRun,feature_height,,100,nm,100 nm,series label '100 nm' (axis 'channel height'),series_label,direct,experimental_condition,series,series,True,True,True,bound,entity_only(no case: simulation),,not_a_recipe_field,present,present,present,
10.1039_d0cp03358h,F10c/100 nm,10.1039_d0cp03358h-E048,SimulationRun,working_pressure,,3,hPa,process pressure was ca. 3 hPa,methods section,methods,approximate,experimental_condition,method,method,True,True,True,bound,entity_only(no case: simulation),,not_a_recipe_field,present,present,present,
10.1039_d0cp03358h,F10c/100 nm,10.1039_d0cp03358h-E048,SimulationRun,deposition_temperature,,300,°C,grown at 300 °C,methods section,methods,direct,experimental_condition,method,method,True,True,True,bound,entity_only(no case: simulation),,not_a_recipe_field,present,present,present,
10.1039_d0cp03358h,F10c/100 nm,10.1039_d0cp03358h-E048,SimulationRun,flow_rate,N2,150,sccm,flow rate of 150 sccm,methods section,methods,approximate,experimental_condition,method,method,True,True,True,bound,entity_only(no case: simulation),,not_a_recipe_field,present,present,present,
10.1039_d0cp03358h,F10c/100 nm,10.1039_d0cp03358h-E048,SimulationRun,precursor_partial_pressure,TMA,65,Pa,p A0 = 65 Pa,figure 10 caption,caption,direct,model_input,figure,figure,True,True,True,bound,entity_only(no case: simulation),,not_a_recipe_field,present,present,present,
10.1039_d0cp03358h,F10c/100 nm,10.1039_d0cp03358h-E048,SimulationRun,carrier_gas_partial_pressure,N2,300,Pa,p B = 300 Pa,figure 10 caption,caption,direct,model_input,figure,figure,True,True,True,bound,entity_only(no case: simulation),,not_a_recipe_field,present,present,present,
10.1039_d0cp03358h,F10c/100 nm,10.1039_d0cp03358h-E048,SimulationRun,cycle_number,,500 cycle,,"cycle_number is varied by a panel/series of this figure, so a method-scope value is one panel's setting and cannot be applied to this entity",,,,,method,,True,True,False,ambiguous_withheld,candidates_preserved,False,withheld,candidates_preserved,present,n/a,applicability
10.1039_d0cp03358h,F10c/200 nm,10.1039_d0cp03358h-E049,SimulationRun,feature_height,,200,nm,200 nm,series label '200 nm' (axis 'channel height'),series_label,direct,experimental_condition,series,series,True,True,True,bound,entity_only(no case: simulation),,not_a_recipe_field,present,present,present,
10.1039_d0cp03358h,F10c/200 nm,10.1039_d0cp03358h-E049,SimulationRun,working_pressure,,3,hPa,process pressure was ca. 3 hPa,methods section,methods,approximate,experimental_condition,method,method,True,True,True,bound,entity_only(no case: simulation),,not_a_recipe_field,present,present,present,
10.1039_d0cp03358h,F10c/200 nm,10.1039_d0cp03358h-E049,SimulationRun,deposition_temperature,,300,°C,grown at 300 °C,methods section,methods,direct,experimental_condition,method,method,True,True,True,bound,entity_only(no case: simulation),,not_a_recipe_field,present,present,present,
10.1039_d0cp03358h,F10c/200 nm,10.1039_d0cp03358h-E049,SimulationRun,flow_rate,N2,150,sccm,flow rate of 150 sccm,methods section,methods,approximate,experimental_condition,method,method,True,True,True,bound,entity_only(no case: simulation),,not_a_recipe_field,present,present,present,
10.1039_d0cp03358h,F10c/200 nm,10.1039_d0cp03358h-E049,SimulationRun,precursor_partial_pressure,TMA,65,Pa,p A0 = 65 Pa,figure 10 caption,caption,direct,model_input,figure,figure,True,True,True,bound,entity_only(no case: simulation),,not_a_recipe_field,present,present,present,
10.1039_d0cp03358h,F10c/200 nm,10.1039_d0cp03358h-E049,SimulationRun,carrier_gas_partial_pressure,N2,300,Pa,p B = 300 Pa,figure 10 caption,caption,direct,model_input,figure,figure,True,True,True,bound,entity_only(no case: simulation),,not_a_recipe_field,present,present,present,
10.1039_d0cp03358h,F10c/200 nm,10.1039_d0cp03358h-E049,SimulationRun,cycle_number,,500 cycle,,"cycle_number is varied by a panel/series of this figure, so a method-scope value is one panel's setting and cannot be applied to this entity",,,,,method,,True,True,False,ambiguous_withheld,candidates_preserved,False,withheld,candidates_preserved,present,n/a,applicability
10.1039_d0cp03358h,F10c/500 nm,10.1039_d0cp03358h-E050,SimulationRun,feature_height,,500,nm,500 nm,series label '500 nm' (axis 'channel height'),series_label,direct,experimental_condition,series,series,True,True,True,bound,entity_only(no case: simulation),,not_a_recipe_field,present,present,present,
10.1039_d0cp03358h,F10c/500 nm,10.1039_d0cp03358h-E050,SimulationRun,working_pressure,,3,hPa,process pressure was ca. 3 hPa,methods section,methods,approximate,experimental_condition,method,method,True,True,True,bound,entity_only(no case: simulation),,not_a_recipe_field,present,present,present,
10.1039_d0cp03358h,F10c/500 nm,10.1039_d0cp03358h-E050,SimulationRun,deposition_temperature,,300,°C,grown at 300 °C,methods section,methods,direct,experimental_condition,method,method,True,True,True,bound,entity_only(no case: simulation),,not_a_recipe_field,present,present,present,
10.1039_d0cp03358h,F10c/500 nm,10.1039_d0cp03358h-E050,SimulationRun,flow_rate,N2,150,sccm,flow rate of 150 sccm,methods section,methods,approximate,experimental_condition,method,method,True,True,True,bound,entity_only(no case: simulation),,not_a_recipe_field,present,present,present,
10.1039_d0cp03358h,F10c/500 nm,10.1039_d0cp03358h-E050,SimulationRun,precursor_partial_pressure,TMA,65,Pa,p A0 = 65 Pa,figure 10 caption,caption,direct,model_input,figure,figure,True,True,True,bound,entity_only(no case: simulation),,not_a_recipe_field,present,present,present,
10.1039_d0cp03358h,F10c/500 nm,10.1039_d0cp03358h-E050,SimulationRun,carrier_gas_partial_pressure,N2,300,Pa,p B = 300 Pa,figure 10 caption,caption,direct,model_input,figure,figure,True,True,True,bound,entity_only(no case: simulation),,not_a_recipe_field,present,present,present,
10.1039_d0cp03358h,F10c/500 nm,10.1039_d0cp03358h-E050,SimulationRun,cycle_number,,500 cycle,,"cycle_number is varied by a panel/series of this figure, so a method-scope value is one panel's setting and cannot be applied to this entity",,,,,method,,True,True,False,ambiguous_withheld,candidates_preserved,False,withheld,candidates_preserved,present,n/a,applicability
10.1039_d0cp03358h,F10c/1000 nm,10.1039_d0cp03358h-E051,SimulationRun,feature_height,,1000,nm,1000 nm,series label '1000 nm' (axis 'channel height'),series_label,direct,experimental_condition,series,series,True,True,True,bound,entity_only(no case: simulation),,not_a_recipe_field,present,present,present,
10.1039_d0cp03358h,F10c/1000 nm,10.1039_d0cp03358h-E051,SimulationRun,working_pressure,,3,hPa,process pressure was ca. 3 hPa,methods section,methods,approximate,experimental_condition,method,method,True,True,True,bound,entity_only(no case: simulation),,not_a_recipe_field,present,present,present,
10.1039_d0cp03358h,F10c/1000 nm,10.1039_d0cp03358h-E051,SimulationRun,deposition_temperature,,300,°C,grown at 300 °C,methods section,methods,direct,experimental_condition,method,method,True,True,True,bound,entity_only(no case: simulation),,not_a_recipe_field,present,present,present,
10.1039_d0cp03358h,F10c/1000 nm,10.1039_d0cp03358h-E051,SimulationRun,flow_rate,N2,150,sccm,flow rate of 150 sccm,methods section,methods,approximate,experimental_condition,method,method,True,True,True,bound,entity_only(no case: simulation),,not_a_recipe_field,present,present,present,
10.1039_d0cp03358h,F10c/1000 nm,10.1039_d0cp03358h-E051,SimulationRun,precursor_partial_pressure,TMA,65,Pa,p A0 = 65 Pa,figure 10 caption,caption,direct,model_input,figure,figure,True,True,True,bound,entity_only(no case: simulation),,not_a_recipe_field,present,present,present,
10.1039_d0cp03358h,F10c/1000 nm,10.1039_d0cp03358h-E051,SimulationRun,carrier_gas_partial_pressure,N2,300,Pa,p B = 300 Pa,figure 10 caption,caption,direct,model_input,figure,figure,True,True,True,bound,entity_only(no case: simulation),,not_a_recipe_field,present,present,present,
10.1039_d0cp03358h,F10c/1000 nm,10.1039_d0cp03358h-E051,SimulationRun,cycle_number,,500 cycle,,"cycle_number is varied by a panel/series of this figure, so a method-scope value is one panel's setting and cannot be applied to this entity",,,,,method,,True,True,False,ambiguous_withheld,candidates_preserved,False,withheld,candidates_preserved,present,n/a,applicability
10.1039_d0cp03358h,F10c/2000 nm,10.1039_d0cp03358h-E052,SimulationRun,feature_height,,2000,nm,2000 nm,series label '2000 nm' (axis 'channel height'),series_label,direct,experimental_condition,series,series,True,True,True,bound,entity_only(no case: simulation),,not_a_recipe_field,present,present,present,
10.1039_d0cp03358h,F10c/2000 nm,10.1039_d0cp03358h-E052,SimulationRun,working_pressure,,3,hPa,process pressure was ca. 3 hPa,methods section,methods,approximate,experimental_condition,method,method,True,True,True,bound,entity_only(no case: simulation),,not_a_recipe_field,present,present,present,
10.1039_d0cp03358h,F10c/2000 nm,10.1039_d0cp03358h-E052,SimulationRun,deposition_temperature,,300,°C,grown at 300 °C,methods section,methods,direct,experimental_condition,method,method,True,True,True,bound,entity_only(no case: simulation),,not_a_recipe_field,present,present,present,
10.1039_d0cp03358h,F10c/2000 nm,10.1039_d0cp03358h-E052,SimulationRun,flow_rate,N2,150,sccm,flow rate of 150 sccm,methods section,methods,approximate,experimental_condition,method,method,True,True,True,bound,entity_only(no case: simulation),,not_a_recipe_field,present,present,present,
10.1039_d0cp03358h,F10c/2000 nm,10.1039_d0cp03358h-E052,SimulationRun,precursor_partial_pressure,TMA,65,Pa,p A0 = 65 Pa,figure 10 caption,caption,direct,model_input,figure,figure,True,True,True,bound,entity_only(no case: simulation),,not_a_recipe_field,present,present,present,
10.1039_d0cp03358h,F10c/2000 nm,10.1039_d0cp03358h-E052,SimulationRun,carrier_gas_partial_pressure,N2,300,Pa,p B = 300 Pa,figure 10 caption,caption,direct,model_input,figure,figure,True,True,True,bound,entity_only(no case: simulation),,not_a_recipe_field,present,present,present,
10.1039_d0cp03358h,F10c/2000 nm,10.1039_d0cp03358h-E052,SimulationRun,cycle_number,,500 cycle,,"cycle_number is varied by a panel/series of this figure, so a method-scope value is one panel's setting and cannot be applied to this entity",,,,,method,,True,True,False,ambiguous_withheld,candidates_preserved,False,withheld,candidates_preserved,present,n/a,applicability
10.1039_d0cp03358h,F10d/100 cycles,10.1039_d0cp03358h-E053,SimulationRun,cycle_number,,100,cycles,100 cycles,series label '100 cycles' (axis 'number of cycles'),series_label,direct,experimental_condition,series,series,True,True,True,bound,entity_only(no case: simulation),,not_a_recipe_field,present,present,present,
10.1039_d0cp03358h,F10d/100 cycles,10.1039_d0cp03358h-E053,SimulationRun,working_pressure,,3,hPa,process pressure was ca. 3 hPa,methods section,methods,approximate,experimental_condition,method,method,True,True,True,bound,entity_only(no case: simulation),,not_a_recipe_field,present,present,present,
10.1039_d0cp03358h,F10d/100 cycles,10.1039_d0cp03358h-E053,SimulationRun,deposition_temperature,,300,°C,grown at 300 °C,methods section,methods,direct,experimental_condition,method,method,True,True,True,bound,entity_only(no case: simulation),,not_a_recipe_field,present,present,present,
10.1039_d0cp03358h,F10d/100 cycles,10.1039_d0cp03358h-E053,SimulationRun,flow_rate,N2,150,sccm,flow rate of 150 sccm,methods section,methods,approximate,experimental_condition,method,method,True,True,True,bound,entity_only(no case: simulation),,not_a_recipe_field,present,present,present,
10.1039_d0cp03358h,F10d/100 cycles,10.1039_d0cp03358h-E053,SimulationRun,precursor_partial_pressure,TMA,65,Pa,p A0 = 65 Pa,figure 10 caption,caption,direct,model_input,figure,figure,True,True,True,bound,entity_only(no case: simulation),,not_a_recipe_field,present,present,present,
10.1039_d0cp03358h,F10d/100 cycles,10.1039_d0cp03358h-E053,SimulationRun,carrier_gas_partial_pressure,N2,300,Pa,p B = 300 Pa,figure 10 caption,caption,direct,model_input,figure,figure,True,True,True,bound,entity_only(no case: simulation),,not_a_recipe_field,present,present,present,
10.1039_d0cp03358h,F10d/100 cycles,10.1039_d0cp03358h-E053,SimulationRun,feature_height,,500 nm,,"feature_height is varied by a panel/series of this figure, so a figure-scope value is one panel's setting and cannot be applied to this entity",,,,,figure,,True,True,False,ambiguous_withheld,candidates_preserved,False,withheld,candidates_preserved,present,n/a,applicability
10.1039_d0cp03358h,F10d/250 cycles,10.1039_d0cp03358h-E054,SimulationRun,cycle_number,,250,cycles,250 cycles,series label '250 cycles' (axis 'number of cycles'),series_label,direct,experimental_condition,series,series,True,True,True,bound,entity_only(no case: simulation),,not_a_recipe_field,present,present,present,
10.1039_d0cp03358h,F10d/250 cycles,10.1039_d0cp03358h-E054,SimulationRun,working_pressure,,3,hPa,process pressure was ca. 3 hPa,methods section,methods,approximate,experimental_condition,method,method,True,True,True,bound,entity_only(no case: simulation),,not_a_recipe_field,present,present,present,
10.1039_d0cp03358h,F10d/250 cycles,10.1039_d0cp03358h-E054,SimulationRun,deposition_temperature,,300,°C,grown at 300 °C,methods section,methods,direct,experimental_condition,method,method,True,True,True,bound,entity_only(no case: simulation),,not_a_recipe_field,present,present,present,
10.1039_d0cp03358h,F10d/250 cycles,10.1039_d0cp03358h-E054,SimulationRun,flow_rate,N2,150,sccm,flow rate of 150 sccm,methods section,methods,approximate,experimental_condition,method,method,True,True,True,bound,entity_only(no case: simulation),,not_a_recipe_field,present,present,present,
10.1039_d0cp03358h,F10d/250 cycles,10.1039_d0cp03358h-E054,SimulationRun,precursor_partial_pressure,TMA,65,Pa,p A0 = 65 Pa,figure 10 caption,caption,direct,model_input,figure,figure,True,True,True,bound,entity_only(no case: simulation),,not_a_recipe_field,present,present,present,
10.1039_d0cp03358h,F10d/250 cycles,10.1039_d0cp03358h-E054,SimulationRun,carrier_gas_partial_pressure,N2,300,Pa,p B = 300 Pa,figure 10 caption,caption,direct,model_input,figure,figure,True,True,True,bound,entity_only(no case: simulation),,not_a_recipe_field,present,present,present,
10.1039_d0cp03358h,F10d/250 cycles,10.1039_d0cp03358h-E054,SimulationRun,feature_height,,500 nm,,"feature_height is varied by a panel/series of this figure, so a figure-scope value is one panel's setting and cannot be applied to this entity",,,,,figure,,True,True,False,ambiguous_withheld,candidates_preserved,False,withheld,candidates_preserved,present,n/a,applicability
10.1039_d0cp03358h,F10d/500 cycles,10.1039_d0cp03358h-E055,SimulationRun,cycle_number,,500,cycles,500 cycles,series label '500 cycles' (axis 'number of cycles'),series_label,direct,experimental_condition,series,series,True,True,True,bound,entity_only(no case: simulation),,not_a_recipe_field,present,present,present,
10.1039_d0cp03358h,F10d/500 cycles,10.1039_d0cp03358h-E055,SimulationRun,working_pressure,,3,hPa,process pressure was ca. 3 hPa,methods section,methods,approximate,experimental_condition,method,method,True,True,True,bound,entity_only(no case: simulation),,not_a_recipe_field,present,present,present,
10.1039_d0cp03358h,F10d/500 cycles,10.1039_d0cp03358h-E055,SimulationRun,deposition_temperature,,300,°C,grown at 300 °C,methods section,methods,direct,experimental_condition,method,method,True,True,True,bound,entity_only(no case: simulation),,not_a_recipe_field,present,present,present,
10.1039_d0cp03358h,F10d/500 cycles,10.1039_d0cp03358h-E055,SimulationRun,flow_rate,N2,150,sccm,flow rate of 150 sccm,methods section,methods,approximate,experimental_condition,method,method,True,True,True,bound,entity_only(no case: simulation),,not_a_recipe_field,present,present,present,
10.1039_d0cp03358h,F10d/500 cycles,10.1039_d0cp03358h-E055,SimulationRun,precursor_partial_pressure,TMA,65,Pa,p A0 = 65 Pa,figure 10 caption,caption,direct,model_input,figure,figure,True,True,True,bound,entity_only(no case: simulation),,not_a_recipe_field,present,present,present,
10.1039_d0cp03358h,F10d/500 cycles,10.1039_d0cp03358h-E055,SimulationRun,carrier_gas_partial_pressure,N2,300,Pa,p B = 300 Pa,figure 10 caption,caption,direct,model_input,figure,figure,True,True,True,bound,entity_only(no case: simulation),,not_a_recipe_field,present,present,present,
10.1039_d0cp03358h,F10d/500 cycles,10.1039_d0cp03358h-E055,SimulationRun,feature_height,,500 nm,,"feature_height is varied by a panel/series of this figure, so a figure-scope value is one panel's setting and cannot be applied to this entity",,,,,figure,,True,True,False,ambiguous_withheld,candidates_preserved,False,withheld,candidates_preserved,present,n/a,applicability
10.1039_d0cp03358h,F10d/1000 cycles,10.1039_d0cp03358h-E056,SimulationRun,cycle_number,,1000,cycles,1000 cycles,series label '1000 cycles' (axis 'number of cycles'),series_label,direct,experimental_condition,series,series,True,True,True,bound,entity_only(no case: simulation),,not_a_recipe_field,present,present,present,
10.1039_d0cp03358h,F10d/1000 cycles,10.1039_d0cp03358h-E056,SimulationRun,working_pressure,,3,hPa,process pressure was ca. 3 hPa,methods section,methods,approximate,experimental_condition,method,method,True,True,True,bound,entity_only(no case: simulation),,not_a_recipe_field,present,present,present,
10.1039_d0cp03358h,F10d/1000 cycles,10.1039_d0cp03358h-E056,SimulationRun,deposition_temperature,,300,°C,grown at 300 °C,methods section,methods,direct,experimental_condition,method,method,True,True,True,bound,entity_only(no case: simulation),,not_a_recipe_field,present,present,present,
10.1039_d0cp03358h,F10d/1000 cycles,10.1039_d0cp03358h-E056,SimulationRun,flow_rate,N2,150,sccm,flow rate of 150 sccm,methods section,methods,approximate,experimental_condition,method,method,True,True,True,bound,entity_only(no case: simulation),,not_a_recipe_field,present,present,present,
10.1039_d0cp03358h,F10d/1000 cycles,10.1039_d0cp03358h-E056,SimulationRun,precursor_partial_pressure,TMA,65,Pa,p A0 = 65 Pa,figure 10 caption,caption,direct,model_input,figure,figure,True,True,True,bound,entity_only(no case: simulation),,not_a_recipe_field,present,present,present,
10.1039_d0cp03358h,F10d/1000 cycles,10.1039_d0cp03358h-E056,SimulationRun,carrier_gas_partial_pressure,N2,300,Pa,p B = 300 Pa,figure 10 caption,caption,direct,model_input,figure,figure,True,True,True,bound,entity_only(no case: simulation),,not_a_recipe_field,present,present,present,
10.1039_d0cp03358h,F10d/1000 cycles,10.1039_d0cp03358h-E056,SimulationRun,feature_height,,500 nm,,"feature_height is varied by a panel/series of this figure, so a figure-scope value is one panel's setting and cannot be applied to this entity",,,,,figure,,True,True,False,ambiguous_withheld,candidates_preserved,False,withheld,candidates_preserved,present,n/a,applicability
10.1039_d0cp03358h,F10d/2000 cycles,10.1039_d0cp03358h-E057,SimulationRun,cycle_number,,2000,cycles,2000 cycles,series label '2000 cycles' (axis 'number of cycles'),series_label,direct,experimental_condition,series,series,True,True,True,bound,entity_only(no case: simulation),,not_a_recipe_field,present,present,present,
10.1039_d0cp03358h,F10d/2000 cycles,10.1039_d0cp03358h-E057,SimulationRun,working_pressure,,3,hPa,process pressure was ca. 3 hPa,methods section,methods,approximate,experimental_condition,method,method,True,True,True,bound,entity_only(no case: simulation),,not_a_recipe_field,present,present,present,
10.1039_d0cp03358h,F10d/2000 cycles,10.1039_d0cp03358h-E057,SimulationRun,deposition_temperature,,300,°C,grown at 300 °C,methods section,methods,direct,experimental_condition,method,method,True,True,True,bound,entity_only(no case: simulation),,not_a_recipe_field,present,present,present,
10.1039_d0cp03358h,F10d/2000 cycles,10.1039_d0cp03358h-E057,SimulationRun,flow_rate,N2,150,sccm,flow rate of 150 sccm,methods section,methods,approximate,experimental_condition,method,method,True,True,True,bound,entity_only(no case: simulation),,not_a_recipe_field,present,present,present,
10.1039_d0cp03358h,F10d/2000 cycles,10.1039_d0cp03358h-E057,SimulationRun,precursor_partial_pressure,TMA,65,Pa,p A0 = 65 Pa,figure 10 caption,caption,direct,model_input,figure,figure,True,True,True,bound,entity_only(no case: simulation),,not_a_recipe_field,present,present,present,
10.1039_d0cp03358h,F10d/2000 cycles,10.1039_d0cp03358h-E057,SimulationRun,carrier_gas_partial_pressure,N2,300,Pa,p B = 300 Pa,figure 10 caption,caption,direct,model_input,figure,figure,True,True,True,bound,entity_only(no case: simulation),,not_a_recipe_field,present,present,present,
10.1039_d0cp03358h,F10d/2000 cycles,10.1039_d0cp03358h-E057,SimulationRun,feature_height,,500 nm,,"feature_height is varied by a panel/series of this figure, so a figure-scope value is one panel's setting and cannot be applied to this entity",,,,,figure,,True,True,False,ambiguous_withheld,candidates_preserved,False,withheld,candidates_preserved,present,n/a,applicability
10.1039_d0cp03358h,F10e/100 cycles,10.1039_d0cp03358h-E058,SimulationRun,cycle_number,,100,cycles,100 cycles,series label '100 cycles' (axis 'number of cycles'),series_label,direct,experimental_condition,series,series,True,True,True,bound,entity_only(no case: simulation),,not_a_recipe_field,present,present,present,
10.1039_d0cp03358h,F10e/100 cycles,10.1039_d0cp03358h-E058,SimulationRun,working_pressure,,3,hPa,process pressure was ca. 3 hPa,methods section,methods,approximate,experimental_condition,method,method,True,True,True,bound,entity_only(no case: simulation),,not_a_recipe_field,present,present,present,
10.1039_d0cp03358h,F10e/100 cycles,10.1039_d0cp03358h-E058,SimulationRun,deposition_temperature,,300,°C,grown at 300 °C,methods section,methods,direct,experimental_condition,method,method,True,True,True,bound,entity_only(no case: simulation),,not_a_recipe_field,present,present,present,
10.1039_d0cp03358h,F10e/100 cycles,10.1039_d0cp03358h-E058,SimulationRun,flow_rate,N2,150,sccm,flow rate of 150 sccm,methods section,methods,approximate,experimental_condition,method,method,True,True,True,bound,entity_only(no case: simulation),,not_a_recipe_field,present,present,present,
10.1039_d0cp03358h,F10e/100 cycles,10.1039_d0cp03358h-E058,SimulationRun,precursor_partial_pressure,TMA,65,Pa,p A0 = 65 Pa,figure 10 caption,caption,direct,model_input,figure,figure,True,True,True,bound,entity_only(no case: simulation),,not_a_recipe_field,present,present,present,
10.1039_d0cp03358h,F10e/100 cycles,10.1039_d0cp03358h-E058,SimulationRun,carrier_gas_partial_pressure,N2,300,Pa,p B = 300 Pa,figure 10 caption,caption,direct,model_input,figure,figure,True,True,True,bound,entity_only(no case: simulation),,not_a_recipe_field,present,present,present,
10.1039_d0cp03358h,F10e/100 cycles,10.1039_d0cp03358h-E058,SimulationRun,feature_height,,500 nm,,"feature_height is varied by a panel/series of this figure, so a figure-scope value is one panel's setting and cannot be applied to this entity",,,,,figure,,True,True,False,ambiguous_withheld,candidates_preserved,False,withheld,candidates_preserved,present,n/a,applicability
10.1039_d0cp03358h,F10e/250 cycles,10.1039_d0cp03358h-E059,SimulationRun,cycle_number,,250,cycles,250 cycles,series label '250 cycles' (axis 'number of cycles'),series_label,direct,experimental_condition,series,series,True,True,True,bound,entity_only(no case: simulation),,not_a_recipe_field,present,present,present,
10.1039_d0cp03358h,F10e/250 cycles,10.1039_d0cp03358h-E059,SimulationRun,working_pressure,,3,hPa,process pressure was ca. 3 hPa,methods section,methods,approximate,experimental_condition,method,method,True,True,True,bound,entity_only(no case: simulation),,not_a_recipe_field,present,present,present,
10.1039_d0cp03358h,F10e/250 cycles,10.1039_d0cp03358h-E059,SimulationRun,deposition_temperature,,300,°C,grown at 300 °C,methods section,methods,direct,experimental_condition,method,method,True,True,True,bound,entity_only(no case: simulation),,not_a_recipe_field,present,present,present,
10.1039_d0cp03358h,F10e/250 cycles,10.1039_d0cp03358h-E059,SimulationRun,flow_rate,N2,150,sccm,flow rate of 150 sccm,methods section,methods,approximate,experimental_condition,method,method,True,True,True,bound,entity_only(no case: simulation),,not_a_recipe_field,present,present,present,
10.1039_d0cp03358h,F10e/250 cycles,10.1039_d0cp03358h-E059,SimulationRun,precursor_partial_pressure,TMA,65,Pa,p A0 = 65 Pa,figure 10 caption,caption,direct,model_input,figure,figure,True,True,True,bound,entity_only(no case: simulation),,not_a_recipe_field,present,present,present,
10.1039_d0cp03358h,F10e/250 cycles,10.1039_d0cp03358h-E059,SimulationRun,carrier_gas_partial_pressure,N2,300,Pa,p B = 300 Pa,figure 10 caption,caption,direct,model_input,figure,figure,True,True,True,bound,entity_only(no case: simulation),,not_a_recipe_field,present,present,present,
10.1039_d0cp03358h,F10e/250 cycles,10.1039_d0cp03358h-E059,SimulationRun,feature_height,,500 nm,,"feature_height is varied by a panel/series of this figure, so a figure-scope value is one panel's setting and cannot be applied to this entity",,,,,figure,,True,True,False,ambiguous_withheld,candidates_preserved,False,withheld,candidates_preserved,present,n/a,applicability
10.1039_d0cp03358h,F10e/500 cycles,10.1039_d0cp03358h-E060,SimulationRun,cycle_number,,500,cycles,500 cycles,series label '500 cycles' (axis 'number of cycles'),series_label,direct,experimental_condition,series,series,True,True,True,bound,entity_only(no case: simulation),,not_a_recipe_field,present,present,present,
10.1039_d0cp03358h,F10e/500 cycles,10.1039_d0cp03358h-E060,SimulationRun,working_pressure,,3,hPa,process pressure was ca. 3 hPa,methods section,methods,approximate,experimental_condition,method,method,True,True,True,bound,entity_only(no case: simulation),,not_a_recipe_field,present,present,present,
10.1039_d0cp03358h,F10e/500 cycles,10.1039_d0cp03358h-E060,SimulationRun,deposition_temperature,,300,°C,grown at 300 °C,methods section,methods,direct,experimental_condition,method,method,True,True,True,bound,entity_only(no case: simulation),,not_a_recipe_field,present,present,present,
10.1039_d0cp03358h,F10e/500 cycles,10.1039_d0cp03358h-E060,SimulationRun,flow_rate,N2,150,sccm,flow rate of 150 sccm,methods section,methods,approximate,experimental_condition,method,method,True,True,True,bound,entity_only(no case: simulation),,not_a_recipe_field,present,present,present,
10.1039_d0cp03358h,F10e/500 cycles,10.1039_d0cp03358h-E060,SimulationRun,precursor_partial_pressure,TMA,65,Pa,p A0 = 65 Pa,figure 10 caption,caption,direct,model_input,figure,figure,True,True,True,bound,entity_only(no case: simulation),,not_a_recipe_field,present,present,present,
10.1039_d0cp03358h,F10e/500 cycles,10.1039_d0cp03358h-E060,SimulationRun,carrier_gas_partial_pressure,N2,300,Pa,p B = 300 Pa,figure 10 caption,caption,direct,model_input,figure,figure,True,True,True,bound,entity_only(no case: simulation),,not_a_recipe_field,present,present,present,
10.1039_d0cp03358h,F10e/500 cycles,10.1039_d0cp03358h-E060,SimulationRun,feature_height,,500 nm,,"feature_height is varied by a panel/series of this figure, so a figure-scope value is one panel's setting and cannot be applied to this entity",,,,,figure,,True,True,False,ambiguous_withheld,candidates_preserved,False,withheld,candidates_preserved,present,n/a,applicability
10.1039_d0cp03358h,F10e/1000 cycles,10.1039_d0cp03358h-E061,SimulationRun,cycle_number,,1000,cycles,1000 cycles,series label '1000 cycles' (axis 'number of cycles'),series_label,direct,experimental_condition,series,series,True,True,True,bound,entity_only(no case: simulation),,not_a_recipe_field,present,present,present,
10.1039_d0cp03358h,F10e/1000 cycles,10.1039_d0cp03358h-E061,SimulationRun,working_pressure,,3,hPa,process pressure was ca. 3 hPa,methods section,methods,approximate,experimental_condition,method,method,True,True,True,bound,entity_only(no case: simulation),,not_a_recipe_field,present,present,present,
10.1039_d0cp03358h,F10e/1000 cycles,10.1039_d0cp03358h-E061,SimulationRun,deposition_temperature,,300,°C,grown at 300 °C,methods section,methods,direct,experimental_condition,method,method,True,True,True,bound,entity_only(no case: simulation),,not_a_recipe_field,present,present,present,
10.1039_d0cp03358h,F10e/1000 cycles,10.1039_d0cp03358h-E061,SimulationRun,flow_rate,N2,150,sccm,flow rate of 150 sccm,methods section,methods,approximate,experimental_condition,method,method,True,True,True,bound,entity_only(no case: simulation),,not_a_recipe_field,present,present,present,
10.1039_d0cp03358h,F10e/1000 cycles,10.1039_d0cp03358h-E061,SimulationRun,precursor_partial_pressure,TMA,65,Pa,p A0 = 65 Pa,figure 10 caption,caption,direct,model_input,figure,figure,True,True,True,bound,entity_only(no case: simulation),,not_a_recipe_field,present,present,present,
10.1039_d0cp03358h,F10e/1000 cycles,10.1039_d0cp03358h-E061,SimulationRun,carrier_gas_partial_pressure,N2,300,Pa,p B = 300 Pa,figure 10 caption,caption,direct,model_input,figure,figure,True,True,True,bound,entity_only(no case: simulation),,not_a_recipe_field,present,present,present,
10.1039_d0cp03358h,F10e/1000 cycles,10.1039_d0cp03358h-E061,SimulationRun,feature_height,,500 nm,,"feature_height is varied by a panel/series of this figure, so a figure-scope value is one panel's setting and cannot be applied to this entity",,,,,figure,,True,True,False,ambiguous_withheld,candidates_preserved,False,withheld,candidates_preserved,present,n/a,applicability
10.1039_d0cp03358h,F10e/2000 cycles,10.1039_d0cp03358h-E062,SimulationRun,cycle_number,,2000,cycles,2000 cycles,series label '2000 cycles' (axis 'number of cycles'),series_label,direct,experimental_condition,series,series,True,True,True,bound,entity_only(no case: simulation),,not_a_recipe_field,present,present,present,
10.1039_d0cp03358h,F10e/2000 cycles,10.1039_d0cp03358h-E062,SimulationRun,working_pressure,,3,hPa,process pressure was ca. 3 hPa,methods section,methods,approximate,experimental_condition,method,method,True,True,True,bound,entity_only(no case: simulation),,not_a_recipe_field,present,present,present,
10.1039_d0cp03358h,F10e/2000 cycles,10.1039_d0cp03358h-E062,SimulationRun,deposition_temperature,,300,°C,grown at 300 °C,methods section,methods,direct,experimental_condition,method,method,True,True,True,bound,entity_only(no case: simulation),,not_a_recipe_field,present,present,present,
10.1039_d0cp03358h,F10e/2000 cycles,10.1039_d0cp03358h-E062,SimulationRun,flow_rate,N2,150,sccm,flow rate of 150 sccm,methods section,methods,approximate,experimental_condition,method,method,True,True,True,bound,entity_only(no case: simulation),,not_a_recipe_field,present,present,present,
10.1039_d0cp03358h,F10e/2000 cycles,10.1039_d0cp03358h-E062,SimulationRun,precursor_partial_pressure,TMA,65,Pa,p A0 = 65 Pa,figure 10 caption,caption,direct,model_input,figure,figure,True,True,True,bound,entity_only(no case: simulation),,not_a_recipe_field,present,present,present,
10.1039_d0cp03358h,F10e/2000 cycles,10.1039_d0cp03358h-E062,SimulationRun,carrier_gas_partial_pressure,N2,300,Pa,p B = 300 Pa,figure 10 caption,caption,direct,model_input,figure,figure,True,True,True,bound,entity_only(no case: simulation),,not_a_recipe_field,present,present,present,
10.1039_d0cp03358h,F10e/2000 cycles,10.1039_d0cp03358h-E062,SimulationRun,feature_height,,500 nm,,"feature_height is varied by a panel/series of this figure, so a figure-scope value is one panel's setting and cannot be applied to this entity",,,,,figure,,True,True,False,ambiguous_withheld,candidates_preserved,False,withheld,candidates_preserved,present,n/a,applicability
10.1039_d0cp03358h,F10f/100 cycles,10.1039_d0cp03358h-E063,SimulationRun,cycle_number,,100,cycles,100 cycles,series label '100 cycles' (axis 'number of cycles'),series_label,direct,experimental_condition,series,series,True,True,True,bound,entity_only(no case: simulation),,not_a_recipe_field,present,present,present,
10.1039_d0cp03358h,F10f/100 cycles,10.1039_d0cp03358h-E063,SimulationRun,growth_per_cycle,,0.098,nm/cycle,gpc s at = 0.098 nm,"figure 10 caption, panel (f)",caption,direct,experimental_condition,panel,panel,True,True,True,bound,entity_only(no case: simulation),,not_a_recipe_field,present,present,present,
10.1039_d0cp03358h,F10f/100 cycles,10.1039_d0cp03358h-E063,SimulationRun,precursor_partial_pressure,TMA,65,Pa,p A0 = 65 Pa,"figure 10 caption, panel (f)",caption,direct,model_input,panel,panel,True,True,True,bound,entity_only(no case: simulation),,not_a_recipe_field,present,present,present,
10.1039_d0cp03358h,F10f/100 cycles,10.1039_d0cp03358h-E063,SimulationRun,carrier_gas_partial_pressure,N2,300,Pa,p B = 300 Pa,"figure 10 caption, panel (f)",caption,direct,model_input,panel,panel,True,True,True,bound,entity_only(no case: simulation),,not_a_recipe_field,present,present,present,
10.1039_d0cp03358h,F10f/100 cycles,10.1039_d0cp03358h-E063,SimulationRun,working_pressure,,3,hPa,process pressure was ca. 3 hPa,methods section,methods,approximate,experimental_condition,method,method,True,True,True,bound,entity_only(no case: simulation),,not_a_recipe_field,present,present,present,
10.1039_d0cp03358h,F10f/100 cycles,10.1039_d0cp03358h-E063,SimulationRun,deposition_temperature,,300,°C,grown at 300 °C,methods section,methods,direct,experimental_condition,method,method,True,True,True,bound,entity_only(no case: simulation),,not_a_recipe_field,present,present,present,
10.1039_d0cp03358h,F10f/100 cycles,10.1039_d0cp03358h-E063,SimulationRun,flow_rate,N2,150,sccm,flow rate of 150 sccm,methods section,methods,approximate,experimental_condition,method,method,True,True,True,bound,entity_only(no case: simulation),,not_a_recipe_field,present,present,present,
10.1039_d0cp03358h,F10f/100 cycles,10.1039_d0cp03358h-E063,SimulationRun,feature_height,,500 nm,,"feature_height is varied by a panel/series of this figure, so a figure-scope value is one panel's setting and cannot be applied to this entity",,,,,figure,,True,True,False,ambiguous_withheld,candidates_preserved,False,withheld,candidates_preserved,present,n/a,applicability
10.1039_d0cp03358h,F10f/250 cycles,10.1039_d0cp03358h-E064,SimulationRun,cycle_number,,250,cycles,250 cycles,series label '250 cycles' (axis 'number of cycles'),series_label,direct,experimental_condition,series,series,True,True,True,bound,entity_only(no case: simulation),,not_a_recipe_field,present,present,present,
10.1039_d0cp03358h,F10f/250 cycles,10.1039_d0cp03358h-E064,SimulationRun,growth_per_cycle,,0.098,nm/cycle,gpc s at = 0.098 nm,"figure 10 caption, panel (f)",caption,direct,experimental_condition,panel,panel,True,True,True,bound,entity_only(no case: simulation),,not_a_recipe_field,present,present,present,
10.1039_d0cp03358h,F10f/250 cycles,10.1039_d0cp03358h-E064,SimulationRun,precursor_partial_pressure,TMA,65,Pa,p A0 = 65 Pa,"figure 10 caption, panel (f)",caption,direct,model_input,panel,panel,True,True,True,bound,entity_only(no case: simulation),,not_a_recipe_field,present,present,present,
10.1039_d0cp03358h,F10f/250 cycles,10.1039_d0cp03358h-E064,SimulationRun,carrier_gas_partial_pressure,N2,300,Pa,p B = 300 Pa,"figure 10 caption, panel (f)",caption,direct,model_input,panel,panel,True,True,True,bound,entity_only(no case: simulation),,not_a_recipe_field,present,present,present,
10.1039_d0cp03358h,F10f/250 cycles,10.1039_d0cp03358h-E064,SimulationRun,working_pressure,,3,hPa,process pressure was ca. 3 hPa,methods section,methods,approximate,experimental_condition,method,method,True,True,True,bound,entity_only(no case: simulation),,not_a_recipe_field,present,present,present,
10.1039_d0cp03358h,F10f/250 cycles,10.1039_d0cp03358h-E064,SimulationRun,deposition_temperature,,300,°C,grown at 300 °C,methods section,methods,direct,experimental_condition,method,method,True,True,True,bound,entity_only(no case: simulation),,not_a_recipe_field,present,present,present,
10.1039_d0cp03358h,F10f/250 cycles,10.1039_d0cp03358h-E064,SimulationRun,flow_rate,N2,150,sccm,flow rate of 150 sccm,methods section,methods,approximate,experimental_condition,method,method,True,True,True,bound,entity_only(no case: simulation),,not_a_recipe_field,present,present,present,
10.1039_d0cp03358h,F10f/250 cycles,10.1039_d0cp03358h-E064,SimulationRun,feature_height,,500 nm,,"feature_height is varied by a panel/series of this figure, so a figure-scope value is one panel's setting and cannot be applied to this entity",,,,,figure,,True,True,False,ambiguous_withheld,candidates_preserved,False,withheld,candidates_preserved,present,n/a,applicability
10.1039_d0cp03358h,F10f/500 cycles,10.1039_d0cp03358h-E065,SimulationRun,cycle_number,,500,cycles,500 cycles,series label '500 cycles' (axis 'number of cycles'),series_label,direct,experimental_condition,series,series,True,True,True,bound,entity_only(no case: simulation),,not_a_recipe_field,present,present,present,
10.1039_d0cp03358h,F10f/500 cycles,10.1039_d0cp03358h-E065,SimulationRun,growth_per_cycle,,0.098,nm/cycle,gpc s at = 0.098 nm,"figure 10 caption, panel (f)",caption,direct,experimental_condition,panel,panel,True,True,True,bound,entity_only(no case: simulation),,not_a_recipe_field,present,present,present,
10.1039_d0cp03358h,F10f/500 cycles,10.1039_d0cp03358h-E065,SimulationRun,precursor_partial_pressure,TMA,65,Pa,p A0 = 65 Pa,"figure 10 caption, panel (f)",caption,direct,model_input,panel,panel,True,True,True,bound,entity_only(no case: simulation),,not_a_recipe_field,present,present,present,
10.1039_d0cp03358h,F10f/500 cycles,10.1039_d0cp03358h-E065,SimulationRun,carrier_gas_partial_pressure,N2,300,Pa,p B = 300 Pa,"figure 10 caption, panel (f)",caption,direct,model_input,panel,panel,True,True,True,bound,entity_only(no case: simulation),,not_a_recipe_field,present,present,present,
10.1039_d0cp03358h,F10f/500 cycles,10.1039_d0cp03358h-E065,SimulationRun,working_pressure,,3,hPa,process pressure was ca. 3 hPa,methods section,methods,approximate,experimental_condition,method,method,True,True,True,bound,entity_only(no case: simulation),,not_a_recipe_field,present,present,present,
10.1039_d0cp03358h,F10f/500 cycles,10.1039_d0cp03358h-E065,SimulationRun,deposition_temperature,,300,°C,grown at 300 °C,methods section,methods,direct,experimental_condition,method,method,True,True,True,bound,entity_only(no case: simulation),,not_a_recipe_field,present,present,present,
10.1039_d0cp03358h,F10f/500 cycles,10.1039_d0cp03358h-E065,SimulationRun,flow_rate,N2,150,sccm,flow rate of 150 sccm,methods section,methods,approximate,experimental_condition,method,method,True,True,True,bound,entity_only(no case: simulation),,not_a_recipe_field,present,present,present,
10.1039_d0cp03358h,F10f/500 cycles,10.1039_d0cp03358h-E065,SimulationRun,feature_height,,500 nm,,"feature_height is varied by a panel/series of this figure, so a figure-scope value is one panel's setting and cannot be applied to this entity",,,,,figure,,True,True,False,ambiguous_withheld,candidates_preserved,False,withheld,candidates_preserved,present,n/a,applicability
10.1039_d0cp03358h,F10f/1000 cycles,10.1039_d0cp03358h-E066,SimulationRun,cycle_number,,1000,cycles,1000 cycles,series label '1000 cycles' (axis 'number of cycles'),series_label,direct,experimental_condition,series,series,True,True,True,bound,entity_only(no case: simulation),,not_a_recipe_field,present,present,present,
10.1039_d0cp03358h,F10f/1000 cycles,10.1039_d0cp03358h-E066,SimulationRun,growth_per_cycle,,0.098,nm/cycle,gpc s at = 0.098 nm,"figure 10 caption, panel (f)",caption,direct,experimental_condition,panel,panel,True,True,True,bound,entity_only(no case: simulation),,not_a_recipe_field,present,present,present,
10.1039_d0cp03358h,F10f/1000 cycles,10.1039_d0cp03358h-E066,SimulationRun,precursor_partial_pressure,TMA,65,Pa,p A0 = 65 Pa,"figure 10 caption, panel (f)",caption,direct,model_input,panel,panel,True,True,True,bound,entity_only(no case: simulation),,not_a_recipe_field,present,present,present,
10.1039_d0cp03358h,F10f/1000 cycles,10.1039_d0cp03358h-E066,SimulationRun,carrier_gas_partial_pressure,N2,300,Pa,p B = 300 Pa,"figure 10 caption, panel (f)",caption,direct,model_input,panel,panel,True,True,True,bound,entity_only(no case: simulation),,not_a_recipe_field,present,present,present,
10.1039_d0cp03358h,F10f/1000 cycles,10.1039_d0cp03358h-E066,SimulationRun,working_pressure,,3,hPa,process pressure was ca. 3 hPa,methods section,methods,approximate,experimental_condition,method,method,True,True,True,bound,entity_only(no case: simulation),,not_a_recipe_field,present,present,present,
10.1039_d0cp03358h,F10f/1000 cycles,10.1039_d0cp03358h-E066,SimulationRun,deposition_temperature,,300,°C,grown at 300 °C,methods section,methods,direct,experimental_condition,method,method,True,True,True,bound,entity_only(no case: simulation),,not_a_recipe_field,present,present,present,
10.1039_d0cp03358h,F10f/1000 cycles,10.1039_d0cp03358h-E066,SimulationRun,flow_rate,N2,150,sccm,flow rate of 150 sccm,methods section,methods,approximate,experimental_condition,method,method,True,True,True,bound,entity_only(no case: simulation),,not_a_recipe_field,present,present,present,
10.1039_d0cp03358h,F10f/1000 cycles,10.1039_d0cp03358h-E066,SimulationRun,feature_height,,500 nm,,"feature_height is varied by a panel/series of this figure, so a figure-scope value is one panel's setting and cannot be applied to this entity",,,,,figure,,True,True,False,ambiguous_withheld,candidates_preserved,False,withheld,candidates_preserved,present,n/a,applicability
10.1039_d0cp03358h,F10f/2000 cycles,10.1039_d0cp03358h-E067,SimulationRun,cycle_number,,2000,cycles,2000 cycles,series label '2000 cycles' (axis 'number of cycles'),series_label,direct,experimental_condition,series,series,True,True,True,bound,entity_only(no case: simulation),,not_a_recipe_field,present,present,present,
10.1039_d0cp03358h,F10f/2000 cycles,10.1039_d0cp03358h-E067,SimulationRun,growth_per_cycle,,0.098,nm/cycle,gpc s at = 0.098 nm,"figure 10 caption, panel (f)",caption,direct,experimental_condition,panel,panel,True,True,True,bound,entity_only(no case: simulation),,not_a_recipe_field,present,present,present,
10.1039_d0cp03358h,F10f/2000 cycles,10.1039_d0cp03358h-E067,SimulationRun,precursor_partial_pressure,TMA,65,Pa,p A0 = 65 Pa,"figure 10 caption, panel (f)",caption,direct,model_input,panel,panel,True,True,True,bound,entity_only(no case: simulation),,not_a_recipe_field,present,present,present,
10.1039_d0cp03358h,F10f/2000 cycles,10.1039_d0cp03358h-E067,SimulationRun,carrier_gas_partial_pressure,N2,300,Pa,p B = 300 Pa,"figure 10 caption, panel (f)",caption,direct,model_input,panel,panel,True,True,True,bound,entity_only(no case: simulation),,not_a_recipe_field,present,present,present,
10.1039_d0cp03358h,F10f/2000 cycles,10.1039_d0cp03358h-E067,SimulationRun,working_pressure,,3,hPa,process pressure was ca. 3 hPa,methods section,methods,approximate,experimental_condition,method,method,True,True,True,bound,entity_only(no case: simulation),,not_a_recipe_field,present,present,present,
10.1039_d0cp03358h,F10f/2000 cycles,10.1039_d0cp03358h-E067,SimulationRun,deposition_temperature,,300,°C,grown at 300 °C,methods section,methods,direct,experimental_condition,method,method,True,True,True,bound,entity_only(no case: simulation),,not_a_recipe_field,present,present,present,
10.1039_d0cp03358h,F10f/2000 cycles,10.1039_d0cp03358h-E067,SimulationRun,flow_rate,N2,150,sccm,flow rate of 150 sccm,methods section,methods,approximate,experimental_condition,method,method,True,True,True,bound,entity_only(no case: simulation),,not_a_recipe_field,present,present,present,
10.1039_d0cp03358h,F10f/2000 cycles,10.1039_d0cp03358h-E067,SimulationRun,feature_height,,500 nm,,"feature_height is varied by a panel/series of this figure, so a figure-scope value is one panel's setting and cannot be applied to this entity",,,,,figure,,True,True,False,ambiguous_withheld,candidates_preserved,False,withheld,candidates_preserved,present,n/a,applicability
10.1039_d0cp03358h,F11a/0.1 s,10.1039_d0cp03358h-E068,ExperimentalProfile,pulse_time,TMA,0.1,s,0.1 s,series label '0.1 s' (axis 'TMA pulse time'),series_label,direct,experimental_condition,series,series,True,True,True,bound,present,True,not_a_recipe_field,present,present,present,
10.1039_d0cp03358h,F11a/0.1 s,10.1039_d0cp03358h-E068,ExperimentalProfile,deposition_temperature,,300,°C,grown at 300 °C,figure 11 caption,caption,direct,experimental_condition,figure,figure,True,True,True,bound,present,True,present,present,present,present,
10.1039_d0cp03358h,F11a/0.1 s,10.1039_d0cp03358h-E068,ExperimentalProfile,feature_height,,500,nm,channel height of 500 nm,document.md near Fig 11,body,direct,experimental_condition,figure,figure,True,True,True,bound,present,True,not_a_recipe_field,present,present,present,
10.1039_d0cp03358h,F11a/0.1 s,10.1039_d0cp03358h-E068,ExperimentalProfile,working_pressure,,3,hPa,process pressure was ca. 3 hPa,methods section,methods,approximate,experimental_condition,method,method,True,True,True,bound,present,True,not_a_recipe_field,present,present,present,
10.1039_d0cp03358h,F11a/0.1 s,10.1039_d0cp03358h-E068,ExperimentalProfile,cycle_number,,500,cycle,500 ALD cycles,methods section,methods,approximate,experimental_condition,method,method,True,True,True,bound,present,True,present,present,present,present,
10.1039_d0cp03358h,F11a/0.1 s,10.1039_d0cp03358h-E068,ExperimentalProfile,flow_rate,N2,150,sccm,flow rate of 150 sccm,methods section,methods,approximate,experimental_condition,method,method,True,True,True,bound,present,True,present,present,present,present,
10.1039_d0cp03358h,F11a/0.2 s,10.1039_d0cp03358h-E069,ExperimentalProfile,pulse_time,TMA,0.2,s,0.2 s,series label '0.2 s' (axis 'TMA pulse time'),series_label,direct,experimental_condition,series,series,True,True,True,bound,present,True,not_a_recipe_field,present,present,present,
10.1039_d0cp03358h,F11a/0.2 s,10.1039_d0cp03358h-E069,ExperimentalProfile,deposition_temperature,,300,°C,grown at 300 °C,figure 11 caption,caption,direct,experimental_condition,figure,figure,True,True,True,bound,present,True,present,present,present,present,
10.1039_d0cp03358h,F11a/0.2 s,10.1039_d0cp03358h-E069,ExperimentalProfile,feature_height,,500,nm,channel height of 500 nm,document.md near Fig 11,body,direct,experimental_condition,figure,figure,True,True,True,bound,present,True,not_a_recipe_field,present,present,present,
10.1039_d0cp03358h,F11a/0.2 s,10.1039_d0cp03358h-E069,ExperimentalProfile,working_pressure,,3,hPa,process pressure was ca. 3 hPa,methods section,methods,approximate,experimental_condition,method,method,True,True,True,bound,present,True,not_a_recipe_field,present,present,present,
10.1039_d0cp03358h,F11a/0.2 s,10.1039_d0cp03358h-E069,ExperimentalProfile,cycle_number,,500,cycle,500 ALD cycles,methods section,methods,approximate,experimental_condition,method,method,True,True,True,bound,present,True,present,present,present,present,
10.1039_d0cp03358h,F11a/0.2 s,10.1039_d0cp03358h-E069,ExperimentalProfile,flow_rate,N2,150,sccm,flow rate of 150 sccm,methods section,methods,approximate,experimental_condition,method,method,True,True,True,bound,present,True,present,present,present,present,
10.1039_d0cp03358h,F11a/0.4 s,10.1039_d0cp03358h-E070,ExperimentalProfile,pulse_time,TMA,0.4,s,0.4 s,series label '0.4 s' (axis 'TMA pulse time'),series_label,direct,experimental_condition,series,series,True,True,True,bound,present,True,not_a_recipe_field,present,present,present,
10.1039_d0cp03358h,F11a/0.4 s,10.1039_d0cp03358h-E070,ExperimentalProfile,deposition_temperature,,300,°C,grown at 300 °C,figure 11 caption,caption,direct,experimental_condition,figure,figure,True,True,True,bound,present,True,present,present,present,present,
10.1039_d0cp03358h,F11a/0.4 s,10.1039_d0cp03358h-E070,ExperimentalProfile,feature_height,,500,nm,channel height of 500 nm,document.md near Fig 11,body,direct,experimental_condition,figure,figure,True,True,True,bound,present,True,not_a_recipe_field,present,present,present,
10.1039_d0cp03358h,F11a/0.4 s,10.1039_d0cp03358h-E070,ExperimentalProfile,working_pressure,,3,hPa,process pressure was ca. 3 hPa,methods section,methods,approximate,experimental_condition,method,method,True,True,True,bound,present,True,not_a_recipe_field,present,present,present,
10.1039_d0cp03358h,F11a/0.4 s,10.1039_d0cp03358h-E070,ExperimentalProfile,cycle_number,,500,cycle,500 ALD cycles,methods section,methods,approximate,experimental_condition,method,method,True,True,True,bound,present,True,present,present,present,present,
10.1039_d0cp03358h,F11a/0.4 s,10.1039_d0cp03358h-E070,ExperimentalProfile,flow_rate,N2,150,sccm,flow rate of 150 sccm,methods section,methods,approximate,experimental_condition,method,method,True,True,True,bound,present,True,present,present,present,present,
10.1039_d0cp03358h,F11b/1 s,10.1039_d0cp03358h-E071,ExperimentalProfile,purge_time,,1,s,1 s,series label '1 s' (axis 'purge time'),series_label,direct,experimental_condition,series,series,True,True,True,bound,present,True,not_a_recipe_field,present,present,present,
10.1039_d0cp03358h,F11b/1 s,10.1039_d0cp03358h-E071,ExperimentalProfile,deposition_temperature,,300,°C,grown at 300 °C,figure 11 caption,caption,direct,experimental_condition,figure,figure,True,True,True,bound,present,True,present,present,present,present,
10.1039_d0cp03358h,F11b/1 s,10.1039_d0cp03358h-E071,ExperimentalProfile,feature_height,,500,nm,channel height of 500 nm,document.md near Fig 11,body,direct,experimental_condition,figure,figure,True,True,True,bound,present,True,not_a_recipe_field,present,present,present,
10.1039_d0cp03358h,F11b/1 s,10.1039_d0cp03358h-E071,ExperimentalProfile,working_pressure,,3,hPa,process pressure was ca. 3 hPa,methods section,methods,approximate,experimental_condition,method,method,True,True,True,bound,present,True,not_a_recipe_field,present,present,present,
10.1039_d0cp03358h,F11b/1 s,10.1039_d0cp03358h-E071,ExperimentalProfile,cycle_number,,500,cycle,500 ALD cycles,methods section,methods,approximate,experimental_condition,method,method,True,True,True,bound,present,True,present,present,present,present,
10.1039_d0cp03358h,F11b/1 s,10.1039_d0cp03358h-E071,ExperimentalProfile,flow_rate,N2,150,sccm,flow rate of 150 sccm,methods section,methods,approximate,experimental_condition,method,method,True,True,True,bound,present,True,present,present,present,present,
10.1039_d0cp03358h,F11b/1 s,10.1039_d0cp03358h-E071,ExperimentalProfile,pulse_time,TMA,0.4 s,,"pulse_time is varied by a panel/series of this figure, so a figure-scope value is one panel's setting and cannot be applied to this entity",,,,,figure,,True,True,False,ambiguous_withheld,candidates_preserved,False,withheld,candidates_preserved,present,n/a,applicability
10.1039_d0cp03358h,F11b/4 s,10.1039_d0cp03358h-E072,ExperimentalProfile,purge_time,,4,s,4 s,series label '4 s' (axis 'purge time'),series_label,direct,experimental_condition,series,series,True,True,True,bound,present,True,not_a_recipe_field,present,present,present,
10.1039_d0cp03358h,F11b/4 s,10.1039_d0cp03358h-E072,ExperimentalProfile,deposition_temperature,,300,°C,grown at 300 °C,figure 11 caption,caption,direct,experimental_condition,figure,figure,True,True,True,bound,present,True,present,present,present,present,
10.1039_d0cp03358h,F11b/4 s,10.1039_d0cp03358h-E072,ExperimentalProfile,feature_height,,500,nm,channel height of 500 nm,document.md near Fig 11,body,direct,experimental_condition,figure,figure,True,True,True,bound,present,True,not_a_recipe_field,present,present,present,
10.1039_d0cp03358h,F11b/4 s,10.1039_d0cp03358h-E072,ExperimentalProfile,working_pressure,,3,hPa,process pressure was ca. 3 hPa,methods section,methods,approximate,experimental_condition,method,method,True,True,True,bound,present,True,not_a_recipe_field,present,present,present,
10.1039_d0cp03358h,F11b/4 s,10.1039_d0cp03358h-E072,ExperimentalProfile,cycle_number,,500,cycle,500 ALD cycles,methods section,methods,approximate,experimental_condition,method,method,True,True,True,bound,present,True,present,present,present,present,
10.1039_d0cp03358h,F11b/4 s,10.1039_d0cp03358h-E072,ExperimentalProfile,flow_rate,N2,150,sccm,flow rate of 150 sccm,methods section,methods,approximate,experimental_condition,method,method,True,True,True,bound,present,True,present,present,present,present,
10.1039_d0cp03358h,F11b/4 s,10.1039_d0cp03358h-E072,ExperimentalProfile,pulse_time,TMA,0.4 s,,"pulse_time is varied by a panel/series of this figure, so a figure-scope value is one panel's setting and cannot be applied to this entity",,,,,figure,,True,True,False,ambiguous_withheld,candidates_preserved,False,withheld,candidates_preserved,present,n/a,applicability
10.1039_d0cp03358h,F11b/10 s,10.1039_d0cp03358h-E073,ExperimentalProfile,purge_time,,10,s,10 s,series label '10 s' (axis 'purge time'),series_label,direct,experimental_condition,series,series,True,True,True,bound,present,True,not_a_recipe_field,present,present,present,
10.1039_d0cp03358h,F11b/10 s,10.1039_d0cp03358h-E073,ExperimentalProfile,deposition_temperature,,300,°C,grown at 300 °C,figure 11 caption,caption,direct,experimental_condition,figure,figure,True,True,True,bound,present,True,present,present,present,present,
10.1039_d0cp03358h,F11b/10 s,10.1039_d0cp03358h-E073,ExperimentalProfile,feature_height,,500,nm,channel height of 500 nm,document.md near Fig 11,body,direct,experimental_condition,figure,figure,True,True,True,bound,present,True,not_a_recipe_field,present,present,present,
10.1039_d0cp03358h,F11b/10 s,10.1039_d0cp03358h-E073,ExperimentalProfile,working_pressure,,3,hPa,process pressure was ca. 3 hPa,methods section,methods,approximate,experimental_condition,method,method,True,True,True,bound,present,True,not_a_recipe_field,present,present,present,
10.1039_d0cp03358h,F11b/10 s,10.1039_d0cp03358h-E073,ExperimentalProfile,cycle_number,,500,cycle,500 ALD cycles,methods section,methods,approximate,experimental_condition,method,method,True,True,True,bound,present,True,present,present,present,present,
10.1039_d0cp03358h,F11b/10 s,10.1039_d0cp03358h-E073,ExperimentalProfile,flow_rate,N2,150,sccm,flow rate of 150 sccm,methods section,methods,approximate,experimental_condition,method,method,True,True,True,bound,present,True,present,present,present,present,
10.1039_d0cp03358h,F11b/10 s,10.1039_d0cp03358h-E073,ExperimentalProfile,pulse_time,TMA,0.4 s,,"pulse_time is varied by a panel/series of this figure, so a figure-scope value is one panel's setting and cannot be applied to this entity",,,,,figure,,True,True,False,ambiguous_withheld,candidates_preserved,False,withheld,candidates_preserved,present,n/a,applicability
10.1039_d3dt01824e,F2a/Si,10.1039_d3dt01824e-E000,ExperimentSeries,temperature,,200,°C,200 °C,figure caption,caption,direct,experimental_condition,figure,figure,True,True,True,bound,present,True,not_a_recipe_field,present,present,present,
10.1039_d3dt01824e,F2a/Si,10.1039_d3dt01824e-E000,ExperimentSeries,cycle_number,,1000,cycle,1000 ALD cycles,document.md near Fig 2,body,direct,experimental_condition,figure,figure,True,True,True,bound,present,True,present,present,present,present,
10.1039_d3dt01824e,F2a/Si,10.1039_d3dt01824e-E000,ExperimentSeries,working_pressure,,-8,Torr,chamber pressure was maintained at 3 -8 Torr,methods section,methods,direct,experimental_condition,method,method,True,True,True,bound,present,True,not_a_recipe_field,present,present,present,
10.1039_d3dt01824e,F2a/Si,10.1039_d3dt01824e-E000,ExperimentSeries,deposition_temperature,,-275,°C,substrate temperatures of 150 -275 °C,methods section,methods,direct,experimental_condition,method,method,True,True,True,bound,present,True,present,present,present,present,
10.1039_d3dt01824e,F2a/Si,10.1039_d3dt01824e-E000,ExperimentSeries,flow_rate,N2,80,sccm,80 sccm,methods section,methods,direct,experimental_condition,method,method,True,True,True,bound,present,True,present,present,present,present,
10.1039_d3dt01824e,F2a/Si,10.1039_d3dt01824e-E000,ExperimentSeries,flow_rate,,150,sccm,150 sccm,methods section,methods,direct,experimental_condition,method,method,True,True,True,bound,present,True,present,present,present,present,
10.1039_d3dt01824e,F2a/Si,10.1039_d3dt01824e-E000,ExperimentSeries,purge_time,,10.0 s; 5.0 s; 8.0 s,,"3 distinct purge_time values at figure scope; no narrower evidence distinguishes them, so none is applied",,,,,figure,,True,True,False,ambiguous_withheld,candidates_preserved,False,withheld,candidates_preserved,present,n/a,applicability
10.1039_d3dt01824e,F2a/Si,10.1039_d3dt01824e-E000,ExperimentSeries,pulse_time,H2O,0.2 s; 5.0 s,,"2 distinct pulse_time values at figure scope; no narrower evidence distinguishes them, so none is applied",,,,,figure,,True,True,False,ambiguous_withheld,candidates_preserved,False,withheld,candidates_preserved,present,n/a,applicability
10.1039_d3dt01824e,F2a/Si,10.1039_d3dt01824e-E000,ExperimentSeries,growth_per_cycle,,0.14 Å/cycle; 0.25 Å/cycle,,"2 distinct growth_per_cycle values at figure scope; no narrower evidence distinguishes them, so none is applied",,,,,figure,,True,True,False,ambiguous_withheld,candidates_preserved,False,withheld,candidates_preserved,present,n/a,applicability
10.1039_d3dt01824e,F2a/SiO2,10.1039_d3dt01824e-E001,ExperimentSeries,temperature,,200,°C,200 °C,figure caption,caption,direct,experimental_condition,figure,figure,True,True,True,bound,present,True,not_a_recipe_field,present,present,present,
10.1039_d3dt01824e,F2a/SiO2,10.1039_d3dt01824e-E001,ExperimentSeries,cycle_number,,1000,cycle,1000 ALD cycles,document.md near Fig 2,body,direct,experimental_condition,figure,figure,True,True,True,bound,present,True,present,present,present,present,
10.1039_d3dt01824e,F2a/SiO2,10.1039_d3dt01824e-E001,ExperimentSeries,working_pressure,,-8,Torr,chamber pressure was maintained at 3 -8 Torr,methods section,methods,direct,experimental_condition,method,method,True,True,True,bound,present,True,not_a_recipe_field,present,present,present,
10.1039_d3dt01824e,F2a/SiO2,10.1039_d3dt01824e-E001,ExperimentSeries,deposition_temperature,,-275,°C,substrate temperatures of 150 -275 °C,methods section,methods,direct,experimental_condition,method,method,True,True,True,bound,present,True,present,present,present,present,
10.1039_d3dt01824e,F2a/SiO2,10.1039_d3dt01824e-E001,ExperimentSeries,flow_rate,N2,80,sccm,80 sccm,methods section,methods,direct,experimental_condition,method,method,True,True,True,bound,present,True,present,present,present,present,
10.1039_d3dt01824e,F2a/SiO2,10.1039_d3dt01824e-E001,ExperimentSeries,flow_rate,,150,sccm,150 sccm,methods section,methods,direct,experimental_condition,method,method,True,True,True,bound,present,True,present,present,present,present,
10.1039_d3dt01824e,F2a/SiO2,10.1039_d3dt01824e-E001,ExperimentSeries,purge_time,,10.0 s; 5.0 s; 8.0 s,,"3 distinct purge_time values at figure scope; no narrower evidence distinguishes them, so none is applied",,,,,figure,,True,True,False,ambiguous_withheld,candidates_preserved,False,withheld,candidates_preserved,present,n/a,applicability
10.1039_d3dt01824e,F2a/SiO2,10.1039_d3dt01824e-E001,ExperimentSeries,pulse_time,H2O,0.2 s; 5.0 s,,"2 distinct pulse_time values at figure scope; no narrower evidence distinguishes them, so none is applied",,,,,figure,,True,True,False,ambiguous_withheld,candidates_preserved,False,withheld,candidates_preserved,present,n/a,applicability
10.1039_d3dt01824e,F2a/SiO2,10.1039_d3dt01824e-E001,ExperimentSeries,growth_per_cycle,,0.14 Å/cycle; 0.25 Å/cycle,,"2 distinct growth_per_cycle values at figure scope; no narrower evidence distinguishes them, so none is applied",,,,,figure,,True,True,False,ambiguous_withheld,candidates_preserved,False,withheld,candidates_preserved,present,n/a,applicability
10.1039_d3dt01824e,F3a/Si,10.1039_d3dt01824e-E002,ExperimentSeries,temperature,,200,°C,200 °C,figure caption,caption,direct,experimental_condition,figure,figure,True,True,True,bound,present,True,not_a_recipe_field,present,present,present,
10.1039_d3dt01824e,F3a/Si,10.1039_d3dt01824e-E002,ExperimentSeries,cycle_number,,1000,cycle,1000 ALD cycles,document.md near Fig 3,body,direct,experimental_condition,figure,figure,True,True,True,bound,present,True,present,present,present,present,
10.1039_d3dt01824e,F3a/Si,10.1039_d3dt01824e-E002,ExperimentSeries,growth_per_cycle,,0.25,Å/cycle,0.25 Å per cycle,document.md near Fig 3,body,direct,experimental_condition,figure,figure,True,True,True,bound,present,True,not_a_recipe_field,present,present,present,
10.1039_d3dt01824e,F3a/Si,10.1039_d3dt01824e-E002,ExperimentSeries,working_pressure,,-8,Torr,chamber pressure was maintained at 3 -8 Torr,methods section,methods,direct,experimental_condition,method,method,True,True,True,bound,present,True,not_a_recipe_field,present,present,present,
10.1039_d3dt01824e,F3a/Si,10.1039_d3dt01824e-E002,ExperimentSeries,deposition_temperature,,-275,°C,substrate temperatures of 150 -275 °C,methods section,methods,direct,experimental_condition,method,method,True,True,True,bound,present,True,present,present,present,present,
10.1039_d3dt01824e,F3a/Si,10.1039_d3dt01824e-E002,ExperimentSeries,flow_rate,N2,80,sccm,80 sccm,methods section,methods,direct,experimental_condition,method,method,True,True,True,bound,present,True,present,present,present,present,
10.1039_d3dt01824e,F3a/Si,10.1039_d3dt01824e-E002,ExperimentSeries,flow_rate,,150,sccm,150 sccm,methods section,methods,direct,experimental_condition,method,method,True,True,True,bound,present,True,present,present,present,present,
10.1039_d3dt01824e,F3a/Si,10.1039_d3dt01824e-E002,ExperimentSeries,purge_time,,10.0 s; 5.0 s; 8.0 s,,"3 distinct purge_time values at figure scope; no narrower evidence distinguishes them, so none is applied",,,,,figure,,True,True,False,ambiguous_withheld,candidates_preserved,False,withheld,candidates_preserved,present,n/a,applicability
10.1039_d3dt01824e,F3a/Si,10.1039_d3dt01824e-E002,ExperimentSeries,pulse_time,H2O,0.2 s; 5.0 s,,"2 distinct pulse_time values at figure scope; no narrower evidence distinguishes them, so none is applied",,,,,figure,,True,True,False,ambiguous_withheld,candidates_preserved,False,withheld,candidates_preserved,present,n/a,applicability
10.1039_d3dt01824e,F3a/SiO2,10.1039_d3dt01824e-E003,ExperimentSeries,temperature,,200,°C,200 °C,figure caption,caption,direct,experimental_condition,figure,figure,True,True,True,bound,present,True,not_a_recipe_field,present,present,present,
10.1039_d3dt01824e,F3a/SiO2,10.1039_d3dt01824e-E003,ExperimentSeries,cycle_number,,1000,cycle,1000 ALD cycles,document.md near Fig 3,body,direct,experimental_condition,figure,figure,True,True,True,bound,present,True,present,present,present,present,
10.1039_d3dt01824e,F3a/SiO2,10.1039_d3dt01824e-E003,ExperimentSeries,growth_per_cycle,,0.25,Å/cycle,0.25 Å per cycle,document.md near Fig 3,body,direct,experimental_condition,figure,figure,True,True,True,bound,present,True,not_a_recipe_field,present,present,present,
10.1039_d3dt01824e,F3a/SiO2,10.1039_d3dt01824e-E003,ExperimentSeries,working_pressure,,-8,Torr,chamber pressure was maintained at 3 -8 Torr,methods section,methods,direct,experimental_condition,method,method,True,True,True,bound,present,True,not_a_recipe_field,present,present,present,
10.1039_d3dt01824e,F3a/SiO2,10.1039_d3dt01824e-E003,ExperimentSeries,deposition_temperature,,-275,°C,substrate temperatures of 150 -275 °C,methods section,methods,direct,experimental_condition,method,method,True,True,True,bound,present,True,present,present,present,present,
10.1039_d3dt01824e,F3a/SiO2,10.1039_d3dt01824e-E003,ExperimentSeries,flow_rate,N2,80,sccm,80 sccm,methods section,methods,direct,experimental_condition,method,method,True,True,True,bound,present,True,present,present,present,present,
10.1039_d3dt01824e,F3a/SiO2,10.1039_d3dt01824e-E003,ExperimentSeries,flow_rate,,150,sccm,150 sccm,methods section,methods,direct,experimental_condition,method,method,True,True,True,bound,present,True,present,present,present,present,
10.1039_d3dt01824e,F3a/SiO2,10.1039_d3dt01824e-E003,ExperimentSeries,purge_time,,10.0 s; 5.0 s; 8.0 s,,"3 distinct purge_time values at figure scope; no narrower evidence distinguishes them, so none is applied",,,,,figure,,True,True,False,ambiguous_withheld,candidates_preserved,False,withheld,candidates_preserved,present,n/a,applicability
10.1039_d3dt01824e,F3a/SiO2,10.1039_d3dt01824e-E003,ExperimentSeries,pulse_time,H2O,0.2 s; 5.0 s,,"2 distinct pulse_time values at figure scope; no narrower evidence distinguishes them, so none is applied",,,,,figure,,True,True,False,ambiguous_withheld,candidates_preserved,False,withheld,candidates_preserved,present,n/a,applicability
10.1039_d3dt01824e,F4a/Si,10.1039_d3dt01824e-E004,ExperimentSeries,deposition_temperature,,200,°C,substrate temperature of 200 °C,document.md near Fig 4,body,direct,experimental_condition,figure,figure,True,True,True,bound,present,True,present,present,present,present,
10.1039_d3dt01824e,F4a/Si,10.1039_d3dt01824e-E004,ExperimentSeries,cycle_number,,200,cycle,200 cycles,document.md near Fig 4,body,approximate,experimental_condition,figure,figure,True,True,True,bound,present,True,present,present,present,present,
10.1039_d3dt01824e,F4a/Si,10.1039_d3dt01824e-E004,ExperimentSeries,purge_time,,8.0,s,purge (8.0 s,document.md near Fig 4,body,direct,experimental_condition,figure,figure,True,True,True,bound,present,True,not_a_recipe_field,present,present,present,
10.1039_d3dt01824e,F4a/Si,10.1039_d3dt01824e-E004,ExperimentSeries,working_pressure,,-8,Torr,chamber pressure was maintained at 3 -8 Torr,methods section,methods,direct,experimental_condition,method,method,True,True,True,bound,present,True,not_a_recipe_field,present,present,present,
10.1039_d3dt01824e,F4a/Si,10.1039_d3dt01824e-E004,ExperimentSeries,flow_rate,N2,80,sccm,80 sccm,methods section,methods,direct,experimental_condition,method,method,True,True,True,bound,present,True,present,present,present,present,
10.1039_d3dt01824e,F4a/Si,10.1039_d3dt01824e-E004,ExperimentSeries,flow_rate,,150,sccm,150 sccm,methods section,methods,direct,experimental_condition,method,method,True,True,True,bound,present,True,present,present,present,present,
10.1039_d3dt01824e,F4a/Si,10.1039_d3dt01824e-E004,ExperimentSeries,growth_per_cycle,,0.25 Å/cycle; 0.51 Å/cycle; 1.1 Å/cycle; 1.5 Å/cycle,,"4 distinct growth_per_cycle values at figure scope; no narrower evidence distinguishes them, so none is applied",,,,,figure,,True,True,False,ambiguous_withheld,candidates_preserved,False,withheld,candidates_preserved,present,n/a,applicability
10.1039_d3dt01824e,F4a/SiO2,10.1039_d3dt01824e-E005,ExperimentSeries,deposition_temperature,,200,°C,substrate temperature of 200 °C,document.md near Fig 4,body,direct,experimental_condition,figure,figure,True,True,True,bound,present,True,present,present,present,present,
10.1039_d3dt01824e,F4a/SiO2,10.1039_d3dt01824e-E005,ExperimentSeries,cycle_number,,200,cycle,200 cycles,document.md near Fig 4,body,approximate,experimental_condition,figure,figure,True,True,True,bound,present,True,present,present,present,present,
10.1039_d3dt01824e,F4a/SiO2,10.1039_d3dt01824e-E005,ExperimentSeries,purge_time,,8.0,s,purge (8.0 s,document.md near Fig 4,body,direct,experimental_condition,figure,figure,True,True,True,bound,present,True,not_a_recipe_field,present,present,present,
10.1039_d3dt01824e,F4a/SiO2,10.1039_d3dt01824e-E005,ExperimentSeries,working_pressure,,-8,Torr,chamber pressure was maintained at 3 -8 Torr,methods section,methods,direct,experimental_condition,method,method,True,True,True,bound,present,True,not_a_recipe_field,present,present,present,
10.1039_d3dt01824e,F4a/SiO2,10.1039_d3dt01824e-E005,ExperimentSeries,flow_rate,N2,80,sccm,80 sccm,methods section,methods,direct,experimental_condition,method,method,True,True,True,bound,present,True,present,present,present,present,
10.1039_d3dt01824e,F4a/SiO2,10.1039_d3dt01824e-E005,ExperimentSeries,flow_rate,,150,sccm,150 sccm,methods section,methods,direct,experimental_condition,method,method,True,True,True,bound,present,True,present,present,present,present,
10.1039_d3dt01824e,F4a/SiO2,10.1039_d3dt01824e-E005,ExperimentSeries,growth_per_cycle,,0.25 Å/cycle; 0.51 Å/cycle; 1.1 Å/cycle; 1.5 Å/cycle,,"4 distinct growth_per_cycle values at figure scope; no narrower evidence distinguishes them, so none is applied",,,,,figure,,True,True,False,ambiguous_withheld,candidates_preserved,False,withheld,candidates_preserved,present,n/a,applicability
10.1039_d3dt01824e,F7a/150 °C,10.1039_d3dt01824e-E006,MultiOutputMeasurement,temperature,,150,°C,150 °C,series label '150 °C' (axis ''),series_label,direct,experimental_condition,series,series,True,True,True,bound,present,True,not_a_recipe_field,present,present,present,
10.1039_d3dt01824e,F7a/150 °C,10.1039_d3dt01824e-E006,MultiOutputMeasurement,cycle_number,,1000,cycle,1000 cycles,figure 7 caption,caption,direct,experimental_condition,figure,figure,True,True,True,bound,present,True,present,present,present,present,
10.1039_d3dt01824e,F7a/150 °C,10.1039_d3dt01824e-E006,MultiOutputMeasurement,deposition_temperature,,200,°C,substrate temperature of 200 °C,document.md near Fig 7,body,direct,experimental_condition,figure,figure,True,True,True,bound,present,True,present,present,present,present,
10.1039_d3dt01824e,F7a/150 °C,10.1039_d3dt01824e-E006,MultiOutputMeasurement,working_pressure,,-8,Torr,chamber pressure was maintained at 3 -8 Torr,methods section,methods,direct,experimental_condition,method,method,True,True,True,bound,present,True,not_a_recipe_field,present,present,present,
10.1039_d3dt01824e,F7a/150 °C,10.1039_d3dt01824e-E006,MultiOutputMeasurement,flow_rate,N2,80,sccm,80 sccm,methods section,methods,direct,experimental_condition,method,method,True,True,True,bound,present,True,present,present,present,present,
10.1039_d3dt01824e,F7a/150 °C,10.1039_d3dt01824e-E006,MultiOutputMeasurement,flow_rate,,150,sccm,150 sccm,methods section,methods,direct,experimental_condition,method,method,True,True,True,bound,present,True,present,present,present,present,
10.1039_d3dt01824e,F7b/200 °C,10.1039_d3dt01824e-E007,MultiOutputMeasurement,temperature,,250,°C,250 °C,figure caption,caption,direct,experimental_condition,figure,figure,True,True,True,bound,present,True,not_a_recipe_field,present,present,present,
10.1039_d3dt01824e,F7b/200 °C,10.1039_d3dt01824e-E007,MultiOutputMeasurement,cycle_number,,1000,cycle,1000 cycles,figure 7 caption,caption,direct,experimental_condition,figure,figure,True,True,True,bound,present,True,present,present,present,present,
10.1039_d3dt01824e,F7b/200 °C,10.1039_d3dt01824e-E007,MultiOutputMeasurement,deposition_temperature,,200,°C,substrate temperature of 200 °C,document.md near Fig 7,body,direct,experimental_condition,figure,figure,True,True,True,bound,present,True,present,present,present,present,
10.1039_d3dt01824e,F7b/200 °C,10.1039_d3dt01824e-E007,MultiOutputMeasurement,working_pressure,,-8,Torr,chamber pressure was maintained at 3 -8 Torr,methods section,methods,direct,experimental_condition,method,method,True,True,True,bound,present,True,not_a_recipe_field,present,present,present,
10.1039_d3dt01824e,F7b/200 °C,10.1039_d3dt01824e-E007,MultiOutputMeasurement,flow_rate,N2,80,sccm,80 sccm,methods section,methods,direct,experimental_condition,method,method,True,True,True,bound,present,True,present,present,present,present,
10.1039_d3dt01824e,F7b/200 °C,10.1039_d3dt01824e-E007,MultiOutputMeasurement,flow_rate,,150,sccm,150 sccm,methods section,methods,direct,experimental_condition,method,method,True,True,True,bound,present,True,present,present,present,present,
10.1039_d3dt01824e,F7c/250 °C,10.1039_d3dt01824e-E008,MultiOutputMeasurement,temperature,,250,°C,250 °C,series label '250 °C' (axis ''),series_label,direct,experimental_condition,series,series,True,True,True,bound,present,True,not_a_recipe_field,present,present,present,
10.1039_d3dt01824e,F7c/250 °C,10.1039_d3dt01824e-E008,MultiOutputMeasurement,cycle_number,,1000,cycle,1000 cycles,figure 7 caption,caption,direct,experimental_condition,figure,figure,True,True,True,bound,present,True,present,present,present,present,
10.1039_d3dt01824e,F7c/250 °C,10.1039_d3dt01824e-E008,MultiOutputMeasurement,deposition_temperature,,200,°C,substrate temperature of 200 °C,document.md near Fig 7,body,direct,experimental_condition,figure,figure,True,True,True,bound,present,True,present,present,present,present,
10.1039_d3dt01824e,F7c/250 °C,10.1039_d3dt01824e-E008,MultiOutputMeasurement,working_pressure,,-8,Torr,chamber pressure was maintained at 3 -8 Torr,methods section,methods,direct,experimental_condition,method,method,True,True,True,bound,present,True,not_a_recipe_field,present,present,present,
10.1039_d3dt01824e,F7c/250 °C,10.1039_d3dt01824e-E008,MultiOutputMeasurement,flow_rate,N2,80,sccm,80 sccm,methods section,methods,direct,experimental_condition,method,method,True,True,True,bound,present,True,present,present,present,present,
10.1039_d3dt01824e,F7c/250 °C,10.1039_d3dt01824e-E008,MultiOutputMeasurement,flow_rate,,150,sccm,150 sccm,methods section,methods,direct,experimental_condition,method,method,True,True,True,bound,present,True,present,present,present,present,
10.1039_d3dt01824e,F7d/<single>,10.1039_d3dt01824e-E009,MultiOutputMeasurement,temperature,,250,°C,250 °C,figure caption,caption,direct,experimental_condition,figure,figure,True,True,True,bound,present,True,not_a_recipe_field,present,present,present,
10.1039_d3dt01824e,F7d/<single>,10.1039_d3dt01824e-E009,MultiOutputMeasurement,cycle_number,,1000,cycle,1000 cycles,figure 7 caption,caption,direct,experimental_condition,figure,figure,True,True,True,bound,present,True,present,present,present,present,
10.1039_d3dt01824e,F7d/<single>,10.1039_d3dt01824e-E009,MultiOutputMeasurement,deposition_temperature,,200,°C,substrate temperature of 200 °C,document.md near Fig 7,body,direct,experimental_condition,figure,figure,True,True,True,bound,present,True,present,present,present,present,
10.1039_d3dt01824e,F7d/<single>,10.1039_d3dt01824e-E009,MultiOutputMeasurement,working_pressure,,-8,Torr,chamber pressure was maintained at 3 -8 Torr,methods section,methods,direct,experimental_condition,method,method,True,True,True,bound,present,True,not_a_recipe_field,present,present,present,
10.1039_d3dt01824e,F7d/<single>,10.1039_d3dt01824e-E009,MultiOutputMeasurement,flow_rate,N2,80,sccm,80 sccm,methods section,methods,direct,experimental_condition,method,method,True,True,True,bound,present,True,present,present,present,present,
10.1039_d3dt01824e,F7d/<single>,10.1039_d3dt01824e-E009,MultiOutputMeasurement,flow_rate,,150,sccm,150 sccm,methods section,methods,direct,experimental_condition,method,method,True,True,True,bound,present,True,present,present,present,present,
10.1039_d3dt01824e,F8a/ET=0 min,10.1039_d3dt01824e-E010,MultiOutputMeasurement,deposition_temperature,,200,°C,substrate temperature of 200 °C,document.md near Fig 8,body,direct,experimental_condition,figure,figure,True,True,True,bound,present,True,present,present,present,present,
10.1039_d3dt01824e,F8a/ET=0 min,10.1039_d3dt01824e-E010,MultiOutputMeasurement,cycle_number,,1500,cycle,1500 cycles,document.md near Fig 8,body,direct,experimental_condition,figure,figure,True,True,True,bound,present,True,present,present,present,present,
10.1039_d3dt01824e,F8a/ET=0 min,10.1039_d3dt01824e-E010,MultiOutputMeasurement,working_pressure,,-8,Torr,chamber pressure was maintained at 3 -8 Torr,methods section,methods,direct,experimental_condition,method,method,True,True,True,bound,present,True,not_a_recipe_field,present,present,present,
10.1039_d3dt01824e,F8a/ET=0 min,10.1039_d3dt01824e-E010,MultiOutputMeasurement,flow_rate,N2,80,sccm,80 sccm,methods section,methods,direct,experimental_condition,method,method,True,True,True,bound,present,True,present,present,present,present,
10.1039_d3dt01824e,F8a/ET=0 min,10.1039_d3dt01824e-E010,MultiOutputMeasurement,flow_rate,,150,sccm,150 sccm,methods section,methods,direct,experimental_condition,method,method,True,True,True,bound,present,True,present,present,present,present,
10.1039_d3dt01824e,F8a/ET=2min,10.1039_d3dt01824e-E011,MultiOutputMeasurement,deposition_temperature,,200,°C,substrate temperature of 200 °C,document.md near Fig 8,body,direct,experimental_condition,figure,figure,True,True,True,bound,present,True,present,present,present,present,
10.1039_d3dt01824e,F8a/ET=2min,10.1039_d3dt01824e-E011,MultiOutputMeasurement,cycle_number,,1500,cycle,1500 cycles,document.md near Fig 8,body,direct,experimental_condition,figure,figure,True,True,True,bound,present,True,present,present,present,present,
10.1039_d3dt01824e,F8a/ET=2min,10.1039_d3dt01824e-E011,MultiOutputMeasurement,working_pressure,,-8,Torr,chamber pressure was maintained at 3 -8 Torr,methods section,methods,direct,experimental_condition,method,method,True,True,True,bound,present,True,not_a_recipe_field,present,present,present,
10.1039_d3dt01824e,F8a/ET=2min,10.1039_d3dt01824e-E011,MultiOutputMeasurement,flow_rate,N2,80,sccm,80 sccm,methods section,methods,direct,experimental_condition,method,method,True,True,True,bound,present,True,present,present,present,present,
10.1039_d3dt01824e,F8a/ET=2min,10.1039_d3dt01824e-E011,MultiOutputMeasurement,flow_rate,,150,sccm,150 sccm,methods section,methods,direct,experimental_condition,method,method,True,True,True,bound,present,True,present,present,present,present,
10.1039_d3dt01824e,F8a/ET=5 min,10.1039_d3dt01824e-E012,MultiOutputMeasurement,deposition_temperature,,200,°C,substrate temperature of 200 °C,document.md near Fig 8,body,direct,experimental_condition,figure,figure,True,True,True,bound,present,True,present,present,present,present,
10.1039_d3dt01824e,F8a/ET=5 min,10.1039_d3dt01824e-E012,MultiOutputMeasurement,cycle_number,,1500,cycle,1500 cycles,document.md near Fig 8,body,direct,experimental_condition,figure,figure,True,True,True,bound,present,True,present,present,present,present,
10.1039_d3dt01824e,F8a/ET=5 min,10.1039_d3dt01824e-E012,MultiOutputMeasurement,working_pressure,,-8,Torr,chamber pressure was maintained at 3 -8 Torr,methods section,methods,direct,experimental_condition,method,method,True,True,True,bound,present,True,not_a_recipe_field,present,present,present,
10.1039_d3dt01824e,F8a/ET=5 min,10.1039_d3dt01824e-E012,MultiOutputMeasurement,flow_rate,N2,80,sccm,80 sccm,methods section,methods,direct,experimental_condition,method,method,True,True,True,bound,present,True,present,present,present,present,
10.1039_d3dt01824e,F8a/ET=5 min,10.1039_d3dt01824e-E012,MultiOutputMeasurement,flow_rate,,150,sccm,150 sccm,methods section,methods,direct,experimental_condition,method,method,True,True,True,bound,present,True,present,present,present,present,
10.1039_d3dt01824e,F8a/ET=10 min,10.1039_d3dt01824e-E013,MultiOutputMeasurement,deposition_temperature,,200,°C,substrate temperature of 200 °C,document.md near Fig 8,body,direct,experimental_condition,figure,figure,True,True,True,bound,present,True,present,present,present,present,
10.1039_d3dt01824e,F8a/ET=10 min,10.1039_d3dt01824e-E013,MultiOutputMeasurement,cycle_number,,1500,cycle,1500 cycles,document.md near Fig 8,body,direct,experimental_condition,figure,figure,True,True,True,bound,present,True,present,present,present,present,
10.1039_d3dt01824e,F8a/ET=10 min,10.1039_d3dt01824e-E013,MultiOutputMeasurement,working_pressure,,-8,Torr,chamber pressure was maintained at 3 -8 Torr,methods section,methods,direct,experimental_condition,method,method,True,True,True,bound,present,True,not_a_recipe_field,present,present,present,
10.1039_d3dt01824e,F8a/ET=10 min,10.1039_d3dt01824e-E013,MultiOutputMeasurement,flow_rate,N2,80,sccm,80 sccm,methods section,methods,direct,experimental_condition,method,method,True,True,True,bound,present,True,present,present,present,present,
10.1039_d3dt01824e,F8a/ET=10 min,10.1039_d3dt01824e-E013,MultiOutputMeasurement,flow_rate,,150,sccm,150 sccm,methods section,methods,direct,experimental_condition,method,method,True,True,True,bound,present,True,present,present,present,present,
10.1039_d3dt01824e,F8a/ET=15 min,10.1039_d3dt01824e-E014,MultiOutputMeasurement,deposition_temperature,,200,°C,substrate temperature of 200 °C,document.md near Fig 8,body,direct,experimental_condition,figure,figure,True,True,True,bound,present,True,present,present,present,present,
10.1039_d3dt01824e,F8a/ET=15 min,10.1039_d3dt01824e-E014,MultiOutputMeasurement,cycle_number,,1500,cycle,1500 cycles,document.md near Fig 8,body,direct,experimental_condition,figure,figure,True,True,True,bound,present,True,present,present,present,present,
10.1039_d3dt01824e,F8a/ET=15 min,10.1039_d3dt01824e-E014,MultiOutputMeasurement,working_pressure,,-8,Torr,chamber pressure was maintained at 3 -8 Torr,methods section,methods,direct,experimental_condition,method,method,True,True,True,bound,present,True,not_a_recipe_field,present,present,present,
10.1039_d3dt01824e,F8a/ET=15 min,10.1039_d3dt01824e-E014,MultiOutputMeasurement,flow_rate,N2,80,sccm,80 sccm,methods section,methods,direct,experimental_condition,method,method,True,True,True,bound,present,True,present,present,present,present,
10.1039_d3dt01824e,F8a/ET=15 min,10.1039_d3dt01824e-E014,MultiOutputMeasurement,flow_rate,,150,sccm,150 sccm,methods section,methods,direct,experimental_condition,method,method,True,True,True,bound,present,True,present,present,present,present,
10.1039_d3dt01824e,F8b/ET=0min,10.1039_d3dt01824e-E015,MultiOutputMeasurement,deposition_temperature,,200,°C,substrate temperature of 200 °C,document.md near Fig 8,body,direct,experimental_condition,figure,figure,True,True,True,bound,present,True,present,present,present,present,
10.1039_d3dt01824e,F8b/ET=0min,10.1039_d3dt01824e-E015,MultiOutputMeasurement,cycle_number,,1500,cycle,1500 cycles,document.md near Fig 8,body,direct,experimental_condition,figure,figure,True,True,True,bound,present,True,present,present,present,present,
10.1039_d3dt01824e,F8b/ET=0min,10.1039_d3dt01824e-E015,MultiOutputMeasurement,working_pressure,,-8,Torr,chamber pressure was maintained at 3 -8 Torr,methods section,methods,direct,experimental_condition,method,method,True,True,True,bound,present,True,not_a_recipe_field,present,present,present,
10.1039_d3dt01824e,F8b/ET=0min,10.1039_d3dt01824e-E015,MultiOutputMeasurement,flow_rate,N2,80,sccm,80 sccm,methods section,methods,direct,experimental_condition,method,method,True,True,True,bound,present,True,present,present,present,present,
10.1039_d3dt01824e,F8b/ET=0min,10.1039_d3dt01824e-E015,MultiOutputMeasurement,flow_rate,,150,sccm,150 sccm,methods section,methods,direct,experimental_condition,method,method,True,True,True,bound,present,True,present,present,present,present,
10.1039_d3dt01824e,F8b/ET=2min,10.1039_d3dt01824e-E016,MultiOutputMeasurement,deposition_temperature,,200,°C,substrate temperature of 200 °C,document.md near Fig 8,body,direct,experimental_condition,figure,figure,True,True,True,bound,present,True,present,present,present,present,
10.1039_d3dt01824e,F8b/ET=2min,10.1039_d3dt01824e-E016,MultiOutputMeasurement,cycle_number,,1500,cycle,1500 cycles,document.md near Fig 8,body,direct,experimental_condition,figure,figure,True,True,True,bound,present,True,present,present,present,present,
10.1039_d3dt01824e,F8b/ET=2min,10.1039_d3dt01824e-E016,MultiOutputMeasurement,working_pressure,,-8,Torr,chamber pressure was maintained at 3 -8 Torr,methods section,methods,direct,experimental_condition,method,method,True,True,True,bound,present,True,not_a_recipe_field,present,present,present,
10.1039_d3dt01824e,F8b/ET=2min,10.1039_d3dt01824e-E016,MultiOutputMeasurement,flow_rate,N2,80,sccm,80 sccm,methods section,methods,direct,experimental_condition,method,method,True,True,True,bound,present,True,present,present,present,present,
10.1039_d3dt01824e,F8b/ET=2min,10.1039_d3dt01824e-E016,MultiOutputMeasurement,flow_rate,,150,sccm,150 sccm,methods section,methods,direct,experimental_condition,method,method,True,True,True,bound,present,True,present,present,present,present,
10.1039_d3dt01824e,F8b/ET=5min,10.1039_d3dt01824e-E017,MultiOutputMeasurement,deposition_temperature,,200,°C,substrate temperature of 200 °C,document.md near Fig 8,body,direct,experimental_condition,figure,figure,True,True,True,bound,present,True,present,present,present,present,
10.1039_d3dt01824e,F8b/ET=5min,10.1039_d3dt01824e-E017,MultiOutputMeasurement,cycle_number,,1500,cycle,1500 cycles,document.md near Fig 8,body,direct,experimental_condition,figure,figure,True,True,True,bound,present,True,present,present,present,present,
10.1039_d3dt01824e,F8b/ET=5min,10.1039_d3dt01824e-E017,MultiOutputMeasurement,working_pressure,,-8,Torr,chamber pressure was maintained at 3 -8 Torr,methods section,methods,direct,experimental_condition,method,method,True,True,True,bound,present,True,not_a_recipe_field,present,present,present,
10.1039_d3dt01824e,F8b/ET=5min,10.1039_d3dt01824e-E017,MultiOutputMeasurement,flow_rate,N2,80,sccm,80 sccm,methods section,methods,direct,experimental_condition,method,method,True,True,True,bound,present,True,present,present,present,present,
10.1039_d3dt01824e,F8b/ET=5min,10.1039_d3dt01824e-E017,MultiOutputMeasurement,flow_rate,,150,sccm,150 sccm,methods section,methods,direct,experimental_condition,method,method,True,True,True,bound,present,True,present,present,present,present,
10.1039_d3dt01824e,F8b/ET=10min,10.1039_d3dt01824e-E018,MultiOutputMeasurement,deposition_temperature,,200,°C,substrate temperature of 200 °C,document.md near Fig 8,body,direct,experimental_condition,figure,figure,True,True,True,bound,present,True,present,present,present,present,
10.1039_d3dt01824e,F8b/ET=10min,10.1039_d3dt01824e-E018,MultiOutputMeasurement,cycle_number,,1500,cycle,1500 cycles,document.md near Fig 8,body,direct,experimental_condition,figure,figure,True,True,True,bound,present,True,present,present,present,present,
10.1039_d3dt01824e,F8b/ET=10min,10.1039_d3dt01824e-E018,MultiOutputMeasurement,working_pressure,,-8,Torr,chamber pressure was maintained at 3 -8 Torr,methods section,methods,direct,experimental_condition,method,method,True,True,True,bound,present,True,not_a_recipe_field,present,present,present,
10.1039_d3dt01824e,F8b/ET=10min,10.1039_d3dt01824e-E018,MultiOutputMeasurement,flow_rate,N2,80,sccm,80 sccm,methods section,methods,direct,experimental_condition,method,method,True,True,True,bound,present,True,present,present,present,present,
10.1039_d3dt01824e,F8b/ET=10min,10.1039_d3dt01824e-E018,MultiOutputMeasurement,flow_rate,,150,sccm,150 sccm,methods section,methods,direct,experimental_condition,method,method,True,True,True,bound,present,True,present,present,present,present,
10.1039_d3dt01824e,F8b/ET=15min,10.1039_d3dt01824e-E019,MultiOutputMeasurement,deposition_temperature,,200,°C,substrate temperature of 200 °C,document.md near Fig 8,body,direct,experimental_condition,figure,figure,True,True,True,bound,present,True,present,present,present,present,
10.1039_d3dt01824e,F8b/ET=15min,10.1039_d3dt01824e-E019,MultiOutputMeasurement,cycle_number,,1500,cycle,1500 cycles,document.md near Fig 8,body,direct,experimental_condition,figure,figure,True,True,True,bound,present,True,present,present,present,present,
10.1039_d3dt01824e,F8b/ET=15min,10.1039_d3dt01824e-E019,MultiOutputMeasurement,working_pressure,,-8,Torr,chamber pressure was maintained at 3 -8 Torr,methods section,methods,direct,experimental_condition,method,method,True,True,True,bound,present,True,not_a_recipe_field,present,present,present,
10.1039_d3dt01824e,F8b/ET=15min,10.1039_d3dt01824e-E019,MultiOutputMeasurement,flow_rate,N2,80,sccm,80 sccm,methods section,methods,direct,experimental_condition,method,method,True,True,True,bound,present,True,present,present,present,present,
10.1039_d3dt01824e,F8b/ET=15min,10.1039_d3dt01824e-E019,MultiOutputMeasurement,flow_rate,,150,sccm,150 sccm,methods section,methods,direct,experimental_condition,method,method,True,True,True,bound,present,True,present,present,present,present,
10.1039_d3dt01824e,F8c/ET=0min,10.1039_d3dt01824e-E020,MultiOutputMeasurement,cycle_number,,1500,cycle,1500 cycles,"figure 8 caption, panel (c)",caption,direct,experimental_condition,panel,panel,True,True,True,bound,present,True,present,present,present,present,
10.1039_d3dt01824e,F8c/ET=0min,10.1039_d3dt01824e-E020,MultiOutputMeasurement,deposition_temperature,,200,°C,substrate temperature of 200 °C,"figure 8 caption, panel (c)",caption,direct,experimental_condition,panel,panel,True,True,True,bound,present,True,present,present,present,present,
10.1039_d3dt01824e,F8c/ET=0min,10.1039_d3dt01824e-E020,MultiOutputMeasurement,working_pressure,,-8,Torr,chamber pressure was maintained at 3 -8 Torr,methods section,methods,direct,experimental_condition,method,method,True,True,True,bound,present,True,not_a_recipe_field,present,present,present,
10.1039_d3dt01824e,F8c/ET=0min,10.1039_d3dt01824e-E020,MultiOutputMeasurement,flow_rate,N2,80,sccm,80 sccm,methods section,methods,direct,experimental_condition,method,method,True,True,True,bound,present,True,present,present,present,present,
10.1039_d3dt01824e,F8c/ET=0min,10.1039_d3dt01824e-E020,MultiOutputMeasurement,flow_rate,,150,sccm,150 sccm,methods section,methods,direct,experimental_condition,method,method,True,True,True,bound,present,True,present,present,present,present,
10.1039_d3dt01824e,F8c/ET=2min,10.1039_d3dt01824e-E021,MultiOutputMeasurement,cycle_number,,1500,cycle,1500 cycles,"figure 8 caption, panel (c)",caption,direct,experimental_condition,panel,panel,True,True,True,bound,present,True,present,present,present,present,
10.1039_d3dt01824e,F8c/ET=2min,10.1039_d3dt01824e-E021,MultiOutputMeasurement,deposition_temperature,,200,°C,substrate temperature of 200 °C,"figure 8 caption, panel (c)",caption,direct,experimental_condition,panel,panel,True,True,True,bound,present,True,present,present,present,present,
10.1039_d3dt01824e,F8c/ET=2min,10.1039_d3dt01824e-E021,MultiOutputMeasurement,working_pressure,,-8,Torr,chamber pressure was maintained at 3 -8 Torr,methods section,methods,direct,experimental_condition,method,method,True,True,True,bound,present,True,not_a_recipe_field,present,present,present,
10.1039_d3dt01824e,F8c/ET=2min,10.1039_d3dt01824e-E021,MultiOutputMeasurement,flow_rate,N2,80,sccm,80 sccm,methods section,methods,direct,experimental_condition,method,method,True,True,True,bound,present,True,present,present,present,present,
10.1039_d3dt01824e,F8c/ET=2min,10.1039_d3dt01824e-E021,MultiOutputMeasurement,flow_rate,,150,sccm,150 sccm,methods section,methods,direct,experimental_condition,method,method,True,True,True,bound,present,True,present,present,present,present,
10.1039_d3dt01824e,F8c/ET=5min,10.1039_d3dt01824e-E022,MultiOutputMeasurement,cycle_number,,1500,cycle,1500 cycles,"figure 8 caption, panel (c)",caption,direct,experimental_condition,panel,panel,True,True,True,bound,present,True,present,present,present,present,
10.1039_d3dt01824e,F8c/ET=5min,10.1039_d3dt01824e-E022,MultiOutputMeasurement,deposition_temperature,,200,°C,substrate temperature of 200 °C,"figure 8 caption, panel (c)",caption,direct,experimental_condition,panel,panel,True,True,True,bound,present,True,present,present,present,present,
10.1039_d3dt01824e,F8c/ET=5min,10.1039_d3dt01824e-E022,MultiOutputMeasurement,working_pressure,,-8,Torr,chamber pressure was maintained at 3 -8 Torr,methods section,methods,direct,experimental_condition,method,method,True,True,True,bound,present,True,not_a_recipe_field,present,present,present,
10.1039_d3dt01824e,F8c/ET=5min,10.1039_d3dt01824e-E022,MultiOutputMeasurement,flow_rate,N2,80,sccm,80 sccm,methods section,methods,direct,experimental_condition,method,method,True,True,True,bound,present,True,present,present,present,present,
10.1039_d3dt01824e,F8c/ET=5min,10.1039_d3dt01824e-E022,MultiOutputMeasurement,flow_rate,,150,sccm,150 sccm,methods section,methods,direct,experimental_condition,method,method,True,True,True,bound,present,True,present,present,present,present,
10.1039_d3dt01824e,F8c/ET=10min,10.1039_d3dt01824e-E023,MultiOutputMeasurement,cycle_number,,1500,cycle,1500 cycles,"figure 8 caption, panel (c)",caption,direct,experimental_condition,panel,panel,True,True,True,bound,present,True,present,present,present,present,
10.1039_d3dt01824e,F8c/ET=10min,10.1039_d3dt01824e-E023,MultiOutputMeasurement,deposition_temperature,,200,°C,substrate temperature of 200 °C,"figure 8 caption, panel (c)",caption,direct,experimental_condition,panel,panel,True,True,True,bound,present,True,present,present,present,present,
10.1039_d3dt01824e,F8c/ET=10min,10.1039_d3dt01824e-E023,MultiOutputMeasurement,working_pressure,,-8,Torr,chamber pressure was maintained at 3 -8 Torr,methods section,methods,direct,experimental_condition,method,method,True,True,True,bound,present,True,not_a_recipe_field,present,present,present,
10.1039_d3dt01824e,F8c/ET=10min,10.1039_d3dt01824e-E023,MultiOutputMeasurement,flow_rate,N2,80,sccm,80 sccm,methods section,methods,direct,experimental_condition,method,method,True,True,True,bound,present,True,present,present,present,present,
10.1039_d3dt01824e,F8c/ET=10min,10.1039_d3dt01824e-E023,MultiOutputMeasurement,flow_rate,,150,sccm,150 sccm,methods section,methods,direct,experimental_condition,method,method,True,True,True,bound,present,True,present,present,present,present,
10.1039_d3dt01824e,F8c/ET=15min,10.1039_d3dt01824e-E024,MultiOutputMeasurement,cycle_number,,1500,cycle,1500 cycles,"figure 8 caption, panel (c)",caption,direct,experimental_condition,panel,panel,True,True,True,bound,present,True,present,present,present,present,
10.1039_d3dt01824e,F8c/ET=15min,10.1039_d3dt01824e-E024,MultiOutputMeasurement,deposition_temperature,,200,°C,substrate temperature of 200 °C,"figure 8 caption, panel (c)",caption,direct,experimental_condition,panel,panel,True,True,True,bound,present,True,present,present,present,present,
10.1039_d3dt01824e,F8c/ET=15min,10.1039_d3dt01824e-E024,MultiOutputMeasurement,working_pressure,,-8,Torr,chamber pressure was maintained at 3 -8 Torr,methods section,methods,direct,experimental_condition,method,method,True,True,True,bound,present,True,not_a_recipe_field,present,present,present,
10.1039_d3dt01824e,F8c/ET=15min,10.1039_d3dt01824e-E024,MultiOutputMeasurement,flow_rate,N2,80,sccm,80 sccm,methods section,methods,direct,experimental_condition,method,method,True,True,True,bound,present,True,present,present,present,present,
10.1039_d3dt01824e,F8c/ET=15min,10.1039_d3dt01824e-E024,MultiOutputMeasurement,flow_rate,,150,sccm,150 sccm,methods section,methods,direct,experimental_condition,method,method,True,True,True,bound,present,True,present,present,present,present,
10.1039_d3dt01824e,F9a/C 1s,10.1039_d3dt01824e-E025,MultiOutputMeasurement,deposition_temperature,,200,°C,substrate temperature of 200 °C,document.md near Fig 9,body,direct,experimental_condition,figure,figure,True,True,True,bound,present,True,present,present,present,present,
10.1039_d3dt01824e,F9a/C 1s,10.1039_d3dt01824e-E025,MultiOutputMeasurement,working_pressure,,-8,Torr,chamber pressure was maintained at 3 -8 Torr,methods section,methods,direct,experimental_condition,method,method,True,True,True,bound,present,True,not_a_recipe_field,present,present,present,
10.1039_d3dt01824e,F9a/C 1s,10.1039_d3dt01824e-E025,MultiOutputMeasurement,flow_rate,N2,80,sccm,80 sccm,methods section,methods,direct,experimental_condition,method,method,True,True,True,bound,present,True,present,present,present,present,
10.1039_d3dt01824e,F9a/C 1s,10.1039_d3dt01824e-E025,MultiOutputMeasurement,flow_rate,,150,sccm,150 sccm,methods section,methods,direct,experimental_condition,method,method,True,True,True,bound,present,True,present,present,present,present,
10.1039_d3dt01824e,F9a/C 1s,10.1039_d3dt01824e-E025,MultiOutputMeasurement,cycle_number,,1000 cycle; 380 cycle,,"2 distinct cycle_number values at figure scope; no narrower evidence distinguishes them, so none is applied",,,,,figure,,True,True,False,ambiguous_withheld,candidates_preserved,False,withheld,candidates_preserved,present,n/a,applicability
10.1039_d3dt01824e,F9a/Er 4d5/2,10.1039_d3dt01824e-E026,MultiOutputMeasurement,deposition_temperature,,200,°C,substrate temperature of 200 °C,document.md near Fig 9,body,direct,experimental_condition,figure,figure,True,True,True,bound,present,True,present,present,present,present,
10.1039_d3dt01824e,F9a/Er 4d5/2,10.1039_d3dt01824e-E026,MultiOutputMeasurement,working_pressure,,-8,Torr,chamber pressure was maintained at 3 -8 Torr,methods section,methods,direct,experimental_condition,method,method,True,True,True,bound,present,True,not_a_recipe_field,present,present,present,
10.1039_d3dt01824e,F9a/Er 4d5/2,10.1039_d3dt01824e-E026,MultiOutputMeasurement,flow_rate,N2,80,sccm,80 sccm,methods section,methods,direct,experimental_condition,method,method,True,True,True,bound,present,True,present,present,present,present,
10.1039_d3dt01824e,F9a/Er 4d5/2,10.1039_d3dt01824e-E026,MultiOutputMeasurement,flow_rate,,150,sccm,150 sccm,methods section,methods,direct,experimental_condition,method,method,True,True,True,bound,present,True,present,present,present,present,
10.1039_d3dt01824e,F9a/Er 4d5/2,10.1039_d3dt01824e-E026,MultiOutputMeasurement,cycle_number,,1000 cycle; 380 cycle,,"2 distinct cycle_number values at figure scope; no narrower evidence distinguishes them, so none is applied",,,,,figure,,True,True,False,ambiguous_withheld,candidates_preserved,False,withheld,candidates_preserved,present,n/a,applicability
10.1039_d3dt01824e,F9a/N 1s,10.1039_d3dt01824e-E027,MultiOutputMeasurement,deposition_temperature,,200,°C,substrate temperature of 200 °C,document.md near Fig 9,body,direct,experimental_condition,figure,figure,True,True,True,bound,present,True,present,present,present,present,
10.1039_d3dt01824e,F9a/N 1s,10.1039_d3dt01824e-E027,MultiOutputMeasurement,working_pressure,,-8,Torr,chamber pressure was maintained at 3 -8 Torr,methods section,methods,direct,experimental_condition,method,method,True,True,True,bound,present,True,not_a_recipe_field,present,present,present,
10.1039_d3dt01824e,F9a/N 1s,10.1039_d3dt01824e-E027,MultiOutputMeasurement,flow_rate,N2,80,sccm,80 sccm,methods section,methods,direct,experimental_condition,method,method,True,True,True,bound,present,True,present,present,present,present,
10.1039_d3dt01824e,F9a/N 1s,10.1039_d3dt01824e-E027,MultiOutputMeasurement,flow_rate,,150,sccm,150 sccm,methods section,methods,direct,experimental_condition,method,method,True,True,True,bound,present,True,present,present,present,present,
10.1039_d3dt01824e,F9a/N 1s,10.1039_d3dt01824e-E027,MultiOutputMeasurement,cycle_number,,1000 cycle; 380 cycle,,"2 distinct cycle_number values at figure scope; no narrower evidence distinguishes them, so none is applied",,,,,figure,,True,True,False,ambiguous_withheld,candidates_preserved,False,withheld,candidates_preserved,present,n/a,applicability
10.1039_d3dt01824e,F9a/O 1s,10.1039_d3dt01824e-E028,MultiOutputMeasurement,deposition_temperature,,200,°C,substrate temperature of 200 °C,document.md near Fig 9,body,direct,experimental_condition,figure,figure,True,True,True,bound,present,True,present,present,present,present,
10.1039_d3dt01824e,F9a/O 1s,10.1039_d3dt01824e-E028,MultiOutputMeasurement,working_pressure,,-8,Torr,chamber pressure was maintained at 3 -8 Torr,methods section,methods,direct,experimental_condition,method,method,True,True,True,bound,present,True,not_a_recipe_field,present,present,present,
10.1039_d3dt01824e,F9a/O 1s,10.1039_d3dt01824e-E028,MultiOutputMeasurement,flow_rate,N2,80,sccm,80 sccm,methods section,methods,direct,experimental_condition,method,method,True,True,True,bound,present,True,present,present,present,present,
10.1039_d3dt01824e,F9a/O 1s,10.1039_d3dt01824e-E028,MultiOutputMeasurement,flow_rate,,150,sccm,150 sccm,methods section,methods,direct,experimental_condition,method,method,True,True,True,bound,present,True,present,present,present,present,
10.1039_d3dt01824e,F9a/O 1s,10.1039_d3dt01824e-E028,MultiOutputMeasurement,cycle_number,,1000 cycle; 380 cycle,,"2 distinct cycle_number values at figure scope; no narrower evidence distinguishes them, so none is applied",,,,,figure,,True,True,False,ambiguous_withheld,candidates_preserved,False,withheld,candidates_preserved,present,n/a,applicability
10.1039_d3dt01824e,F9a/Si 2s,10.1039_d3dt01824e-E029,MultiOutputMeasurement,deposition_temperature,,200,°C,substrate temperature of 200 °C,document.md near Fig 9,body,direct,experimental_condition,figure,figure,True,True,True,bound,present,True,present,present,present,present,
10.1039_d3dt01824e,F9a/Si 2s,10.1039_d3dt01824e-E029,MultiOutputMeasurement,working_pressure,,-8,Torr,chamber pressure was maintained at 3 -8 Torr,methods section,methods,direct,experimental_condition,method,method,True,True,True,bound,present,True,not_a_recipe_field,present,present,present,
10.1039_d3dt01824e,F9a/Si 2s,10.1039_d3dt01824e-E029,MultiOutputMeasurement,flow_rate,N2,80,sccm,80 sccm,methods section,methods,direct,experimental_condition,method,method,True,True,True,bound,present,True,present,present,present,present,
10.1039_d3dt01824e,F9a/Si 2s,10.1039_d3dt01824e-E029,MultiOutputMeasurement,flow_rate,,150,sccm,150 sccm,methods section,methods,direct,experimental_condition,method,method,True,True,True,bound,present,True,present,present,present,present,
10.1039_d3dt01824e,F9a/Si 2s,10.1039_d3dt01824e-E029,MultiOutputMeasurement,cycle_number,,1000 cycle; 380 cycle,,"2 distinct cycle_number values at figure scope; no narrower evidence distinguishes them, so none is applied",,,,,figure,,True,True,False,ambiguous_withheld,candidates_preserved,False,withheld,candidates_preserved,present,n/a,applicability
10.1039_d3ra05217f,F1a/1H-NMR spectrum of Y(sBuCp)3,10.1039_d3ra05217f-E000,UnresolvedSourceEntity,deposition_temperature,,350,°C,deposition temperature was varied from 200 to 350 °C,methods section,methods,direct,experimental_condition,method,method,True,True,True,bound,entity_only(no case: unknown),,not_a_recipe_field,present,present,present,
10.1039_d3ra05217f,F1a/1H-NMR spectrum of Y(sBuCp)3,10.1039_d3ra05217f-E000,UnresolvedSourceEntity,bubbler_pressure,Vapor,0.1,Torr,. The vapor pressure of Y( s BuCp)3 was 0.1 Torr at 149 °C. The vapor pressure of Y( n BuCp)3 has been reported to be 0.,document.md near Fig 1,body,direct,experimental_condition,figure,figure,True,True,True,bound,entity_only(no case: unknown),,not_a_recipe_field,present,present,present,
10.1039_d3ra05217f,F1a/1H-NMR spectrum of Y(sBuCp)3,10.1039_d3ra05217f-E000,UnresolvedSourceEntity,growth_per_cycle,,0.2 Å/cycle; 0.6 Å/cycle; 0.8 Å/cycle,,"3 distinct growth_per_cycle values at method scope; no narrower evidence distinguishes them, so none is applied",,,,,method,,True,True,False,ambiguous_withheld,candidates_preserved,False,withheld,candidates_preserved,present,n/a,applicability
10.1039_d3ra05217f,F2a/Y(sBuCp)3,10.1039_d3ra05217f-E001,UnresolvedSourceEntity,deposition_temperature,,350,°C,deposition temperature was varied from 200 to 350 °C,methods section,methods,direct,experimental_condition,method,method,True,True,True,bound,entity_only(no case: unknown),,not_a_recipe_field,present,present,present,
10.1039_d3ra05217f,F2a/Y(sBuCp)3,10.1039_d3ra05217f-E001,UnresolvedSourceEntity,bubbler_pressure,Vapor,0.1,Torr,. The vapor pressure of Y( s BuCp)3 was 0.1 Torr at 149 °C. The vapor pressure of Y( n BuCp)3 has been reported to be 0.,document.md near Fig 2,body,direct,experimental_condition,figure,figure,True,True,True,bound,entity_only(no case: unknown),,not_a_recipe_field,present,present,present,
10.1039_d3ra05217f,F2a/Y(sBuCp)3,10.1039_d3ra05217f-E001,UnresolvedSourceEntity,growth_per_cycle,,0.2 Å/cycle; 0.6 Å/cycle; 0.8 Å/cycle,,"3 distinct growth_per_cycle values at method scope; no narrower evidence distinguishes them, so none is applied",,,,,method,,True,True,False,ambiguous_withheld,candidates_preserved,False,withheld,candidates_preserved,present,n/a,applicability
10.1039_d3ra05217f,F3a/Y(EtCp)3,10.1039_d3ra05217f-E002,UnresolvedSourceEntity,deposition_temperature,,350,°C,deposition temperature was varied from 200 to 350 °C,methods section,methods,direct,experimental_condition,method,method,True,True,True,bound,entity_only(no case: unknown),,not_a_recipe_field,present,present,present,
10.1039_d3ra05217f,F3a/Y(EtCp)3,10.1039_d3ra05217f-E002,UnresolvedSourceEntity,bubbler_pressure,vapor,0.1,Torr,ched alkyl structure slightly improved the vapor pressure. Fig. 3(a) shows the TGA curves for Y( s BuCp)3 and conv,document.md near Fig 3,body,direct,experimental_condition,figure,figure,True,True,True,bound,entity_only(no case: unknown),,not_a_recipe_field,present,present,present,
10.1039_d3ra05217f,F3a/Y(EtCp)3,10.1039_d3ra05217f-E002,UnresolvedSourceEntity,growth_per_cycle,,0.2 Å/cycle; 0.6 Å/cycle; 0.8 Å/cycle,,"3 distinct growth_per_cycle values at method scope; no narrower evidence distinguishes them, so none is applied",,,,,method,,True,True,False,ambiguous_withheld,candidates_preserved,False,withheld,candidates_preserved,present,n/a,applicability
10.1039_d3ra05217f,F3a/Y(sBuCp)3,10.1039_d3ra05217f-E003,UnresolvedSourceEntity,deposition_temperature,,350,°C,deposition temperature was varied from 200 to 350 °C,methods section,methods,direct,experimental_condition,method,method,True,True,True,bound,entity_only(no case: unknown),,not_a_recipe_field,present,present,present,
10.1039_d3ra05217f,F3a/Y(sBuCp)3,10.1039_d3ra05217f-E003,UnresolvedSourceEntity,bubbler_pressure,vapor,0.1,Torr,ched alkyl structure slightly improved the vapor pressure. Fig. 3(a) shows the TGA curves for Y( s BuCp)3 and conv,document.md near Fig 3,body,direct,experimental_condition,figure,figure,True,True,True,bound,entity_only(no case: unknown),,not_a_recipe_field,present,present,present,
10.1039_d3ra05217f,F3a/Y(sBuCp)3,10.1039_d3ra05217f-E003,UnresolvedSourceEntity,growth_per_cycle,,0.2 Å/cycle; 0.6 Å/cycle; 0.8 Å/cycle,,"3 distinct growth_per_cycle values at method scope; no narrower evidence distinguishes them, so none is applied",,,,,method,,True,True,False,ambiguous_withheld,candidates_preserved,False,withheld,candidates_preserved,present,n/a,applicability
10.1039_d3ra05217f,F3a/Y(nBuCp)3,10.1039_d3ra05217f-E004,UnresolvedSourceEntity,deposition_temperature,,350,°C,deposition temperature was varied from 200 to 350 °C,methods section,methods,direct,experimental_condition,method,method,True,True,True,bound,entity_only(no case: unknown),,not_a_recipe_field,present,present,present,
10.1039_d3ra05217f,F3a/Y(nBuCp)3,10.1039_d3ra05217f-E004,UnresolvedSourceEntity,bubbler_pressure,vapor,0.1,Torr,ched alkyl structure slightly improved the vapor pressure. Fig. 3(a) shows the TGA curves for Y( s BuCp)3 and conv,document.md near Fig 3,body,direct,experimental_condition,figure,figure,True,True,True,bound,entity_only(no case: unknown),,not_a_recipe_field,present,present,present,
10.1039_d3ra05217f,F3a/Y(nBuCp)3,10.1039_d3ra05217f-E004,UnresolvedSourceEntity,growth_per_cycle,,0.2 Å/cycle; 0.6 Å/cycle; 0.8 Å/cycle,,"3 distinct growth_per_cycle values at method scope; no narrower evidence distinguishes them, so none is applied",,,,,method,,True,True,False,ambiguous_withheld,candidates_preserved,False,withheld,candidates_preserved,present,n/a,applicability
10.1039_d3ra05217f,F3b/Y(sBuCp)3,10.1039_d3ra05217f-E005,UnresolvedSourceEntity,deposition_temperature,,350,°C,deposition temperature was varied from 200 to 350 °C,methods section,methods,direct,experimental_condition,method,method,True,True,True,bound,entity_only(no case: unknown),,not_a_recipe_field,present,present,present,
10.1039_d3ra05217f,F3b/Y(sBuCp)3,10.1039_d3ra05217f-E005,UnresolvedSourceEntity,bubbler_pressure,vapor,0.1,Torr,ched alkyl structure slightly improved the vapor pressure. Fig. 3(a) shows the TGA curves for Y( s BuCp)3 and conv,document.md near Fig 3,body,direct,experimental_condition,figure,figure,True,True,True,bound,entity_only(no case: unknown),,not_a_recipe_field,present,present,present,
10.1039_d3ra05217f,F3b/Y(sBuCp)3,10.1039_d3ra05217f-E005,UnresolvedSourceEntity,growth_per_cycle,,0.2 Å/cycle; 0.6 Å/cycle; 0.8 Å/cycle,,"3 distinct growth_per_cycle values at method scope; no narrower evidence distinguishes them, so none is applied",,,,,method,,True,True,False,ambiguous_withheld,candidates_preserved,False,withheld,candidates_preserved,present,n/a,applicability
10.1039_d3ra05217f,F3b/Y(nBuCp)3,10.1039_d3ra05217f-E006,UnresolvedSourceEntity,deposition_temperature,,350,°C,deposition temperature was varied from 200 to 350 °C,methods section,methods,direct,experimental_condition,method,method,True,True,True,bound,entity_only(no case: unknown),,not_a_recipe_field,present,present,present,
10.1039_d3ra05217f,F3b/Y(nBuCp)3,10.1039_d3ra05217f-E006,UnresolvedSourceEntity,bubbler_pressure,vapor,0.1,Torr,ched alkyl structure slightly improved the vapor pressure. Fig. 3(a) shows the TGA curves for Y( s BuCp)3 and conv,document.md near Fig 3,body,direct,experimental_condition,figure,figure,True,True,True,bound,entity_only(no case: unknown),,not_a_recipe_field,present,present,present,
10.1039_d3ra05217f,F3b/Y(nBuCp)3,10.1039_d3ra05217f-E006,UnresolvedSourceEntity,growth_per_cycle,,0.2 Å/cycle; 0.6 Å/cycle; 0.8 Å/cycle,,"3 distinct growth_per_cycle values at method scope; no narrower evidence distinguishes them, so none is applied",,,,,method,,True,True,False,ambiguous_withheld,candidates_preserved,False,withheld,candidates_preserved,present,n/a,applicability
10.1039_d3ra05217f,F3b/Y(EtCp)3,10.1039_d3ra05217f-E007,UnresolvedSourceEntity,deposition_temperature,,350,°C,deposition temperature was varied from 200 to 350 °C,methods section,methods,direct,experimental_condition,method,method,True,True,True,bound,entity_only(no case: unknown),,not_a_recipe_field,present,present,present,
10.1039_d3ra05217f,F3b/Y(EtCp)3,10.1039_d3ra05217f-E007,UnresolvedSourceEntity,bubbler_pressure,vapor,0.1,Torr,ched alkyl structure slightly improved the vapor pressure. Fig. 3(a) shows the TGA curves for Y( s BuCp)3 and conv,document.md near Fig 3,body,direct,experimental_condition,figure,figure,True,True,True,bound,entity_only(no case: unknown),,not_a_recipe_field,present,present,present,
10.1039_d3ra05217f,F3b/Y(EtCp)3,10.1039_d3ra05217f-E007,UnresolvedSourceEntity,growth_per_cycle,,0.2 Å/cycle; 0.6 Å/cycle; 0.8 Å/cycle,,"3 distinct growth_per_cycle values at method scope; no narrower evidence distinguishes them, so none is applied",,,,,method,,True,True,False,ambiguous_withheld,candidates_preserved,False,withheld,candidates_preserved,present,n/a,applicability
10.1039_d3ra05217f,F4a/Y(sBuCp)3,10.1039_d3ra05217f-E008,ExperimentSeries,temperature,,190,°C,190 °C,figure caption,caption,direct,experimental_condition,figure,figure,True,True,True,bound,entity_only(no case: discrete_experimental_sweep),,not_a_recipe_field,present,present,present,
10.1039_d3ra05217f,F4a/Y(sBuCp)3,10.1039_d3ra05217f-E008,ExperimentSeries,deposition_temperature,,350,°C,deposition temperature was varied from 200 to 350 °C,methods section,methods,direct,experimental_condition,method,method,True,True,True,bound,entity_only(no case: discrete_experimental_sweep),,not_a_recipe_field,present,present,present,
10.1039_d3ra05217f,F4a/Y(sBuCp)3,10.1039_d3ra05217f-E008,ExperimentSeries,growth_per_cycle,,0.2 Å/cycle; 0.6 Å/cycle; 0.8 Å/cycle,,"3 distinct growth_per_cycle values at method scope; no narrower evidence distinguishes them, so none is applied",,,,,method,,True,True,False,ambiguous_withheld,candidates_preserved,False,withheld,candidates_preserved,present,n/a,applicability
10.1039_d3ra05217f,F6a/C1s,10.1039_d3ra05217f-E009,MultiOutputMeasurement,temperature,,200,°C,200 °C,figure caption,caption,direct,experimental_condition,figure,figure,True,True,True,bound,present,True,not_a_recipe_field,present,present,present,
10.1039_d3ra05217f,F6a/C1s,10.1039_d3ra05217f-E009,MultiOutputMeasurement,deposition_temperature,,350 °C,,"deposition_temperature is varied by a panel/series of this figure, so a method-scope value is one panel's setting and cannot be applied to this entity",,,,,method,,True,True,False,ambiguous_withheld,candidates_preserved,False,withheld,candidates_preserved,present,n/a,applicability
10.1039_d3ra05217f,F6a/C1s,10.1039_d3ra05217f-E009,MultiOutputMeasurement,growth_per_cycle,,0.2 Å/cycle; 0.6 Å/cycle; 0.8 Å/cycle,,"3 distinct growth_per_cycle values at method scope; no narrower evidence distinguishes them, so none is applied",,,,,method,,True,True,False,ambiguous_withheld,candidates_preserved,False,withheld,candidates_preserved,present,n/a,applicability
10.1039_d3ra05217f,F6a/N1s,10.1039_d3ra05217f-E010,MultiOutputMeasurement,temperature,,200,°C,200 °C,figure caption,caption,direct,experimental_condition,figure,figure,True,True,True,bound,present,True,not_a_recipe_field,present,present,present,
10.1039_d3ra05217f,F6a/N1s,10.1039_d3ra05217f-E010,MultiOutputMeasurement,deposition_temperature,,350 °C,,"deposition_temperature is varied by a panel/series of this figure, so a method-scope value is one panel's setting and cannot be applied to this entity",,,,,method,,True,True,False,ambiguous_withheld,candidates_preserved,False,withheld,candidates_preserved,present,n/a,applicability
10.1039_d3ra05217f,F6a/N1s,10.1039_d3ra05217f-E010,MultiOutputMeasurement,growth_per_cycle,,0.2 Å/cycle; 0.6 Å/cycle; 0.8 Å/cycle,,"3 distinct growth_per_cycle values at method scope; no narrower evidence distinguishes them, so none is applied",,,,,method,,True,True,False,ambiguous_withheld,candidates_preserved,False,withheld,candidates_preserved,present,n/a,applicability
10.1039_d3ra05217f,F6a/O1s,10.1039_d3ra05217f-E011,MultiOutputMeasurement,temperature,,200,°C,200 °C,figure caption,caption,direct,experimental_condition,figure,figure,True,True,True,bound,present,True,not_a_recipe_field,present,present,present,
10.1039_d3ra05217f,F6a/O1s,10.1039_d3ra05217f-E011,MultiOutputMeasurement,deposition_temperature,,350 °C,,"deposition_temperature is varied by a panel/series of this figure, so a method-scope value is one panel's setting and cannot be applied to this entity",,,,,method,,True,True,False,ambiguous_withheld,candidates_preserved,False,withheld,candidates_preserved,present,n/a,applicability
10.1039_d3ra05217f,F6a/O1s,10.1039_d3ra05217f-E011,MultiOutputMeasurement,growth_per_cycle,,0.2 Å/cycle; 0.6 Å/cycle; 0.8 Å/cycle,,"3 distinct growth_per_cycle values at method scope; no narrower evidence distinguishes them, so none is applied",,,,,method,,True,True,False,ambiguous_withheld,candidates_preserved,False,withheld,candidates_preserved,present,n/a,applicability
10.1039_d3ra05217f,F6a/Si2p,10.1039_d3ra05217f-E012,MultiOutputMeasurement,temperature,,200,°C,200 °C,figure caption,caption,direct,experimental_condition,figure,figure,True,True,True,bound,present,True,not_a_recipe_field,present,present,present,
10.1039_d3ra05217f,F6a/Si2p,10.1039_d3ra05217f-E012,MultiOutputMeasurement,deposition_temperature,,350 °C,,"deposition_temperature is varied by a panel/series of this figure, so a method-scope value is one panel's setting and cannot be applied to this entity",,,,,method,,True,True,False,ambiguous_withheld,candidates_preserved,False,withheld,candidates_preserved,present,n/a,applicability
10.1039_d3ra05217f,F6a/Si2p,10.1039_d3ra05217f-E012,MultiOutputMeasurement,growth_per_cycle,,0.2 Å/cycle; 0.6 Å/cycle; 0.8 Å/cycle,,"3 distinct growth_per_cycle values at method scope; no narrower evidence distinguishes them, so none is applied",,,,,method,,True,True,False,ambiguous_withheld,candidates_preserved,False,withheld,candidates_preserved,present,n/a,applicability
10.1039_d3ra05217f,F6a/Y3d,10.1039_d3ra05217f-E013,MultiOutputMeasurement,temperature,,200,°C,200 °C,figure caption,caption,direct,experimental_condition,figure,figure,True,True,True,bound,present,True,not_a_recipe_field,present,present,present,
10.1039_d3ra05217f,F6a/Y3d,10.1039_d3ra05217f-E013,MultiOutputMeasurement,deposition_temperature,,350 °C,,"deposition_temperature is varied by a panel/series of this figure, so a method-scope value is one panel's setting and cannot be applied to this entity",,,,,method,,True,True,False,ambiguous_withheld,candidates_preserved,False,withheld,candidates_preserved,present,n/a,applicability
10.1039_d3ra05217f,F6a/Y3d,10.1039_d3ra05217f-E013,MultiOutputMeasurement,growth_per_cycle,,0.2 Å/cycle; 0.6 Å/cycle; 0.8 Å/cycle,,"3 distinct growth_per_cycle values at method scope; no narrower evidence distinguishes them, so none is applied",,,,,method,,True,True,False,ambiguous_withheld,candidates_preserved,False,withheld,candidates_preserved,present,n/a,applicability
10.1039_d3ra05217f,F6b/C1s,10.1039_d3ra05217f-E014,MultiOutputMeasurement,temperature,,250,°C,250 °C,figure caption,caption,direct,experimental_condition,figure,figure,True,True,True,bound,present,True,not_a_recipe_field,present,present,present,
10.1039_d3ra05217f,F6b/C1s,10.1039_d3ra05217f-E014,MultiOutputMeasurement,deposition_temperature,,350 °C,,"deposition_temperature is varied by a panel/series of this figure, so a method-scope value is one panel's setting and cannot be applied to this entity",,,,,method,,True,True,False,ambiguous_withheld,candidates_preserved,False,withheld,candidates_preserved,present,n/a,applicability
10.1039_d3ra05217f,F6b/C1s,10.1039_d3ra05217f-E014,MultiOutputMeasurement,growth_per_cycle,,0.2 Å/cycle; 0.6 Å/cycle; 0.8 Å/cycle,,"3 distinct growth_per_cycle values at method scope; no narrower evidence distinguishes them, so none is applied",,,,,method,,True,True,False,ambiguous_withheld,candidates_preserved,False,withheld,candidates_preserved,present,n/a,applicability
10.1039_d3ra05217f,F6b/N1s,10.1039_d3ra05217f-E015,MultiOutputMeasurement,temperature,,250,°C,250 °C,figure caption,caption,direct,experimental_condition,figure,figure,True,True,True,bound,present,True,not_a_recipe_field,present,present,present,
10.1039_d3ra05217f,F6b/N1s,10.1039_d3ra05217f-E015,MultiOutputMeasurement,deposition_temperature,,350 °C,,"deposition_temperature is varied by a panel/series of this figure, so a method-scope value is one panel's setting and cannot be applied to this entity",,,,,method,,True,True,False,ambiguous_withheld,candidates_preserved,False,withheld,candidates_preserved,present,n/a,applicability
10.1039_d3ra05217f,F6b/N1s,10.1039_d3ra05217f-E015,MultiOutputMeasurement,growth_per_cycle,,0.2 Å/cycle; 0.6 Å/cycle; 0.8 Å/cycle,,"3 distinct growth_per_cycle values at method scope; no narrower evidence distinguishes them, so none is applied",,,,,method,,True,True,False,ambiguous_withheld,candidates_preserved,False,withheld,candidates_preserved,present,n/a,applicability
10.1039_d3ra05217f,F6b/O1s,10.1039_d3ra05217f-E016,MultiOutputMeasurement,temperature,,250,°C,250 °C,figure caption,caption,direct,experimental_condition,figure,figure,True,True,True,bound,present,True,not_a_recipe_field,present,present,present,
10.1039_d3ra05217f,F6b/O1s,10.1039_d3ra05217f-E016,MultiOutputMeasurement,deposition_temperature,,350 °C,,"deposition_temperature is varied by a panel/series of this figure, so a method-scope value is one panel's setting and cannot be applied to this entity",,,,,method,,True,True,False,ambiguous_withheld,candidates_preserved,False,withheld,candidates_preserved,present,n/a,applicability
10.1039_d3ra05217f,F6b/O1s,10.1039_d3ra05217f-E016,MultiOutputMeasurement,growth_per_cycle,,0.2 Å/cycle; 0.6 Å/cycle; 0.8 Å/cycle,,"3 distinct growth_per_cycle values at method scope; no narrower evidence distinguishes them, so none is applied",,,,,method,,True,True,False,ambiguous_withheld,candidates_preserved,False,withheld,candidates_preserved,present,n/a,applicability
10.1039_d3ra05217f,F6b/Si2p,10.1039_d3ra05217f-E017,MultiOutputMeasurement,temperature,,250,°C,250 °C,figure caption,caption,direct,experimental_condition,figure,figure,True,True,True,bound,present,True,not_a_recipe_field,present,present,present,
10.1039_d3ra05217f,F6b/Si2p,10.1039_d3ra05217f-E017,MultiOutputMeasurement,deposition_temperature,,350 °C,,"deposition_temperature is varied by a panel/series of this figure, so a method-scope value is one panel's setting and cannot be applied to this entity",,,,,method,,True,True,False,ambiguous_withheld,candidates_preserved,False,withheld,candidates_preserved,present,n/a,applicability
10.1039_d3ra05217f,F6b/Si2p,10.1039_d3ra05217f-E017,MultiOutputMeasurement,growth_per_cycle,,0.2 Å/cycle; 0.6 Å/cycle; 0.8 Å/cycle,,"3 distinct growth_per_cycle values at method scope; no narrower evidence distinguishes them, so none is applied",,,,,method,,True,True,False,ambiguous_withheld,candidates_preserved,False,withheld,candidates_preserved,present,n/a,applicability
10.1039_d3ra05217f,F6b/Y3d,10.1039_d3ra05217f-E018,MultiOutputMeasurement,temperature,,250,°C,250 °C,figure caption,caption,direct,experimental_condition,figure,figure,True,True,True,bound,present,True,not_a_recipe_field,present,present,present,
10.1039_d3ra05217f,F6b/Y3d,10.1039_d3ra05217f-E018,MultiOutputMeasurement,deposition_temperature,,350 °C,,"deposition_temperature is varied by a panel/series of this figure, so a method-scope value is one panel's setting and cannot be applied to this entity",,,,,method,,True,True,False,ambiguous_withheld,candidates_preserved,False,withheld,candidates_preserved,present,n/a,applicability
10.1039_d3ra05217f,F6b/Y3d,10.1039_d3ra05217f-E018,MultiOutputMeasurement,growth_per_cycle,,0.2 Å/cycle; 0.6 Å/cycle; 0.8 Å/cycle,,"3 distinct growth_per_cycle values at method scope; no narrower evidence distinguishes them, so none is applied",,,,,method,,True,True,False,ambiguous_withheld,candidates_preserved,False,withheld,candidates_preserved,present,n/a,applicability
10.1039_d3ra05217f,F6c/C1s,10.1039_d3ra05217f-E019,MultiOutputMeasurement,temperature,,300,°C,300 °C,figure caption,caption,direct,experimental_condition,figure,figure,True,True,True,bound,present,True,not_a_recipe_field,present,present,present,
10.1039_d3ra05217f,F6c/C1s,10.1039_d3ra05217f-E019,MultiOutputMeasurement,deposition_temperature,,350 °C,,"deposition_temperature is varied by a panel/series of this figure, so a method-scope value is one panel's setting and cannot be applied to this entity",,,,,method,,True,True,False,ambiguous_withheld,candidates_preserved,False,withheld,candidates_preserved,present,n/a,applicability
10.1039_d3ra05217f,F6c/C1s,10.1039_d3ra05217f-E019,MultiOutputMeasurement,growth_per_cycle,,0.2 Å/cycle; 0.6 Å/cycle; 0.8 Å/cycle,,"3 distinct growth_per_cycle values at method scope; no narrower evidence distinguishes them, so none is applied",,,,,method,,True,True,False,ambiguous_withheld,candidates_preserved,False,withheld,candidates_preserved,present,n/a,applicability
10.1039_d3ra05217f,F6c/N1s,10.1039_d3ra05217f-E020,MultiOutputMeasurement,temperature,,300,°C,300 °C,figure caption,caption,direct,experimental_condition,figure,figure,True,True,True,bound,present,True,not_a_recipe_field,present,present,present,
10.1039_d3ra05217f,F6c/N1s,10.1039_d3ra05217f-E020,MultiOutputMeasurement,deposition_temperature,,350 °C,,"deposition_temperature is varied by a panel/series of this figure, so a method-scope value is one panel's setting and cannot be applied to this entity",,,,,method,,True,True,False,ambiguous_withheld,candidates_preserved,False,withheld,candidates_preserved,present,n/a,applicability
10.1039_d3ra05217f,F6c/N1s,10.1039_d3ra05217f-E020,MultiOutputMeasurement,growth_per_cycle,,0.2 Å/cycle; 0.6 Å/cycle; 0.8 Å/cycle,,"3 distinct growth_per_cycle values at method scope; no narrower evidence distinguishes them, so none is applied",,,,,method,,True,True,False,ambiguous_withheld,candidates_preserved,False,withheld,candidates_preserved,present,n/a,applicability
10.1039_d3ra05217f,F6c/O1s,10.1039_d3ra05217f-E021,MultiOutputMeasurement,temperature,,300,°C,300 °C,figure caption,caption,direct,experimental_condition,figure,figure,True,True,True,bound,present,True,not_a_recipe_field,present,present,present,
10.1039_d3ra05217f,F6c/O1s,10.1039_d3ra05217f-E021,MultiOutputMeasurement,deposition_temperature,,350 °C,,"deposition_temperature is varied by a panel/series of this figure, so a method-scope value is one panel's setting and cannot be applied to this entity",,,,,method,,True,True,False,ambiguous_withheld,candidates_preserved,False,withheld,candidates_preserved,present,n/a,applicability
10.1039_d3ra05217f,F6c/O1s,10.1039_d3ra05217f-E021,MultiOutputMeasurement,growth_per_cycle,,0.2 Å/cycle; 0.6 Å/cycle; 0.8 Å/cycle,,"3 distinct growth_per_cycle values at method scope; no narrower evidence distinguishes them, so none is applied",,,,,method,,True,True,False,ambiguous_withheld,candidates_preserved,False,withheld,candidates_preserved,present,n/a,applicability
10.1039_d3ra05217f,F6c/Si2p,10.1039_d3ra05217f-E022,MultiOutputMeasurement,temperature,,300,°C,300 °C,figure caption,caption,direct,experimental_condition,figure,figure,True,True,True,bound,present,True,not_a_recipe_field,present,present,present,
10.1039_d3ra05217f,F6c/Si2p,10.1039_d3ra05217f-E022,MultiOutputMeasurement,deposition_temperature,,350 °C,,"deposition_temperature is varied by a panel/series of this figure, so a method-scope value is one panel's setting and cannot be applied to this entity",,,,,method,,True,True,False,ambiguous_withheld,candidates_preserved,False,withheld,candidates_preserved,present,n/a,applicability
10.1039_d3ra05217f,F6c/Si2p,10.1039_d3ra05217f-E022,MultiOutputMeasurement,growth_per_cycle,,0.2 Å/cycle; 0.6 Å/cycle; 0.8 Å/cycle,,"3 distinct growth_per_cycle values at method scope; no narrower evidence distinguishes them, so none is applied",,,,,method,,True,True,False,ambiguous_withheld,candidates_preserved,False,withheld,candidates_preserved,present,n/a,applicability
10.1039_d3ra05217f,F6c/Y3d,10.1039_d3ra05217f-E023,MultiOutputMeasurement,temperature,,300,°C,300 °C,figure caption,caption,direct,experimental_condition,figure,figure,True,True,True,bound,present,True,not_a_recipe_field,present,present,present,
10.1039_d3ra05217f,F6c/Y3d,10.1039_d3ra05217f-E023,MultiOutputMeasurement,deposition_temperature,,350 °C,,"deposition_temperature is varied by a panel/series of this figure, so a method-scope value is one panel's setting and cannot be applied to this entity",,,,,method,,True,True,False,ambiguous_withheld,candidates_preserved,False,withheld,candidates_preserved,present,n/a,applicability
10.1039_d3ra05217f,F6c/Y3d,10.1039_d3ra05217f-E023,MultiOutputMeasurement,growth_per_cycle,,0.2 Å/cycle; 0.6 Å/cycle; 0.8 Å/cycle,,"3 distinct growth_per_cycle values at method scope; no narrower evidence distinguishes them, so none is applied",,,,,method,,True,True,False,ambiguous_withheld,candidates_preserved,False,withheld,candidates_preserved,present,n/a,applicability
10.1039_d3ra05217f,F6d/200 °C,10.1039_d3ra05217f-E024,MultiOutputMeasurement,deposition_temperature,,200,°C,200 °C,series label '200 °C' (axis 'temperature'),series_label,direct,experimental_condition,series,series,True,True,True,bound,present,True,present,present,present,present,
10.1039_d3ra05217f,F6d/200 °C,10.1039_d3ra05217f-E024,MultiOutputMeasurement,growth_per_cycle,,0.2 Å/cycle; 0.6 Å/cycle; 0.8 Å/cycle,,"3 distinct growth_per_cycle values at method scope; no narrower evidence distinguishes them, so none is applied",,,,,method,,True,True,False,ambiguous_withheld,candidates_preserved,False,withheld,candidates_preserved,present,n/a,applicability
10.1039_d3ra05217f,F6d/250 °C,10.1039_d3ra05217f-E025,MultiOutputMeasurement,deposition_temperature,,250,°C,250 °C,series label '250 °C' (axis 'temperature'),series_label,direct,experimental_condition,series,series,True,True,True,bound,present,True,present,present,present,present,
10.1039_d3ra05217f,F6d/250 °C,10.1039_d3ra05217f-E025,MultiOutputMeasurement,temperature,,200,°C,200 °C,figure caption,caption,direct,experimental_condition,figure,figure,True,True,True,bound,present,True,not_a_recipe_field,present,present,present,
10.1039_d3ra05217f,F6d/250 °C,10.1039_d3ra05217f-E025,MultiOutputMeasurement,growth_per_cycle,,0.2 Å/cycle; 0.6 Å/cycle; 0.8 Å/cycle,,"3 distinct growth_per_cycle values at method scope; no narrower evidence distinguishes them, so none is applied",,,,,method,,True,True,False,ambiguous_withheld,candidates_preserved,False,withheld,candidates_preserved,present,n/a,applicability
10.1039_d3ra05217f,F6d/300 °C,10.1039_d3ra05217f-E026,MultiOutputMeasurement,deposition_temperature,,300,°C,300 °C,series label '300 °C' (axis 'temperature'),series_label,direct,experimental_condition,series,series,True,True,True,bound,present,True,present,present,present,present,
10.1039_d3ra05217f,F6d/300 °C,10.1039_d3ra05217f-E026,MultiOutputMeasurement,temperature,,200,°C,200 °C,figure caption,caption,direct,experimental_condition,figure,figure,True,True,True,bound,present,True,not_a_recipe_field,present,present,present,
10.1039_d3ra05217f,F6d/300 °C,10.1039_d3ra05217f-E026,MultiOutputMeasurement,growth_per_cycle,,0.2 Å/cycle; 0.6 Å/cycle; 0.8 Å/cycle,,"3 distinct growth_per_cycle values at method scope; no narrower evidence distinguishes them, so none is applied",,,,,method,,True,True,False,ambiguous_withheld,candidates_preserved,False,withheld,candidates_preserved,present,n/a,applicability
10.1039_d3ra05217f,F6e/200 °C,10.1039_d3ra05217f-E027,MultiOutputMeasurement,deposition_temperature,,200,°C,200 °C,series label '200 °C' (axis 'temperature'),series_label,direct,experimental_condition,series,series,True,True,True,bound,present,True,present,present,present,present,
10.1039_d3ra05217f,F6e/200 °C,10.1039_d3ra05217f-E027,MultiOutputMeasurement,temperature,,250,°C,250 °C,figure caption,caption,direct,experimental_condition,figure,figure,True,True,True,bound,present,True,not_a_recipe_field,present,present,present,
10.1039_d3ra05217f,F6e/200 °C,10.1039_d3ra05217f-E027,MultiOutputMeasurement,growth_per_cycle,,0.2 Å/cycle; 0.6 Å/cycle; 0.8 Å/cycle,,"3 distinct growth_per_cycle values at method scope; no narrower evidence distinguishes them, so none is applied",,,,,method,,True,True,False,ambiguous_withheld,candidates_preserved,False,withheld,candidates_preserved,present,n/a,applicability
10.1039_d3ra05217f,F6e/250 °C,10.1039_d3ra05217f-E028,MultiOutputMeasurement,deposition_temperature,,250,°C,250 °C,series label '250 °C' (axis 'temperature'),series_label,direct,experimental_condition,series,series,True,True,True,bound,present,True,present,present,present,present,
10.1039_d3ra05217f,F6e/250 °C,10.1039_d3ra05217f-E028,MultiOutputMeasurement,growth_per_cycle,,0.2 Å/cycle; 0.6 Å/cycle; 0.8 Å/cycle,,"3 distinct growth_per_cycle values at method scope; no narrower evidence distinguishes them, so none is applied",,,,,method,,True,True,False,ambiguous_withheld,candidates_preserved,False,withheld,candidates_preserved,present,n/a,applicability
10.1039_d3ra05217f,F6e/300 °C,10.1039_d3ra05217f-E029,MultiOutputMeasurement,deposition_temperature,,300,°C,300 °C,series label '300 °C' (axis 'temperature'),series_label,direct,experimental_condition,series,series,True,True,True,bound,present,True,present,present,present,present,
10.1039_d3ra05217f,F6e/300 °C,10.1039_d3ra05217f-E029,MultiOutputMeasurement,temperature,,250,°C,250 °C,figure caption,caption,direct,experimental_condition,figure,figure,True,True,True,bound,present,True,not_a_recipe_field,present,present,present,
10.1039_d3ra05217f,F6e/300 °C,10.1039_d3ra05217f-E029,MultiOutputMeasurement,growth_per_cycle,,0.2 Å/cycle; 0.6 Å/cycle; 0.8 Å/cycle,,"3 distinct growth_per_cycle values at method scope; no narrower evidence distinguishes them, so none is applied",,,,,method,,True,True,False,ambiguous_withheld,candidates_preserved,False,withheld,candidates_preserved,present,n/a,applicability
10.1039_d3ra05217f,F6f/200 °C,10.1039_d3ra05217f-E030,MultiOutputMeasurement,deposition_temperature,,200,°C,200 °C,series label '200 °C' (axis 'temperature'),series_label,direct,experimental_condition,series,series,True,True,True,bound,present,True,present,present,present,present,
10.1039_d3ra05217f,F6f/200 °C,10.1039_d3ra05217f-E030,MultiOutputMeasurement,temperature,,300,°C,300 °C,figure caption,caption,direct,experimental_condition,figure,figure,True,True,True,bound,present,True,not_a_recipe_field,present,present,present,
10.1039_d3ra05217f,F6f/200 °C,10.1039_d3ra05217f-E030,MultiOutputMeasurement,growth_per_cycle,,0.2 Å/cycle; 0.6 Å/cycle; 0.8 Å/cycle,,"3 distinct growth_per_cycle values at method scope; no narrower evidence distinguishes them, so none is applied",,,,,method,,True,True,False,ambiguous_withheld,candidates_preserved,False,withheld,candidates_preserved,present,n/a,applicability
10.1039_d3ra05217f,F6f/250 °C,10.1039_d3ra05217f-E031,MultiOutputMeasurement,deposition_temperature,,250,°C,250 °C,series label '250 °C' (axis 'temperature'),series_label,direct,experimental_condition,series,series,True,True,True,bound,present,True,present,present,present,present,
10.1039_d3ra05217f,F6f/250 °C,10.1039_d3ra05217f-E031,MultiOutputMeasurement,temperature,,300,°C,300 °C,figure caption,caption,direct,experimental_condition,figure,figure,True,True,True,bound,present,True,not_a_recipe_field,present,present,present,
10.1039_d3ra05217f,F6f/250 °C,10.1039_d3ra05217f-E031,MultiOutputMeasurement,growth_per_cycle,,0.2 Å/cycle; 0.6 Å/cycle; 0.8 Å/cycle,,"3 distinct growth_per_cycle values at method scope; no narrower evidence distinguishes them, so none is applied",,,,,method,,True,True,False,ambiguous_withheld,candidates_preserved,False,withheld,candidates_preserved,present,n/a,applicability
10.1039_d3ra05217f,F6f/300 °C,10.1039_d3ra05217f-E032,MultiOutputMeasurement,deposition_temperature,,300,°C,300 °C,series label '300 °C' (axis 'temperature'),series_label,direct,experimental_condition,series,series,True,True,True,bound,present,True,present,present,present,present,
10.1039_d3ra05217f,F6f/300 °C,10.1039_d3ra05217f-E032,MultiOutputMeasurement,growth_per_cycle,,0.2 Å/cycle; 0.6 Å/cycle; 0.8 Å/cycle,,"3 distinct growth_per_cycle values at method scope; no narrower evidence distinguishes them, so none is applied",,,,,method,,True,True,False,ambiguous_withheld,candidates_preserved,False,withheld,candidates_preserved,present,n/a,applicability
10.1039_d3ra05217f,F7c/<single>,10.1039_d3ra05217f-E033,MultiOutputMeasurement,deposition_temperature,,200,°C,deposited at 200 °C,document.md near Fig 7,body,direct,experimental_condition,figure,figure,True,True,True,bound,present,True,present,present,present,present,
10.1039_d3ra05217f,F7c/<single>,10.1039_d3ra05217f-E033,MultiOutputMeasurement,growth_per_cycle,,0.2 Å/cycle; 0.6 Å/cycle; 0.8 Å/cycle,,"3 distinct growth_per_cycle values at method scope; no narrower evidence distinguishes them, so none is applied",,,,,method,,True,True,False,ambiguous_withheld,candidates_preserved,False,withheld,candidates_preserved,present,n/a,applicability
10.1039_d3ra05217f,F8a/<single>,10.1039_d3ra05217f-E034,UnresolvedSourceEntity,deposition_temperature,,300,°C,deposition temperature for the Y2O3 layer was 300 °C,document.md near Fig 8,body,direct,experimental_condition,figure,figure,True,True,True,bound,entity_only(no case: unknown),,not_a_recipe_field,present,present,present,
10.1039_d3ra05217f,F8a/<single>,10.1039_d3ra05217f-E034,UnresolvedSourceEntity,growth_per_cycle,,0.2 Å/cycle; 0.6 Å/cycle; 0.8 Å/cycle,,"3 distinct growth_per_cycle values at method scope; no narrower evidence distinguishes them, so none is applied",,,,,method,,True,True,False,ambiguous_withheld,candidates_preserved,False,withheld,candidates_preserved,present,n/a,applicability
10.1039_d3ra05217f,F8b/<single>,10.1039_d3ra05217f-E035,UnresolvedSourceEntity,deposition_temperature,,300,°C,deposition temperature for the Y2O3 layer was 300 °C,"figure 8 caption, panel (b)",caption,direct,experimental_condition,panel,panel,True,True,True,bound,entity_only(no case: unknown),,not_a_recipe_field,present,present,present,
10.1039_d3ra05217f,F8b/<single>,10.1039_d3ra05217f-E035,UnresolvedSourceEntity,growth_per_cycle,,0.2 Å/cycle; 0.6 Å/cycle; 0.8 Å/cycle,,"3 distinct growth_per_cycle values at method scope; no narrower evidence distinguishes them, so none is applied",,,,,method,,True,True,False,ambiguous_withheld,candidates_preserved,False,withheld,candidates_preserved,present,n/a,applicability
10.1063_1.5028178,F2a/0.1 s,10.1063_1.5028178-E000,SimulationRun,pulse_time,,0.1,s,0.1 s,series label '0.1 s' (axis 'pulse time'),series_label,direct,experimental_condition,series,series,True,True,True,bound,entity_only(no case: simulation),,not_a_recipe_field,present,present,present,
10.1063_1.5028178,F2a/0.1 s,10.1063_1.5028178-E000,SimulationRun,temperature,,500,K,500K,figure caption,caption,direct,experimental_condition,figure,figure,True,True,True,bound,entity_only(no case: simulation),,not_a_recipe_field,present,present,present,
10.1063_1.5028178,F2a/0.1 s,10.1063_1.5028178-E000,SimulationRun,cycle_number,,500,cycle,500 cycles,methods section,methods,approximate,experimental_condition,method,method,True,True,True,bound,entity_only(no case: simulation),,not_a_recipe_field,present,present,present,
10.1063_1.5028178,F2a/0.1 s,10.1063_1.5028178-E000,SimulationRun,flow_rate,N2,150,sccm,150 sccm,methods section,methods,approximate,experimental_condition,method,method,True,True,True,bound,entity_only(no case: simulation),,not_a_recipe_field,present,present,present,
10.1063_1.5028178,F2a/0.1 s,10.1063_1.5028178-E000,SimulationRun,generic_pressure,reactant,100,Pa,"used: H ¼ 0.5 l m , W ¼ 0.1 mm, p A0 ¼ 100Pa, M A ¼ 0.0749 kg/mol, d A ¼ 591pm, M B ¼ 0.028 kg/ mol, d B ¼ 374pm, p B ¼ ",figure 2 caption,caption,direct,model_input,figure,figure,True,True,True,bound,entity_only(no case: simulation),,not_a_recipe_field,present,present,present,
10.1063_1.5028178,F2a/0.1 s,10.1063_1.5028178-E000,SimulationRun,working_pressure,,300,Pa,2O3 and TiO2 during the runs were appr. 300 Pa. The LHAR structures were inspected optically after the ALD before and af,methods section,methods,approximate,experimental_condition,method,method,True,True,True,bound,entity_only(no case: simulation),,not_a_recipe_field,present,present,present,
10.1063_1.5028178,F2a/0.05 s,10.1063_1.5028178-E001,SimulationRun,pulse_time,,0.05,s,0.05 s,series label '0.05 s' (axis 'pulse time'),series_label,direct,experimental_condition,series,series,True,True,True,bound,entity_only(no case: simulation),,not_a_recipe_field,present,present,present,
10.1063_1.5028178,F2a/0.05 s,10.1063_1.5028178-E001,SimulationRun,temperature,,500,K,500K,figure caption,caption,direct,experimental_condition,figure,figure,True,True,True,bound,entity_only(no case: simulation),,not_a_recipe_field,present,present,present,
10.1063_1.5028178,F2a/0.05 s,10.1063_1.5028178-E001,SimulationRun,cycle_number,,500,cycle,500 cycles,methods section,methods,approximate,experimental_condition,method,method,True,True,True,bound,entity_only(no case: simulation),,not_a_recipe_field,present,present,present,
10.1063_1.5028178,F2a/0.05 s,10.1063_1.5028178-E001,SimulationRun,flow_rate,N2,150,sccm,150 sccm,methods section,methods,approximate,experimental_condition,method,method,True,True,True,bound,entity_only(no case: simulation),,not_a_recipe_field,present,present,present,
10.1063_1.5028178,F2a/0.05 s,10.1063_1.5028178-E001,SimulationRun,generic_pressure,reactant,100,Pa,"used: H ¼ 0.5 l m , W ¼ 0.1 mm, p A0 ¼ 100Pa, M A ¼ 0.0749 kg/mol, d A ¼ 591pm, M B ¼ 0.028 kg/ mol, d B ¼ 374pm, p B ¼ ",figure 2 caption,caption,direct,model_input,figure,figure,True,True,True,bound,entity_only(no case: simulation),,not_a_recipe_field,present,present,present,
10.1063_1.5028178,F2a/0.05 s,10.1063_1.5028178-E001,SimulationRun,working_pressure,,300,Pa,2O3 and TiO2 during the runs were appr. 300 Pa. The LHAR structures were inspected optically after the ALD before and af,methods section,methods,approximate,experimental_condition,method,method,True,True,True,bound,entity_only(no case: simulation),,not_a_recipe_field,present,present,present,
10.1063_1.5028178,F2a/0.02 s,10.1063_1.5028178-E002,SimulationRun,pulse_time,,0.02,s,0.02 s,series label '0.02 s' (axis 'pulse time'),series_label,direct,experimental_condition,series,series,True,True,True,bound,entity_only(no case: simulation),,not_a_recipe_field,present,present,present,
10.1063_1.5028178,F2a/0.02 s,10.1063_1.5028178-E002,SimulationRun,temperature,,500,K,500K,figure caption,caption,direct,experimental_condition,figure,figure,True,True,True,bound,entity_only(no case: simulation),,not_a_recipe_field,present,present,present,
10.1063_1.5028178,F2a/0.02 s,10.1063_1.5028178-E002,SimulationRun,cycle_number,,500,cycle,500 cycles,methods section,methods,approximate,experimental_condition,method,method,True,True,True,bound,entity_only(no case: simulation),,not_a_recipe_field,present,present,present,
10.1063_1.5028178,F2a/0.02 s,10.1063_1.5028178-E002,SimulationRun,flow_rate,N2,150,sccm,150 sccm,methods section,methods,approximate,experimental_condition,method,method,True,True,True,bound,entity_only(no case: simulation),,not_a_recipe_field,present,present,present,
10.1063_1.5028178,F2a/0.02 s,10.1063_1.5028178-E002,SimulationRun,generic_pressure,reactant,100,Pa,"used: H ¼ 0.5 l m , W ¼ 0.1 mm, p A0 ¼ 100Pa, M A ¼ 0.0749 kg/mol, d A ¼ 591pm, M B ¼ 0.028 kg/ mol, d B ¼ 374pm, p B ¼ ",figure 2 caption,caption,direct,model_input,figure,figure,True,True,True,bound,entity_only(no case: simulation),,not_a_recipe_field,present,present,present,
10.1063_1.5028178,F2a/0.02 s,10.1063_1.5028178-E002,SimulationRun,working_pressure,,300,Pa,2O3 and TiO2 during the runs were appr. 300 Pa. The LHAR structures were inspected optically after the ALD before and af,methods section,methods,approximate,experimental_condition,method,method,True,True,True,bound,entity_only(no case: simulation),,not_a_recipe_field,present,present,present,
10.1063_1.5028178,F2a/0.01 s,10.1063_1.5028178-E003,SimulationRun,pulse_time,,0.01,s,0.01 s,series label '0.01 s' (axis 'pulse time'),series_label,direct,experimental_condition,series,series,True,True,True,bound,entity_only(no case: simulation),,not_a_recipe_field,present,present,present,
10.1063_1.5028178,F2a/0.01 s,10.1063_1.5028178-E003,SimulationRun,temperature,,500,K,500K,figure caption,caption,direct,experimental_condition,figure,figure,True,True,True,bound,entity_only(no case: simulation),,not_a_recipe_field,present,present,present,
10.1063_1.5028178,F2a/0.01 s,10.1063_1.5028178-E003,SimulationRun,cycle_number,,500,cycle,500 cycles,methods section,methods,approximate,experimental_condition,method,method,True,True,True,bound,entity_only(no case: simulation),,not_a_recipe_field,present,present,present,
10.1063_1.5028178,F2a/0.01 s,10.1063_1.5028178-E003,SimulationRun,flow_rate,N2,150,sccm,150 sccm,methods section,methods,approximate,experimental_condition,method,method,True,True,True,bound,entity_only(no case: simulation),,not_a_recipe_field,present,present,present,
10.1063_1.5028178,F2a/0.01 s,10.1063_1.5028178-E003,SimulationRun,generic_pressure,reactant,100,Pa,"used: H ¼ 0.5 l m , W ¼ 0.1 mm, p A0 ¼ 100Pa, M A ¼ 0.0749 kg/mol, d A ¼ 591pm, M B ¼ 0.028 kg/ mol, d B ¼ 374pm, p B ¼ ",figure 2 caption,caption,direct,model_input,figure,figure,True,True,True,bound,entity_only(no case: simulation),,not_a_recipe_field,present,present,present,
10.1063_1.5028178,F2a/0.01 s,10.1063_1.5028178-E003,SimulationRun,working_pressure,,300,Pa,2O3 and TiO2 during the runs were appr. 300 Pa. The LHAR structures were inspected optically after the ALD before and af,methods section,methods,approximate,experimental_condition,method,method,True,True,True,bound,entity_only(no case: simulation),,not_a_recipe_field,present,present,present,
10.1063_1.5028178,F3a/0.01 s,10.1063_1.5028178-E004,SimulationRun,pulse_time,,0.01,s,0.01 s,series label '0.01 s' (axis 'pulse_time'),series_label,direct,experimental_condition,series,series,True,True,True,bound,entity_only(no case: simulation),,not_a_recipe_field,present,present,present,
10.1063_1.5028178,F3a/0.01 s,10.1063_1.5028178-E004,SimulationRun,temperature,,500,K,500 K,figure caption,caption,direct,experimental_condition,figure,figure,True,True,True,bound,entity_only(no case: simulation),,not_a_recipe_field,present,present,present,
10.1063_1.5028178,F3a/0.01 s,10.1063_1.5028178-E004,SimulationRun,cycle_number,,500,cycle,500 cycles,methods section,methods,approximate,experimental_condition,method,method,True,True,True,bound,entity_only(no case: simulation),,not_a_recipe_field,present,present,present,
10.1063_1.5028178,F3a/0.01 s,10.1063_1.5028178-E004,SimulationRun,flow_rate,N2,150,sccm,150 sccm,methods section,methods,approximate,experimental_condition,method,method,True,True,True,bound,entity_only(no case: simulation),,not_a_recipe_field,present,present,present,
10.1063_1.5028178,F3a/0.01 s,10.1063_1.5028178-E004,SimulationRun,generic_pressure,,100,Pa,"¼ 0.5 l m , W ¼ 0.1 mm, p A0 ¼ 100Pa, M A ¼ 0.0749 kg/mol, d A ¼ 591pm, M B ¼ 0.028 kg/mol, d B ¼ 374 pm, p B ¼ 300Pa, q",figure 3 caption,caption,direct,model_input,figure,figure,True,True,True,bound,entity_only(no case: simulation),,not_a_recipe_field,present,present,present,
10.1063_1.5028178,F3a/0.01 s,10.1063_1.5028178-E004,SimulationRun,working_pressure,,300,Pa,2O3 and TiO2 during the runs were appr. 300 Pa. The LHAR structures were inspected optically after the ALD before and af,methods section,methods,approximate,experimental_condition,method,method,True,True,True,bound,entity_only(no case: simulation),,not_a_recipe_field,present,present,present,
10.1063_1.5028178,F3a/0.02 s,10.1063_1.5028178-E005,SimulationRun,pulse_time,,0.02,s,0.02 s,series label '0.02 s' (axis 'pulse_time'),series_label,direct,experimental_condition,series,series,True,True,True,bound,entity_only(no case: simulation),,not_a_recipe_field,present,present,present,
10.1063_1.5028178,F3a/0.02 s,10.1063_1.5028178-E005,SimulationRun,temperature,,500,K,500 K,figure caption,caption,direct,experimental_condition,figure,figure,True,True,True,bound,entity_only(no case: simulation),,not_a_recipe_field,present,present,present,
10.1063_1.5028178,F3a/0.02 s,10.1063_1.5028178-E005,SimulationRun,cycle_number,,500,cycle,500 cycles,methods section,methods,approximate,experimental_condition,method,method,True,True,True,bound,entity_only(no case: simulation),,not_a_recipe_field,present,present,present,
10.1063_1.5028178,F3a/0.02 s,10.1063_1.5028178-E005,SimulationRun,flow_rate,N2,150,sccm,150 sccm,methods section,methods,approximate,experimental_condition,method,method,True,True,True,bound,entity_only(no case: simulation),,not_a_recipe_field,present,present,present,
10.1063_1.5028178,F3a/0.02 s,10.1063_1.5028178-E005,SimulationRun,generic_pressure,,100,Pa,"¼ 0.5 l m , W ¼ 0.1 mm, p A0 ¼ 100Pa, M A ¼ 0.0749 kg/mol, d A ¼ 591pm, M B ¼ 0.028 kg/mol, d B ¼ 374 pm, p B ¼ 300Pa, q",figure 3 caption,caption,direct,model_input,figure,figure,True,True,True,bound,entity_only(no case: simulation),,not_a_recipe_field,present,present,present,
10.1063_1.5028178,F3a/0.02 s,10.1063_1.5028178-E005,SimulationRun,working_pressure,,300,Pa,2O3 and TiO2 during the runs were appr. 300 Pa. The LHAR structures were inspected optically after the ALD before and af,methods section,methods,approximate,experimental_condition,method,method,True,True,True,bound,entity_only(no case: simulation),,not_a_recipe_field,present,present,present,
10.1063_1.5028178,F3a/0.05 s,10.1063_1.5028178-E006,SimulationRun,pulse_time,,0.05,s,0.05 s,series label '0.05 s' (axis 'pulse_time'),series_label,direct,experimental_condition,series,series,True,True,True,bound,entity_only(no case: simulation),,not_a_recipe_field,present,present,present,
10.1063_1.5028178,F3a/0.05 s,10.1063_1.5028178-E006,SimulationRun,temperature,,500,K,500 K,figure caption,caption,direct,experimental_condition,figure,figure,True,True,True,bound,entity_only(no case: simulation),,not_a_recipe_field,present,present,present,
10.1063_1.5028178,F3a/0.05 s,10.1063_1.5028178-E006,SimulationRun,cycle_number,,500,cycle,500 cycles,methods section,methods,approximate,experimental_condition,method,method,True,True,True,bound,entity_only(no case: simulation),,not_a_recipe_field,present,present,present,
10.1063_1.5028178,F3a/0.05 s,10.1063_1.5028178-E006,SimulationRun,flow_rate,N2,150,sccm,150 sccm,methods section,methods,approximate,experimental_condition,method,method,True,True,True,bound,entity_only(no case: simulation),,not_a_recipe_field,present,present,present,
10.1063_1.5028178,F3a/0.05 s,10.1063_1.5028178-E006,SimulationRun,generic_pressure,,100,Pa,"¼ 0.5 l m , W ¼ 0.1 mm, p A0 ¼ 100Pa, M A ¼ 0.0749 kg/mol, d A ¼ 591pm, M B ¼ 0.028 kg/mol, d B ¼ 374 pm, p B ¼ 300Pa, q",figure 3 caption,caption,direct,model_input,figure,figure,True,True,True,bound,entity_only(no case: simulation),,not_a_recipe_field,present,present,present,
10.1063_1.5028178,F3a/0.05 s,10.1063_1.5028178-E006,SimulationRun,working_pressure,,300,Pa,2O3 and TiO2 during the runs were appr. 300 Pa. The LHAR structures were inspected optically after the ALD before and af,methods section,methods,approximate,experimental_condition,method,method,True,True,True,bound,entity_only(no case: simulation),,not_a_recipe_field,present,present,present,
10.1063_1.5028178,F3a/0.1 s,10.1063_1.5028178-E007,SimulationRun,pulse_time,,0.1,s,0.1 s,series label '0.1 s' (axis 'pulse_time'),series_label,direct,experimental_condition,series,series,True,True,True,bound,entity_only(no case: simulation),,not_a_recipe_field,present,present,present,
10.1063_1.5028178,F3a/0.1 s,10.1063_1.5028178-E007,SimulationRun,temperature,,500,K,500 K,figure caption,caption,direct,experimental_condition,figure,figure,True,True,True,bound,entity_only(no case: simulation),,not_a_recipe_field,present,present,present,
10.1063_1.5028178,F3a/0.1 s,10.1063_1.5028178-E007,SimulationRun,cycle_number,,500,cycle,500 cycles,methods section,methods,approximate,experimental_condition,method,method,True,True,True,bound,entity_only(no case: simulation),,not_a_recipe_field,present,present,present,
10.1063_1.5028178,F3a/0.1 s,10.1063_1.5028178-E007,SimulationRun,flow_rate,N2,150,sccm,150 sccm,methods section,methods,approximate,experimental_condition,method,method,True,True,True,bound,entity_only(no case: simulation),,not_a_recipe_field,present,present,present,
10.1063_1.5028178,F3a/0.1 s,10.1063_1.5028178-E007,SimulationRun,generic_pressure,,100,Pa,"¼ 0.5 l m , W ¼ 0.1 mm, p A0 ¼ 100Pa, M A ¼ 0.0749 kg/mol, d A ¼ 591pm, M B ¼ 0.028 kg/mol, d B ¼ 374 pm, p B ¼ 300Pa, q",figure 3 caption,caption,direct,model_input,figure,figure,True,True,True,bound,entity_only(no case: simulation),,not_a_recipe_field,present,present,present,
10.1063_1.5028178,F3a/0.1 s,10.1063_1.5028178-E007,SimulationRun,working_pressure,,300,Pa,2O3 and TiO2 during the runs were appr. 300 Pa. The LHAR structures were inspected optically after the ALD before and af,methods section,methods,approximate,experimental_condition,method,method,True,True,True,bound,entity_only(no case: simulation),,not_a_recipe_field,present,present,present,
10.1063_1.5028178,F4a/H= 2 µm,10.1063_1.5028178-E008,SimulationRun,feature_height,,2,µm,H= 2 µm,series label 'H= 2 µm' (axis 'channel height'),series_label,direct,experimental_condition,series,series,True,True,True,bound,entity_only(no case: simulation),,not_a_recipe_field,present,present,present,
10.1063_1.5028178,F4a/H= 2 µm,10.1063_1.5028178-E008,SimulationRun,cycle_number,,1000,cycle,1000 cycles,figure 4 caption,caption,direct,experimental_condition,figure,figure,True,True,True,bound,entity_only(no case: simulation),,not_a_recipe_field,present,present,present,
10.1063_1.5028178,F4a/H= 2 µm,10.1063_1.5028178-E008,SimulationRun,temperature,,500,K,500K,figure caption,caption,direct,experimental_condition,figure,figure,True,True,True,bound,entity_only(no case: simulation),,not_a_recipe_field,present,present,present,
10.1063_1.5028178,F4a/H= 2 µm,10.1063_1.5028178-E008,SimulationRun,pulse_time,,0.1,s,pulse length t p ¼ 0.1 s,figure 4 caption,caption,direct,model_input,figure,figure,True,True,True,bound,entity_only(no case: simulation),,not_a_recipe_field,present,present,present,
10.1063_1.5028178,F4a/H= 2 µm,10.1063_1.5028178-E008,SimulationRun,flow_rate,N2,150,sccm,150 sccm,methods section,methods,approximate,experimental_condition,method,method,True,True,True,bound,entity_only(no case: simulation),,not_a_recipe_field,present,present,present,
10.1063_1.5028178,F4a/H= 2 µm,10.1063_1.5028178-E008,SimulationRun,generic_pressure,,100,Pa,"used: H ¼ 0.5 l m , W ¼ 0.1 mm, p A0 ¼ 100Pa, M A ¼ 0.0749 kg/mol, d A ¼ 591pm, M B ¼ 0.028 kg/mol, d B ¼ 374pm, p B ¼ 3",figure 4 caption,caption,direct,model_input,figure,figure,True,True,True,bound,entity_only(no case: simulation),,not_a_recipe_field,present,present,present,
10.1063_1.5028178,F4a/H= 2 µm,10.1063_1.5028178-E008,SimulationRun,working_pressure,,300,Pa,2O3 and TiO2 during the runs were appr. 300 Pa. The LHAR structures were inspected optically after the ALD before and af,methods section,methods,approximate,experimental_condition,method,method,True,True,True,bound,entity_only(no case: simulation),,not_a_recipe_field,present,present,present,
10.1063_1.5028178,F4a/1 µm,10.1063_1.5028178-E009,SimulationRun,feature_height,,1,µm,1 µm,series label '1 µm' (axis 'channel height'),series_label,direct,experimental_condition,series,series,True,True,True,bound,entity_only(no case: simulation),,not_a_recipe_field,present,present,present,
10.1063_1.5028178,F4a/1 µm,10.1063_1.5028178-E009,SimulationRun,cycle_number,,1000,cycle,1000 cycles,figure 4 caption,caption,direct,experimental_condition,figure,figure,True,True,True,bound,entity_only(no case: simulation),,not_a_recipe_field,present,present,present,
10.1063_1.5028178,F4a/1 µm,10.1063_1.5028178-E009,SimulationRun,temperature,,500,K,500K,figure caption,caption,direct,experimental_condition,figure,figure,True,True,True,bound,entity_only(no case: simulation),,not_a_recipe_field,present,present,present,
10.1063_1.5028178,F4a/1 µm,10.1063_1.5028178-E009,SimulationRun,pulse_time,,0.1,s,pulse length t p ¼ 0.1 s,figure 4 caption,caption,direct,model_input,figure,figure,True,True,True,bound,entity_only(no case: simulation),,not_a_recipe_field,present,present,present,
10.1063_1.5028178,F4a/1 µm,10.1063_1.5028178-E009,SimulationRun,flow_rate,N2,150,sccm,150 sccm,methods section,methods,approximate,experimental_condition,method,method,True,True,True,bound,entity_only(no case: simulation),,not_a_recipe_field,present,present,present,
10.1063_1.5028178,F4a/1 µm,10.1063_1.5028178-E009,SimulationRun,generic_pressure,,100,Pa,"used: H ¼ 0.5 l m , W ¼ 0.1 mm, p A0 ¼ 100Pa, M A ¼ 0.0749 kg/mol, d A ¼ 591pm, M B ¼ 0.028 kg/mol, d B ¼ 374pm, p B ¼ 3",figure 4 caption,caption,direct,model_input,figure,figure,True,True,True,bound,entity_only(no case: simulation),,not_a_recipe_field,present,present,present,
10.1063_1.5028178,F4a/1 µm,10.1063_1.5028178-E009,SimulationRun,working_pressure,,300,Pa,2O3 and TiO2 during the runs were appr. 300 Pa. The LHAR structures were inspected optically after the ALD before and af,methods section,methods,approximate,experimental_condition,method,method,True,True,True,bound,entity_only(no case: simulation),,not_a_recipe_field,present,present,present,
10.1063_1.5028178,F4a/0.5 µm,10.1063_1.5028178-E010,SimulationRun,feature_height,,0.5,µm,0.5 µm,series label '0.5 µm' (axis 'channel height'),series_label,direct,experimental_condition,series,series,True,True,True,bound,entity_only(no case: simulation),,not_a_recipe_field,present,present,present,
10.1063_1.5028178,F4a/0.5 µm,10.1063_1.5028178-E010,SimulationRun,cycle_number,,1000,cycle,1000 cycles,figure 4 caption,caption,direct,experimental_condition,figure,figure,True,True,True,bound,entity_only(no case: simulation),,not_a_recipe_field,present,present,present,
10.1063_1.5028178,F4a/0.5 µm,10.1063_1.5028178-E010,SimulationRun,temperature,,500,K,500K,figure caption,caption,direct,experimental_condition,figure,figure,True,True,True,bound,entity_only(no case: simulation),,not_a_recipe_field,present,present,present,
10.1063_1.5028178,F4a/0.5 µm,10.1063_1.5028178-E010,SimulationRun,pulse_time,,0.1,s,pulse length t p ¼ 0.1 s,figure 4 caption,caption,direct,model_input,figure,figure,True,True,True,bound,entity_only(no case: simulation),,not_a_recipe_field,present,present,present,
10.1063_1.5028178,F4a/0.5 µm,10.1063_1.5028178-E010,SimulationRun,flow_rate,N2,150,sccm,150 sccm,methods section,methods,approximate,experimental_condition,method,method,True,True,True,bound,entity_only(no case: simulation),,not_a_recipe_field,present,present,present,
10.1063_1.5028178,F4a/0.5 µm,10.1063_1.5028178-E010,SimulationRun,generic_pressure,,100,Pa,"used: H ¼ 0.5 l m , W ¼ 0.1 mm, p A0 ¼ 100Pa, M A ¼ 0.0749 kg/mol, d A ¼ 591pm, M B ¼ 0.028 kg/mol, d B ¼ 374pm, p B ¼ 3",figure 4 caption,caption,direct,model_input,figure,figure,True,True,True,bound,entity_only(no case: simulation),,not_a_recipe_field,present,present,present,
10.1063_1.5028178,F4a/0.5 µm,10.1063_1.5028178-E010,SimulationRun,working_pressure,,300,Pa,2O3 and TiO2 during the runs were appr. 300 Pa. The LHAR structures were inspected optically after the ALD before and af,methods section,methods,approximate,experimental_condition,method,method,True,True,True,bound,entity_only(no case: simulation),,not_a_recipe_field,present,present,present,
10.1063_1.5028178,F4a/0.2 µm,10.1063_1.5028178-E011,SimulationRun,feature_height,,0.2,µm,0.2 µm,series label '0.2 µm' (axis 'channel height'),series_label,direct,experimental_condition,series,series,True,True,True,bound,entity_only(no case: simulation),,not_a_recipe_field,present,present,present,
10.1063_1.5028178,F4a/0.2 µm,10.1063_1.5028178-E011,SimulationRun,cycle_number,,1000,cycle,1000 cycles,figure 4 caption,caption,direct,experimental_condition,figure,figure,True,True,True,bound,entity_only(no case: simulation),,not_a_recipe_field,present,present,present,
10.1063_1.5028178,F4a/0.2 µm,10.1063_1.5028178-E011,SimulationRun,temperature,,500,K,500K,figure caption,caption,direct,experimental_condition,figure,figure,True,True,True,bound,entity_only(no case: simulation),,not_a_recipe_field,present,present,present,
10.1063_1.5028178,F4a/0.2 µm,10.1063_1.5028178-E011,SimulationRun,pulse_time,,0.1,s,pulse length t p ¼ 0.1 s,figure 4 caption,caption,direct,model_input,figure,figure,True,True,True,bound,entity_only(no case: simulation),,not_a_recipe_field,present,present,present,
10.1063_1.5028178,F4a/0.2 µm,10.1063_1.5028178-E011,SimulationRun,flow_rate,N2,150,sccm,150 sccm,methods section,methods,approximate,experimental_condition,method,method,True,True,True,bound,entity_only(no case: simulation),,not_a_recipe_field,present,present,present,
10.1063_1.5028178,F4a/0.2 µm,10.1063_1.5028178-E011,SimulationRun,generic_pressure,,100,Pa,"used: H ¼ 0.5 l m , W ¼ 0.1 mm, p A0 ¼ 100Pa, M A ¼ 0.0749 kg/mol, d A ¼ 591pm, M B ¼ 0.028 kg/mol, d B ¼ 374pm, p B ¼ 3",figure 4 caption,caption,direct,model_input,figure,figure,True,True,True,bound,entity_only(no case: simulation),,not_a_recipe_field,present,present,present,
10.1063_1.5028178,F4a/0.2 µm,10.1063_1.5028178-E011,SimulationRun,working_pressure,,300,Pa,2O3 and TiO2 during the runs were appr. 300 Pa. The LHAR structures were inspected optically after the ALD before and af,methods section,methods,approximate,experimental_condition,method,method,True,True,True,bound,entity_only(no case: simulation),,not_a_recipe_field,present,present,present,
10.1063_1.5028178,F5a/Gordon model,10.1063_1.5028178-E012,ModelSweep,temperature,,500,K,500K,figure caption,caption,direct,experimental_condition,figure,figure,True,True,True,bound,entity_only(no case: model_sweep),,not_a_recipe_field,present,present,present,
10.1063_1.5028178,F5a/Gordon model,10.1063_1.5028178-E012,ModelSweep,cycle_number,,500,cycle,500 cycles,methods section,methods,approximate,experimental_condition,method,method,True,True,True,bound,entity_only(no case: model_sweep),,not_a_recipe_field,present,present,present,
10.1063_1.5028178,F5a/Gordon model,10.1063_1.5028178-E012,ModelSweep,flow_rate,N2,150,sccm,150 sccm,methods section,methods,approximate,experimental_condition,method,method,True,True,True,bound,entity_only(no case: model_sweep),,not_a_recipe_field,present,present,present,
10.1063_1.5028178,F5a/Gordon model,10.1063_1.5028178-E012,ModelSweep,generic_pressure,,100,Pa,"used: H ¼ 0.5 l m , W ¼ 0.1 mm, p A0 ¼ 100Pa, M A ¼ 0.0749 kg/mol, d A ¼ 591pm, M B ¼ 0.028 kg/mol, d B ¼ 374pm, p B ¼ 3",figure 5 caption,caption,direct,model_input,figure,figure,True,True,True,bound,entity_only(no case: model_sweep),,not_a_recipe_field,present,present,present,
10.1063_1.5028178,F5a/Gordon model,10.1063_1.5028178-E012,ModelSweep,working_pressure,,300,Pa,2O3 and TiO2 during the runs were appr. 300 Pa. The LHAR structures were inspected optically after the ALD before and af,methods section,methods,approximate,experimental_condition,method,method,True,True,True,bound,entity_only(no case: model_sweep),,not_a_recipe_field,present,present,present,
10.1063_1.5028178,F5a/Approximation,10.1063_1.5028178-E013,ModelSweep,temperature,,500,K,500K,figure caption,caption,direct,experimental_condition,figure,figure,True,True,True,bound,entity_only(no case: model_sweep),,not_a_recipe_field,present,present,present,
10.1063_1.5028178,F5a/Approximation,10.1063_1.5028178-E013,ModelSweep,cycle_number,,500,cycle,500 cycles,methods section,methods,approximate,experimental_condition,method,method,True,True,True,bound,entity_only(no case: model_sweep),,not_a_recipe_field,present,present,present,
10.1063_1.5028178,F5a/Approximation,10.1063_1.5028178-E013,ModelSweep,flow_rate,N2,150,sccm,150 sccm,methods section,methods,approximate,experimental_condition,method,method,True,True,True,bound,entity_only(no case: model_sweep),,not_a_recipe_field,present,present,present,
10.1063_1.5028178,F5a/Approximation,10.1063_1.5028178-E013,ModelSweep,generic_pressure,,100,Pa,"used: H ¼ 0.5 l m , W ¼ 0.1 mm, p A0 ¼ 100Pa, M A ¼ 0.0749 kg/mol, d A ¼ 591pm, M B ¼ 0.028 kg/mol, d B ¼ 374pm, p B ¼ 3",figure 5 caption,caption,direct,model_input,figure,figure,True,True,True,bound,entity_only(no case: model_sweep),,not_a_recipe_field,present,present,present,
10.1063_1.5028178,F5a/Approximation,10.1063_1.5028178-E013,ModelSweep,working_pressure,,300,Pa,2O3 and TiO2 during the runs were appr. 300 Pa. The LHAR structures were inspected optically after the ALD before and af,methods section,methods,approximate,experimental_condition,method,method,True,True,True,bound,entity_only(no case: model_sweep),,not_a_recipe_field,present,present,present,
10.1063_1.5028178,F5a/Numerical,10.1063_1.5028178-E014,ModelSweep,temperature,,500,K,500K,figure caption,caption,direct,experimental_condition,figure,figure,True,True,True,bound,entity_only(no case: model_sweep),,not_a_recipe_field,present,present,present,
10.1063_1.5028178,F5a/Numerical,10.1063_1.5028178-E014,ModelSweep,cycle_number,,500,cycle,500 cycles,methods section,methods,approximate,experimental_condition,method,method,True,True,True,bound,entity_only(no case: model_sweep),,not_a_recipe_field,present,present,present,
10.1063_1.5028178,F5a/Numerical,10.1063_1.5028178-E014,ModelSweep,flow_rate,N2,150,sccm,150 sccm,methods section,methods,approximate,experimental_condition,method,method,True,True,True,bound,entity_only(no case: model_sweep),,not_a_recipe_field,present,present,present,
10.1063_1.5028178,F5a/Numerical,10.1063_1.5028178-E014,ModelSweep,generic_pressure,,100,Pa,"used: H ¼ 0.5 l m , W ¼ 0.1 mm, p A0 ¼ 100Pa, M A ¼ 0.0749 kg/mol, d A ¼ 591pm, M B ¼ 0.028 kg/mol, d B ¼ 374pm, p B ¼ 3",figure 5 caption,caption,direct,model_input,figure,figure,True,True,True,bound,entity_only(no case: model_sweep),,not_a_recipe_field,present,present,present,
10.1063_1.5028178,F5a/Numerical,10.1063_1.5028178-E014,ModelSweep,working_pressure,,300,Pa,2O3 and TiO2 during the runs were appr. 300 Pa. The LHAR structures were inspected optically after the ALD before and af,methods section,methods,approximate,experimental_condition,method,method,True,True,True,bound,entity_only(no case: model_sweep),,not_a_recipe_field,present,present,present,
10.1063_1.5028178,F6a/Fitting result,10.1063_1.5028178-E015,Fit,cycle_number,,500,cycle,500cycle,figure caption,caption,approximate,experimental_condition,figure,figure,True,True,True,bound,entity_only(no case: fit),,not_a_recipe_field,present,present,present,
10.1063_1.5028178,F6a/Fitting result,10.1063_1.5028178-E015,Fit,flow_rate,N2,150,sccm,150 sccm,methods section,methods,approximate,experimental_condition,method,method,True,True,True,bound,entity_only(no case: fit),,not_a_recipe_field,present,present,present,
10.1063_1.5028178,F6a/Fitting result,10.1063_1.5028178-E015,Fit,generic_pressure,,100,Pa,"used: H ¼ 0.5 l m , W ¼ 0.1 mm, p A0 ¼ 100Pa, M A ¼ 0.0749 kg/mol, d A ¼ 591pm, M B ¼ 0.028 kg/mol, d B ¼ 374pm, p B ¼ 3",methods section,methods,direct,model_input,method,method,True,True,True,bound,entity_only(no case: fit),,not_a_recipe_field,present,present,present,
10.1063_1.5028178,F6a/Fitting result,10.1063_1.5028178-E015,Fit,working_pressure,,300,Pa,2O3 and TiO2 during the runs were appr. 300 Pa. The LHAR structures were inspected optically after the ALD before and af,methods section,methods,approximate,experimental_condition,method,method,True,True,True,bound,entity_only(no case: fit),,not_a_recipe_field,present,present,present,
10.1063_1.5028178,F6a/Measured,10.1063_1.5028178-E016,ExperimentalProfile,cycle_number,,500,cycle,500cycle,figure caption,caption,approximate,experimental_condition,figure,figure,True,True,True,bound,present,True,present,present,present,present,
10.1063_1.5028178,F6a/Measured,10.1063_1.5028178-E016,ExperimentalProfile,flow_rate,N2,150,sccm,150 sccm,methods section,methods,approximate,experimental_condition,method,method,True,True,True,bound,present,True,present,present,present,present,
10.1063_1.5028178,F6a/Measured,10.1063_1.5028178-E016,ExperimentalProfile,generic_pressure,,100,Pa,"used: H ¼ 0.5 l m , W ¼ 0.1 mm, p A0 ¼ 100Pa, M A ¼ 0.0749 kg/mol, d A ¼ 591pm, M B ¼ 0.028 kg/mol, d B ¼ 374pm, p B ¼ 3",methods section,methods,direct,model_input,method,method,True,True,True,bound,present,True,not_a_recipe_field,present,present,present,
10.1063_1.5028178,F6a/Measured,10.1063_1.5028178-E016,ExperimentalProfile,working_pressure,,300,Pa,2O3 and TiO2 during the runs were appr. 300 Pa. The LHAR structures were inspected optically after the ALD before and af,methods section,methods,approximate,experimental_condition,method,method,True,True,True,bound,present,True,not_a_recipe_field,present,present,present,
10.1063_1.5028178,F7a/Fitting result,10.1063_1.5028178-E017,Fit,cycle_number,,1000,cycle,1000cycle,figure caption,caption,approximate,experimental_condition,figure,figure,True,True,True,bound,entity_only(no case: fit),,not_a_recipe_field,present,present,present,
10.1063_1.5028178,F7a/Fitting result,10.1063_1.5028178-E017,Fit,flow_rate,N2,150,sccm,150 sccm,methods section,methods,approximate,experimental_condition,method,method,True,True,True,bound,entity_only(no case: fit),,not_a_recipe_field,present,present,present,
10.1063_1.5028178,F7a/Fitting result,10.1063_1.5028178-E017,Fit,generic_pressure,,100,Pa,"used: H ¼ 0.5 l m , W ¼ 0.1 mm, p A0 ¼ 100Pa, M A ¼ 0.0749 kg/mol, d A ¼ 591pm, M B ¼ 0.028 kg/mol, d B ¼ 374pm, p B ¼ 3",methods section,methods,direct,model_input,method,method,True,True,True,bound,entity_only(no case: fit),,not_a_recipe_field,present,present,present,
10.1063_1.5028178,F7a/Fitting result,10.1063_1.5028178-E017,Fit,working_pressure,,300,Pa,2O3 and TiO2 during the runs were appr. 300 Pa. The LHAR structures were inspected optically after the ALD before and af,methods section,methods,approximate,experimental_condition,method,method,True,True,True,bound,entity_only(no case: fit),,not_a_recipe_field,present,present,present,
10.1063_1.5028178,F7a/Measured,10.1063_1.5028178-E018,ExperimentalProfile,cycle_number,,1000,cycle,1000cycle,figure caption,caption,approximate,experimental_condition,figure,figure,True,True,True,bound,present,True,present,present,present,present,
10.1063_1.5028178,F7a/Measured,10.1063_1.5028178-E018,ExperimentalProfile,flow_rate,N2,150,sccm,150 sccm,methods section,methods,approximate,experimental_condition,method,method,True,True,True,bound,present,True,present,present,present,present,
10.1063_1.5028178,F7a/Measured,10.1063_1.5028178-E018,ExperimentalProfile,generic_pressure,,100,Pa,"used: H ¼ 0.5 l m , W ¼ 0.1 mm, p A0 ¼ 100Pa, M A ¼ 0.0749 kg/mol, d A ¼ 591pm, M B ¼ 0.028 kg/mol, d B ¼ 374pm, p B ¼ 3",methods section,methods,direct,model_input,method,method,True,True,True,bound,present,True,not_a_recipe_field,present,present,present,
10.1063_1.5028178,F7a/Measured,10.1063_1.5028178-E018,ExperimentalProfile,working_pressure,,300,Pa,2O3 and TiO2 during the runs were appr. 300 Pa. The LHAR structures were inspected optically after the ALD before and af,methods section,methods,approximate,experimental_condition,method,method,True,True,True,bound,present,True,not_a_recipe_field,present,present,present,
10.1116_1.4892385,F2a/10^22 m^-3,10.1116_1.4892385-E000,SimulationRun,pulse_time,TEMAZ,10,s,exposure time (10 s,methods section,methods,direct,experimental_condition,method,method,True,True,True,bound,entity_only(no case: simulation),,not_a_recipe_field,present,present,present,
10.1116_1.4892385,F2a/10^22 m^-3,10.1116_1.4892385-E000,SimulationRun,cycle_number,,1135,cycle,1135 cycles,methods section,methods,direct,experimental_condition,method,method,True,True,True,bound,entity_only(no case: simulation),,not_a_recipe_field,present,present,present,
10.1116_1.4892385,F2a/10^22 m^-3,10.1116_1.4892385-E000,SimulationRun,flow_rate,TEMAZ,100,SCCM,flow rate of 100 SCCM,methods section,methods,direct,experimental_condition,method,method,True,True,True,bound,entity_only(no case: simulation),,not_a_recipe_field,present,present,present,
10.1116_1.4892385,F2a/10^22 m^-3,10.1116_1.4892385-E000,SimulationRun,pulse_time,Ar,8,s,exposure (8s,methods section,methods,direct,experimental_condition,method,method,True,True,True,bound,entity_only(no case: simulation),,not_a_recipe_field,present,present,present,
10.1116_1.4892385,F2a/10^22 m^-3,10.1116_1.4892385-E000,SimulationRun,bubbler_pressure,,80,Pa,re inside the reactor chamber was about 80 Pa during TEMAZ and O2 exposure. One cycle can be written as t1-t2-t3-t4-t5-t,methods section,methods,approximate,experimental_condition,method,method,True,True,True,bound,entity_only(no case: simulation),,not_a_recipe_field,present,present,present,
10.1116_1.4892385,F2a/10^22 m^-3,10.1116_1.4892385-E000,SimulationRun,flow_rate,Ar,150 SCCM; 500 SCCM,,"2 distinct flow_rate values at method scope; no narrower evidence distinguishes them, so none is applied",,,,,method,,True,True,False,ambiguous_withheld,candidates_preserved,False,withheld,candidates_preserved,present,n/a,applicability
10.1116_1.4892385,F2a/10^22 m^-3,10.1116_1.4892385-E000,SimulationRun,purge_time,,150 S; 2 s,,"2 distinct purge_time values at method scope; no narrower evidence distinguishes them, so none is applied",,,,,method,,True,True,False,ambiguous_withheld,candidates_preserved,False,withheld,candidates_preserved,present,n/a,applicability
10.1116_1.4892385,F2a/4·10^22 m^-3,10.1116_1.4892385-E001,SimulationRun,pulse_time,TEMAZ,10,s,exposure time (10 s,methods section,methods,direct,experimental_condition,method,method,True,True,True,bound,entity_only(no case: simulation),,not_a_recipe_field,present,present,present,
10.1116_1.4892385,F2a/4·10^22 m^-3,10.1116_1.4892385-E001,SimulationRun,cycle_number,,1135,cycle,1135 cycles,methods section,methods,direct,experimental_condition,method,method,True,True,True,bound,entity_only(no case: simulation),,not_a_recipe_field,present,present,present,
10.1116_1.4892385,F2a/4·10^22 m^-3,10.1116_1.4892385-E001,SimulationRun,flow_rate,TEMAZ,100,SCCM,flow rate of 100 SCCM,methods section,methods,direct,experimental_condition,method,method,True,True,True,bound,entity_only(no case: simulation),,not_a_recipe_field,present,present,present,
10.1116_1.4892385,F2a/4·10^22 m^-3,10.1116_1.4892385-E001,SimulationRun,pulse_time,Ar,8,s,exposure (8s,methods section,methods,direct,experimental_condition,method,method,True,True,True,bound,entity_only(no case: simulation),,not_a_recipe_field,present,present,present,
10.1116_1.4892385,F2a/4·10^22 m^-3,10.1116_1.4892385-E001,SimulationRun,bubbler_pressure,,80,Pa,re inside the reactor chamber was about 80 Pa during TEMAZ and O2 exposure. One cycle can be written as t1-t2-t3-t4-t5-t,methods section,methods,approximate,experimental_condition,method,method,True,True,True,bound,entity_only(no case: simulation),,not_a_recipe_field,present,present,present,
10.1116_1.4892385,F2a/4·10^22 m^-3,10.1116_1.4892385-E001,SimulationRun,flow_rate,Ar,150 SCCM; 500 SCCM,,"2 distinct flow_rate values at method scope; no narrower evidence distinguishes them, so none is applied",,,,,method,,True,True,False,ambiguous_withheld,candidates_preserved,False,withheld,candidates_preserved,present,n/a,applicability
10.1116_1.4892385,F2a/4·10^22 m^-3,10.1116_1.4892385-E001,SimulationRun,purge_time,,150 S; 2 s,,"2 distinct purge_time values at method scope; no narrower evidence distinguishes them, so none is applied",,,,,method,,True,True,False,ambiguous_withheld,candidates_preserved,False,withheld,candidates_preserved,present,n/a,applicability
10.1116_1.4892385,F2a/10^23 m^-3,10.1116_1.4892385-E002,SimulationRun,pulse_time,TEMAZ,10,s,exposure time (10 s,methods section,methods,direct,experimental_condition,method,method,True,True,True,bound,entity_only(no case: simulation),,not_a_recipe_field,present,present,present,
10.1116_1.4892385,F2a/10^23 m^-3,10.1116_1.4892385-E002,SimulationRun,cycle_number,,1135,cycle,1135 cycles,methods section,methods,direct,experimental_condition,method,method,True,True,True,bound,entity_only(no case: simulation),,not_a_recipe_field,present,present,present,
10.1116_1.4892385,F2a/10^23 m^-3,10.1116_1.4892385-E002,SimulationRun,flow_rate,TEMAZ,100,SCCM,flow rate of 100 SCCM,methods section,methods,direct,experimental_condition,method,method,True,True,True,bound,entity_only(no case: simulation),,not_a_recipe_field,present,present,present,
10.1116_1.4892385,F2a/10^23 m^-3,10.1116_1.4892385-E002,SimulationRun,pulse_time,Ar,8,s,exposure (8s,methods section,methods,direct,experimental_condition,method,method,True,True,True,bound,entity_only(no case: simulation),,not_a_recipe_field,present,present,present,
10.1116_1.4892385,F2a/10^23 m^-3,10.1116_1.4892385-E002,SimulationRun,bubbler_pressure,,80,Pa,re inside the reactor chamber was about 80 Pa during TEMAZ and O2 exposure. One cycle can be written as t1-t2-t3-t4-t5-t,methods section,methods,approximate,experimental_condition,method,method,True,True,True,bound,entity_only(no case: simulation),,not_a_recipe_field,present,present,present,
10.1116_1.4892385,F2a/10^23 m^-3,10.1116_1.4892385-E002,SimulationRun,flow_rate,Ar,150 SCCM; 500 SCCM,,"2 distinct flow_rate values at method scope; no narrower evidence distinguishes them, so none is applied",,,,,method,,True,True,False,ambiguous_withheld,candidates_preserved,False,withheld,candidates_preserved,present,n/a,applicability
10.1116_1.4892385,F2a/10^23 m^-3,10.1116_1.4892385-E002,SimulationRun,purge_time,,150 S; 2 s,,"2 distinct purge_time values at method scope; no narrower evidence distinguishes them, so none is applied",,,,,method,,True,True,False,ambiguous_withheld,candidates_preserved,False,withheld,candidates_preserved,present,n/a,applicability
10.1116_1.4892385,F5a/measured ZrO₂ layer thickness,10.1116_1.4892385-E003,ExperimentalProfile,cycle_number,,1135,cycle,1135 cycles,figure 5 caption,caption,direct,experimental_condition,figure,figure,True,True,True,bound,present,True,present,present,present,present,
10.1116_1.4892385,F5a/measured ZrO₂ layer thickness,10.1116_1.4892385-E003,ExperimentalProfile,pulse_time,TEMAZ,10,s,exposure time (10 s,methods section,methods,direct,experimental_condition,method,method,True,True,True,bound,present,True,not_a_recipe_field,present,present,present,
10.1116_1.4892385,F5a/measured ZrO₂ layer thickness,10.1116_1.4892385-E003,ExperimentalProfile,flow_rate,TEMAZ,100,SCCM,flow rate of 100 SCCM,methods section,methods,direct,experimental_condition,method,method,True,True,True,bound,present,True,present,present,present,present,
10.1116_1.4892385,F5a/measured ZrO₂ layer thickness,10.1116_1.4892385-E003,ExperimentalProfile,pulse_time,Ar,8,s,exposure (8s,methods section,methods,direct,experimental_condition,method,method,True,True,True,bound,present,True,not_a_recipe_field,present,present,present,
10.1116_1.4892385,F5a/measured ZrO₂ layer thickness,10.1116_1.4892385-E003,ExperimentalProfile,bubbler_pressure,vapor,1.2,Pa,"/C2 10 20 m -3 [TEMAZ vapor pressure of 1.2 Pa at 30 /C14 C (Ref. 40)], while the dashed line corresponds to a fitted pr",figure 5 caption,caption,fitted,experimental_condition,figure,figure,True,True,True,bound,present,True,not_a_recipe_field,present,present,present,
10.1116_1.4892385,F5a/measured ZrO₂ layer thickness,10.1116_1.4892385-E003,ExperimentalProfile,flow_rate,Ar,150 SCCM; 500 SCCM,,"2 distinct flow_rate values at method scope; no narrower evidence distinguishes them, so none is applied",,,,,method,,True,True,False,ambiguous_withheld,candidates_preserved,False,withheld,candidates_preserved,present,n/a,applicability
10.1116_1.4892385,F5a/measured ZrO₂ layer thickness,10.1116_1.4892385-E003,ExperimentalProfile,purge_time,,150 S; 2 s,,"2 distinct purge_time values at method scope; no narrower evidence distinguishes them, so none is applied",,,,,method,,True,True,False,ambiguous_withheld,candidates_preserved,False,withheld,candidates_preserved,present,n/a,applicability
10.1116_1.4892385,"F5a/calculated coating profile for n_P(t,z=0) = 1.0 · 10²⁰ m⁻³ and β₀ = 2 · 10⁻⁴",10.1116_1.4892385-E004,SimulationRun,cycle_number,,1135,cycle,1135 cycles,figure 5 caption,caption,direct,experimental_condition,figure,figure,True,True,True,bound,entity_only(no case: simulation),,not_a_recipe_field,present,present,present,
10.1116_1.4892385,"F5a/calculated coating profile for n_P(t,z=0) = 1.0 · 10²⁰ m⁻³ and β₀ = 2 · 10⁻⁴",10.1116_1.4892385-E004,SimulationRun,pulse_time,TEMAZ,10,s,exposure time (10 s,methods section,methods,direct,experimental_condition,method,method,True,True,True,bound,entity_only(no case: simulation),,not_a_recipe_field,present,present,present,
10.1116_1.4892385,"F5a/calculated coating profile for n_P(t,z=0) = 1.0 · 10²⁰ m⁻³ and β₀ = 2 · 10⁻⁴",10.1116_1.4892385-E004,SimulationRun,flow_rate,TEMAZ,100,SCCM,flow rate of 100 SCCM,methods section,methods,direct,experimental_condition,method,method,True,True,True,bound,entity_only(no case: simulation),,not_a_recipe_field,present,present,present,
10.1116_1.4892385,"F5a/calculated coating profile for n_P(t,z=0) = 1.0 · 10²⁰ m⁻³ and β₀ = 2 · 10⁻⁴",10.1116_1.4892385-E004,SimulationRun,pulse_time,Ar,8,s,exposure (8s,methods section,methods,direct,experimental_condition,method,method,True,True,True,bound,entity_only(no case: simulation),,not_a_recipe_field,present,present,present,
10.1116_1.4892385,"F5a/calculated coating profile for n_P(t,z=0) = 1.0 · 10²⁰ m⁻³ and β₀ = 2 · 10⁻⁴",10.1116_1.4892385-E004,SimulationRun,bubbler_pressure,vapor,1.2,Pa,"/C2 10 20 m -3 [TEMAZ vapor pressure of 1.2 Pa at 30 /C14 C (Ref. 40)], while the dashed line corresponds to a fitted pr",figure 5 caption,caption,fitted,experimental_condition,figure,figure,True,True,True,bound,entity_only(no case: simulation),,not_a_recipe_field,present,present,present,
10.1116_1.4892385,"F5a/calculated coating profile for n_P(t,z=0) = 1.0 · 10²⁰ m⁻³ and β₀ = 2 · 10⁻⁴",10.1116_1.4892385-E004,SimulationRun,flow_rate,Ar,150 SCCM; 500 SCCM,,"2 distinct flow_rate values at method scope; no narrower evidence distinguishes them, so none is applied",,,,,method,,True,True,False,ambiguous_withheld,candidates_preserved,False,withheld,candidates_preserved,present,n/a,applicability
10.1116_1.4892385,"F5a/calculated coating profile for n_P(t,z=0) = 1.0 · 10²⁰ m⁻³ and β₀ = 2 · 10⁻⁴",10.1116_1.4892385-E004,SimulationRun,purge_time,,150 S; 2 s,,"2 distinct purge_time values at method scope; no narrower evidence distinguishes them, so none is applied",,,,,method,,True,True,False,ambiguous_withheld,candidates_preserved,False,withheld,candidates_preserved,present,n/a,applicability
10.1116_1.4892385,"F5a/calculated coating profile for n_P(t,z=0) = 2.9 · 10²⁰ m⁻³ and β₀ = 2 · 10⁻⁴",10.1116_1.4892385-E005,SimulationRun,cycle_number,,1135,cycle,1135 cycles,figure 5 caption,caption,direct,experimental_condition,figure,figure,True,True,True,bound,entity_only(no case: simulation),,not_a_recipe_field,present,present,present,
10.1116_1.4892385,"F5a/calculated coating profile for n_P(t,z=0) = 2.9 · 10²⁰ m⁻³ and β₀ = 2 · 10⁻⁴",10.1116_1.4892385-E005,SimulationRun,pulse_time,TEMAZ,10,s,exposure time (10 s,methods section,methods,direct,experimental_condition,method,method,True,True,True,bound,entity_only(no case: simulation),,not_a_recipe_field,present,present,present,
10.1116_1.4892385,"F5a/calculated coating profile for n_P(t,z=0) = 2.9 · 10²⁰ m⁻³ and β₀ = 2 · 10⁻⁴",10.1116_1.4892385-E005,SimulationRun,flow_rate,TEMAZ,100,SCCM,flow rate of 100 SCCM,methods section,methods,direct,experimental_condition,method,method,True,True,True,bound,entity_only(no case: simulation),,not_a_recipe_field,present,present,present,
10.1116_1.4892385,"F5a/calculated coating profile for n_P(t,z=0) = 2.9 · 10²⁰ m⁻³ and β₀ = 2 · 10⁻⁴",10.1116_1.4892385-E005,SimulationRun,pulse_time,Ar,8,s,exposure (8s,methods section,methods,direct,experimental_condition,method,method,True,True,True,bound,entity_only(no case: simulation),,not_a_recipe_field,present,present,present,
10.1116_1.4892385,"F5a/calculated coating profile for n_P(t,z=0) = 2.9 · 10²⁰ m⁻³ and β₀ = 2 · 10⁻⁴",10.1116_1.4892385-E005,SimulationRun,bubbler_pressure,vapor,1.2,Pa,"/C2 10 20 m -3 [TEMAZ vapor pressure of 1.2 Pa at 30 /C14 C (Ref. 40)], while the dashed line corresponds to a fitted pr",figure 5 caption,caption,fitted,experimental_condition,figure,figure,True,True,True,bound,entity_only(no case: simulation),,not_a_recipe_field,present,present,present,
10.1116_1.4892385,"F5a/calculated coating profile for n_P(t,z=0) = 2.9 · 10²⁰ m⁻³ and β₀ = 2 · 10⁻⁴",10.1116_1.4892385-E005,SimulationRun,flow_rate,Ar,150 SCCM; 500 SCCM,,"2 distinct flow_rate values at method scope; no narrower evidence distinguishes them, so none is applied",,,,,method,,True,True,False,ambiguous_withheld,candidates_preserved,False,withheld,candidates_preserved,present,n/a,applicability
10.1116_1.4892385,"F5a/calculated coating profile for n_P(t,z=0) = 2.9 · 10²⁰ m⁻³ and β₀ = 2 · 10⁻⁴",10.1116_1.4892385-E005,SimulationRun,purge_time,,150 S; 2 s,,"2 distinct purge_time values at method scope; no narrower evidence distinguishes them, so none is applied",,,,,method,,True,True,False,ambiguous_withheld,candidates_preserved,False,withheld,candidates_preserved,present,n/a,applicability
10.1116_1.4938104,"F4d/Cotton Fibers, 38 °C",10.1116_1.4938104-E000,ExperimentSeries,deposition_temperature,,38,°C,38 °C,"series label 'Cotton Fibers, 38 °C' (axis 'substrate and ALD temperature')",series_label,direct,experimental_condition,series,series,True,True,True,bound,entity_only(no case: discrete_experimental_sweep),,not_a_recipe_field,present,present,present,
10.1116_1.4938104,"F4d/Cotton Fibers, 60 °C",10.1116_1.4938104-E001,ExperimentSeries,deposition_temperature,,60,°C,60 °C,"series label 'Cotton Fibers, 60 °C' (axis 'substrate and ALD temperature')",series_label,direct,experimental_condition,series,series,True,True,True,bound,entity_only(no case: discrete_experimental_sweep),,not_a_recipe_field,present,present,present,
10.1116_1.4938104,"F4d/Cotton Fibers, 90 °C",10.1116_1.4938104-E002,ExperimentSeries,deposition_temperature,,90,°C,90 °C,"series label 'Cotton Fibers, 90 °C' (axis 'substrate and ALD temperature')",series_label,direct,experimental_condition,series,series,True,True,True,bound,entity_only(no case: discrete_experimental_sweep),,not_a_recipe_field,present,present,present,
10.1116_1.4938104,F7a/25 cycles ZnO,10.1116_1.4938104-E005,UnresolvedSourceEntity,cycle_number,,25,cycles,25 cycles,series label '25 cycles ZnO' (axis 'coating'),series_label,direct,experimental_condition,series,series,True,True,True,bound,entity_only(no case: unknown),,not_a_recipe_field,present,present,present,
10.1116_1.4938104,F7a/25 cycles ZnO+ 75 cycles Gly/TMA,10.1116_1.4938104-E006,UnresolvedSourceEntity,cycle_number,,25 cycles; 75 cycles,,"2 distinct cycle_number values at series scope; no narrower evidence distinguishes them, so none is applied",,,,,series,,True,True,False,ambiguous_withheld,candidates_preserved,False,withheld,candidates_preserved,present,n/a,applicability
10.1116_1.4938104,F7a/25 cycles ZnO+ 75 cycles Gly/TMA+ 25 cycles Al2O3,10.1116_1.4938104-E007,UnresolvedSourceEntity,cycle_number,,25 cycles; 75 cycles,,"2 distinct cycle_number values at series scope; no narrower evidence distinguishes them, so none is applied",,,,,series,,True,True,False,ambiguous_withheld,candidates_preserved,False,withheld,candidates_preserved,present,n/a,applicability
10.1116_6.0002154,F3a/<single>,10.1116_6.0002154-E000,ExperimentSeries,working_pressure,,0.5,Torr,process pressure was kept constant at 0.5 Torr,methods section,methods,direct,experimental_condition,method,method,True,True,True,bound,entity_only(no case: discrete_experimental_sweep),,not_a_recipe_field,present,present,present,
10.1116_6.0002154,F3a/<single>,10.1116_6.0002154-E000,ExperimentSeries,bubbler_pressure,vapor,0.4,Torr,(THD)(THF) exhibits a vapor pressure of 0.4 Torr at 50 °C. Table I presents the boiling points and molecular formula for,document.md near Fig 3,body,direct,experimental_condition,figure,figure,True,True,True,bound,entity_only(no case: discrete_experimental_sweep),,not_a_recipe_field,present,present,present,
10.1116_6.0002154,F3a/<single>,10.1116_6.0002154-E000,ExperimentSeries,flow_rate,Ar,100 SCCM; 600 SCCM,,"2 distinct flow_rate values at method scope; no narrower evidence distinguishes them, so none is applied",,,,,method,,True,True,False,ambiguous_withheld,candidates_preserved,False,withheld,candidates_preserved,present,n/a,applicability
10.1116_6.0002154,F3b/<single>,10.1116_6.0002154-E001,ExperimentSeries,working_pressure,,0.5,Torr,process pressure was kept constant at 0.5 Torr,methods section,methods,direct,experimental_condition,method,method,True,True,True,bound,entity_only(no case: discrete_experimental_sweep),,not_a_recipe_field,present,present,present,
10.1116_6.0002154,F3b/<single>,10.1116_6.0002154-E001,ExperimentSeries,bubbler_pressure,vapor,0.4,Torr,(THD)(THF) exhibits a vapor pressure of 0.4 Torr at 50 °C. Table I presents the boiling points and molecular formula for,document.md near Fig 3,body,direct,experimental_condition,figure,figure,True,True,True,bound,entity_only(no case: discrete_experimental_sweep),,not_a_recipe_field,present,present,present,
10.1116_6.0002154,F3b/<single>,10.1116_6.0002154-E001,ExperimentSeries,flow_rate,Ar,100 SCCM; 600 SCCM,,"2 distinct flow_rate values at method scope; no narrower evidence distinguishes them, so none is applied",,,,,method,,True,True,False,ambiguous_withheld,candidates_preserved,False,withheld,candidates_preserved,present,n/a,applicability
10.1116_6.0002154,F4a/Mo,10.1116_6.0002154-E002,ExperimentSeries,working_pressure,,0.5,Torr,process pressure was kept constant at 0.5 Torr,methods section,methods,direct,experimental_condition,method,method,True,True,True,bound,entity_only(no case: discrete_experimental_sweep),,not_a_recipe_field,present,present,present,
10.1116_6.0002154,F4a/Mo,10.1116_6.0002154-E002,ExperimentSeries,bubbler_pressure,vapor,0.4,Torr,in films were deposited using the synthesized Mo precursor. Figure 4 shows AES data of MoNx films deposited,document.md near Fig 4,body,direct,experimental_condition,figure,figure,True,True,True,bound,entity_only(no case: discrete_experimental_sweep),,not_a_recipe_field,present,present,present,
10.1116_6.0002154,F4a/Mo,10.1116_6.0002154-E002,ExperimentSeries,deposition_temperature,,350 °C; 500 °C,,"2 distinct deposition_temperature values at figure scope; no narrower evidence distinguishes them, so none is applied",,,,,figure,,True,True,False,ambiguous_withheld,candidates_preserved,False,withheld,candidates_preserved,present,n/a,applicability
10.1116_6.0002154,F4a/Mo,10.1116_6.0002154-E002,ExperimentSeries,flow_rate,Ar,100 SCCM; 600 SCCM,,"2 distinct flow_rate values at method scope; no narrower evidence distinguishes them, so none is applied",,,,,method,,True,True,False,ambiguous_withheld,candidates_preserved,False,withheld,candidates_preserved,present,n/a,applicability
10.1116_6.0002154,F4a/O,10.1116_6.0002154-E003,ExperimentSeries,working_pressure,,0.5,Torr,process pressure was kept constant at 0.5 Torr,methods section,methods,direct,experimental_condition,method,method,True,True,True,bound,entity_only(no case: discrete_experimental_sweep),,not_a_recipe_field,present,present,present,
10.1116_6.0002154,F4a/O,10.1116_6.0002154-E003,ExperimentSeries,bubbler_pressure,vapor,0.4,Torr,in films were deposited using the synthesized Mo precursor. Figure 4 shows AES data of MoNx films deposited,document.md near Fig 4,body,direct,experimental_condition,figure,figure,True,True,True,bound,entity_only(no case: discrete_experimental_sweep),,not_a_recipe_field,present,present,present,
10.1116_6.0002154,F4a/O,10.1116_6.0002154-E003,ExperimentSeries,deposition_temperature,,350 °C; 500 °C,,"2 distinct deposition_temperature values at figure scope; no narrower evidence distinguishes them, so none is applied",,,,,figure,,True,True,False,ambiguous_withheld,candidates_preserved,False,withheld,candidates_preserved,present,n/a,applicability
10.1116_6.0002154,F4a/O,10.1116_6.0002154-E003,ExperimentSeries,flow_rate,Ar,100 SCCM; 600 SCCM,,"2 distinct flow_rate values at method scope; no narrower evidence distinguishes them, so none is applied",,,,,method,,True,True,False,ambiguous_withheld,candidates_preserved,False,withheld,candidates_preserved,present,n/a,applicability
10.1116_6.0002154,F4a/N,10.1116_6.0002154-E004,ExperimentSeries,working_pressure,,0.5,Torr,process pressure was kept constant at 0.5 Torr,methods section,methods,direct,experimental_condition,method,method,True,True,True,bound,entity_only(no case: discrete_experimental_sweep),,not_a_recipe_field,present,present,present,
10.1116_6.0002154,F4a/N,10.1116_6.0002154-E004,ExperimentSeries,bubbler_pressure,vapor,0.4,Torr,in films were deposited using the synthesized Mo precursor. Figure 4 shows AES data of MoNx films deposited,document.md near Fig 4,body,direct,experimental_condition,figure,figure,True,True,True,bound,entity_only(no case: discrete_experimental_sweep),,not_a_recipe_field,present,present,present,
10.1116_6.0002154,F4a/N,10.1116_6.0002154-E004,ExperimentSeries,deposition_temperature,,350 °C; 500 °C,,"2 distinct deposition_temperature values at figure scope; no narrower evidence distinguishes them, so none is applied",,,,,figure,,True,True,False,ambiguous_withheld,candidates_preserved,False,withheld,candidates_preserved,present,n/a,applicability
10.1116_6.0002154,F4a/N,10.1116_6.0002154-E004,ExperimentSeries,flow_rate,Ar,100 SCCM; 600 SCCM,,"2 distinct flow_rate values at method scope; no narrower evidence distinguishes them, so none is applied",,,,,method,,True,True,False,ambiguous_withheld,candidates_preserved,False,withheld,candidates_preserved,present,n/a,applicability
10.1116_6.0002154,F4a/Si,10.1116_6.0002154-E005,ExperimentSeries,working_pressure,,0.5,Torr,process pressure was kept constant at 0.5 Torr,methods section,methods,direct,experimental_condition,method,method,True,True,True,bound,entity_only(no case: discrete_experimental_sweep),,not_a_recipe_field,present,present,present,
10.1116_6.0002154,F4a/Si,10.1116_6.0002154-E005,ExperimentSeries,bubbler_pressure,vapor,0.4,Torr,in films were deposited using the synthesized Mo precursor. Figure 4 shows AES data of MoNx films deposited,document.md near Fig 4,body,direct,experimental_condition,figure,figure,True,True,True,bound,entity_only(no case: discrete_experimental_sweep),,not_a_recipe_field,present,present,present,
10.1116_6.0002154,F4a/Si,10.1116_6.0002154-E005,ExperimentSeries,deposition_temperature,,350 °C; 500 °C,,"2 distinct deposition_temperature values at figure scope; no narrower evidence distinguishes them, so none is applied",,,,,figure,,True,True,False,ambiguous_withheld,candidates_preserved,False,withheld,candidates_preserved,present,n/a,applicability
10.1116_6.0002154,F4a/Si,10.1116_6.0002154-E005,ExperimentSeries,flow_rate,Ar,100 SCCM; 600 SCCM,,"2 distinct flow_rate values at method scope; no narrower evidence distinguishes them, so none is applied",,,,,method,,True,True,False,ambiguous_withheld,candidates_preserved,False,withheld,candidates_preserved,present,n/a,applicability
10.1116_6.0002154,F4a/C,10.1116_6.0002154-E006,ExperimentSeries,working_pressure,,0.5,Torr,process pressure was kept constant at 0.5 Torr,methods section,methods,direct,experimental_condition,method,method,True,True,True,bound,entity_only(no case: discrete_experimental_sweep),,not_a_recipe_field,present,present,present,
10.1116_6.0002154,F4a/C,10.1116_6.0002154-E006,ExperimentSeries,bubbler_pressure,vapor,0.4,Torr,in films were deposited using the synthesized Mo precursor. Figure 4 shows AES data of MoNx films deposited,document.md near Fig 4,body,direct,experimental_condition,figure,figure,True,True,True,bound,entity_only(no case: discrete_experimental_sweep),,not_a_recipe_field,present,present,present,
10.1116_6.0002154,F4a/C,10.1116_6.0002154-E006,ExperimentSeries,deposition_temperature,,350 °C; 500 °C,,"2 distinct deposition_temperature values at figure scope; no narrower evidence distinguishes them, so none is applied",,,,,figure,,True,True,False,ambiguous_withheld,candidates_preserved,False,withheld,candidates_preserved,present,n/a,applicability
10.1116_6.0002154,F4a/C,10.1116_6.0002154-E006,ExperimentSeries,flow_rate,Ar,100 SCCM; 600 SCCM,,"2 distinct flow_rate values at method scope; no narrower evidence distinguishes them, so none is applied",,,,,method,,True,True,False,ambiguous_withheld,candidates_preserved,False,withheld,candidates_preserved,present,n/a,applicability
10.1116_6.0002154,F4b/Mo,10.1116_6.0002154-E007,ExperimentSeries,working_pressure,,0.5,Torr,process pressure was kept constant at 0.5 Torr,methods section,methods,direct,experimental_condition,method,method,True,True,True,bound,entity_only(no case: discrete_experimental_sweep),,not_a_recipe_field,present,present,present,
10.1116_6.0002154,F4b/Mo,10.1116_6.0002154-E007,ExperimentSeries,bubbler_pressure,vapor,0.4,Torr,in films were deposited using the synthesized Mo precursor. Figure 4 shows AES data of MoNx films deposited,document.md near Fig 4,body,direct,experimental_condition,figure,figure,True,True,True,bound,entity_only(no case: discrete_experimental_sweep),,not_a_recipe_field,present,present,present,
10.1116_6.0002154,F4b/Mo,10.1116_6.0002154-E007,ExperimentSeries,deposition_temperature,,350 °C; 500 °C,,"2 distinct deposition_temperature values at figure scope; no narrower evidence distinguishes them, so none is applied",,,,,figure,,True,True,False,ambiguous_withheld,candidates_preserved,False,withheld,candidates_preserved,present,n/a,applicability
10.1116_6.0002154,F4b/Mo,10.1116_6.0002154-E007,ExperimentSeries,flow_rate,Ar,100 SCCM; 600 SCCM,,"2 distinct flow_rate values at method scope; no narrower evidence distinguishes them, so none is applied",,,,,method,,True,True,False,ambiguous_withheld,candidates_preserved,False,withheld,candidates_preserved,present,n/a,applicability
10.1116_6.0002154,F4b/O,10.1116_6.0002154-E008,ExperimentSeries,working_pressure,,0.5,Torr,process pressure was kept constant at 0.5 Torr,methods section,methods,direct,experimental_condition,method,method,True,True,True,bound,entity_only(no case: discrete_experimental_sweep),,not_a_recipe_field,present,present,present,
10.1116_6.0002154,F4b/O,10.1116_6.0002154-E008,ExperimentSeries,bubbler_pressure,vapor,0.4,Torr,in films were deposited using the synthesized Mo precursor. Figure 4 shows AES data of MoNx films deposited,document.md near Fig 4,body,direct,experimental_condition,figure,figure,True,True,True,bound,entity_only(no case: discrete_experimental_sweep),,not_a_recipe_field,present,present,present,
10.1116_6.0002154,F4b/O,10.1116_6.0002154-E008,ExperimentSeries,deposition_temperature,,350 °C; 500 °C,,"2 distinct deposition_temperature values at figure scope; no narrower evidence distinguishes them, so none is applied",,,,,figure,,True,True,False,ambiguous_withheld,candidates_preserved,False,withheld,candidates_preserved,present,n/a,applicability
10.1116_6.0002154,F4b/O,10.1116_6.0002154-E008,ExperimentSeries,flow_rate,Ar,100 SCCM; 600 SCCM,,"2 distinct flow_rate values at method scope; no narrower evidence distinguishes them, so none is applied",,,,,method,,True,True,False,ambiguous_withheld,candidates_preserved,False,withheld,candidates_preserved,present,n/a,applicability
10.1116_6.0002154,F4b/N,10.1116_6.0002154-E009,ExperimentSeries,working_pressure,,0.5,Torr,process pressure was kept constant at 0.5 Torr,methods section,methods,direct,experimental_condition,method,method,True,True,True,bound,entity_only(no case: discrete_experimental_sweep),,not_a_recipe_field,present,present,present,
10.1116_6.0002154,F4b/N,10.1116_6.0002154-E009,ExperimentSeries,bubbler_pressure,vapor,0.4,Torr,in films were deposited using the synthesized Mo precursor. Figure 4 shows AES data of MoNx films deposited,document.md near Fig 4,body,direct,experimental_condition,figure,figure,True,True,True,bound,entity_only(no case: discrete_experimental_sweep),,not_a_recipe_field,present,present,present,
10.1116_6.0002154,F4b/N,10.1116_6.0002154-E009,ExperimentSeries,deposition_temperature,,350 °C; 500 °C,,"2 distinct deposition_temperature values at figure scope; no narrower evidence distinguishes them, so none is applied",,,,,figure,,True,True,False,ambiguous_withheld,candidates_preserved,False,withheld,candidates_preserved,present,n/a,applicability
10.1116_6.0002154,F4b/N,10.1116_6.0002154-E009,ExperimentSeries,flow_rate,Ar,100 SCCM; 600 SCCM,,"2 distinct flow_rate values at method scope; no narrower evidence distinguishes them, so none is applied",,,,,method,,True,True,False,ambiguous_withheld,candidates_preserved,False,withheld,candidates_preserved,present,n/a,applicability
10.1116_6.0002154,F4b/Si,10.1116_6.0002154-E010,ExperimentSeries,working_pressure,,0.5,Torr,process pressure was kept constant at 0.5 Torr,methods section,methods,direct,experimental_condition,method,method,True,True,True,bound,entity_only(no case: discrete_experimental_sweep),,not_a_recipe_field,present,present,present,
10.1116_6.0002154,F4b/Si,10.1116_6.0002154-E010,ExperimentSeries,bubbler_pressure,vapor,0.4,Torr,in films were deposited using the synthesized Mo precursor. Figure 4 shows AES data of MoNx films deposited,document.md near Fig 4,body,direct,experimental_condition,figure,figure,True,True,True,bound,entity_only(no case: discrete_experimental_sweep),,not_a_recipe_field,present,present,present,
10.1116_6.0002154,F4b/Si,10.1116_6.0002154-E010,ExperimentSeries,deposition_temperature,,350 °C; 500 °C,,"2 distinct deposition_temperature values at figure scope; no narrower evidence distinguishes them, so none is applied",,,,,figure,,True,True,False,ambiguous_withheld,candidates_preserved,False,withheld,candidates_preserved,present,n/a,applicability
10.1116_6.0002154,F4b/Si,10.1116_6.0002154-E010,ExperimentSeries,flow_rate,Ar,100 SCCM; 600 SCCM,,"2 distinct flow_rate values at method scope; no narrower evidence distinguishes them, so none is applied",,,,,method,,True,True,False,ambiguous_withheld,candidates_preserved,False,withheld,candidates_preserved,present,n/a,applicability
10.1116_6.0002154,F4b/C,10.1116_6.0002154-E011,ExperimentSeries,working_pressure,,0.5,Torr,process pressure was kept constant at 0.5 Torr,methods section,methods,direct,experimental_condition,method,method,True,True,True,bound,entity_only(no case: discrete_experimental_sweep),,not_a_recipe_field,present,present,present,
10.1116_6.0002154,F4b/C,10.1116_6.0002154-E011,ExperimentSeries,bubbler_pressure,vapor,0.4,Torr,in films were deposited using the synthesized Mo precursor. Figure 4 shows AES data of MoNx films deposited,document.md near Fig 4,body,direct,experimental_condition,figure,figure,True,True,True,bound,entity_only(no case: discrete_experimental_sweep),,not_a_recipe_field,present,present,present,
10.1116_6.0002154,F4b/C,10.1116_6.0002154-E011,ExperimentSeries,deposition_temperature,,350 °C; 500 °C,,"2 distinct deposition_temperature values at figure scope; no narrower evidence distinguishes them, so none is applied",,,,,figure,,True,True,False,ambiguous_withheld,candidates_preserved,False,withheld,candidates_preserved,present,n/a,applicability
10.1116_6.0002154,F4b/C,10.1116_6.0002154-E011,ExperimentSeries,flow_rate,Ar,100 SCCM; 600 SCCM,,"2 distinct flow_rate values at method scope; no narrower evidence distinguishes them, so none is applied",,,,,method,,True,True,False,ambiguous_withheld,candidates_preserved,False,withheld,candidates_preserved,present,n/a,applicability
10.1116_6.0002154,F4c/Mo,10.1116_6.0002154-E012,ExperimentSeries,working_pressure,,0.5,Torr,process pressure was kept constant at 0.5 Torr,methods section,methods,direct,experimental_condition,method,method,True,True,True,bound,entity_only(no case: discrete_experimental_sweep),,not_a_recipe_field,present,present,present,
10.1116_6.0002154,F4c/Mo,10.1116_6.0002154-E012,ExperimentSeries,bubbler_pressure,vapor,0.4,Torr,in films were deposited using the synthesized Mo precursor. Figure 4 shows AES data of MoNx films deposited,document.md near Fig 4,body,direct,experimental_condition,figure,figure,True,True,True,bound,entity_only(no case: discrete_experimental_sweep),,not_a_recipe_field,present,present,present,
10.1116_6.0002154,F4c/Mo,10.1116_6.0002154-E012,ExperimentSeries,deposition_temperature,,350 °C; 500 °C,,"2 distinct deposition_temperature values at figure scope; no narrower evidence distinguishes them, so none is applied",,,,,figure,,True,True,False,ambiguous_withheld,candidates_preserved,False,withheld,candidates_preserved,present,n/a,applicability
10.1116_6.0002154,F4c/Mo,10.1116_6.0002154-E012,ExperimentSeries,flow_rate,Ar,100 SCCM; 600 SCCM,,"2 distinct flow_rate values at method scope; no narrower evidence distinguishes them, so none is applied",,,,,method,,True,True,False,ambiguous_withheld,candidates_preserved,False,withheld,candidates_preserved,present,n/a,applicability
10.1116_6.0002154,F4c/O,10.1116_6.0002154-E013,ExperimentSeries,working_pressure,,0.5,Torr,process pressure was kept constant at 0.5 Torr,methods section,methods,direct,experimental_condition,method,method,True,True,True,bound,entity_only(no case: discrete_experimental_sweep),,not_a_recipe_field,present,present,present,
10.1116_6.0002154,F4c/O,10.1116_6.0002154-E013,ExperimentSeries,bubbler_pressure,vapor,0.4,Torr,in films were deposited using the synthesized Mo precursor. Figure 4 shows AES data of MoNx films deposited,document.md near Fig 4,body,direct,experimental_condition,figure,figure,True,True,True,bound,entity_only(no case: discrete_experimental_sweep),,not_a_recipe_field,present,present,present,
10.1116_6.0002154,F4c/O,10.1116_6.0002154-E013,ExperimentSeries,deposition_temperature,,350 °C; 500 °C,,"2 distinct deposition_temperature values at figure scope; no narrower evidence distinguishes them, so none is applied",,,,,figure,,True,True,False,ambiguous_withheld,candidates_preserved,False,withheld,candidates_preserved,present,n/a,applicability
10.1116_6.0002154,F4c/O,10.1116_6.0002154-E013,ExperimentSeries,flow_rate,Ar,100 SCCM; 600 SCCM,,"2 distinct flow_rate values at method scope; no narrower evidence distinguishes them, so none is applied",,,,,method,,True,True,False,ambiguous_withheld,candidates_preserved,False,withheld,candidates_preserved,present,n/a,applicability
10.1116_6.0002154,F4c/N,10.1116_6.0002154-E014,ExperimentSeries,working_pressure,,0.5,Torr,process pressure was kept constant at 0.5 Torr,methods section,methods,direct,experimental_condition,method,method,True,True,True,bound,entity_only(no case: discrete_experimental_sweep),,not_a_recipe_field,present,present,present,
10.1116_6.0002154,F4c/N,10.1116_6.0002154-E014,ExperimentSeries,bubbler_pressure,vapor,0.4,Torr,in films were deposited using the synthesized Mo precursor. Figure 4 shows AES data of MoNx films deposited,document.md near Fig 4,body,direct,experimental_condition,figure,figure,True,True,True,bound,entity_only(no case: discrete_experimental_sweep),,not_a_recipe_field,present,present,present,
10.1116_6.0002154,F4c/N,10.1116_6.0002154-E014,ExperimentSeries,deposition_temperature,,350 °C; 500 °C,,"2 distinct deposition_temperature values at figure scope; no narrower evidence distinguishes them, so none is applied",,,,,figure,,True,True,False,ambiguous_withheld,candidates_preserved,False,withheld,candidates_preserved,present,n/a,applicability
10.1116_6.0002154,F4c/N,10.1116_6.0002154-E014,ExperimentSeries,flow_rate,Ar,100 SCCM; 600 SCCM,,"2 distinct flow_rate values at method scope; no narrower evidence distinguishes them, so none is applied",,,,,method,,True,True,False,ambiguous_withheld,candidates_preserved,False,withheld,candidates_preserved,present,n/a,applicability
10.1116_6.0002154,F4c/Si,10.1116_6.0002154-E015,ExperimentSeries,working_pressure,,0.5,Torr,process pressure was kept constant at 0.5 Torr,methods section,methods,direct,experimental_condition,method,method,True,True,True,bound,entity_only(no case: discrete_experimental_sweep),,not_a_recipe_field,present,present,present,
10.1116_6.0002154,F4c/Si,10.1116_6.0002154-E015,ExperimentSeries,bubbler_pressure,vapor,0.4,Torr,in films were deposited using the synthesized Mo precursor. Figure 4 shows AES data of MoNx films deposited,document.md near Fig 4,body,direct,experimental_condition,figure,figure,True,True,True,bound,entity_only(no case: discrete_experimental_sweep),,not_a_recipe_field,present,present,present,
10.1116_6.0002154,F4c/Si,10.1116_6.0002154-E015,ExperimentSeries,deposition_temperature,,350 °C; 500 °C,,"2 distinct deposition_temperature values at figure scope; no narrower evidence distinguishes them, so none is applied",,,,,figure,,True,True,False,ambiguous_withheld,candidates_preserved,False,withheld,candidates_preserved,present,n/a,applicability
10.1116_6.0002154,F4c/Si,10.1116_6.0002154-E015,ExperimentSeries,flow_rate,Ar,100 SCCM; 600 SCCM,,"2 distinct flow_rate values at method scope; no narrower evidence distinguishes them, so none is applied",,,,,method,,True,True,False,ambiguous_withheld,candidates_preserved,False,withheld,candidates_preserved,present,n/a,applicability
10.1116_6.0002154,F4c/C,10.1116_6.0002154-E016,ExperimentSeries,working_pressure,,0.5,Torr,process pressure was kept constant at 0.5 Torr,methods section,methods,direct,experimental_condition,method,method,True,True,True,bound,entity_only(no case: discrete_experimental_sweep),,not_a_recipe_field,present,present,present,
10.1116_6.0002154,F4c/C,10.1116_6.0002154-E016,ExperimentSeries,bubbler_pressure,vapor,0.4,Torr,in films were deposited using the synthesized Mo precursor. Figure 4 shows AES data of MoNx films deposited,document.md near Fig 4,body,direct,experimental_condition,figure,figure,True,True,True,bound,entity_only(no case: discrete_experimental_sweep),,not_a_recipe_field,present,present,present,
10.1116_6.0002154,F4c/C,10.1116_6.0002154-E016,ExperimentSeries,deposition_temperature,,350 °C; 500 °C,,"2 distinct deposition_temperature values at figure scope; no narrower evidence distinguishes them, so none is applied",,,,,figure,,True,True,False,ambiguous_withheld,candidates_preserved,False,withheld,candidates_preserved,present,n/a,applicability
10.1116_6.0002154,F4c/C,10.1116_6.0002154-E016,ExperimentSeries,flow_rate,Ar,100 SCCM; 600 SCCM,,"2 distinct flow_rate values at method scope; no narrower evidence distinguishes them, so none is applied",,,,,method,,True,True,False,ambiguous_withheld,candidates_preserved,False,withheld,candidates_preserved,present,n/a,applicability
10.1116_6.0002154,F5a/Raw,10.1116_6.0002154-E017,ExperimentSeries,deposition_temperature,,500,°C,substrate temperature of 500 °C,document.md near Fig 5,body,direct,experimental_condition,figure,figure,True,True,True,bound,entity_only(no case: discrete_experimental_sweep),,not_a_recipe_field,present,present,present,
10.1116_6.0002154,F5a/Raw,10.1116_6.0002154-E017,ExperimentSeries,working_pressure,,0.5,Torr,process pressure was kept constant at 0.5 Torr,methods section,methods,direct,experimental_condition,method,method,True,True,True,bound,entity_only(no case: discrete_experimental_sweep),,not_a_recipe_field,present,present,present,
10.1116_6.0002154,F5a/Raw,10.1116_6.0002154-E017,ExperimentSeries,flow_rate,Ar,100 SCCM; 600 SCCM,,"2 distinct flow_rate values at method scope; no narrower evidence distinguishes them, so none is applied",,,,,method,,True,True,False,ambiguous_withheld,candidates_preserved,False,withheld,candidates_preserved,present,n/a,applicability
10.1116_6.0002154,F5a/Fit,10.1116_6.0002154-E018,Fit,deposition_temperature,,500,°C,substrate temperature of 500 °C,document.md near Fig 5,body,direct,experimental_condition,figure,figure,True,True,True,bound,entity_only(no case: fit),,not_a_recipe_field,present,present,present,
10.1116_6.0002154,F5a/Fit,10.1116_6.0002154-E018,Fit,working_pressure,,0.5,Torr,process pressure was kept constant at 0.5 Torr,methods section,methods,direct,experimental_condition,method,method,True,True,True,bound,entity_only(no case: fit),,not_a_recipe_field,present,present,present,
10.1116_6.0002154,F5a/Fit,10.1116_6.0002154-E018,Fit,flow_rate,Ar,100 SCCM; 600 SCCM,,"2 distinct flow_rate values at method scope; no narrower evidence distinguishes them, so none is applied",,,,,method,,True,True,False,ambiguous_withheld,candidates_preserved,False,withheld,candidates_preserved,present,n/a,applicability
10.1116_6.0002154,F5b/Thin film thickness,10.1116_6.0002154-E019,ExperimentSeries,deposition_temperature,,500,°C,substrate temperature of 500 °C,document.md near Fig 5,body,direct,experimental_condition,figure,figure,True,True,True,bound,entity_only(no case: discrete_experimental_sweep),,not_a_recipe_field,present,present,present,
10.1116_6.0002154,F5b/Thin film thickness,10.1116_6.0002154-E019,ExperimentSeries,working_pressure,,0.5,Torr,process pressure was kept constant at 0.5 Torr,methods section,methods,direct,experimental_condition,method,method,True,True,True,bound,entity_only(no case: discrete_experimental_sweep),,not_a_recipe_field,present,present,present,
10.1116_6.0002154,F5b/Thin film thickness,10.1116_6.0002154-E019,ExperimentSeries,flow_rate,Ar,100 SCCM; 600 SCCM,,"2 distinct flow_rate values at method scope; no narrower evidence distinguishes them, so none is applied",,,,,method,,True,True,False,ambiguous_withheld,candidates_preserved,False,withheld,candidates_preserved,present,n/a,applicability
10.1116_6.0002154,F6a/Mo3d,10.1116_6.0002154-E020,MultiOutputMeasurement,working_pressure,,0.5,Torr,process pressure was kept constant at 0.5 Torr,methods section,methods,direct,experimental_condition,method,method,True,True,True,bound,present,True,not_a_recipe_field,present,present,present,
10.1116_6.0002154,F6a/Mo3d,10.1116_6.0002154-E020,MultiOutputMeasurement,flow_rate,Ar,100 SCCM; 600 SCCM,,"2 distinct flow_rate values at method scope; no narrower evidence distinguishes them, so none is applied",,,,,method,,True,True,False,ambiguous_withheld,candidates_preserved,False,withheld,candidates_preserved,present,n/a,applicability
10.1116_6.0002154,F6b/N1s and Mo3p,10.1116_6.0002154-E021,MultiOutputMeasurement,working_pressure,,0.5,Torr,process pressure was kept constant at 0.5 Torr,methods section,methods,direct,experimental_condition,method,method,True,True,True,bound,present,True,not_a_recipe_field,present,present,present,
10.1116_6.0002154,F6b/N1s and Mo3p,10.1116_6.0002154-E021,MultiOutputMeasurement,flow_rate,Ar,100 SCCM; 600 SCCM,,"2 distinct flow_rate values at method scope; no narrower evidence distinguishes them, so none is applied",,,,,method,,True,True,False,ambiguous_withheld,candidates_preserved,False,withheld,candidates_preserved,present,n/a,applicability
10.1116_6.0002154,F7a/<single>,10.1116_6.0002154-E022,ExperimentSeries,working_pressure,,0.5,Torr,process pressure was kept constant at 0.5 Torr,methods section,methods,direct,experimental_condition,method,method,True,True,True,bound,entity_only(no case: discrete_experimental_sweep),,not_a_recipe_field,present,present,present,
10.1116_6.0002154,F7a/<single>,10.1116_6.0002154-E022,ExperimentSeries,flow_rate,Ar,100 SCCM; 600 SCCM,,"2 distinct flow_rate values at method scope; no narrower evidence distinguishes them, so none is applied",,,,,method,,True,True,False,ambiguous_withheld,candidates_preserved,False,withheld,candidates_preserved,present,n/a,applicability
10.1116_6.0002154,F9b/(a) As-dep,10.1116_6.0002154-E023,MultiOutputMeasurement,temperature,,500,°C,500 °C,figure caption,caption,direct,experimental_condition,figure,figure,True,True,True,bound,present,True,not_a_recipe_field,present,present,present,
10.1116_6.0002154,F9b/(a) As-dep,10.1116_6.0002154-E023,MultiOutputMeasurement,working_pressure,,0.5,Torr,process pressure was kept constant at 0.5 Torr,methods section,methods,direct,experimental_condition,method,method,True,True,True,bound,present,True,not_a_recipe_field,present,present,present,
10.1116_6.0002154,F9b/(a) As-dep,10.1116_6.0002154-E023,MultiOutputMeasurement,flow_rate,Ar,100 SCCM; 600 SCCM,,"2 distinct flow_rate values at method scope; no narrower evidence distinguishes them, so none is applied",,,,,method,,True,True,False,ambiguous_withheld,candidates_preserved,False,withheld,candidates_preserved,present,n/a,applicability
10.1116_6.0002154,F9b/(b) 500°C anneal,10.1116_6.0002154-E024,MultiOutputMeasurement,deposition_temperature,,500,°C,500°C,series label '(b) 500°C anneal' (axis 'annealing temperature'),series_label,direct,experimental_condition,series,series,True,True,True,bound,present,True,present,present,present,present,
10.1116_6.0002154,F9b/(b) 500°C anneal,10.1116_6.0002154-E024,MultiOutputMeasurement,working_pressure,,0.5,Torr,process pressure was kept constant at 0.5 Torr,methods section,methods,direct,experimental_condition,method,method,True,True,True,bound,present,True,not_a_recipe_field,present,present,present,
10.1116_6.0002154,F9b/(b) 500°C anneal,10.1116_6.0002154-E024,MultiOutputMeasurement,flow_rate,Ar,100 SCCM; 600 SCCM,,"2 distinct flow_rate values at method scope; no narrower evidence distinguishes them, so none is applied",,,,,method,,True,True,False,ambiguous_withheld,candidates_preserved,False,withheld,candidates_preserved,present,n/a,applicability
10.1116_6.0002154,F9b/(c) 600°C anneal,10.1116_6.0002154-E025,MultiOutputMeasurement,deposition_temperature,,600,°C,600°C,series label '(c) 600°C anneal' (axis 'annealing temperature'),series_label,direct,experimental_condition,series,series,True,True,True,bound,present,True,present,present,present,present,
10.1116_6.0002154,F9b/(c) 600°C anneal,10.1116_6.0002154-E025,MultiOutputMeasurement,temperature,,500,°C,500 °C,figure caption,caption,direct,experimental_condition,figure,figure,True,True,True,bound,present,True,not_a_recipe_field,present,present,present,
10.1116_6.0002154,F9b/(c) 600°C anneal,10.1116_6.0002154-E025,MultiOutputMeasurement,working_pressure,,0.5,Torr,process pressure was kept constant at 0.5 Torr,methods section,methods,direct,experimental_condition,method,method,True,True,True,bound,present,True,not_a_recipe_field,present,present,present,
10.1116_6.0002154,F9b/(c) 600°C anneal,10.1116_6.0002154-E025,MultiOutputMeasurement,flow_rate,Ar,100 SCCM; 600 SCCM,,"2 distinct flow_rate values at method scope; no narrower evidence distinguishes them, so none is applied",,,,,method,,True,True,False,ambiguous_withheld,candidates_preserved,False,withheld,candidates_preserved,present,n/a,applicability
10.1116_6.0002436,F1a/Average GPC,10.1116_6.0002436-E000,ExperimentSeries,deposition_temperature,,150,°C,growth temperatures were set to 150 °C,figure 1 caption,caption,direct,experimental_condition,figure,figure,True,True,True,bound,present,True,present,present,present,present,
10.1116_6.0002436,F1a/Average GPC,10.1116_6.0002436-E000,ExperimentSeries,growth_per_cycle,,1.5,Å/cycle,GPC of 1.5 Å/cycle,document.md near Fig 1,body,approximate,experimental_condition,figure,figure,True,True,True,bound,present,True,not_a_recipe_field,present,present,present,
10.1116_6.0002436,F1a/Average GPC,10.1116_6.0002436-E000,ExperimentSeries,flow_rate,,20,SCCM,20 SCCM,methods section,methods,direct,experimental_condition,method,method,True,True,True,bound,present,True,present,present,present,present,
10.1116_6.0002436,F1a/Average GPC,10.1116_6.0002436-E000,ExperimentSeries,pulse_time,O3,40,s,pulsed for 4 and 40 s,methods section,methods,direct,experimental_condition,method,method,True,True,True,bound,present,True,not_a_recipe_field,present,present,present,
10.1116_6.0002436,F1a/Average GPC,10.1116_6.0002436-E000,ExperimentSeries,purge_time,,20 s; 40 s,,"2 distinct purge_time values at panel scope; no narrower evidence distinguishes them, so none is applied",,,,,panel,,True,True,False,ambiguous_withheld,candidates_preserved,False,withheld,candidates_preserved,present,n/a,applicability
10.1116_6.0002436,F1a/Average GPC,10.1116_6.0002436-E000,ExperimentSeries,pulse_time,,15 s; 20 S,,"2 distinct pulse_time values at method scope; no narrower evidence distinguishes them, so none is applied",,,,,method,,True,True,False,ambiguous_withheld,candidates_preserved,False,withheld,candidates_preserved,present,n/a,applicability
10.1116_6.0002436,F1b/SUP,10.1116_6.0002436-E001,ExperimentSeries,deposition_temperature,,150,°C,growth temperatures were set to 150 °C,figure 1 caption,caption,direct,experimental_condition,figure,figure,True,True,True,bound,present,True,present,present,present,present,
10.1116_6.0002436,F1b/SUP,10.1116_6.0002436-E001,ExperimentSeries,purge_time,,20,s,purge + O 3 + 20 s,"figure 1 caption, panel (b)",caption,direct,experimental_condition,panel,panel,True,True,True,bound,present,True,not_a_recipe_field,present,present,present,
10.1116_6.0002436,F1b/SUP,10.1116_6.0002436-E001,ExperimentSeries,growth_per_cycle,,1.5,Å/cycle,GPC of 1.5 Å/cycle,document.md near Fig 1,body,approximate,experimental_condition,figure,figure,True,True,True,bound,present,True,not_a_recipe_field,present,present,present,
10.1116_6.0002436,F1b/SUP,10.1116_6.0002436-E001,ExperimentSeries,flow_rate,,20,SCCM,20 SCCM,methods section,methods,direct,experimental_condition,method,method,True,True,True,bound,present,True,present,present,present,present,
10.1116_6.0002436,F1b/SUP,10.1116_6.0002436-E001,ExperimentSeries,pulse_time,O3,40,s,pulsed for 4 and 40 s,methods section,methods,direct,experimental_condition,method,method,True,True,True,bound,present,True,not_a_recipe_field,present,present,present,
10.1116_6.0002436,F1b/SUP,10.1116_6.0002436-E001,ExperimentSeries,pulse_time,,15 s; 20 S,,"2 distinct pulse_time values at method scope; no narrower evidence distinguishes them, so none is applied",,,,,method,,True,True,False,ambiguous_withheld,candidates_preserved,False,withheld,candidates_preserved,present,n/a,applicability
10.1116_6.0002436,F2a/Average GPC,10.1116_6.0002436-E002,ExperimentSeries,purge_time,,40,s,purge + 40 s,figure 2 caption,caption,direct,experimental_condition,figure,figure,True,True,True,bound,present,True,not_a_recipe_field,present,present,present,
10.1116_6.0002436,F2a/Average GPC,10.1116_6.0002436-E002,ExperimentSeries,flow_rate,,20,SCCM,20 SCCM,methods section,methods,direct,experimental_condition,method,method,True,True,True,bound,present,True,present,present,present,present,
10.1116_6.0002436,F2a/Average GPC,10.1116_6.0002436-E002,ExperimentSeries,pulse_time,O3,40,s,pulsed for 4 and 40 s,methods section,methods,direct,experimental_condition,method,method,True,True,True,bound,present,True,not_a_recipe_field,present,present,present,
10.1116_6.0002436,F2a/Average GPC,10.1116_6.0002436-E002,ExperimentSeries,deposition_temperature,,200 °C; 300 °C,,"2 distinct deposition_temperature values at method scope; no narrower evidence distinguishes them, so none is applied",,,,,method,,True,True,False,ambiguous_withheld,candidates_preserved,False,withheld,candidates_preserved,present,n/a,applicability
10.1116_6.0002436,F2a/Average GPC,10.1116_6.0002436-E002,ExperimentSeries,pulse_time,,15 s; 20 S,,"2 distinct pulse_time values at method scope; no narrower evidence distinguishes them, so none is applied",,,,,method,,True,True,False,ambiguous_withheld,candidates_preserved,False,withheld,candidates_preserved,present,n/a,applicability
10.1116_6.0002436,F2a/Inlet GPC,10.1116_6.0002436-E003,ExperimentSeries,purge_time,,40,s,purge + 40 s,figure 2 caption,caption,direct,experimental_condition,figure,figure,True,True,True,bound,present,True,not_a_recipe_field,present,present,present,
10.1116_6.0002436,F2a/Inlet GPC,10.1116_6.0002436-E003,ExperimentSeries,flow_rate,,20,SCCM,20 SCCM,methods section,methods,direct,experimental_condition,method,method,True,True,True,bound,present,True,present,present,present,present,
10.1116_6.0002436,F2a/Inlet GPC,10.1116_6.0002436-E003,ExperimentSeries,pulse_time,O3,40,s,pulsed for 4 and 40 s,methods section,methods,direct,experimental_condition,method,method,True,True,True,bound,present,True,not_a_recipe_field,present,present,present,
10.1116_6.0002436,F2a/Inlet GPC,10.1116_6.0002436-E003,ExperimentSeries,deposition_temperature,,200 °C; 300 °C,,"2 distinct deposition_temperature values at method scope; no narrower evidence distinguishes them, so none is applied",,,,,method,,True,True,False,ambiguous_withheld,candidates_preserved,False,withheld,candidates_preserved,present,n/a,applicability
10.1116_6.0002436,F2a/Inlet GPC,10.1116_6.0002436-E003,ExperimentSeries,pulse_time,,15 s; 20 S,,"2 distinct pulse_time values at method scope; no narrower evidence distinguishes them, so none is applied",,,,,method,,True,True,False,ambiguous_withheld,candidates_preserved,False,withheld,candidates_preserved,present,n/a,applicability
10.1116_6.0002436,F2a/Middle GPC,10.1116_6.0002436-E004,ExperimentSeries,purge_time,,40,s,purge + 40 s,figure 2 caption,caption,direct,experimental_condition,figure,figure,True,True,True,bound,present,True,not_a_recipe_field,present,present,present,
10.1116_6.0002436,F2a/Middle GPC,10.1116_6.0002436-E004,ExperimentSeries,flow_rate,,20,SCCM,20 SCCM,methods section,methods,direct,experimental_condition,method,method,True,True,True,bound,present,True,present,present,present,present,
10.1116_6.0002436,F2a/Middle GPC,10.1116_6.0002436-E004,ExperimentSeries,pulse_time,O3,40,s,pulsed for 4 and 40 s,methods section,methods,direct,experimental_condition,method,method,True,True,True,bound,present,True,not_a_recipe_field,present,present,present,
10.1116_6.0002436,F2a/Middle GPC,10.1116_6.0002436-E004,ExperimentSeries,deposition_temperature,,200 °C; 300 °C,,"2 distinct deposition_temperature values at method scope; no narrower evidence distinguishes them, so none is applied",,,,,method,,True,True,False,ambiguous_withheld,candidates_preserved,False,withheld,candidates_preserved,present,n/a,applicability
10.1116_6.0002436,F2a/Middle GPC,10.1116_6.0002436-E004,ExperimentSeries,pulse_time,,15 s; 20 S,,"2 distinct pulse_time values at method scope; no narrower evidence distinguishes them, so none is applied",,,,,method,,True,True,False,ambiguous_withheld,candidates_preserved,False,withheld,candidates_preserved,present,n/a,applicability
10.1116_6.0002436,F2a/Outlet GPC,10.1116_6.0002436-E005,ExperimentSeries,purge_time,,40,s,purge + 40 s,figure 2 caption,caption,direct,experimental_condition,figure,figure,True,True,True,bound,present,True,not_a_recipe_field,present,present,present,
10.1116_6.0002436,F2a/Outlet GPC,10.1116_6.0002436-E005,ExperimentSeries,flow_rate,,20,SCCM,20 SCCM,methods section,methods,direct,experimental_condition,method,method,True,True,True,bound,present,True,present,present,present,present,
10.1116_6.0002436,F2a/Outlet GPC,10.1116_6.0002436-E005,ExperimentSeries,pulse_time,O3,40,s,pulsed for 4 and 40 s,methods section,methods,direct,experimental_condition,method,method,True,True,True,bound,present,True,not_a_recipe_field,present,present,present,
10.1116_6.0002436,F2a/Outlet GPC,10.1116_6.0002436-E005,ExperimentSeries,deposition_temperature,,200 °C; 300 °C,,"2 distinct deposition_temperature values at method scope; no narrower evidence distinguishes them, so none is applied",,,,,method,,True,True,False,ambiguous_withheld,candidates_preserved,False,withheld,candidates_preserved,present,n/a,applicability
10.1116_6.0002436,F2a/Outlet GPC,10.1116_6.0002436-E005,ExperimentSeries,pulse_time,,15 s; 20 S,,"2 distinct pulse_time values at method scope; no narrower evidence distinguishes them, so none is applied",,,,,method,,True,True,False,ambiguous_withheld,candidates_preserved,False,withheld,candidates_preserved,present,n/a,applicability
10.1116_6.0002436,F2b/SUP,10.1116_6.0002436-E006,ExperimentSeries,purge_time,,40,s,purge + 40 s,figure 2 caption,caption,direct,experimental_condition,figure,figure,True,True,True,bound,present,True,not_a_recipe_field,present,present,present,
10.1116_6.0002436,F2b/SUP,10.1116_6.0002436-E006,ExperimentSeries,flow_rate,,20,SCCM,20 SCCM,methods section,methods,direct,experimental_condition,method,method,True,True,True,bound,present,True,present,present,present,present,
10.1116_6.0002436,F2b/SUP,10.1116_6.0002436-E006,ExperimentSeries,pulse_time,O3,40,s,pulsed for 4 and 40 s,methods section,methods,direct,experimental_condition,method,method,True,True,True,bound,present,True,not_a_recipe_field,present,present,present,
10.1116_6.0002436,F2b/SUP,10.1116_6.0002436-E006,ExperimentSeries,deposition_temperature,,200 °C; 300 °C,,"2 distinct deposition_temperature values at method scope; no narrower evidence distinguishes them, so none is applied",,,,,method,,True,True,False,ambiguous_withheld,candidates_preserved,False,withheld,candidates_preserved,present,n/a,applicability
10.1116_6.0002436,F2b/SUP,10.1116_6.0002436-E006,ExperimentSeries,pulse_time,,15 s; 20 S,,"2 distinct pulse_time values at method scope; no narrower evidence distinguishes them, so none is applied",,,,,method,,True,True,False,ambiguous_withheld,candidates_preserved,False,withheld,candidates_preserved,present,n/a,applicability
10.1116_6.0002436,"F3a/200 °C, 350 °C Annealed",10.1116_6.0002436-E007,MultiOutputMeasurement,temperature,,350,°C,350 °C,"series label '200 °C, 350 °C Annealed' (axis 'sample condition')",series_label,direct,experimental_condition,series,series,True,True,True,bound,present,True,not_a_recipe_field,present,present,present,
10.1116_6.0002436,"F3a/200 °C, 350 °C Annealed",10.1116_6.0002436-E007,MultiOutputMeasurement,deposition_temperature,,200,°C,deposited at 200 °C,document.md near Fig 3,body,direct,experimental_condition,figure,figure,True,True,True,bound,present,True,present,present,present,present,
10.1116_6.0002436,"F3a/200 °C, 350 °C Annealed",10.1116_6.0002436-E007,MultiOutputMeasurement,flow_rate,,20,SCCM,20 SCCM,methods section,methods,direct,experimental_condition,method,method,True,True,True,bound,present,True,present,present,present,present,
10.1116_6.0002436,"F3a/200 °C, 350 °C Annealed",10.1116_6.0002436-E007,MultiOutputMeasurement,pulse_time,O3,40,s,pulsed for 4 and 40 s,methods section,methods,direct,experimental_condition,method,method,True,True,True,bound,present,True,not_a_recipe_field,present,present,present,
10.1116_6.0002436,"F3a/200 °C, 350 °C Annealed",10.1116_6.0002436-E007,MultiOutputMeasurement,pulse_time,,15 s; 20 S,,"2 distinct pulse_time values at method scope; no narrower evidence distinguishes them, so none is applied",,,,,method,,True,True,False,ambiguous_withheld,candidates_preserved,False,withheld,candidates_preserved,present,n/a,applicability
10.1116_6.0002436,F3a/As-Deposited 200 °C,10.1116_6.0002436-E008,MultiOutputMeasurement,temperature,,350,°C,350 °C,figure caption,caption,direct,experimental_condition,figure,figure,True,True,True,bound,present,True,not_a_recipe_field,present,present,present,
10.1116_6.0002436,F3a/As-Deposited 200 °C,10.1116_6.0002436-E008,MultiOutputMeasurement,deposition_temperature,,200,°C,deposited at 200 °C,document.md near Fig 3,body,direct,experimental_condition,figure,figure,True,True,True,bound,present,True,present,present,present,present,
10.1116_6.0002436,F3a/As-Deposited 200 °C,10.1116_6.0002436-E008,MultiOutputMeasurement,flow_rate,,20,SCCM,20 SCCM,methods section,methods,direct,experimental_condition,method,method,True,True,True,bound,present,True,present,present,present,present,
10.1116_6.0002436,F3a/As-Deposited 200 °C,10.1116_6.0002436-E008,MultiOutputMeasurement,pulse_time,O3,40,s,pulsed for 4 and 40 s,methods section,methods,direct,experimental_condition,method,method,True,True,True,bound,present,True,not_a_recipe_field,present,present,present,
10.1116_6.0002436,F3a/As-Deposited 200 °C,10.1116_6.0002436-E008,MultiOutputMeasurement,pulse_time,,15 s; 20 S,,"2 distinct pulse_time values at method scope; no narrower evidence distinguishes them, so none is applied",,,,,method,,True,True,False,ambiguous_withheld,candidates_preserved,False,withheld,candidates_preserved,present,n/a,applicability
10.1116_6.0002436,F3a/As-Deposited 150 °C,10.1116_6.0002436-E009,MultiOutputMeasurement,temperature,,150,°C,150 °C,series label 'As-Deposited 150 °C' (axis 'sample condition'),series_label,direct,experimental_condition,series,series,True,True,True,bound,present,True,not_a_recipe_field,present,present,present,
10.1116_6.0002436,F3a/As-Deposited 150 °C,10.1116_6.0002436-E009,MultiOutputMeasurement,deposition_temperature,,200,°C,deposited at 200 °C,document.md near Fig 3,body,direct,experimental_condition,figure,figure,True,True,True,bound,present,True,present,present,present,present,
10.1116_6.0002436,F3a/As-Deposited 150 °C,10.1116_6.0002436-E009,MultiOutputMeasurement,flow_rate,,20,SCCM,20 SCCM,methods section,methods,direct,experimental_condition,method,method,True,True,True,bound,present,True,present,present,present,present,
10.1116_6.0002436,F3a/As-Deposited 150 °C,10.1116_6.0002436-E009,MultiOutputMeasurement,pulse_time,O3,40,s,pulsed for 4 and 40 s,methods section,methods,direct,experimental_condition,method,method,True,True,True,bound,present,True,not_a_recipe_field,present,present,present,
10.1116_6.0002436,F3a/As-Deposited 150 °C,10.1116_6.0002436-E009,MultiOutputMeasurement,pulse_time,,15 s; 20 S,,"2 distinct pulse_time values at method scope; no narrower evidence distinguishes them, so none is applied",,,,,method,,True,True,False,ambiguous_withheld,candidates_preserved,False,withheld,candidates_preserved,present,n/a,applicability
10.1116_6.0002436,F3a/As-Deposited 100 °C,10.1116_6.0002436-E010,MultiOutputMeasurement,temperature,,100,°C,100 °C,series label 'As-Deposited 100 °C' (axis 'sample condition'),series_label,direct,experimental_condition,series,series,True,True,True,bound,present,True,not_a_recipe_field,present,present,present,
10.1116_6.0002436,F3a/As-Deposited 100 °C,10.1116_6.0002436-E010,MultiOutputMeasurement,deposition_temperature,,200,°C,deposited at 200 °C,document.md near Fig 3,body,direct,experimental_condition,figure,figure,True,True,True,bound,present,True,present,present,present,present,
10.1116_6.0002436,F3a/As-Deposited 100 °C,10.1116_6.0002436-E010,MultiOutputMeasurement,flow_rate,,20,SCCM,20 SCCM,methods section,methods,direct,experimental_condition,method,method,True,True,True,bound,present,True,present,present,present,present,
10.1116_6.0002436,F3a/As-Deposited 100 °C,10.1116_6.0002436-E010,MultiOutputMeasurement,pulse_time,O3,40,s,pulsed for 4 and 40 s,methods section,methods,direct,experimental_condition,method,method,True,True,True,bound,present,True,not_a_recipe_field,present,present,present,
10.1116_6.0002436,F3a/As-Deposited 100 °C,10.1116_6.0002436-E010,MultiOutputMeasurement,pulse_time,,15 s; 20 S,,"2 distinct pulse_time values at method scope; no narrower evidence distinguishes them, so none is applied",,,,,method,,True,True,False,ambiguous_withheld,candidates_preserved,False,withheld,candidates_preserved,present,n/a,applicability
10.1116_6.0002436,F4a/100°C,10.1116_6.0002436-E011,MultiOutputMeasurement,deposition_temperature,,100,°C,100°C,series label '100°C' (axis 'temperature'),series_label,direct,experimental_condition,series,series,True,True,True,bound,present,True,present,present,present,present,
10.1116_6.0002436,F4a/100°C,10.1116_6.0002436-E011,MultiOutputMeasurement,temperature,,350,°C,350 °C,figure caption,caption,direct,experimental_condition,figure,figure,True,True,True,bound,present,True,not_a_recipe_field,present,present,present,
10.1116_6.0002436,F4a/100°C,10.1116_6.0002436-E011,MultiOutputMeasurement,flow_rate,,20,SCCM,20 SCCM,methods section,methods,direct,experimental_condition,method,method,True,True,True,bound,present,True,present,present,present,present,
10.1116_6.0002436,F4a/100°C,10.1116_6.0002436-E011,MultiOutputMeasurement,pulse_time,O3,40,s,pulsed for 4 and 40 s,methods section,methods,direct,experimental_condition,method,method,True,True,True,bound,present,True,not_a_recipe_field,present,present,present,
10.1116_6.0002436,F4a/100°C,10.1116_6.0002436-E011,MultiOutputMeasurement,pulse_time,,15 s; 20 S,,"2 distinct pulse_time values at method scope; no narrower evidence distinguishes them, so none is applied",,,,,method,,True,True,False,ambiguous_withheld,candidates_preserved,False,withheld,candidates_preserved,present,n/a,applicability
10.1116_6.0002436,F4a/150°C,10.1116_6.0002436-E012,MultiOutputMeasurement,deposition_temperature,,150,°C,150°C,series label '150°C' (axis 'temperature'),series_label,direct,experimental_condition,series,series,True,True,True,bound,present,True,present,present,present,present,
10.1116_6.0002436,F4a/150°C,10.1116_6.0002436-E012,MultiOutputMeasurement,temperature,,350,°C,350 °C,figure caption,caption,direct,experimental_condition,figure,figure,True,True,True,bound,present,True,not_a_recipe_field,present,present,present,
10.1116_6.0002436,F4a/150°C,10.1116_6.0002436-E012,MultiOutputMeasurement,flow_rate,,20,SCCM,20 SCCM,methods section,methods,direct,experimental_condition,method,method,True,True,True,bound,present,True,present,present,present,present,
10.1116_6.0002436,F4a/150°C,10.1116_6.0002436-E012,MultiOutputMeasurement,pulse_time,O3,40,s,pulsed for 4 and 40 s,methods section,methods,direct,experimental_condition,method,method,True,True,True,bound,present,True,not_a_recipe_field,present,present,present,
10.1116_6.0002436,F4a/150°C,10.1116_6.0002436-E012,MultiOutputMeasurement,pulse_time,,15 s; 20 S,,"2 distinct pulse_time values at method scope; no narrower evidence distinguishes them, so none is applied",,,,,method,,True,True,False,ambiguous_withheld,candidates_preserved,False,withheld,candidates_preserved,present,n/a,applicability
10.1116_6.0002436,F4a/200°C,10.1116_6.0002436-E013,MultiOutputMeasurement,deposition_temperature,,200,°C,200°C,series label '200°C' (axis 'temperature'),series_label,direct,experimental_condition,series,series,True,True,True,bound,present,True,present,present,present,present,
10.1116_6.0002436,F4a/200°C,10.1116_6.0002436-E013,MultiOutputMeasurement,temperature,,350,°C,350 °C,figure caption,caption,direct,experimental_condition,figure,figure,True,True,True,bound,present,True,not_a_recipe_field,present,present,present,
10.1116_6.0002436,F4a/200°C,10.1116_6.0002436-E013,MultiOutputMeasurement,flow_rate,,20,SCCM,20 SCCM,methods section,methods,direct,experimental_condition,method,method,True,True,True,bound,present,True,present,present,present,present,
10.1116_6.0002436,F4a/200°C,10.1116_6.0002436-E013,MultiOutputMeasurement,pulse_time,O3,40,s,pulsed for 4 and 40 s,methods section,methods,direct,experimental_condition,method,method,True,True,True,bound,present,True,not_a_recipe_field,present,present,present,
10.1116_6.0002436,F4a/200°C,10.1116_6.0002436-E013,MultiOutputMeasurement,pulse_time,,15 s; 20 S,,"2 distinct pulse_time values at method scope; no narrower evidence distinguishes them, so none is applied",,,,,method,,True,True,False,ambiguous_withheld,candidates_preserved,False,withheld,candidates_preserved,present,n/a,applicability
10.1116_6.0002436,F4a/200°C Annealed,10.1116_6.0002436-E014,MultiOutputMeasurement,deposition_temperature,,200,°C,200°C,series label '200°C Annealed' (axis 'temperature'),series_label,direct,experimental_condition,series,series,True,True,True,bound,present,True,present,present,present,present,
10.1116_6.0002436,F4a/200°C Annealed,10.1116_6.0002436-E014,MultiOutputMeasurement,temperature,,350,°C,350 °C,figure caption,caption,direct,experimental_condition,figure,figure,True,True,True,bound,present,True,not_a_recipe_field,present,present,present,
10.1116_6.0002436,F4a/200°C Annealed,10.1116_6.0002436-E014,MultiOutputMeasurement,flow_rate,,20,SCCM,20 SCCM,methods section,methods,direct,experimental_condition,method,method,True,True,True,bound,present,True,present,present,present,present,
10.1116_6.0002436,F4a/200°C Annealed,10.1116_6.0002436-E014,MultiOutputMeasurement,pulse_time,O3,40,s,pulsed for 4 and 40 s,methods section,methods,direct,experimental_condition,method,method,True,True,True,bound,present,True,not_a_recipe_field,present,present,present,
10.1116_6.0002436,F4a/200°C Annealed,10.1116_6.0002436-E014,MultiOutputMeasurement,pulse_time,,15 s; 20 S,,"2 distinct pulse_time values at method scope; no narrower evidence distinguishes them, so none is applied",,,,,method,,True,True,False,ambiguous_withheld,candidates_preserved,False,withheld,candidates_preserved,present,n/a,applicability
10.1116_6.0002436,F5a/100°C (O 1s A),10.1116_6.0002436-E015,MultiOutputMeasurement,temperature,,100,°C,100°C,series label '100°C (O 1s A)' (axis 'sample'),series_label,direct,experimental_condition,series,series,True,True,True,bound,present,True,not_a_recipe_field,present,present,present,
10.1116_6.0002436,F5a/100°C (O 1s A),10.1116_6.0002436-E015,MultiOutputMeasurement,flow_rate,,20,SCCM,20 SCCM,methods section,methods,direct,experimental_condition,method,method,True,True,True,bound,present,True,present,present,present,present,
10.1116_6.0002436,F5a/100°C (O 1s A),10.1116_6.0002436-E015,MultiOutputMeasurement,pulse_time,O3,40,s,pulsed for 4 and 40 s,methods section,methods,direct,experimental_condition,method,method,True,True,True,bound,present,True,not_a_recipe_field,present,present,present,
10.1116_6.0002436,F5a/100°C (O 1s A),10.1116_6.0002436-E015,MultiOutputMeasurement,deposition_temperature,,200 °C; 300 °C,,"2 distinct deposition_temperature values at method scope; no narrower evidence distinguishes them, so none is applied",,,,,method,,True,True,False,ambiguous_withheld,candidates_preserved,False,withheld,candidates_preserved,present,n/a,applicability
10.1116_6.0002436,F5a/100°C (O 1s A),10.1116_6.0002436-E015,MultiOutputMeasurement,pulse_time,,15 s; 20 S,,"2 distinct pulse_time values at method scope; no narrower evidence distinguishes them, so none is applied",,,,,method,,True,True,False,ambiguous_withheld,candidates_preserved,False,withheld,candidates_preserved,present,n/a,applicability
10.1116_6.0002436,F5a/100°C (O 1s C),10.1116_6.0002436-E016,MultiOutputMeasurement,temperature,,100,°C,100°C,series label '100°C (O 1s C)' (axis 'sample'),series_label,direct,experimental_condition,series,series,True,True,True,bound,present,True,not_a_recipe_field,present,present,present,
10.1116_6.0002436,F5a/100°C (O 1s C),10.1116_6.0002436-E016,MultiOutputMeasurement,flow_rate,,20,SCCM,20 SCCM,methods section,methods,direct,experimental_condition,method,method,True,True,True,bound,present,True,present,present,present,present,
10.1116_6.0002436,F5a/100°C (O 1s C),10.1116_6.0002436-E016,MultiOutputMeasurement,pulse_time,O3,40,s,pulsed for 4 and 40 s,methods section,methods,direct,experimental_condition,method,method,True,True,True,bound,present,True,not_a_recipe_field,present,present,present,
10.1116_6.0002436,F5a/100°C (O 1s C),10.1116_6.0002436-E016,MultiOutputMeasurement,deposition_temperature,,200 °C; 300 °C,,"2 distinct deposition_temperature values at method scope; no narrower evidence distinguishes them, so none is applied",,,,,method,,True,True,False,ambiguous_withheld,candidates_preserved,False,withheld,candidates_preserved,present,n/a,applicability
10.1116_6.0002436,F5a/100°C (O 1s C),10.1116_6.0002436-E016,MultiOutputMeasurement,pulse_time,,15 s; 20 S,,"2 distinct pulse_time values at method scope; no narrower evidence distinguishes them, so none is applied",,,,,method,,True,True,False,ambiguous_withheld,candidates_preserved,False,withheld,candidates_preserved,present,n/a,applicability
10.1116_6.0002436,F5a/100°C (Total),10.1116_6.0002436-E017,MultiOutputMeasurement,temperature,,100,°C,100°C,series label '100°C (Total)' (axis 'sample'),series_label,direct,experimental_condition,series,series,True,True,True,bound,present,True,not_a_recipe_field,present,present,present,
10.1116_6.0002436,F5a/100°C (Total),10.1116_6.0002436-E017,MultiOutputMeasurement,flow_rate,,20,SCCM,20 SCCM,methods section,methods,direct,experimental_condition,method,method,True,True,True,bound,present,True,present,present,present,present,
10.1116_6.0002436,F5a/100°C (Total),10.1116_6.0002436-E017,MultiOutputMeasurement,pulse_time,O3,40,s,pulsed for 4 and 40 s,methods section,methods,direct,experimental_condition,method,method,True,True,True,bound,present,True,not_a_recipe_field,present,present,present,
10.1116_6.0002436,F5a/100°C (Total),10.1116_6.0002436-E017,MultiOutputMeasurement,deposition_temperature,,200 °C; 300 °C,,"2 distinct deposition_temperature values at method scope; no narrower evidence distinguishes them, so none is applied",,,,,method,,True,True,False,ambiguous_withheld,candidates_preserved,False,withheld,candidates_preserved,present,n/a,applicability
10.1116_6.0002436,F5a/100°C (Total),10.1116_6.0002436-E017,MultiOutputMeasurement,pulse_time,,15 s; 20 S,,"2 distinct pulse_time values at method scope; no narrower evidence distinguishes them, so none is applied",,,,,method,,True,True,False,ambiguous_withheld,candidates_preserved,False,withheld,candidates_preserved,present,n/a,applicability
10.1116_6.0002436,F5a/150°C (O 1s A),10.1116_6.0002436-E018,MultiOutputMeasurement,temperature,,150,°C,150°C,series label '150°C (O 1s A)' (axis 'sample'),series_label,direct,experimental_condition,series,series,True,True,True,bound,present,True,not_a_recipe_field,present,present,present,
10.1116_6.0002436,F5a/150°C (O 1s A),10.1116_6.0002436-E018,MultiOutputMeasurement,flow_rate,,20,SCCM,20 SCCM,methods section,methods,direct,experimental_condition,method,method,True,True,True,bound,present,True,present,present,present,present,
10.1116_6.0002436,F5a/150°C (O 1s A),10.1116_6.0002436-E018,MultiOutputMeasurement,pulse_time,O3,40,s,pulsed for 4 and 40 s,methods section,methods,direct,experimental_condition,method,method,True,True,True,bound,present,True,not_a_recipe_field,present,present,present,
10.1116_6.0002436,F5a/150°C (O 1s A),10.1116_6.0002436-E018,MultiOutputMeasurement,deposition_temperature,,200 °C; 300 °C,,"2 distinct deposition_temperature values at method scope; no narrower evidence distinguishes them, so none is applied",,,,,method,,True,True,False,ambiguous_withheld,candidates_preserved,False,withheld,candidates_preserved,present,n/a,applicability
10.1116_6.0002436,F5a/150°C (O 1s A),10.1116_6.0002436-E018,MultiOutputMeasurement,pulse_time,,15 s; 20 S,,"2 distinct pulse_time values at method scope; no narrower evidence distinguishes them, so none is applied",,,,,method,,True,True,False,ambiguous_withheld,candidates_preserved,False,withheld,candidates_preserved,present,n/a,applicability
10.1116_6.0002436,F5a/150°C (O 1s C),10.1116_6.0002436-E019,MultiOutputMeasurement,temperature,,150,°C,150°C,series label '150°C (O 1s C)' (axis 'sample'),series_label,direct,experimental_condition,series,series,True,True,True,bound,present,True,not_a_recipe_field,present,present,present,
10.1116_6.0002436,F5a/150°C (O 1s C),10.1116_6.0002436-E019,MultiOutputMeasurement,flow_rate,,20,SCCM,20 SCCM,methods section,methods,direct,experimental_condition,method,method,True,True,True,bound,present,True,present,present,present,present,
10.1116_6.0002436,F5a/150°C (O 1s C),10.1116_6.0002436-E019,MultiOutputMeasurement,pulse_time,O3,40,s,pulsed for 4 and 40 s,methods section,methods,direct,experimental_condition,method,method,True,True,True,bound,present,True,not_a_recipe_field,present,present,present,
10.1116_6.0002436,F5a/150°C (O 1s C),10.1116_6.0002436-E019,MultiOutputMeasurement,deposition_temperature,,200 °C; 300 °C,,"2 distinct deposition_temperature values at method scope; no narrower evidence distinguishes them, so none is applied",,,,,method,,True,True,False,ambiguous_withheld,candidates_preserved,False,withheld,candidates_preserved,present,n/a,applicability
10.1116_6.0002436,F5a/150°C (O 1s C),10.1116_6.0002436-E019,MultiOutputMeasurement,pulse_time,,15 s; 20 S,,"2 distinct pulse_time values at method scope; no narrower evidence distinguishes them, so none is applied",,,,,method,,True,True,False,ambiguous_withheld,candidates_preserved,False,withheld,candidates_preserved,present,n/a,applicability
10.1116_6.0002436,F5a/150°C (Total),10.1116_6.0002436-E020,MultiOutputMeasurement,temperature,,150,°C,150°C,series label '150°C (Total)' (axis 'sample'),series_label,direct,experimental_condition,series,series,True,True,True,bound,present,True,not_a_recipe_field,present,present,present,
10.1116_6.0002436,F5a/150°C (Total),10.1116_6.0002436-E020,MultiOutputMeasurement,flow_rate,,20,SCCM,20 SCCM,methods section,methods,direct,experimental_condition,method,method,True,True,True,bound,present,True,present,present,present,present,
10.1116_6.0002436,F5a/150°C (Total),10.1116_6.0002436-E020,MultiOutputMeasurement,pulse_time,O3,40,s,pulsed for 4 and 40 s,methods section,methods,direct,experimental_condition,method,method,True,True,True,bound,present,True,not_a_recipe_field,present,present,present,
10.1116_6.0002436,F5a/150°C (Total),10.1116_6.0002436-E020,MultiOutputMeasurement,deposition_temperature,,200 °C; 300 °C,,"2 distinct deposition_temperature values at method scope; no narrower evidence distinguishes them, so none is applied",,,,,method,,True,True,False,ambiguous_withheld,candidates_preserved,False,withheld,candidates_preserved,present,n/a,applicability
10.1116_6.0002436,F5a/150°C (Total),10.1116_6.0002436-E020,MultiOutputMeasurement,pulse_time,,15 s; 20 S,,"2 distinct pulse_time values at method scope; no narrower evidence distinguishes them, so none is applied",,,,,method,,True,True,False,ambiguous_withheld,candidates_preserved,False,withheld,candidates_preserved,present,n/a,applicability
10.1116_6.0002436,F5a/200°C (O 1s A),10.1116_6.0002436-E021,MultiOutputMeasurement,temperature,,350,°C,350 °C,figure caption,caption,direct,experimental_condition,figure,figure,True,True,True,bound,present,True,not_a_recipe_field,present,present,present,
10.1116_6.0002436,F5a/200°C (O 1s A),10.1116_6.0002436-E021,MultiOutputMeasurement,flow_rate,,20,SCCM,20 SCCM,methods section,methods,direct,experimental_condition,method,method,True,True,True,bound,present,True,present,present,present,present,
10.1116_6.0002436,F5a/200°C (O 1s A),10.1116_6.0002436-E021,MultiOutputMeasurement,pulse_time,O3,40,s,pulsed for 4 and 40 s,methods section,methods,direct,experimental_condition,method,method,True,True,True,bound,present,True,not_a_recipe_field,present,present,present,
10.1116_6.0002436,F5a/200°C (O 1s A),10.1116_6.0002436-E021,MultiOutputMeasurement,deposition_temperature,,200 °C; 300 °C,,"2 distinct deposition_temperature values at method scope; no narrower evidence distinguishes them, so none is applied",,,,,method,,True,True,False,ambiguous_withheld,candidates_preserved,False,withheld,candidates_preserved,present,n/a,applicability
10.1116_6.0002436,F5a/200°C (O 1s A),10.1116_6.0002436-E021,MultiOutputMeasurement,pulse_time,,15 s; 20 S,,"2 distinct pulse_time values at method scope; no narrower evidence distinguishes them, so none is applied",,,,,method,,True,True,False,ambiguous_withheld,candidates_preserved,False,withheld,candidates_preserved,present,n/a,applicability
10.1116_6.0002436,F5a/200°C (O 1s C),10.1116_6.0002436-E022,MultiOutputMeasurement,temperature,,350,°C,350 °C,figure caption,caption,direct,experimental_condition,figure,figure,True,True,True,bound,present,True,not_a_recipe_field,present,present,present,
10.1116_6.0002436,F5a/200°C (O 1s C),10.1116_6.0002436-E022,MultiOutputMeasurement,flow_rate,,20,SCCM,20 SCCM,methods section,methods,direct,experimental_condition,method,method,True,True,True,bound,present,True,present,present,present,present,
10.1116_6.0002436,F5a/200°C (O 1s C),10.1116_6.0002436-E022,MultiOutputMeasurement,pulse_time,O3,40,s,pulsed for 4 and 40 s,methods section,methods,direct,experimental_condition,method,method,True,True,True,bound,present,True,not_a_recipe_field,present,present,present,
10.1116_6.0002436,F5a/200°C (O 1s C),10.1116_6.0002436-E022,MultiOutputMeasurement,deposition_temperature,,200 °C; 300 °C,,"2 distinct deposition_temperature values at method scope; no narrower evidence distinguishes them, so none is applied",,,,,method,,True,True,False,ambiguous_withheld,candidates_preserved,False,withheld,candidates_preserved,present,n/a,applicability
10.1116_6.0002436,F5a/200°C (O 1s C),10.1116_6.0002436-E022,MultiOutputMeasurement,pulse_time,,15 s; 20 S,,"2 distinct pulse_time values at method scope; no narrower evidence distinguishes them, so none is applied",,,,,method,,True,True,False,ambiguous_withheld,candidates_preserved,False,withheld,candidates_preserved,present,n/a,applicability
10.1116_6.0002436,F5a/200°C (Total),10.1116_6.0002436-E023,MultiOutputMeasurement,temperature,,350,°C,350 °C,figure caption,caption,direct,experimental_condition,figure,figure,True,True,True,bound,present,True,not_a_recipe_field,present,present,present,
10.1116_6.0002436,F5a/200°C (Total),10.1116_6.0002436-E023,MultiOutputMeasurement,flow_rate,,20,SCCM,20 SCCM,methods section,methods,direct,experimental_condition,method,method,True,True,True,bound,present,True,present,present,present,present,
10.1116_6.0002436,F5a/200°C (Total),10.1116_6.0002436-E023,MultiOutputMeasurement,pulse_time,O3,40,s,pulsed for 4 and 40 s,methods section,methods,direct,experimental_condition,method,method,True,True,True,bound,present,True,not_a_recipe_field,present,present,present,
10.1116_6.0002436,F5a/200°C (Total),10.1116_6.0002436-E023,MultiOutputMeasurement,deposition_temperature,,200 °C; 300 °C,,"2 distinct deposition_temperature values at method scope; no narrower evidence distinguishes them, so none is applied",,,,,method,,True,True,False,ambiguous_withheld,candidates_preserved,False,withheld,candidates_preserved,present,n/a,applicability
10.1116_6.0002436,F5a/200°C (Total),10.1116_6.0002436-E023,MultiOutputMeasurement,pulse_time,,15 s; 20 S,,"2 distinct pulse_time values at method scope; no narrower evidence distinguishes them, so none is applied",,,,,method,,True,True,False,ambiguous_withheld,candidates_preserved,False,withheld,candidates_preserved,present,n/a,applicability
10.1116_6.0002436,F5a/200°C Annealed (O 1s A),10.1116_6.0002436-E024,MultiOutputMeasurement,temperature,,350,°C,350 °C,figure caption,caption,direct,experimental_condition,figure,figure,True,True,True,bound,present,True,not_a_recipe_field,present,present,present,
10.1116_6.0002436,F5a/200°C Annealed (O 1s A),10.1116_6.0002436-E024,MultiOutputMeasurement,flow_rate,,20,SCCM,20 SCCM,methods section,methods,direct,experimental_condition,method,method,True,True,True,bound,present,True,present,present,present,present,
10.1116_6.0002436,F5a/200°C Annealed (O 1s A),10.1116_6.0002436-E024,MultiOutputMeasurement,pulse_time,O3,40,s,pulsed for 4 and 40 s,methods section,methods,direct,experimental_condition,method,method,True,True,True,bound,present,True,not_a_recipe_field,present,present,present,
10.1116_6.0002436,F5a/200°C Annealed (O 1s A),10.1116_6.0002436-E024,MultiOutputMeasurement,deposition_temperature,,200 °C; 300 °C,,"2 distinct deposition_temperature values at method scope; no narrower evidence distinguishes them, so none is applied",,,,,method,,True,True,False,ambiguous_withheld,candidates_preserved,False,withheld,candidates_preserved,present,n/a,applicability
10.1116_6.0002436,F5a/200°C Annealed (O 1s A),10.1116_6.0002436-E024,MultiOutputMeasurement,pulse_time,,15 s; 20 S,,"2 distinct pulse_time values at method scope; no narrower evidence distinguishes them, so none is applied",,,,,method,,True,True,False,ambiguous_withheld,candidates_preserved,False,withheld,candidates_preserved,present,n/a,applicability
10.1116_6.0002436,F5a/200°C Annealed (O 1s C),10.1116_6.0002436-E025,MultiOutputMeasurement,temperature,,350,°C,350 °C,figure caption,caption,direct,experimental_condition,figure,figure,True,True,True,bound,present,True,not_a_recipe_field,present,present,present,
10.1116_6.0002436,F5a/200°C Annealed (O 1s C),10.1116_6.0002436-E025,MultiOutputMeasurement,flow_rate,,20,SCCM,20 SCCM,methods section,methods,direct,experimental_condition,method,method,True,True,True,bound,present,True,present,present,present,present,
10.1116_6.0002436,F5a/200°C Annealed (O 1s C),10.1116_6.0002436-E025,MultiOutputMeasurement,pulse_time,O3,40,s,pulsed for 4 and 40 s,methods section,methods,direct,experimental_condition,method,method,True,True,True,bound,present,True,not_a_recipe_field,present,present,present,
10.1116_6.0002436,F5a/200°C Annealed (O 1s C),10.1116_6.0002436-E025,MultiOutputMeasurement,deposition_temperature,,200 °C; 300 °C,,"2 distinct deposition_temperature values at method scope; no narrower evidence distinguishes them, so none is applied",,,,,method,,True,True,False,ambiguous_withheld,candidates_preserved,False,withheld,candidates_preserved,present,n/a,applicability
10.1116_6.0002436,F5a/200°C Annealed (O 1s C),10.1116_6.0002436-E025,MultiOutputMeasurement,pulse_time,,15 s; 20 S,,"2 distinct pulse_time values at method scope; no narrower evidence distinguishes them, so none is applied",,,,,method,,True,True,False,ambiguous_withheld,candidates_preserved,False,withheld,candidates_preserved,present,n/a,applicability
10.1116_6.0002436,F5a/200°C Annealed (Total),10.1116_6.0002436-E026,MultiOutputMeasurement,temperature,,350,°C,350 °C,figure caption,caption,direct,experimental_condition,figure,figure,True,True,True,bound,present,True,not_a_recipe_field,present,present,present,
10.1116_6.0002436,F5a/200°C Annealed (Total),10.1116_6.0002436-E026,MultiOutputMeasurement,flow_rate,,20,SCCM,20 SCCM,methods section,methods,direct,experimental_condition,method,method,True,True,True,bound,present,True,present,present,present,present,
10.1116_6.0002436,F5a/200°C Annealed (Total),10.1116_6.0002436-E026,MultiOutputMeasurement,pulse_time,O3,40,s,pulsed for 4 and 40 s,methods section,methods,direct,experimental_condition,method,method,True,True,True,bound,present,True,not_a_recipe_field,present,present,present,
10.1116_6.0002436,F5a/200°C Annealed (Total),10.1116_6.0002436-E026,MultiOutputMeasurement,deposition_temperature,,200 °C; 300 °C,,"2 distinct deposition_temperature values at method scope; no narrower evidence distinguishes them, so none is applied",,,,,method,,True,True,False,ambiguous_withheld,candidates_preserved,False,withheld,candidates_preserved,present,n/a,applicability
10.1116_6.0002436,F5a/200°C Annealed (Total),10.1116_6.0002436-E026,MultiOutputMeasurement,pulse_time,,15 s; 20 S,,"2 distinct pulse_time values at method scope; no narrower evidence distinguishes them, so none is applied",,,,,method,,True,True,False,ambiguous_withheld,candidates_preserved,False,withheld,candidates_preserved,present,n/a,applicability
10.1116_6.0002436,F6a/iPrCp-Mo As dep,10.1116_6.0002436-E027,MultiOutputMeasurement,flow_rate,,20,SCCM,20 SCCM,methods section,methods,direct,experimental_condition,method,method,True,True,True,bound,present,True,present,present,present,present,
10.1116_6.0002436,F6a/iPrCp-Mo As dep,10.1116_6.0002436-E027,MultiOutputMeasurement,pulse_time,O3,40,s,pulsed for 4 and 40 s,methods section,methods,direct,experimental_condition,method,method,True,True,True,bound,present,True,not_a_recipe_field,present,present,present,
10.1116_6.0002436,F6a/iPrCp-Mo As dep,10.1116_6.0002436-E027,MultiOutputMeasurement,deposition_temperature,,200 °C; 300 °C,,"2 distinct deposition_temperature values at method scope; no narrower evidence distinguishes them, so none is applied",,,,,method,,True,True,False,ambiguous_withheld,candidates_preserved,False,withheld,candidates_preserved,present,n/a,applicability
10.1116_6.0002436,F6a/iPrCp-Mo As dep,10.1116_6.0002436-E027,MultiOutputMeasurement,pulse_time,,15 s; 20 S,,"2 distinct pulse_time values at method scope; no narrower evidence distinguishes them, so none is applied",,,,,method,,True,True,False,ambiguous_withheld,candidates_preserved,False,withheld,candidates_preserved,present,n/a,applicability
10.1116_6.0002436,F6a/iPrCp-Mo After anneal,10.1116_6.0002436-E028,MultiOutputMeasurement,flow_rate,,20,SCCM,20 SCCM,methods section,methods,direct,experimental_condition,method,method,True,True,True,bound,present,True,present,present,present,present,
10.1116_6.0002436,F6a/iPrCp-Mo After anneal,10.1116_6.0002436-E028,MultiOutputMeasurement,pulse_time,O3,40,s,pulsed for 4 and 40 s,methods section,methods,direct,experimental_condition,method,method,True,True,True,bound,present,True,not_a_recipe_field,present,present,present,
10.1116_6.0002436,F6a/iPrCp-Mo After anneal,10.1116_6.0002436-E028,MultiOutputMeasurement,deposition_temperature,,200 °C; 300 °C,,"2 distinct deposition_temperature values at method scope; no narrower evidence distinguishes them, so none is applied",,,,,method,,True,True,False,ambiguous_withheld,candidates_preserved,False,withheld,candidates_preserved,present,n/a,applicability
10.1116_6.0002436,F6a/iPrCp-Mo After anneal,10.1116_6.0002436-E028,MultiOutputMeasurement,pulse_time,,15 s; 20 S,,"2 distinct pulse_time values at method scope; no narrower evidence distinguishes them, so none is applied",,,,,method,,True,True,False,ambiguous_withheld,candidates_preserved,False,withheld,candidates_preserved,present,n/a,applicability
10.1116_6.0002436,F6a/tBuN-Mo As dep,10.1116_6.0002436-E029,MultiOutputMeasurement,flow_rate,,20,SCCM,20 SCCM,methods section,methods,direct,experimental_condition,method,method,True,True,True,bound,present,True,present,present,present,present,
10.1116_6.0002436,F6a/tBuN-Mo As dep,10.1116_6.0002436-E029,MultiOutputMeasurement,pulse_time,O3,40,s,pulsed for 4 and 40 s,methods section,methods,direct,experimental_condition,method,method,True,True,True,bound,present,True,not_a_recipe_field,present,present,present,
10.1116_6.0002436,F6a/tBuN-Mo As dep,10.1116_6.0002436-E029,MultiOutputMeasurement,deposition_temperature,,200 °C; 300 °C,,"2 distinct deposition_temperature values at method scope; no narrower evidence distinguishes them, so none is applied",,,,,method,,True,True,False,ambiguous_withheld,candidates_preserved,False,withheld,candidates_preserved,present,n/a,applicability
10.1116_6.0002436,F6a/tBuN-Mo As dep,10.1116_6.0002436-E029,MultiOutputMeasurement,pulse_time,,15 s; 20 S,,"2 distinct pulse_time values at method scope; no narrower evidence distinguishes them, so none is applied",,,,,method,,True,True,False,ambiguous_withheld,candidates_preserved,False,withheld,candidates_preserved,present,n/a,applicability
10.1116_6.0002436,F6a/tBuN-Mo After anneal,10.1116_6.0002436-E030,MultiOutputMeasurement,flow_rate,,20,SCCM,20 SCCM,methods section,methods,direct,experimental_condition,method,method,True,True,True,bound,present,True,present,present,present,present,
10.1116_6.0002436,F6a/tBuN-Mo After anneal,10.1116_6.0002436-E030,MultiOutputMeasurement,pulse_time,O3,40,s,pulsed for 4 and 40 s,methods section,methods,direct,experimental_condition,method,method,True,True,True,bound,present,True,not_a_recipe_field,present,present,present,
10.1116_6.0002436,F6a/tBuN-Mo After anneal,10.1116_6.0002436-E030,MultiOutputMeasurement,deposition_temperature,,200 °C; 300 °C,,"2 distinct deposition_temperature values at method scope; no narrower evidence distinguishes them, so none is applied",,,,,method,,True,True,False,ambiguous_withheld,candidates_preserved,False,withheld,candidates_preserved,present,n/a,applicability
10.1116_6.0002436,F6a/tBuN-Mo After anneal,10.1116_6.0002436-E030,MultiOutputMeasurement,pulse_time,,15 s; 20 S,,"2 distinct pulse_time values at method scope; no narrower evidence distinguishes them, so none is applied",,,,,method,,True,True,False,ambiguous_withheld,candidates_preserved,False,withheld,candidates_preserved,present,n/a,applicability
10.1116_6.0002436,F6b/iPrCp-Mo As dep,10.1116_6.0002436-E031,MultiOutputMeasurement,flow_rate,,20,SCCM,20 SCCM,methods section,methods,direct,experimental_condition,method,method,True,True,True,bound,present,True,present,present,present,present,
10.1116_6.0002436,F6b/iPrCp-Mo As dep,10.1116_6.0002436-E031,MultiOutputMeasurement,pulse_time,O3,40,s,pulsed for 4 and 40 s,methods section,methods,direct,experimental_condition,method,method,True,True,True,bound,present,True,not_a_recipe_field,present,present,present,
10.1116_6.0002436,F6b/iPrCp-Mo As dep,10.1116_6.0002436-E031,MultiOutputMeasurement,deposition_temperature,,200 °C; 300 °C,,"2 distinct deposition_temperature values at method scope; no narrower evidence distinguishes them, so none is applied",,,,,method,,True,True,False,ambiguous_withheld,candidates_preserved,False,withheld,candidates_preserved,present,n/a,applicability
10.1116_6.0002436,F6b/iPrCp-Mo As dep,10.1116_6.0002436-E031,MultiOutputMeasurement,pulse_time,,15 s; 20 S,,"2 distinct pulse_time values at method scope; no narrower evidence distinguishes them, so none is applied",,,,,method,,True,True,False,ambiguous_withheld,candidates_preserved,False,withheld,candidates_preserved,present,n/a,applicability
10.1116_6.0002436,F6b/iPrCp-Mo After anneal,10.1116_6.0002436-E032,MultiOutputMeasurement,flow_rate,,20,SCCM,20 SCCM,methods section,methods,direct,experimental_condition,method,method,True,True,True,bound,present,True,present,present,present,present,
10.1116_6.0002436,F6b/iPrCp-Mo After anneal,10.1116_6.0002436-E032,MultiOutputMeasurement,pulse_time,O3,40,s,pulsed for 4 and 40 s,methods section,methods,direct,experimental_condition,method,method,True,True,True,bound,present,True,not_a_recipe_field,present,present,present,
10.1116_6.0002436,F6b/iPrCp-Mo After anneal,10.1116_6.0002436-E032,MultiOutputMeasurement,deposition_temperature,,200 °C; 300 °C,,"2 distinct deposition_temperature values at method scope; no narrower evidence distinguishes them, so none is applied",,,,,method,,True,True,False,ambiguous_withheld,candidates_preserved,False,withheld,candidates_preserved,present,n/a,applicability
10.1116_6.0002436,F6b/iPrCp-Mo After anneal,10.1116_6.0002436-E032,MultiOutputMeasurement,pulse_time,,15 s; 20 S,,"2 distinct pulse_time values at method scope; no narrower evidence distinguishes them, so none is applied",,,,,method,,True,True,False,ambiguous_withheld,candidates_preserved,False,withheld,candidates_preserved,present,n/a,applicability
10.1116_6.0002436,F6b/tBuN-Mo As dep,10.1116_6.0002436-E033,MultiOutputMeasurement,flow_rate,,20,SCCM,20 SCCM,methods section,methods,direct,experimental_condition,method,method,True,True,True,bound,present,True,present,present,present,present,
10.1116_6.0002436,F6b/tBuN-Mo As dep,10.1116_6.0002436-E033,MultiOutputMeasurement,pulse_time,O3,40,s,pulsed for 4 and 40 s,methods section,methods,direct,experimental_condition,method,method,True,True,True,bound,present,True,not_a_recipe_field,present,present,present,
10.1116_6.0002436,F6b/tBuN-Mo As dep,10.1116_6.0002436-E033,MultiOutputMeasurement,deposition_temperature,,200 °C; 300 °C,,"2 distinct deposition_temperature values at method scope; no narrower evidence distinguishes them, so none is applied",,,,,method,,True,True,False,ambiguous_withheld,candidates_preserved,False,withheld,candidates_preserved,present,n/a,applicability
10.1116_6.0002436,F6b/tBuN-Mo As dep,10.1116_6.0002436-E033,MultiOutputMeasurement,pulse_time,,15 s; 20 S,,"2 distinct pulse_time values at method scope; no narrower evidence distinguishes them, so none is applied",,,,,method,,True,True,False,ambiguous_withheld,candidates_preserved,False,withheld,candidates_preserved,present,n/a,applicability
10.1116_6.0002436,F6b/tBuN-Mo After anneal,10.1116_6.0002436-E034,MultiOutputMeasurement,flow_rate,,20,SCCM,20 SCCM,methods section,methods,direct,experimental_condition,method,method,True,True,True,bound,present,True,present,present,present,present,
10.1116_6.0002436,F6b/tBuN-Mo After anneal,10.1116_6.0002436-E034,MultiOutputMeasurement,pulse_time,O3,40,s,pulsed for 4 and 40 s,methods section,methods,direct,experimental_condition,method,method,True,True,True,bound,present,True,not_a_recipe_field,present,present,present,
10.1116_6.0002436,F6b/tBuN-Mo After anneal,10.1116_6.0002436-E034,MultiOutputMeasurement,deposition_temperature,,200 °C; 300 °C,,"2 distinct deposition_temperature values at method scope; no narrower evidence distinguishes them, so none is applied",,,,,method,,True,True,False,ambiguous_withheld,candidates_preserved,False,withheld,candidates_preserved,present,n/a,applicability
10.1116_6.0002436,F6b/tBuN-Mo After anneal,10.1116_6.0002436-E034,MultiOutputMeasurement,pulse_time,,15 s; 20 S,,"2 distinct pulse_time values at method scope; no narrower evidence distinguishes them, so none is applied",,,,,method,,True,True,False,ambiguous_withheld,candidates_preserved,False,withheld,candidates_preserved,present,n/a,applicability
10.1116_6.0002804,F1a/<single>,10.1116_6.0002804-E000,ExperimentSeries,temperature,,350,°C,350 °C,figure caption,caption,direct,experimental_condition,figure,figure,True,True,True,bound,present,True,not_a_recipe_field,present,present,present,
10.1116_6.0002804,F1a/<single>,10.1116_6.0002804-E000,ExperimentSeries,cycle_number,,400,cycle,400 ALD cycles,methods section,methods,direct,experimental_condition,method,method,True,True,True,bound,present,True,present,present,present,present,
10.1116_6.0002804,F1a/<single>,10.1116_6.0002804-E000,ExperimentSeries,pulse_time,at-H,1,s,pulse of 1s,methods section,methods,direct,experimental_condition,method,method,True,True,True,bound,present,True,not_a_recipe_field,present,present,present,
10.1116_6.0002804,F1b/<single>,10.1116_6.0002804-E001,ExperimentSeries,temperature,,350,°C,350 °C,figure caption,caption,direct,experimental_condition,figure,figure,True,True,True,bound,present,True,not_a_recipe_field,present,present,present,
10.1116_6.0002804,F1b/<single>,10.1116_6.0002804-E001,ExperimentSeries,cycle_number,,400,cycle,400 ALD cycles,methods section,methods,direct,experimental_condition,method,method,True,True,True,bound,present,True,present,present,present,present,
10.1116_6.0002804,F1b/<single>,10.1116_6.0002804-E001,ExperimentSeries,pulse_time,at-H,1,s,pulse of 1s,methods section,methods,direct,experimental_condition,method,method,True,True,True,bound,present,True,not_a_recipe_field,present,present,present,
10.1116_6.0002804,F1c/<single>,10.1116_6.0002804-E002,ExperimentSeries,temperature,,350,°C,350 °C,figure caption,caption,direct,experimental_condition,figure,figure,True,True,True,bound,present,True,not_a_recipe_field,present,present,present,
10.1116_6.0002804,F1c/<single>,10.1116_6.0002804-E002,ExperimentSeries,cycle_number,,400,cycle,400 ALD cycles,methods section,methods,direct,experimental_condition,method,method,True,True,True,bound,present,True,present,present,present,present,
10.1116_6.0002804,F1c/<single>,10.1116_6.0002804-E002,ExperimentSeries,pulse_time,at-H,1,s,pulse of 1s,methods section,methods,direct,experimental_condition,method,method,True,True,True,bound,present,True,not_a_recipe_field,present,present,present,
10.1116_6.0002804,F1d/<single>,10.1116_6.0002804-E003,ExperimentSeries,temperature,,350,°C,350 °C,figure caption,caption,direct,experimental_condition,figure,figure,True,True,True,bound,present,True,not_a_recipe_field,present,present,present,
10.1116_6.0002804,F1d/<single>,10.1116_6.0002804-E003,ExperimentSeries,cycle_number,,400,cycle,400 ALD cycles,methods section,methods,direct,experimental_condition,method,method,True,True,True,bound,present,True,present,present,present,present,
10.1116_6.0002804,F1d/<single>,10.1116_6.0002804-E003,ExperimentSeries,pulse_time,at-H,1,s,pulse of 1s,methods section,methods,direct,experimental_condition,method,method,True,True,True,bound,present,True,not_a_recipe_field,present,present,present,
10.1116_6.0002804,F1e/<single>,10.1116_6.0002804-E004,ExperimentSeries,temperature,,350,°C,350 °C,figure caption,caption,direct,experimental_condition,figure,figure,True,True,True,bound,entity_only(no case: discrete_experimental_sweep),,not_a_recipe_field,present,present,present,
10.1116_6.0002804,F1e/<single>,10.1116_6.0002804-E004,ExperimentSeries,cycle_number,,400,cycle,400 ALD cycles,methods section,methods,direct,experimental_condition,method,method,True,True,True,bound,entity_only(no case: discrete_experimental_sweep),,not_a_recipe_field,present,present,present,
10.1116_6.0002804,F1e/<single>,10.1116_6.0002804-E004,ExperimentSeries,pulse_time,at-H,1,s,pulse of 1s,methods section,methods,direct,experimental_condition,method,method,True,True,True,bound,entity_only(no case: discrete_experimental_sweep),,not_a_recipe_field,present,present,present,
10.1116_6.0002804,F2a/CVD SE,10.1116_6.0002804-E005,ExperimentSeries,growth_per_cycle,,0.022,nm/cycle,0.022 nm/cycle,document.md near Fig 2,body,direct,experimental_condition,figure,figure,True,True,True,bound,present,True,not_a_recipe_field,present,present,present,
10.1116_6.0002804,F2a/CVD SE,10.1116_6.0002804-E005,ExperimentSeries,cycle_number,,400,cycle,400 ALD cycles,methods section,methods,direct,experimental_condition,method,method,True,True,True,bound,present,True,present,present,present,present,
10.1116_6.0002804,F2a/CVD SE,10.1116_6.0002804-E005,ExperimentSeries,pulse_time,at-H,1,s,pulse of 1s,methods section,methods,direct,experimental_condition,method,method,True,True,True,bound,present,True,not_a_recipe_field,present,present,present,
10.1116_6.0002804,F2a/CVD XRR,10.1116_6.0002804-E006,ExperimentSeries,growth_per_cycle,,0.022,nm/cycle,0.022 nm/cycle,document.md near Fig 2,body,direct,experimental_condition,figure,figure,True,True,True,bound,present,True,not_a_recipe_field,present,present,present,
10.1116_6.0002804,F2a/CVD XRR,10.1116_6.0002804-E006,ExperimentSeries,cycle_number,,400,cycle,400 ALD cycles,methods section,methods,direct,experimental_condition,method,method,True,True,True,bound,present,True,present,present,present,present,
10.1116_6.0002804,F2a/CVD XRR,10.1116_6.0002804-E006,ExperimentSeries,pulse_time,at-H,1,s,pulse of 1s,methods section,methods,direct,experimental_condition,method,method,True,True,True,bound,present,True,not_a_recipe_field,present,present,present,
10.1116_6.0002804,F2a/ALD SE,10.1116_6.0002804-E007,ExperimentSeries,growth_per_cycle,,0.022,nm/cycle,0.022 nm/cycle,document.md near Fig 2,body,direct,experimental_condition,figure,figure,True,True,True,bound,present,True,not_a_recipe_field,present,present,present,
10.1116_6.0002804,F2a/ALD SE,10.1116_6.0002804-E007,ExperimentSeries,cycle_number,,400,cycle,400 ALD cycles,methods section,methods,direct,experimental_condition,method,method,True,True,True,bound,present,True,present,present,present,present,
10.1116_6.0002804,F2a/ALD SE,10.1116_6.0002804-E007,ExperimentSeries,pulse_time,at-H,1,s,pulse of 1s,methods section,methods,direct,experimental_condition,method,method,True,True,True,bound,present,True,not_a_recipe_field,present,present,present,
10.1116_6.0002804,F2a/ALD XRR,10.1116_6.0002804-E008,ExperimentSeries,growth_per_cycle,,0.022,nm/cycle,0.022 nm/cycle,document.md near Fig 2,body,direct,experimental_condition,figure,figure,True,True,True,bound,present,True,not_a_recipe_field,present,present,present,
10.1116_6.0002804,F2a/ALD XRR,10.1116_6.0002804-E008,ExperimentSeries,cycle_number,,400,cycle,400 ALD cycles,methods section,methods,direct,experimental_condition,method,method,True,True,True,bound,present,True,present,present,present,present,
10.1116_6.0002804,F2a/ALD XRR,10.1116_6.0002804-E008,ExperimentSeries,pulse_time,at-H,1,s,pulse of 1s,methods section,methods,direct,experimental_condition,method,method,True,True,True,bound,present,True,not_a_recipe_field,present,present,present,
10.1116_6.0002804,F3a/Thickness,10.1116_6.0002804-E009,ExperimentSeries,cycle_number,,400,cycle,400 ALD cycles,document.md near Fig 3,body,direct,experimental_condition,figure,figure,True,True,True,bound,entity_only(no case: discrete_experimental_sweep),,not_a_recipe_field,present,present,present,
10.1116_6.0002804,F3a/Thickness,10.1116_6.0002804-E009,ExperimentSeries,pulse_time,at-H,1,s,pulse of 1s,methods section,methods,direct,experimental_condition,method,method,True,True,True,bound,entity_only(no case: discrete_experimental_sweep),,not_a_recipe_field,present,present,present,
10.1116_6.0002804,F4a/HCl,10.1116_6.0002804-E010,UnresolvedSourceEntity,pulse_time,at-H,1,s,pulse of 1s,document.md near Fig 4,body,direct,experimental_condition,figure,figure,True,True,True,bound,entity_only(no case: unknown),,not_a_recipe_field,present,present,present,
10.1116_6.0002804,F4a/HCl,10.1116_6.0002804-E010,UnresolvedSourceEntity,cycle_number,,400,cycle,400 ALD cycles,methods section,methods,direct,experimental_condition,method,method,True,True,True,bound,entity_only(no case: unknown),,not_a_recipe_field,present,present,present,
10.1116_6.0002804,F4b/H2O,10.1116_6.0002804-E011,UnresolvedSourceEntity,pulse_time,at-H,1,s,pulse of 1s,document.md near Fig 4,body,direct,experimental_condition,figure,figure,True,True,True,bound,entity_only(no case: unknown),,not_a_recipe_field,present,present,present,
10.1116_6.0002804,F4b/H2O,10.1116_6.0002804-E011,UnresolvedSourceEntity,cycle_number,,400,cycle,400 ALD cycles,methods section,methods,direct,experimental_condition,method,method,True,True,True,bound,entity_only(no case: unknown),,not_a_recipe_field,present,present,present,
10.1116_6.0002804,F5/<single>,10.1116_6.0002804-E012,ExperimentalProfile,cycle_number,,400,cycle,400 ALD cycles,methods section,methods,direct,experimental_condition,method,method,True,True,True,bound,present,True,present,present,present,present,
10.1116_6.0002804,F5/<single>,10.1116_6.0002804-E012,ExperimentalProfile,pulse_time,at-H,1,s,pulse of 1s,methods section,methods,direct,experimental_condition,method,method,True,True,True,bound,present,True,not_a_recipe_field,present,present,present,
10.1116_6.0002804,F5/O,10.1116_6.0002804-E013,ExperimentalProfile,cycle_number,,400,cycle,400 ALD cycles,methods section,methods,direct,experimental_condition,method,method,True,True,True,bound,present,True,present,present,present,present,
10.1116_6.0002804,F5/O,10.1116_6.0002804-E013,ExperimentalProfile,pulse_time,at-H,1,s,pulse of 1s,methods section,methods,direct,experimental_condition,method,method,True,True,True,bound,present,True,not_a_recipe_field,present,present,present,
10.1116_6.0002804,F5/Si,10.1116_6.0002804-E014,ExperimentalProfile,cycle_number,,400,cycle,400 ALD cycles,methods section,methods,direct,experimental_condition,method,method,True,True,True,bound,present,True,present,present,present,present,
10.1116_6.0002804,F5/Si,10.1116_6.0002804-E014,ExperimentalProfile,pulse_time,at-H,1,s,pulse of 1s,methods section,methods,direct,experimental_condition,method,method,True,True,True,bound,present,True,not_a_recipe_field,present,present,present,
10.1116_6.0002804,F5/<single>,10.1116_6.0002804-E015,ExperimentSeries,cycle_number,,400,cycle,400 ALD cycles,methods section,methods,direct,experimental_condition,method,method,True,True,True,bound,entity_only(no case: discrete_experimental_sweep),,not_a_recipe_field,present,present,present,
10.1116_6.0002804,F5/<single>,10.1116_6.0002804-E015,ExperimentSeries,pulse_time,at-H,1,s,pulse of 1s,methods section,methods,direct,experimental_condition,method,method,True,True,True,bound,entity_only(no case: discrete_experimental_sweep),,not_a_recipe_field,present,present,present,
10.1116_6.0002804,F5/O,10.1116_6.0002804-E016,ExperimentSeries,cycle_number,,400,cycle,400 ALD cycles,methods section,methods,direct,experimental_condition,method,method,True,True,True,bound,entity_only(no case: discrete_experimental_sweep),,not_a_recipe_field,present,present,present,
10.1116_6.0002804,F5/O,10.1116_6.0002804-E016,ExperimentSeries,pulse_time,at-H,1,s,pulse of 1s,methods section,methods,direct,experimental_condition,method,method,True,True,True,bound,entity_only(no case: discrete_experimental_sweep),,not_a_recipe_field,present,present,present,
10.1116_6.0002804,F5/Cl,10.1116_6.0002804-E017,ExperimentSeries,cycle_number,,400,cycle,400 ALD cycles,methods section,methods,direct,experimental_condition,method,method,True,True,True,bound,present,True,present,present,present,present,
10.1116_6.0002804,F5/Cl,10.1116_6.0002804-E017,ExperimentSeries,pulse_time,at-H,1,s,pulse of 1s,methods section,methods,direct,experimental_condition,method,method,True,True,True,bound,present,True,not_a_recipe_field,present,present,present,
10.1116_6.0002804,F5/C,10.1116_6.0002804-E018,ExperimentSeries,cycle_number,,400,cycle,400 ALD cycles,methods section,methods,direct,experimental_condition,method,method,True,True,True,bound,entity_only(no case: discrete_experimental_sweep),,not_a_recipe_field,present,present,present,
10.1116_6.0002804,F5/C,10.1116_6.0002804-E018,ExperimentSeries,pulse_time,at-H,1,s,pulse of 1s,methods section,methods,direct,experimental_condition,method,method,True,True,True,bound,entity_only(no case: discrete_experimental_sweep),,not_a_recipe_field,present,present,present,
10.1116_6.0002804,F5/N,10.1116_6.0002804-E019,ExperimentSeries,cycle_number,,400,cycle,400 ALD cycles,methods section,methods,direct,experimental_condition,method,method,True,True,True,bound,entity_only(no case: discrete_experimental_sweep),,not_a_recipe_field,present,present,present,
10.1116_6.0002804,F5/N,10.1116_6.0002804-E019,ExperimentSeries,pulse_time,at-H,1,s,pulse of 1s,methods section,methods,direct,experimental_condition,method,method,True,True,True,bound,entity_only(no case: discrete_experimental_sweep),,not_a_recipe_field,present,present,present,
10.1116_6.0002804,F5/H,10.1116_6.0002804-E020,ExperimentSeries,cycle_number,,400,cycle,400 ALD cycles,methods section,methods,direct,experimental_condition,method,method,True,True,True,bound,entity_only(no case: discrete_experimental_sweep),,not_a_recipe_field,present,present,present,
10.1116_6.0002804,F5/H,10.1116_6.0002804-E020,ExperimentSeries,pulse_time,at-H,1,s,pulse of 1s,methods section,methods,direct,experimental_condition,method,method,True,True,True,bound,entity_only(no case: discrete_experimental_sweep),,not_a_recipe_field,present,present,present,
10.1116_6.0002804,F5/O,10.1116_6.0002804-E021,ExperimentalProfile,cycle_number,,400,cycle,400 ALD cycles,methods section,methods,direct,experimental_condition,method,method,True,True,True,bound,present,True,present,present,present,present,
10.1116_6.0002804,F5/O,10.1116_6.0002804-E021,ExperimentalProfile,pulse_time,at-H,1,s,pulse of 1s,methods section,methods,direct,experimental_condition,method,method,True,True,True,bound,present,True,not_a_recipe_field,present,present,present,
10.1116_6.0002804,F5/Si,10.1116_6.0002804-E022,ExperimentalProfile,cycle_number,,400,cycle,400 ALD cycles,methods section,methods,direct,experimental_condition,method,method,True,True,True,bound,present,True,present,present,present,present,
10.1116_6.0002804,F5/Si,10.1116_6.0002804-E022,ExperimentalProfile,pulse_time,at-H,1,s,pulse of 1s,methods section,methods,direct,experimental_condition,method,method,True,True,True,bound,present,True,not_a_recipe_field,present,present,present,
10.1116_6.0002804,F5/Cl,10.1116_6.0002804-E023,ExperimentalProfile,cycle_number,,400,cycle,400 ALD cycles,methods section,methods,direct,experimental_condition,method,method,True,True,True,bound,present,True,present,present,present,present,
10.1116_6.0002804,F5/Cl,10.1116_6.0002804-E023,ExperimentalProfile,pulse_time,at-H,1,s,pulse of 1s,methods section,methods,direct,experimental_condition,method,method,True,True,True,bound,present,True,not_a_recipe_field,present,present,present,
10.1116_6.0002804,F5/C,10.1116_6.0002804-E024,ExperimentalProfile,cycle_number,,400,cycle,400 ALD cycles,methods section,methods,direct,experimental_condition,method,method,True,True,True,bound,present,True,present,present,present,present,
10.1116_6.0002804,F5/C,10.1116_6.0002804-E024,ExperimentalProfile,pulse_time,at-H,1,s,pulse of 1s,methods section,methods,direct,experimental_condition,method,method,True,True,True,bound,present,True,not_a_recipe_field,present,present,present,
10.1116_6.0002804,F5/N,10.1116_6.0002804-E025,ExperimentalProfile,cycle_number,,400,cycle,400 ALD cycles,methods section,methods,direct,experimental_condition,method,method,True,True,True,bound,present,True,present,present,present,present,
10.1116_6.0002804,F5/N,10.1116_6.0002804-E025,ExperimentalProfile,pulse_time,at-H,1,s,pulse of 1s,methods section,methods,direct,experimental_condition,method,method,True,True,True,bound,present,True,not_a_recipe_field,present,present,present,
10.1116_6.0002804,F5/O,10.1116_6.0002804-E026,ExperimentSeries,cycle_number,,400,cycle,400 ALD cycles,methods section,methods,direct,experimental_condition,method,method,True,True,True,bound,entity_only(no case: discrete_experimental_sweep),,not_a_recipe_field,present,present,present,
10.1116_6.0002804,F5/O,10.1116_6.0002804-E026,ExperimentSeries,pulse_time,at-H,1,s,pulse of 1s,methods section,methods,direct,experimental_condition,method,method,True,True,True,bound,entity_only(no case: discrete_experimental_sweep),,not_a_recipe_field,present,present,present,
10.1116_6.0002804,F5/Si,10.1116_6.0002804-E027,ExperimentSeries,cycle_number,,400,cycle,400 ALD cycles,methods section,methods,direct,experimental_condition,method,method,True,True,True,bound,entity_only(no case: discrete_experimental_sweep),,not_a_recipe_field,present,present,present,
10.1116_6.0002804,F5/Si,10.1116_6.0002804-E027,ExperimentSeries,pulse_time,at-H,1,s,pulse of 1s,methods section,methods,direct,experimental_condition,method,method,True,True,True,bound,entity_only(no case: discrete_experimental_sweep),,not_a_recipe_field,present,present,present,
10.1116_6.0002804,F5/Cl,10.1116_6.0002804-E028,ExperimentSeries,cycle_number,,400,cycle,400 ALD cycles,methods section,methods,direct,experimental_condition,method,method,True,True,True,bound,entity_only(no case: discrete_experimental_sweep),,not_a_recipe_field,present,present,present,
10.1116_6.0002804,F5/Cl,10.1116_6.0002804-E028,ExperimentSeries,pulse_time,at-H,1,s,pulse of 1s,methods section,methods,direct,experimental_condition,method,method,True,True,True,bound,entity_only(no case: discrete_experimental_sweep),,not_a_recipe_field,present,present,present,
10.1116_6.0002804,F5/C,10.1116_6.0002804-E029,ExperimentSeries,cycle_number,,400,cycle,400 ALD cycles,methods section,methods,direct,experimental_condition,method,method,True,True,True,bound,entity_only(no case: discrete_experimental_sweep),,not_a_recipe_field,present,present,present,
10.1116_6.0002804,F5/C,10.1116_6.0002804-E029,ExperimentSeries,pulse_time,at-H,1,s,pulse of 1s,methods section,methods,direct,experimental_condition,method,method,True,True,True,bound,entity_only(no case: discrete_experimental_sweep),,not_a_recipe_field,present,present,present,
10.1116_6.0002804,F5/N,10.1116_6.0002804-E030,ExperimentSeries,cycle_number,,400,cycle,400 ALD cycles,methods section,methods,direct,experimental_condition,method,method,True,True,True,bound,entity_only(no case: discrete_experimental_sweep),,not_a_recipe_field,present,present,present,
10.1116_6.0002804,F5/N,10.1116_6.0002804-E030,ExperimentSeries,pulse_time,at-H,1,s,pulse of 1s,methods section,methods,direct,experimental_condition,method,method,True,True,True,bound,entity_only(no case: discrete_experimental_sweep),,not_a_recipe_field,present,present,present,
10.1116_6.0002804,F7a/ALD,10.1116_6.0002804-E031,ExperimentSeries,cycle_number,,400,cycle,400 ALD cycles,methods section,methods,direct,experimental_condition,method,method,True,True,True,bound,entity_only(no case: discrete_experimental_sweep),,not_a_recipe_field,present,present,present,
10.1116_6.0002804,F7a/ALD,10.1116_6.0002804-E031,ExperimentSeries,pulse_time,at-H,1,s,pulse of 1s,methods section,methods,direct,experimental_condition,method,method,True,True,True,bound,entity_only(no case: discrete_experimental_sweep),,not_a_recipe_field,present,present,present,
10.1116_6.0002804,F7a/ALD,10.1116_6.0002804-E031,ExperimentSeries,deposition_temperature,,150 °C; 350 °C,,"2 distinct deposition_temperature values at figure scope; no narrower evidence distinguishes them, so none is applied",,,,,figure,,True,True,False,ambiguous_withheld,candidates_preserved,False,withheld,candidates_preserved,present,n/a,applicability
10.1116_6.0002804,F7b/ALD,10.1116_6.0002804-E032,ExperimentSeries,cycle_number,,400,cycle,400 ALD cycles,methods section,methods,direct,experimental_condition,method,method,True,True,True,bound,present,True,present,present,present,present,
10.1116_6.0002804,F7b/ALD,10.1116_6.0002804-E032,ExperimentSeries,pulse_time,at-H,1,s,pulse of 1s,methods section,methods,direct,experimental_condition,method,method,True,True,True,bound,present,True,not_a_recipe_field,present,present,present,
10.1116_6.0002804,F7b/ALD,10.1116_6.0002804-E032,ExperimentSeries,deposition_temperature,,150 °C; 350 °C,,"2 distinct deposition_temperature values at figure scope; no narrower evidence distinguishes them, so none is applied",,,,,figure,,True,True,False,ambiguous_withheld,candidates_preserved,False,withheld,candidates_preserved,present,n/a,applicability
10.1116_6.0002804,F7b/CVD,10.1116_6.0002804-E033,ExperimentSeries,cycle_number,,400,cycle,400 ALD cycles,methods section,methods,direct,experimental_condition,method,method,True,True,True,bound,present,True,present,present,present,present,
10.1116_6.0002804,F7b/CVD,10.1116_6.0002804-E033,ExperimentSeries,pulse_time,at-H,1,s,pulse of 1s,methods section,methods,direct,experimental_condition,method,method,True,True,True,bound,present,True,not_a_recipe_field,present,present,present,
10.1116_6.0002804,F7b/CVD,10.1116_6.0002804-E033,ExperimentSeries,deposition_temperature,,150 °C; 350 °C,,"2 distinct deposition_temperature values at figure scope; no narrower evidence distinguishes them, so none is applied",,,,,figure,,True,True,False,ambiguous_withheld,candidates_preserved,False,withheld,candidates_preserved,present,n/a,applicability
10.1186_s11671-015-0872-9,F3a/XRD profile,10.1186_s11671-015-0872-9-E000,ExperimentSeries,deposition_temperature,,200,°C,grown at 200°C,methods section,methods,direct,experimental_condition,method,method,True,True,True,bound,entity_only(no case: discrete_experimental_sweep),,not_a_recipe_field,present,present,present,
10.1186_s11671-015-0872-9,F3a/XRD profile,10.1186_s11671-015-0872-9-E000,ExperimentSeries,flow_rate,,80,sccm,80 sccm,methods section,methods,direct,experimental_condition,method,method,True,True,True,bound,entity_only(no case: discrete_experimental_sweep),,not_a_recipe_field,present,present,present,
10.1186_s11671-015-0872-9,F3a/XRD profile,10.1186_s11671-015-0872-9-E000,ExperimentSeries,flow_rate,N2,50,sccm,flow rate of 50 sccm,methods section,methods,direct,experimental_condition,method,method,True,True,True,bound,entity_only(no case: discrete_experimental_sweep),,not_a_recipe_field,present,present,present,
10.1186_s11671-015-0872-9,F3a/XRD profile,10.1186_s11671-015-0872-9-E000,ExperimentSeries,growth_per_cycle,,0.05,nm/cycle,0.05 nm/cycle,methods section,methods,direct,experimental_condition,method,method,True,True,True,bound,entity_only(no case: discrete_experimental_sweep),,not_a_recipe_field,present,present,present,
10.1186_s11671-015-0872-9,F3a/XRD profile,10.1186_s11671-015-0872-9-E000,ExperimentSeries,working_pressure,,-6 Torr; 230 mTorr,,"2 distinct working_pressure values at method scope; no narrower evidence distinguishes them, so none is applied",,,,,method,,True,True,False,ambiguous_withheld,candidates_preserved,False,withheld,candidates_preserved,present,n/a,applicability
10.3762_bjnano.14.89,F1a/<single>,10.3762_bjnano.14.89-E000,ContinuousTrace,deposition_temperature,,300,°C,carried out at 300 °C,methods section,methods,direct,experimental_condition,method,method,True,True,True,bound,present,True,present,present,present,present,
10.3762_bjnano.14.89,F1a/<single>,10.3762_bjnano.14.89-E000,ContinuousTrace,growth_per_cycle,,0.27,nm/cycle,0.27 nm/cycle,methods section,methods,direct,experimental_condition,method,method,True,True,True,bound,present,True,not_a_recipe_field,present,present,present,
10.3762_bjnano.14.89,F2a/4-2-2-5 s,10.3762_bjnano.14.89-E001,ContinuousTrace,deposition_temperature,,300,°C,carried out at 300 °C,methods section,methods,direct,experimental_condition,method,method,True,True,True,bound,present,True,present,present,present,present,
10.3762_bjnano.14.89,F2a/4-2-2-5 s,10.3762_bjnano.14.89-E001,ContinuousTrace,growth_per_cycle,,0.27,nm/cycle,0.27 nm/cycle,methods section,methods,direct,experimental_condition,method,method,True,True,True,bound,present,True,not_a_recipe_field,present,present,present,
10.3762_bjnano.14.89,F2a/4-2-2-5 s,10.3762_bjnano.14.89-E001,ContinuousTrace,pulse_time,,5 s,,"pulse_time is varied by a panel/series of this figure, so a figure-scope value is one panel's setting and cannot be applied to this entity",,,,,figure,,True,True,False,ambiguous_withheld,candidates_preserved,False,withheld,candidates_preserved,present,n/a,applicability
10.3762_bjnano.14.89,F2a/2-2-2-5 s,10.3762_bjnano.14.89-E002,ContinuousTrace,deposition_temperature,,300,°C,carried out at 300 °C,methods section,methods,direct,experimental_condition,method,method,True,True,True,bound,present,True,present,present,present,present,
10.3762_bjnano.14.89,F2a/2-2-2-5 s,10.3762_bjnano.14.89-E002,ContinuousTrace,growth_per_cycle,,0.27,nm/cycle,0.27 nm/cycle,methods section,methods,direct,experimental_condition,method,method,True,True,True,bound,present,True,not_a_recipe_field,present,present,present,
10.3762_bjnano.14.89,F2a/2-2-2-5 s,10.3762_bjnano.14.89-E002,ContinuousTrace,pulse_time,,5 s,,"pulse_time is varied by a panel/series of this figure, so a figure-scope value is one panel's setting and cannot be applied to this entity",,,,,figure,,True,True,False,ambiguous_withheld,candidates_preserved,False,withheld,candidates_preserved,present,n/a,applicability
10.3762_bjnano.14.89,F2b/4-2-2-5 s,10.3762_bjnano.14.89-E003,ContinuousTrace,deposition_temperature,,300,°C,carried out at 300 °C,methods section,methods,direct,experimental_condition,method,method,True,True,True,bound,present,True,present,present,present,present,
10.3762_bjnano.14.89,F2b/4-2-2-5 s,10.3762_bjnano.14.89-E003,ContinuousTrace,growth_per_cycle,,0.27,nm/cycle,0.27 nm/cycle,methods section,methods,direct,experimental_condition,method,method,True,True,True,bound,present,True,not_a_recipe_field,present,present,present,
10.3762_bjnano.14.89,F2b/4-2-2-5 s,10.3762_bjnano.14.89-E003,ContinuousTrace,pulse_time,,5 s,,"pulse_time is varied by a panel/series of this figure, so a figure-scope value is one panel's setting and cannot be applied to this entity",,,,,figure,,True,True,False,ambiguous_withheld,candidates_preserved,False,withheld,candidates_preserved,present,n/a,applicability
10.3762_bjnano.14.89,F2b/2-2-2-5 s,10.3762_bjnano.14.89-E004,ContinuousTrace,deposition_temperature,,300,°C,carried out at 300 °C,methods section,methods,direct,experimental_condition,method,method,True,True,True,bound,present,True,present,present,present,present,
10.3762_bjnano.14.89,F2b/2-2-2-5 s,10.3762_bjnano.14.89-E004,ContinuousTrace,growth_per_cycle,,0.27,nm/cycle,0.27 nm/cycle,methods section,methods,direct,experimental_condition,method,method,True,True,True,bound,present,True,not_a_recipe_field,present,present,present,
10.3762_bjnano.14.89,F2b/2-2-2-5 s,10.3762_bjnano.14.89-E004,ContinuousTrace,pulse_time,,5 s,,"pulse_time is varied by a panel/series of this figure, so a figure-scope value is one panel's setting and cannot be applied to this entity",,,,,figure,,True,True,False,ambiguous_withheld,candidates_preserved,False,withheld,candidates_preserved,present,n/a,applicability
10.3762_bjnano.14.89,F3a/<single>,10.3762_bjnano.14.89-E005,ContinuousTrace,pulse_time,,5,s,exposure time of 5 s,document.md near Fig 3,body,direct,experimental_condition,figure,figure,True,True,True,bound,present,True,not_a_recipe_field,present,present,present,
10.3762_bjnano.14.89,F3a/<single>,10.3762_bjnano.14.89-E005,ContinuousTrace,deposition_temperature,,300,°C,carried out at 300 °C,methods section,methods,direct,experimental_condition,method,method,True,True,True,bound,present,True,present,present,present,present,
10.3762_bjnano.14.89,F3a/<single>,10.3762_bjnano.14.89-E005,ContinuousTrace,growth_per_cycle,,0.27,nm/cycle,0.27 nm/cycle,methods section,methods,direct,experimental_condition,method,method,True,True,True,bound,present,True,not_a_recipe_field,present,present,present,
10.3762_bjnano.14.89,F4a/<single>,10.3762_bjnano.14.89-E006,UnresolvedSourceEntity,deposition_temperature,,300,°C,carried out at 300 °C,methods section,methods,direct,experimental_condition,method,method,True,True,True,bound,entity_only(no case: unknown),,not_a_recipe_field,present,present,present,
10.3762_bjnano.14.89,F4a/<single>,10.3762_bjnano.14.89-E006,UnresolvedSourceEntity,growth_per_cycle,,0.27,nm/cycle,0.27 nm/cycle,methods section,methods,direct,experimental_condition,method,method,True,True,True,bound,entity_only(no case: unknown),,not_a_recipe_field,present,present,present,
10.3762_bjnano.14.89,F5a/<single>,10.3762_bjnano.14.89-E007,UnresolvedSourceEntity,deposition_temperature,,200,°C,substrate temperature of 200 °C,document.md near Fig 5,body,direct,experimental_condition,figure,figure,True,True,True,bound,entity_only(no case: unknown),,not_a_recipe_field,present,present,present,
10.3762_bjnano.14.89,F5a/<single>,10.3762_bjnano.14.89-E007,UnresolvedSourceEntity,growth_per_cycle,,0.27,nm/cycle,0.27 nm/cycle,methods section,methods,direct,experimental_condition,method,method,True,True,True,bound,entity_only(no case: unknown),,not_a_recipe_field,present,present,present,
10.3762_bjnano.14.89,F6a/SnOx,10.3762_bjnano.14.89-E008,UnresolvedSourceEntity,deposition_temperature,,200,°C,substrate temperature of 200 °C,document.md near Fig 6,body,direct,experimental_condition,figure,figure,True,True,True,bound,entity_only(no case: unknown),,not_a_recipe_field,present,present,present,
10.3762_bjnano.14.89,F6a/SnOx,10.3762_bjnano.14.89-E008,UnresolvedSourceEntity,growth_per_cycle,,0.27,nm/cycle,0.27 nm/cycle,methods section,methods,direct,experimental_condition,method,method,True,True,True,bound,entity_only(no case: unknown),,not_a_recipe_field,present,present,present,
10.3762_bjnano.14.89,F7a/<single>,10.3762_bjnano.14.89-E009,UnresolvedSourceEntity,deposition_temperature,,225,°C,grown at 225 °C,document.md near Fig 7,body,direct,experimental_condition,figure,figure,True,True,True,bound,entity_only(no case: unknown),,not_a_recipe_field,present,present,present,
10.3762_bjnano.14.89,F7a/<single>,10.3762_bjnano.14.89-E009,UnresolvedSourceEntity,growth_per_cycle,,0.27,nm/cycle,0.27 nm/cycle,methods section,methods,direct,experimental_condition,method,method,True,True,True,bound,entity_only(no case: unknown),,not_a_recipe_field,present,present,present,
10.3762_bjnano.14.89,F8a/600 °C,10.3762_bjnano.14.89-E010,MultiOutputMeasurement,deposition_temperature,,600,°C,600 °C,series label '600 °C' (axis 'growth temperature'),series_label,direct,experimental_condition,series,series,True,True,True,bound,present,True,present,present,present,present,
10.3762_bjnano.14.89,F8a/600 °C,10.3762_bjnano.14.89-E010,MultiOutputMeasurement,growth_per_cycle,,0.27,nm/cycle,0.27 nm/cycle,methods section,methods,direct,experimental_condition,method,method,True,True,True,bound,present,True,not_a_recipe_field,present,present,present,
10.3762_bjnano.14.89,F8a/400 °C,10.3762_bjnano.14.89-E011,MultiOutputMeasurement,deposition_temperature,,400,°C,400 °C,series label '400 °C' (axis 'growth temperature'),series_label,direct,experimental_condition,series,series,True,True,True,bound,present,True,present,present,present,present,
10.3762_bjnano.14.89,F8a/400 °C,10.3762_bjnano.14.89-E011,MultiOutputMeasurement,growth_per_cycle,,0.27,nm/cycle,0.27 nm/cycle,methods section,methods,direct,experimental_condition,method,method,True,True,True,bound,present,True,not_a_recipe_field,present,present,present,
10.3762_bjnano.14.89,F8a/300 °C,10.3762_bjnano.14.89-E012,MultiOutputMeasurement,deposition_temperature,,300,°C,300 °C,series label '300 °C' (axis 'growth temperature'),series_label,direct,experimental_condition,series,series,True,True,True,bound,present,True,present,present,present,present,
10.3762_bjnano.14.89,F8a/300 °C,10.3762_bjnano.14.89-E012,MultiOutputMeasurement,growth_per_cycle,,0.27,nm/cycle,0.27 nm/cycle,methods section,methods,direct,experimental_condition,method,method,True,True,True,bound,present,True,not_a_recipe_field,present,present,present,
10.3762_bjnano.14.89,F8a/250 °C,10.3762_bjnano.14.89-E013,MultiOutputMeasurement,deposition_temperature,,250,°C,250 °C,series label '250 °C' (axis 'growth temperature'),series_label,direct,experimental_condition,series,series,True,True,True,bound,present,True,present,present,present,present,
10.3762_bjnano.14.89,F8a/250 °C,10.3762_bjnano.14.89-E013,MultiOutputMeasurement,growth_per_cycle,,0.27,nm/cycle,0.27 nm/cycle,methods section,methods,direct,experimental_condition,method,method,True,True,True,bound,present,True,not_a_recipe_field,present,present,present,
10.3762_bjnano.14.89,F8a/225 °C,10.3762_bjnano.14.89-E014,MultiOutputMeasurement,deposition_temperature,,225,°C,225 °C,series label '225 °C' (axis 'growth temperature'),series_label,direct,experimental_condition,series,series,True,True,True,bound,present,True,present,present,present,present,
10.3762_bjnano.14.89,F8a/225 °C,10.3762_bjnano.14.89-E014,MultiOutputMeasurement,growth_per_cycle,,0.27,nm/cycle,0.27 nm/cycle,methods section,methods,direct,experimental_condition,method,method,True,True,True,bound,present,True,not_a_recipe_field,present,present,present,
10.3762_bjnano.14.89,F9a/<single>,10.3762_bjnano.14.89-E015,MultiOutputMeasurement,deposition_temperature,,300,°C,deposited at 300 °C,figure 9 caption,caption,direct,experimental_condition,figure,figure,True,True,True,bound,present,True,present,present,present,present,
10.3762_bjnano.14.89,F9a/<single>,10.3762_bjnano.14.89-E015,MultiOutputMeasurement,growth_per_cycle,,0.27,nm/cycle,0.27 nm/cycle,methods section,methods,direct,experimental_condition,method,method,True,True,True,bound,present,True,not_a_recipe_field,present,present,present,
10.3762_bjnano.14.89,F10a/300 °C,10.3762_bjnano.14.89-E016,MultiOutputMeasurement,deposition_temperature,,300,°C,300 °C,series label '300 °C' (axis 'deposition temperature'),series_label,direct,experimental_condition,series,series,True,True,True,bound,present,True,present,present,present,present,
10.3762_bjnano.14.89,F10a/300 °C,10.3762_bjnano.14.89-E016,MultiOutputMeasurement,growth_per_cycle,,0.27,nm/cycle,0.27 nm/cycle,methods section,methods,direct,experimental_condition,method,method,True,True,True,bound,present,True,not_a_recipe_field,present,present,present,
10.3762_bjnano.14.89,F10a/500 °C,10.3762_bjnano.14.89-E017,MultiOutputMeasurement,deposition_temperature,,500,°C,500 °C,series label '500 °C' (axis 'deposition temperature'),series_label,direct,experimental_condition,series,series,True,True,True,bound,present,True,present,present,present,present,
10.3762_bjnano.14.89,F10a/500 °C,10.3762_bjnano.14.89-E017,MultiOutputMeasurement,growth_per_cycle,,0.27,nm/cycle,0.27 nm/cycle,methods section,methods,direct,experimental_condition,method,method,True,True,True,bound,present,True,not_a_recipe_field,present,present,present,
10.3762_bjnano.14.89,F10b/300 °C,10.3762_bjnano.14.89-E018,MultiOutputMeasurement,deposition_temperature,,300,°C,300 °C,series label '300 °C' (axis 'deposition temperature'),series_label,direct,experimental_condition,series,series,True,True,True,bound,present,True,present,present,present,present,
10.3762_bjnano.14.89,F10b/300 °C,10.3762_bjnano.14.89-E018,MultiOutputMeasurement,growth_per_cycle,,0.27,nm/cycle,0.27 nm/cycle,methods section,methods,direct,experimental_condition,method,method,True,True,True,bound,present,True,not_a_recipe_field,present,present,present,
10.3762_bjnano.14.89,F10b/500 °C,10.3762_bjnano.14.89-E019,MultiOutputMeasurement,deposition_temperature,,500,°C,500 °C,series label '500 °C' (axis 'deposition temperature'),series_label,direct,experimental_condition,series,series,True,True,True,bound,present,True,present,present,present,present,
10.3762_bjnano.14.89,F10b/500 °C,10.3762_bjnano.14.89-E019,MultiOutputMeasurement,growth_per_cycle,,0.27,nm/cycle,0.27 nm/cycle,methods section,methods,direct,experimental_condition,method,method,True,True,True,bound,present,True,not_a_recipe_field,present,present,present,
10.3762_bjnano.14.89,F10c/300 °C,10.3762_bjnano.14.89-E020,MultiOutputMeasurement,deposition_temperature,,300,°C,300 °C,series label '300 °C' (axis 'deposition temperature'),series_label,direct,experimental_condition,series,series,True,True,True,bound,present,True,present,present,present,present,
10.3762_bjnano.14.89,F10c/300 °C,10.3762_bjnano.14.89-E020,MultiOutputMeasurement,temperature,,500,°C,500 °C,figure caption,caption,direct,experimental_condition,figure,figure,True,True,True,bound,present,True,not_a_recipe_field,present,present,present,
10.3762_bjnano.14.89,F10c/300 °C,10.3762_bjnano.14.89-E020,MultiOutputMeasurement,growth_per_cycle,,0.27,nm/cycle,0.27 nm/cycle,methods section,methods,direct,experimental_condition,method,method,True,True,True,bound,present,True,not_a_recipe_field,present,present,present,
10.3762_bjnano.14.89,F10c/500 °C,10.3762_bjnano.14.89-E021,MultiOutputMeasurement,deposition_temperature,,500,°C,500 °C,series label '500 °C' (axis 'deposition temperature'),series_label,direct,experimental_condition,series,series,True,True,True,bound,present,True,present,present,present,present,
10.3762_bjnano.14.89,F10c/500 °C,10.3762_bjnano.14.89-E021,MultiOutputMeasurement,growth_per_cycle,,0.27,nm/cycle,0.27 nm/cycle,methods section,methods,direct,experimental_condition,method,method,True,True,True,bound,present,True,not_a_recipe_field,present,present,present,
10.3762_bjnano.14.89,F11a/300 °C,10.3762_bjnano.14.89-E022,UnresolvedSourceEntity,deposition_temperature,,300,°C,300 °C,series label '300 °C' (axis 'temperature'),series_label,direct,experimental_condition,series,series,True,True,True,bound,entity_only(no case: unknown),,not_a_recipe_field,present,present,present,
10.3762_bjnano.14.89,F11a/300 °C,10.3762_bjnano.14.89-E022,UnresolvedSourceEntity,growth_per_cycle,,0.27,nm/cycle,0.27 nm/cycle,methods section,methods,direct,experimental_condition,method,method,True,True,True,bound,entity_only(no case: unknown),,not_a_recipe_field,present,present,present,
10.3762_bjnano.14.89,F11a/500 °C,10.3762_bjnano.14.89-E023,UnresolvedSourceEntity,deposition_temperature,,500,°C,500 °C,series label '500 °C' (axis 'temperature'),series_label,direct,experimental_condition,series,series,True,True,True,bound,entity_only(no case: unknown),,not_a_recipe_field,present,present,present,
10.3762_bjnano.14.89,F11a/500 °C,10.3762_bjnano.14.89-E023,UnresolvedSourceEntity,growth_per_cycle,,0.27,nm/cycle,0.27 nm/cycle,methods section,methods,direct,experimental_condition,method,method,True,True,True,bound,entity_only(no case: unknown),,not_a_recipe_field,present,present,present,
10.3762_bjnano.14.89,F11b/300 °C,10.3762_bjnano.14.89-E024,UnresolvedSourceEntity,deposition_temperature,,300,°C,300 °C,series label '300 °C' (axis 'temperature'),series_label,direct,experimental_condition,series,series,True,True,True,bound,entity_only(no case: unknown),,not_a_recipe_field,present,present,present,
10.3762_bjnano.14.89,F11b/300 °C,10.3762_bjnano.14.89-E024,UnresolvedSourceEntity,temperature,,500,°C,500 °C,figure caption,caption,direct,experimental_condition,figure,figure,True,True,True,bound,entity_only(no case: unknown),,not_a_recipe_field,present,present,present,
10.3762_bjnano.14.89,F11b/300 °C,10.3762_bjnano.14.89-E024,UnresolvedSourceEntity,growth_per_cycle,,0.27,nm/cycle,0.27 nm/cycle,methods section,methods,direct,experimental_condition,method,method,True,True,True,bound,entity_only(no case: unknown),,not_a_recipe_field,present,present,present,
10.3762_bjnano.14.89,F11b/500 °C,10.3762_bjnano.14.89-E025,UnresolvedSourceEntity,deposition_temperature,,500,°C,500 °C,series label '500 °C' (axis 'temperature'),series_label,direct,experimental_condition,series,series,True,True,True,bound,entity_only(no case: unknown),,not_a_recipe_field,present,present,present,
10.3762_bjnano.14.89,F11b/500 °C,10.3762_bjnano.14.89-E025,UnresolvedSourceEntity,growth_per_cycle,,0.27,nm/cycle,0.27 nm/cycle,methods section,methods,direct,experimental_condition,method,method,True,True,True,bound,entity_only(no case: unknown),,not_a_recipe_field,present,present,present,
10.3762_bjnano.5.25,F3a/5ms,10.3762_bjnano.5.25-E000,SimulationRun,exposure,,5,ms,5ms,series label '5ms' (axis 'exposure time'),series_label,direct,experimental_condition,series,series,True,True,True,bound,entity_only(no case: simulation),,not_a_recipe_field,present,present,present,
10.3762_bjnano.5.25,F3a/5ms,10.3762_bjnano.5.25-E000,SimulationRun,pulse_time,,50,ms,exposure to the precursor of 50 ms,document.md near Fig 3,body,direct,experimental_condition,figure,figure,True,True,True,bound,entity_only(no case: simulation),,not_a_recipe_field,present,present,present,
10.3762_bjnano.5.25,F3a/5ms,10.3762_bjnano.5.25-E000,SimulationRun,flow_rate,,250,sccm,250 sccm,methods section,methods,direct,experimental_condition,method,method,True,True,True,bound,entity_only(no case: simulation),,not_a_recipe_field,present,present,present,
10.3762_bjnano.5.25,F3a/5ms,10.3762_bjnano.5.25-E000,SimulationRun,purge_time,,0.2,s,purge and two sequential 0.2 s,methods section,methods,direct,experimental_condition,method,method,True,True,True,bound,entity_only(no case: simulation),,not_a_recipe_field,present,present,present,
10.3762_bjnano.5.25,F3a/5ms,10.3762_bjnano.5.25-E000,SimulationRun,deposition_temperature,,200 °C; 225 °C,,"2 distinct deposition_temperature values at method scope; no narrower evidence distinguishes them, so none is applied",,,,,method,,True,True,False,ambiguous_withheld,candidates_preserved,False,withheld,candidates_preserved,present,n/a,applicability
10.3762_bjnano.5.25,F3a/5ms,10.3762_bjnano.5.25-E000,SimulationRun,cycle_number,,200 cycle; 400 cycle,,"2 distinct cycle_number values at method scope; no narrower evidence distinguishes them, so none is applied",,,,,method,,True,True,False,ambiguous_withheld,candidates_preserved,False,withheld,candidates_preserved,present,n/a,applicability
10.3762_bjnano.5.25,F3a/5ms,10.3762_bjnano.5.25-E000,SimulationRun,flow_rate,Ar,400 sccm; 600 sccm,,"2 distinct flow_rate values at method scope; no narrower evidence distinguishes them, so none is applied",,,,,method,,True,True,False,ambiguous_withheld,candidates_preserved,False,withheld,candidates_preserved,present,n/a,applicability
10.3762_bjnano.5.25,F3a/45ms,10.3762_bjnano.5.25-E001,SimulationRun,exposure,,45,ms,45ms,series label '45ms' (axis 'exposure time'),series_label,direct,experimental_condition,series,series,True,True,True,bound,entity_only(no case: simulation),,not_a_recipe_field,present,present,present,
10.3762_bjnano.5.25,F3a/45ms,10.3762_bjnano.5.25-E001,SimulationRun,pulse_time,,50,ms,exposure to the precursor of 50 ms,document.md near Fig 3,body,direct,experimental_condition,figure,figure,True,True,True,bound,entity_only(no case: simulation),,not_a_recipe_field,present,present,present,
10.3762_bjnano.5.25,F3a/45ms,10.3762_bjnano.5.25-E001,SimulationRun,flow_rate,,250,sccm,250 sccm,methods section,methods,direct,experimental_condition,method,method,True,True,True,bound,entity_only(no case: simulation),,not_a_recipe_field,present,present,present,
10.3762_bjnano.5.25,F3a/45ms,10.3762_bjnano.5.25-E001,SimulationRun,purge_time,,0.2,s,purge and two sequential 0.2 s,methods section,methods,direct,experimental_condition,method,method,True,True,True,bound,entity_only(no case: simulation),,not_a_recipe_field,present,present,present,
10.3762_bjnano.5.25,F3a/45ms,10.3762_bjnano.5.25-E001,SimulationRun,deposition_temperature,,200 °C; 225 °C,,"2 distinct deposition_temperature values at method scope; no narrower evidence distinguishes them, so none is applied",,,,,method,,True,True,False,ambiguous_withheld,candidates_preserved,False,withheld,candidates_preserved,present,n/a,applicability
10.3762_bjnano.5.25,F3a/45ms,10.3762_bjnano.5.25-E001,SimulationRun,cycle_number,,200 cycle; 400 cycle,,"2 distinct cycle_number values at method scope; no narrower evidence distinguishes them, so none is applied",,,,,method,,True,True,False,ambiguous_withheld,candidates_preserved,False,withheld,candidates_preserved,present,n/a,applicability
10.3762_bjnano.5.25,F3a/45ms,10.3762_bjnano.5.25-E001,SimulationRun,flow_rate,Ar,400 sccm; 600 sccm,,"2 distinct flow_rate values at method scope; no narrower evidence distinguishes them, so none is applied",,,,,method,,True,True,False,ambiguous_withheld,candidates_preserved,False,withheld,candidates_preserved,present,n/a,applicability
10.3762_bjnano.5.25,F3b/1,10.3762_bjnano.5.25-E002,SimulationRun,pulse_time,,50,ms,exposure to the precursor of 50 ms,document.md near Fig 3,body,direct,experimental_condition,figure,figure,True,True,True,bound,entity_only(no case: simulation),,not_a_recipe_field,present,present,present,
10.3762_bjnano.5.25,F3b/1,10.3762_bjnano.5.25-E002,SimulationRun,flow_rate,,250,sccm,250 sccm,methods section,methods,direct,experimental_condition,method,method,True,True,True,bound,entity_only(no case: simulation),,not_a_recipe_field,present,present,present,
10.3762_bjnano.5.25,F3b/1,10.3762_bjnano.5.25-E002,SimulationRun,purge_time,,0.2,s,purge and two sequential 0.2 s,methods section,methods,direct,experimental_condition,method,method,True,True,True,bound,entity_only(no case: simulation),,not_a_recipe_field,present,present,present,
10.3762_bjnano.5.25,F3b/1,10.3762_bjnano.5.25-E002,SimulationRun,deposition_temperature,,200 °C; 225 °C,,"2 distinct deposition_temperature values at method scope; no narrower evidence distinguishes them, so none is applied",,,,,method,,True,True,False,ambiguous_withheld,candidates_preserved,False,withheld,candidates_preserved,present,n/a,applicability
10.3762_bjnano.5.25,F3b/1,10.3762_bjnano.5.25-E002,SimulationRun,cycle_number,,200 cycle; 400 cycle,,"2 distinct cycle_number values at method scope; no narrower evidence distinguishes them, so none is applied",,,,,method,,True,True,False,ambiguous_withheld,candidates_preserved,False,withheld,candidates_preserved,present,n/a,applicability
10.3762_bjnano.5.25,F3b/1,10.3762_bjnano.5.25-E002,SimulationRun,flow_rate,Ar,400 sccm; 600 sccm,,"2 distinct flow_rate values at method scope; no narrower evidence distinguishes them, so none is applied",,,,,method,,True,True,False,ambiguous_withheld,candidates_preserved,False,withheld,candidates_preserved,present,n/a,applicability
10.3762_bjnano.5.25,F3b/10^-4,10.3762_bjnano.5.25-E003,SimulationRun,pulse_time,,50,ms,exposure to the precursor of 50 ms,document.md near Fig 3,body,direct,experimental_condition,figure,figure,True,True,True,bound,entity_only(no case: simulation),,not_a_recipe_field,present,present,present,
10.3762_bjnano.5.25,F3b/10^-4,10.3762_bjnano.5.25-E003,SimulationRun,flow_rate,,250,sccm,250 sccm,methods section,methods,direct,experimental_condition,method,method,True,True,True,bound,entity_only(no case: simulation),,not_a_recipe_field,present,present,present,
10.3762_bjnano.5.25,F3b/10^-4,10.3762_bjnano.5.25-E003,SimulationRun,purge_time,,0.2,s,purge and two sequential 0.2 s,methods section,methods,direct,experimental_condition,method,method,True,True,True,bound,entity_only(no case: simulation),,not_a_recipe_field,present,present,present,
10.3762_bjnano.5.25,F3b/10^-4,10.3762_bjnano.5.25-E003,SimulationRun,deposition_temperature,,200 °C; 225 °C,,"2 distinct deposition_temperature values at method scope; no narrower evidence distinguishes them, so none is applied",,,,,method,,True,True,False,ambiguous_withheld,candidates_preserved,False,withheld,candidates_preserved,present,n/a,applicability
10.3762_bjnano.5.25,F3b/10^-4,10.3762_bjnano.5.25-E003,SimulationRun,cycle_number,,200 cycle; 400 cycle,,"2 distinct cycle_number values at method scope; no narrower evidence distinguishes them, so none is applied",,,,,method,,True,True,False,ambiguous_withheld,candidates_preserved,False,withheld,candidates_preserved,present,n/a,applicability
10.3762_bjnano.5.25,F3b/10^-4,10.3762_bjnano.5.25-E003,SimulationRun,flow_rate,Ar,400 sccm; 600 sccm,,"2 distinct flow_rate values at method scope; no narrower evidence distinguishes them, so none is applied",,,,,method,,True,True,False,ambiguous_withheld,candidates_preserved,False,withheld,candidates_preserved,present,n/a,applicability
10.3762_bjnano.5.25,F3c/10ms,10.3762_bjnano.5.25-E004,SimulationRun,exposure,,10,ms,10ms,series label '10ms' (axis 'exposure time'),series_label,direct,experimental_condition,series,series,True,True,True,bound,entity_only(no case: simulation),,not_a_recipe_field,present,present,present,
10.3762_bjnano.5.25,F3c/10ms,10.3762_bjnano.5.25-E004,SimulationRun,pulse_time,,50,ms,exposure to the precursor of 50 ms,document.md near Fig 3,body,direct,experimental_condition,figure,figure,True,True,True,bound,entity_only(no case: simulation),,not_a_recipe_field,present,present,present,
10.3762_bjnano.5.25,F3c/10ms,10.3762_bjnano.5.25-E004,SimulationRun,flow_rate,,250,sccm,250 sccm,methods section,methods,direct,experimental_condition,method,method,True,True,True,bound,entity_only(no case: simulation),,not_a_recipe_field,present,present,present,
10.3762_bjnano.5.25,F3c/10ms,10.3762_bjnano.5.25-E004,SimulationRun,purge_time,,0.2,s,purge and two sequential 0.2 s,methods section,methods,direct,experimental_condition,method,method,True,True,True,bound,entity_only(no case: simulation),,not_a_recipe_field,present,present,present,
10.3762_bjnano.5.25,F3c/10ms,10.3762_bjnano.5.25-E004,SimulationRun,deposition_temperature,,200 °C; 225 °C,,"2 distinct deposition_temperature values at method scope; no narrower evidence distinguishes them, so none is applied",,,,,method,,True,True,False,ambiguous_withheld,candidates_preserved,False,withheld,candidates_preserved,present,n/a,applicability
10.3762_bjnano.5.25,F3c/10ms,10.3762_bjnano.5.25-E004,SimulationRun,cycle_number,,200 cycle; 400 cycle,,"2 distinct cycle_number values at method scope; no narrower evidence distinguishes them, so none is applied",,,,,method,,True,True,False,ambiguous_withheld,candidates_preserved,False,withheld,candidates_preserved,present,n/a,applicability
10.3762_bjnano.5.25,F3c/10ms,10.3762_bjnano.5.25-E004,SimulationRun,flow_rate,Ar,400 sccm; 600 sccm,,"2 distinct flow_rate values at method scope; no narrower evidence distinguishes them, so none is applied",,,,,method,,True,True,False,ambiguous_withheld,candidates_preserved,False,withheld,candidates_preserved,present,n/a,applicability
10.3762_bjnano.5.25,F3c/20ms,10.3762_bjnano.5.25-E005,SimulationRun,exposure,,20,ms,20ms,series label '20ms' (axis 'exposure time'),series_label,direct,experimental_condition,series,series,True,True,True,bound,entity_only(no case: simulation),,not_a_recipe_field,present,present,present,
10.3762_bjnano.5.25,F3c/20ms,10.3762_bjnano.5.25-E005,SimulationRun,pulse_time,,50,ms,exposure to the precursor of 50 ms,document.md near Fig 3,body,direct,experimental_condition,figure,figure,True,True,True,bound,entity_only(no case: simulation),,not_a_recipe_field,present,present,present,
10.3762_bjnano.5.25,F3c/20ms,10.3762_bjnano.5.25-E005,SimulationRun,flow_rate,,250,sccm,250 sccm,methods section,methods,direct,experimental_condition,method,method,True,True,True,bound,entity_only(no case: simulation),,not_a_recipe_field,present,present,present,
10.3762_bjnano.5.25,F3c/20ms,10.3762_bjnano.5.25-E005,SimulationRun,purge_time,,0.2,s,purge and two sequential 0.2 s,methods section,methods,direct,experimental_condition,method,method,True,True,True,bound,entity_only(no case: simulation),,not_a_recipe_field,present,present,present,
10.3762_bjnano.5.25,F3c/20ms,10.3762_bjnano.5.25-E005,SimulationRun,deposition_temperature,,200 °C; 225 °C,,"2 distinct deposition_temperature values at method scope; no narrower evidence distinguishes them, so none is applied",,,,,method,,True,True,False,ambiguous_withheld,candidates_preserved,False,withheld,candidates_preserved,present,n/a,applicability
10.3762_bjnano.5.25,F3c/20ms,10.3762_bjnano.5.25-E005,SimulationRun,cycle_number,,200 cycle; 400 cycle,,"2 distinct cycle_number values at method scope; no narrower evidence distinguishes them, so none is applied",,,,,method,,True,True,False,ambiguous_withheld,candidates_preserved,False,withheld,candidates_preserved,present,n/a,applicability
10.3762_bjnano.5.25,F3c/20ms,10.3762_bjnano.5.25-E005,SimulationRun,flow_rate,Ar,400 sccm; 600 sccm,,"2 distinct flow_rate values at method scope; no narrower evidence distinguishes them, so none is applied",,,,,method,,True,True,False,ambiguous_withheld,candidates_preserved,False,withheld,candidates_preserved,present,n/a,applicability
10.3762_bjnano.5.25,F3c/50ms,10.3762_bjnano.5.25-E006,SimulationRun,exposure,,50,ms,50ms,series label '50ms' (axis 'exposure time'),series_label,direct,experimental_condition,series,series,True,True,True,bound,entity_only(no case: simulation),,not_a_recipe_field,present,present,present,
10.3762_bjnano.5.25,F3c/50ms,10.3762_bjnano.5.25-E006,SimulationRun,pulse_time,,50,ms,exposure to the precursor of 50 ms,document.md near Fig 3,body,direct,experimental_condition,figure,figure,True,True,True,bound,entity_only(no case: simulation),,not_a_recipe_field,present,present,present,
10.3762_bjnano.5.25,F3c/50ms,10.3762_bjnano.5.25-E006,SimulationRun,flow_rate,,250,sccm,250 sccm,methods section,methods,direct,experimental_condition,method,method,True,True,True,bound,entity_only(no case: simulation),,not_a_recipe_field,present,present,present,
10.3762_bjnano.5.25,F3c/50ms,10.3762_bjnano.5.25-E006,SimulationRun,purge_time,,0.2,s,purge and two sequential 0.2 s,methods section,methods,direct,experimental_condition,method,method,True,True,True,bound,entity_only(no case: simulation),,not_a_recipe_field,present,present,present,
10.3762_bjnano.5.25,F3c/50ms,10.3762_bjnano.5.25-E006,SimulationRun,deposition_temperature,,200 °C; 225 °C,,"2 distinct deposition_temperature values at method scope; no narrower evidence distinguishes them, so none is applied",,,,,method,,True,True,False,ambiguous_withheld,candidates_preserved,False,withheld,candidates_preserved,present,n/a,applicability
10.3762_bjnano.5.25,F3c/50ms,10.3762_bjnano.5.25-E006,SimulationRun,cycle_number,,200 cycle; 400 cycle,,"2 distinct cycle_number values at method scope; no narrower evidence distinguishes them, so none is applied",,,,,method,,True,True,False,ambiguous_withheld,candidates_preserved,False,withheld,candidates_preserved,present,n/a,applicability
10.3762_bjnano.5.25,F3c/50ms,10.3762_bjnano.5.25-E006,SimulationRun,flow_rate,Ar,400 sccm; 600 sccm,,"2 distinct flow_rate values at method scope; no narrower evidence distinguishes them, so none is applied",,,,,method,,True,True,False,ambiguous_withheld,candidates_preserved,False,withheld,candidates_preserved,present,n/a,applicability
10.3762_bjnano.5.25,F3c/75ms,10.3762_bjnano.5.25-E007,SimulationRun,exposure,,75,ms,75ms,series label '75ms' (axis 'exposure time'),series_label,direct,experimental_condition,series,series,True,True,True,bound,entity_only(no case: simulation),,not_a_recipe_field,present,present,present,
10.3762_bjnano.5.25,F3c/75ms,10.3762_bjnano.5.25-E007,SimulationRun,pulse_time,,50,ms,exposure to the precursor of 50 ms,document.md near Fig 3,body,direct,experimental_condition,figure,figure,True,True,True,bound,entity_only(no case: simulation),,not_a_recipe_field,present,present,present,
10.3762_bjnano.5.25,F3c/75ms,10.3762_bjnano.5.25-E007,SimulationRun,flow_rate,,250,sccm,250 sccm,methods section,methods,direct,experimental_condition,method,method,True,True,True,bound,entity_only(no case: simulation),,not_a_recipe_field,present,present,present,
10.3762_bjnano.5.25,F3c/75ms,10.3762_bjnano.5.25-E007,SimulationRun,purge_time,,0.2,s,purge and two sequential 0.2 s,methods section,methods,direct,experimental_condition,method,method,True,True,True,bound,entity_only(no case: simulation),,not_a_recipe_field,present,present,present,
10.3762_bjnano.5.25,F3c/75ms,10.3762_bjnano.5.25-E007,SimulationRun,deposition_temperature,,200 °C; 225 °C,,"2 distinct deposition_temperature values at method scope; no narrower evidence distinguishes them, so none is applied",,,,,method,,True,True,False,ambiguous_withheld,candidates_preserved,False,withheld,candidates_preserved,present,n/a,applicability
10.3762_bjnano.5.25,F3c/75ms,10.3762_bjnano.5.25-E007,SimulationRun,cycle_number,,200 cycle; 400 cycle,,"2 distinct cycle_number values at method scope; no narrower evidence distinguishes them, so none is applied",,,,,method,,True,True,False,ambiguous_withheld,candidates_preserved,False,withheld,candidates_preserved,present,n/a,applicability
10.3762_bjnano.5.25,F3c/75ms,10.3762_bjnano.5.25-E007,SimulationRun,flow_rate,Ar,400 sccm; 600 sccm,,"2 distinct flow_rate values at method scope; no narrower evidence distinguishes them, so none is applied",,,,,method,,True,True,False,ambiguous_withheld,candidates_preserved,False,withheld,candidates_preserved,present,n/a,applicability
10.3762_bjnano.5.25,F3c/100ms,10.3762_bjnano.5.25-E008,SimulationRun,exposure,,100,ms,100ms,series label '100ms' (axis 'exposure time'),series_label,direct,experimental_condition,series,series,True,True,True,bound,entity_only(no case: simulation),,not_a_recipe_field,present,present,present,
10.3762_bjnano.5.25,F3c/100ms,10.3762_bjnano.5.25-E008,SimulationRun,pulse_time,,50,ms,exposure to the precursor of 50 ms,document.md near Fig 3,body,direct,experimental_condition,figure,figure,True,True,True,bound,entity_only(no case: simulation),,not_a_recipe_field,present,present,present,
10.3762_bjnano.5.25,F3c/100ms,10.3762_bjnano.5.25-E008,SimulationRun,flow_rate,,250,sccm,250 sccm,methods section,methods,direct,experimental_condition,method,method,True,True,True,bound,entity_only(no case: simulation),,not_a_recipe_field,present,present,present,
10.3762_bjnano.5.25,F3c/100ms,10.3762_bjnano.5.25-E008,SimulationRun,purge_time,,0.2,s,purge and two sequential 0.2 s,methods section,methods,direct,experimental_condition,method,method,True,True,True,bound,entity_only(no case: simulation),,not_a_recipe_field,present,present,present,
10.3762_bjnano.5.25,F3c/100ms,10.3762_bjnano.5.25-E008,SimulationRun,deposition_temperature,,200 °C; 225 °C,,"2 distinct deposition_temperature values at method scope; no narrower evidence distinguishes them, so none is applied",,,,,method,,True,True,False,ambiguous_withheld,candidates_preserved,False,withheld,candidates_preserved,present,n/a,applicability
10.3762_bjnano.5.25,F3c/100ms,10.3762_bjnano.5.25-E008,SimulationRun,cycle_number,,200 cycle; 400 cycle,,"2 distinct cycle_number values at method scope; no narrower evidence distinguishes them, so none is applied",,,,,method,,True,True,False,ambiguous_withheld,candidates_preserved,False,withheld,candidates_preserved,present,n/a,applicability
10.3762_bjnano.5.25,F3c/100ms,10.3762_bjnano.5.25-E008,SimulationRun,flow_rate,Ar,400 sccm; 600 sccm,,"2 distinct flow_rate values at method scope; no narrower evidence distinguishes them, so none is applied",,,,,method,,True,True,False,ambiguous_withheld,candidates_preserved,False,withheld,candidates_preserved,present,n/a,applicability
10.3762_bjnano.5.25,F3d/x_p ∝ √(n_chamber),10.3762_bjnano.5.25-E009,SimulationRun,pulse_time,,50,ms,exposure to the precursor of 50 ms,document.md near Fig 3,body,direct,experimental_condition,figure,figure,True,True,True,bound,entity_only(no case: simulation),,not_a_recipe_field,present,present,present,
10.3762_bjnano.5.25,F3d/x_p ∝ √(n_chamber),10.3762_bjnano.5.25-E009,SimulationRun,flow_rate,,250,sccm,250 sccm,methods section,methods,direct,experimental_condition,method,method,True,True,True,bound,entity_only(no case: simulation),,not_a_recipe_field,present,present,present,
10.3762_bjnano.5.25,F3d/x_p ∝ √(n_chamber),10.3762_bjnano.5.25-E009,SimulationRun,purge_time,,0.2,s,purge and two sequential 0.2 s,methods section,methods,direct,experimental_condition,method,method,True,True,True,bound,entity_only(no case: simulation),,not_a_recipe_field,present,present,present,
10.3762_bjnano.5.25,F3d/x_p ∝ √(n_chamber),10.3762_bjnano.5.25-E009,SimulationRun,deposition_temperature,,200 °C; 225 °C,,"2 distinct deposition_temperature values at method scope; no narrower evidence distinguishes them, so none is applied",,,,,method,,True,True,False,ambiguous_withheld,candidates_preserved,False,withheld,candidates_preserved,present,n/a,applicability
10.3762_bjnano.5.25,F3d/x_p ∝ √(n_chamber),10.3762_bjnano.5.25-E009,SimulationRun,cycle_number,,200 cycle; 400 cycle,,"2 distinct cycle_number values at method scope; no narrower evidence distinguishes them, so none is applied",,,,,method,,True,True,False,ambiguous_withheld,candidates_preserved,False,withheld,candidates_preserved,present,n/a,applicability
10.3762_bjnano.5.25,F3d/x_p ∝ √(n_chamber),10.3762_bjnano.5.25-E009,SimulationRun,flow_rate,Ar,400 sccm; 600 sccm,,"2 distinct flow_rate values at method scope; no narrower evidence distinguishes them, so none is applied",,,,,method,,True,True,False,ambiguous_withheld,candidates_preserved,False,withheld,candidates_preserved,present,n/a,applicability
10.3762_bjnano.5.25,F3d/x_p ∝ √t,10.3762_bjnano.5.25-E010,SimulationRun,pulse_time,,50,ms,exposure to the precursor of 50 ms,document.md near Fig 3,body,direct,experimental_condition,figure,figure,True,True,True,bound,entity_only(no case: simulation),,not_a_recipe_field,present,present,present,
10.3762_bjnano.5.25,F3d/x_p ∝ √t,10.3762_bjnano.5.25-E010,SimulationRun,flow_rate,,250,sccm,250 sccm,methods section,methods,direct,experimental_condition,method,method,True,True,True,bound,entity_only(no case: simulation),,not_a_recipe_field,present,present,present,
10.3762_bjnano.5.25,F3d/x_p ∝ √t,10.3762_bjnano.5.25-E010,SimulationRun,purge_time,,0.2,s,purge and two sequential 0.2 s,methods section,methods,direct,experimental_condition,method,method,True,True,True,bound,entity_only(no case: simulation),,not_a_recipe_field,present,present,present,
10.3762_bjnano.5.25,F3d/x_p ∝ √t,10.3762_bjnano.5.25-E010,SimulationRun,deposition_temperature,,200 °C; 225 °C,,"2 distinct deposition_temperature values at method scope; no narrower evidence distinguishes them, so none is applied",,,,,method,,True,True,False,ambiguous_withheld,candidates_preserved,False,withheld,candidates_preserved,present,n/a,applicability
10.3762_bjnano.5.25,F3d/x_p ∝ √t,10.3762_bjnano.5.25-E010,SimulationRun,cycle_number,,200 cycle; 400 cycle,,"2 distinct cycle_number values at method scope; no narrower evidence distinguishes them, so none is applied",,,,,method,,True,True,False,ambiguous_withheld,candidates_preserved,False,withheld,candidates_preserved,present,n/a,applicability
10.3762_bjnano.5.25,F3d/x_p ∝ √t,10.3762_bjnano.5.25-E010,SimulationRun,flow_rate,Ar,400 sccm; 600 sccm,,"2 distinct flow_rate values at method scope; no narrower evidence distinguishes them, so none is applied",,,,,method,,True,True,False,ambiguous_withheld,candidates_preserved,False,withheld,candidates_preserved,present,n/a,applicability
10.3762_bjnano.5.25,F3d/x_p ∝ √(D_k),10.3762_bjnano.5.25-E011,SimulationRun,pulse_time,,50,ms,exposure to the precursor of 50 ms,document.md near Fig 3,body,direct,experimental_condition,figure,figure,True,True,True,bound,entity_only(no case: simulation),,not_a_recipe_field,present,present,present,
10.3762_bjnano.5.25,F3d/x_p ∝ √(D_k),10.3762_bjnano.5.25-E011,SimulationRun,flow_rate,,250,sccm,250 sccm,methods section,methods,direct,experimental_condition,method,method,True,True,True,bound,entity_only(no case: simulation),,not_a_recipe_field,present,present,present,
10.3762_bjnano.5.25,F3d/x_p ∝ √(D_k),10.3762_bjnano.5.25-E011,SimulationRun,purge_time,,0.2,s,purge and two sequential 0.2 s,methods section,methods,direct,experimental_condition,method,method,True,True,True,bound,entity_only(no case: simulation),,not_a_recipe_field,present,present,present,
10.3762_bjnano.5.25,F3d/x_p ∝ √(D_k),10.3762_bjnano.5.25-E011,SimulationRun,deposition_temperature,,200 °C; 225 °C,,"2 distinct deposition_temperature values at method scope; no narrower evidence distinguishes them, so none is applied",,,,,method,,True,True,False,ambiguous_withheld,candidates_preserved,False,withheld,candidates_preserved,present,n/a,applicability
10.3762_bjnano.5.25,F3d/x_p ∝ √(D_k),10.3762_bjnano.5.25-E011,SimulationRun,cycle_number,,200 cycle; 400 cycle,,"2 distinct cycle_number values at method scope; no narrower evidence distinguishes them, so none is applied",,,,,method,,True,True,False,ambiguous_withheld,candidates_preserved,False,withheld,candidates_preserved,present,n/a,applicability
10.3762_bjnano.5.25,F3d/x_p ∝ √(D_k),10.3762_bjnano.5.25-E011,SimulationRun,flow_rate,Ar,400 sccm; 600 sccm,,"2 distinct flow_rate values at method scope; no narrower evidence distinguishes them, so none is applied",,,,,method,,True,True,False,ambiguous_withheld,candidates_preserved,False,withheld,candidates_preserved,present,n/a,applicability
10.3762_bjnano.5.25,F3d/x_p ∝ f(r),10.3762_bjnano.5.25-E012,SimulationRun,pulse_time,,50,ms,exposure to the precursor of 50 ms,document.md near Fig 3,body,direct,experimental_condition,figure,figure,True,True,True,bound,entity_only(no case: simulation),,not_a_recipe_field,present,present,present,
10.3762_bjnano.5.25,F3d/x_p ∝ f(r),10.3762_bjnano.5.25-E012,SimulationRun,flow_rate,,250,sccm,250 sccm,methods section,methods,direct,experimental_condition,method,method,True,True,True,bound,entity_only(no case: simulation),,not_a_recipe_field,present,present,present,
10.3762_bjnano.5.25,F3d/x_p ∝ f(r),10.3762_bjnano.5.25-E012,SimulationRun,purge_time,,0.2,s,purge and two sequential 0.2 s,methods section,methods,direct,experimental_condition,method,method,True,True,True,bound,entity_only(no case: simulation),,not_a_recipe_field,present,present,present,
10.3762_bjnano.5.25,F3d/x_p ∝ f(r),10.3762_bjnano.5.25-E012,SimulationRun,deposition_temperature,,200 °C; 225 °C,,"2 distinct deposition_temperature values at method scope; no narrower evidence distinguishes them, so none is applied",,,,,method,,True,True,False,ambiguous_withheld,candidates_preserved,False,withheld,candidates_preserved,present,n/a,applicability
10.3762_bjnano.5.25,F3d/x_p ∝ f(r),10.3762_bjnano.5.25-E012,SimulationRun,cycle_number,,200 cycle; 400 cycle,,"2 distinct cycle_number values at method scope; no narrower evidence distinguishes them, so none is applied",,,,,method,,True,True,False,ambiguous_withheld,candidates_preserved,False,withheld,candidates_preserved,present,n/a,applicability
10.3762_bjnano.5.25,F3d/x_p ∝ f(r),10.3762_bjnano.5.25-E012,SimulationRun,flow_rate,Ar,400 sccm; 600 sccm,,"2 distinct flow_rate values at method scope; no narrower evidence distinguishes them, so none is applied",,,,,method,,True,True,False,ambiguous_withheld,candidates_preserved,False,withheld,candidates_preserved,present,n/a,applicability
10.3762_bjnano.5.25,F4a/<single>,10.3762_bjnano.5.25-E013,ModelSweep,flow_rate,,250,sccm,250 sccm,methods section,methods,direct,experimental_condition,method,method,True,True,True,bound,entity_only(no case: model_sweep),,not_a_recipe_field,present,present,present,
10.3762_bjnano.5.25,F4a/<single>,10.3762_bjnano.5.25-E013,ModelSweep,purge_time,,0.2,s,purge and two sequential 0.2 s,methods section,methods,direct,experimental_condition,method,method,True,True,True,bound,entity_only(no case: model_sweep),,not_a_recipe_field,present,present,present,
10.3762_bjnano.5.25,F4a/<single>,10.3762_bjnano.5.25-E013,ModelSweep,pulse_time,,40,s,pulse and 40 s,methods section,methods,direct,experimental_condition,method,method,True,True,True,bound,entity_only(no case: model_sweep),,not_a_recipe_field,present,present,present,
10.3762_bjnano.5.25,F4a/<single>,10.3762_bjnano.5.25-E013,ModelSweep,deposition_temperature,,200 °C; 225 °C,,"2 distinct deposition_temperature values at method scope; no narrower evidence distinguishes them, so none is applied",,,,,method,,True,True,False,ambiguous_withheld,candidates_preserved,False,withheld,candidates_preserved,present,n/a,applicability
10.3762_bjnano.5.25,F4a/<single>,10.3762_bjnano.5.25-E013,ModelSweep,cycle_number,,200 cycle; 400 cycle,,"2 distinct cycle_number values at method scope; no narrower evidence distinguishes them, so none is applied",,,,,method,,True,True,False,ambiguous_withheld,candidates_preserved,False,withheld,candidates_preserved,present,n/a,applicability
10.3762_bjnano.5.25,F4a/<single>,10.3762_bjnano.5.25-E013,ModelSweep,flow_rate,Ar,400 sccm; 600 sccm,,"2 distinct flow_rate values at method scope; no narrower evidence distinguishes them, so none is applied",,,,,method,,True,True,False,ambiguous_withheld,candidates_preserved,False,withheld,candidates_preserved,present,n/a,applicability
10.3762_bjnano.5.25,F5a/10 cycles,10.3762_bjnano.5.25-E014,SimulationRun,cycle_number,,10,cycles,10 cycles,series label '10 cycles' (axis 'cycle_number'),series_label,direct,experimental_condition,series,series,True,True,True,bound,entity_only(no case: simulation),,not_a_recipe_field,present,present,present,
10.3762_bjnano.5.25,F5a/10 cycles,10.3762_bjnano.5.25-E014,SimulationRun,pulse_time,,50,ms,exposure time (50 ms,"figure 5 caption, panel (a)",caption,direct,experimental_condition,panel,panel,True,True,True,bound,entity_only(no case: simulation),,not_a_recipe_field,present,present,present,
10.3762_bjnano.5.25,F5a/10 cycles,10.3762_bjnano.5.25-E014,SimulationRun,flow_rate,,250,sccm,250 sccm,methods section,methods,direct,experimental_condition,method,method,True,True,True,bound,entity_only(no case: simulation),,not_a_recipe_field,present,present,present,
10.3762_bjnano.5.25,F5a/10 cycles,10.3762_bjnano.5.25-E014,SimulationRun,purge_time,,0.2,s,purge and two sequential 0.2 s,methods section,methods,direct,experimental_condition,method,method,True,True,True,bound,entity_only(no case: simulation),,not_a_recipe_field,present,present,present,
10.3762_bjnano.5.25,F5a/10 cycles,10.3762_bjnano.5.25-E014,SimulationRun,deposition_temperature,,200 °C; 225 °C,,"2 distinct deposition_temperature values at method scope; no narrower evidence distinguishes them, so none is applied",,,,,method,,True,True,False,ambiguous_withheld,candidates_preserved,False,withheld,candidates_preserved,present,n/a,applicability
10.3762_bjnano.5.25,F5a/10 cycles,10.3762_bjnano.5.25-E014,SimulationRun,flow_rate,Ar,400 sccm; 600 sccm,,"2 distinct flow_rate values at method scope; no narrower evidence distinguishes them, so none is applied",,,,,method,,True,True,False,ambiguous_withheld,candidates_preserved,False,withheld,candidates_preserved,present,n/a,applicability
10.3762_bjnano.5.25,F5a/20 cycles,10.3762_bjnano.5.25-E015,SimulationRun,cycle_number,,20,cycles,20 cycles,series label '20 cycles' (axis 'cycle_number'),series_label,direct,experimental_condition,series,series,True,True,True,bound,entity_only(no case: simulation),,not_a_recipe_field,present,present,present,
10.3762_bjnano.5.25,F5a/20 cycles,10.3762_bjnano.5.25-E015,SimulationRun,pulse_time,,50,ms,exposure time (50 ms,"figure 5 caption, panel (a)",caption,direct,experimental_condition,panel,panel,True,True,True,bound,entity_only(no case: simulation),,not_a_recipe_field,present,present,present,
10.3762_bjnano.5.25,F5a/20 cycles,10.3762_bjnano.5.25-E015,SimulationRun,flow_rate,,250,sccm,250 sccm,methods section,methods,direct,experimental_condition,method,method,True,True,True,bound,entity_only(no case: simulation),,not_a_recipe_field,present,present,present,
10.3762_bjnano.5.25,F5a/20 cycles,10.3762_bjnano.5.25-E015,SimulationRun,purge_time,,0.2,s,purge and two sequential 0.2 s,methods section,methods,direct,experimental_condition,method,method,True,True,True,bound,entity_only(no case: simulation),,not_a_recipe_field,present,present,present,
10.3762_bjnano.5.25,F5a/20 cycles,10.3762_bjnano.5.25-E015,SimulationRun,deposition_temperature,,200 °C; 225 °C,,"2 distinct deposition_temperature values at method scope; no narrower evidence distinguishes them, so none is applied",,,,,method,,True,True,False,ambiguous_withheld,candidates_preserved,False,withheld,candidates_preserved,present,n/a,applicability
10.3762_bjnano.5.25,F5a/20 cycles,10.3762_bjnano.5.25-E015,SimulationRun,flow_rate,Ar,400 sccm; 600 sccm,,"2 distinct flow_rate values at method scope; no narrower evidence distinguishes them, so none is applied",,,,,method,,True,True,False,ambiguous_withheld,candidates_preserved,False,withheld,candidates_preserved,present,n/a,applicability
10.3762_bjnano.5.25,F5a/30 cycles,10.3762_bjnano.5.25-E016,SimulationRun,cycle_number,,30,cycles,30 cycles,series label '30 cycles' (axis 'cycle_number'),series_label,direct,experimental_condition,series,series,True,True,True,bound,entity_only(no case: simulation),,not_a_recipe_field,present,present,present,
10.3762_bjnano.5.25,F5a/30 cycles,10.3762_bjnano.5.25-E016,SimulationRun,pulse_time,,50,ms,exposure time (50 ms,"figure 5 caption, panel (a)",caption,direct,experimental_condition,panel,panel,True,True,True,bound,entity_only(no case: simulation),,not_a_recipe_field,present,present,present,
10.3762_bjnano.5.25,F5a/30 cycles,10.3762_bjnano.5.25-E016,SimulationRun,flow_rate,,250,sccm,250 sccm,methods section,methods,direct,experimental_condition,method,method,True,True,True,bound,entity_only(no case: simulation),,not_a_recipe_field,present,present,present,
10.3762_bjnano.5.25,F5a/30 cycles,10.3762_bjnano.5.25-E016,SimulationRun,purge_time,,0.2,s,purge and two sequential 0.2 s,methods section,methods,direct,experimental_condition,method,method,True,True,True,bound,entity_only(no case: simulation),,not_a_recipe_field,present,present,present,
10.3762_bjnano.5.25,F5a/30 cycles,10.3762_bjnano.5.25-E016,SimulationRun,deposition_temperature,,200 °C; 225 °C,,"2 distinct deposition_temperature values at method scope; no narrower evidence distinguishes them, so none is applied",,,,,method,,True,True,False,ambiguous_withheld,candidates_preserved,False,withheld,candidates_preserved,present,n/a,applicability
10.3762_bjnano.5.25,F5a/30 cycles,10.3762_bjnano.5.25-E016,SimulationRun,flow_rate,Ar,400 sccm; 600 sccm,,"2 distinct flow_rate values at method scope; no narrower evidence distinguishes them, so none is applied",,,,,method,,True,True,False,ambiguous_withheld,candidates_preserved,False,withheld,candidates_preserved,present,n/a,applicability
10.3762_bjnano.5.25,F5a/40 cycles,10.3762_bjnano.5.25-E017,SimulationRun,cycle_number,,40,cycles,40 cycles,series label '40 cycles' (axis 'cycle_number'),series_label,direct,experimental_condition,series,series,True,True,True,bound,entity_only(no case: simulation),,not_a_recipe_field,present,present,present,
10.3762_bjnano.5.25,F5a/40 cycles,10.3762_bjnano.5.25-E017,SimulationRun,pulse_time,,50,ms,exposure time (50 ms,"figure 5 caption, panel (a)",caption,direct,experimental_condition,panel,panel,True,True,True,bound,entity_only(no case: simulation),,not_a_recipe_field,present,present,present,
10.3762_bjnano.5.25,F5a/40 cycles,10.3762_bjnano.5.25-E017,SimulationRun,flow_rate,,250,sccm,250 sccm,methods section,methods,direct,experimental_condition,method,method,True,True,True,bound,entity_only(no case: simulation),,not_a_recipe_field,present,present,present,
10.3762_bjnano.5.25,F5a/40 cycles,10.3762_bjnano.5.25-E017,SimulationRun,purge_time,,0.2,s,purge and two sequential 0.2 s,methods section,methods,direct,experimental_condition,method,method,True,True,True,bound,entity_only(no case: simulation),,not_a_recipe_field,present,present,present,
10.3762_bjnano.5.25,F5a/40 cycles,10.3762_bjnano.5.25-E017,SimulationRun,deposition_temperature,,200 °C; 225 °C,,"2 distinct deposition_temperature values at method scope; no narrower evidence distinguishes them, so none is applied",,,,,method,,True,True,False,ambiguous_withheld,candidates_preserved,False,withheld,candidates_preserved,present,n/a,applicability
10.3762_bjnano.5.25,F5a/40 cycles,10.3762_bjnano.5.25-E017,SimulationRun,flow_rate,Ar,400 sccm; 600 sccm,,"2 distinct flow_rate values at method scope; no narrower evidence distinguishes them, so none is applied",,,,,method,,True,True,False,ambiguous_withheld,candidates_preserved,False,withheld,candidates_preserved,present,n/a,applicability
10.3762_bjnano.5.25,F5a/50 cycles,10.3762_bjnano.5.25-E018,SimulationRun,cycle_number,,50,cycles,50 cycles,series label '50 cycles' (axis 'cycle_number'),series_label,direct,experimental_condition,series,series,True,True,True,bound,entity_only(no case: simulation),,not_a_recipe_field,present,present,present,
10.3762_bjnano.5.25,F5a/50 cycles,10.3762_bjnano.5.25-E018,SimulationRun,pulse_time,,50,ms,exposure time (50 ms,"figure 5 caption, panel (a)",caption,direct,experimental_condition,panel,panel,True,True,True,bound,entity_only(no case: simulation),,not_a_recipe_field,present,present,present,
10.3762_bjnano.5.25,F5a/50 cycles,10.3762_bjnano.5.25-E018,SimulationRun,flow_rate,,250,sccm,250 sccm,methods section,methods,direct,experimental_condition,method,method,True,True,True,bound,entity_only(no case: simulation),,not_a_recipe_field,present,present,present,
10.3762_bjnano.5.25,F5a/50 cycles,10.3762_bjnano.5.25-E018,SimulationRun,purge_time,,0.2,s,purge and two sequential 0.2 s,methods section,methods,direct,experimental_condition,method,method,True,True,True,bound,entity_only(no case: simulation),,not_a_recipe_field,present,present,present,
10.3762_bjnano.5.25,F5a/50 cycles,10.3762_bjnano.5.25-E018,SimulationRun,deposition_temperature,,200 °C; 225 °C,,"2 distinct deposition_temperature values at method scope; no narrower evidence distinguishes them, so none is applied",,,,,method,,True,True,False,ambiguous_withheld,candidates_preserved,False,withheld,candidates_preserved,present,n/a,applicability
10.3762_bjnano.5.25,F5a/50 cycles,10.3762_bjnano.5.25-E018,SimulationRun,flow_rate,Ar,400 sccm; 600 sccm,,"2 distinct flow_rate values at method scope; no narrower evidence distinguishes them, so none is applied",,,,,method,,True,True,False,ambiguous_withheld,candidates_preserved,False,withheld,candidates_preserved,present,n/a,applicability
10.3762_bjnano.5.25,F5a/60 cycles,10.3762_bjnano.5.25-E019,SimulationRun,cycle_number,,60,cycles,60 cycles,series label '60 cycles' (axis 'cycle_number'),series_label,direct,experimental_condition,series,series,True,True,True,bound,entity_only(no case: simulation),,not_a_recipe_field,present,present,present,
10.3762_bjnano.5.25,F5a/60 cycles,10.3762_bjnano.5.25-E019,SimulationRun,pulse_time,,50,ms,exposure time (50 ms,"figure 5 caption, panel (a)",caption,direct,experimental_condition,panel,panel,True,True,True,bound,entity_only(no case: simulation),,not_a_recipe_field,present,present,present,
10.3762_bjnano.5.25,F5a/60 cycles,10.3762_bjnano.5.25-E019,SimulationRun,flow_rate,,250,sccm,250 sccm,methods section,methods,direct,experimental_condition,method,method,True,True,True,bound,entity_only(no case: simulation),,not_a_recipe_field,present,present,present,
10.3762_bjnano.5.25,F5a/60 cycles,10.3762_bjnano.5.25-E019,SimulationRun,purge_time,,0.2,s,purge and two sequential 0.2 s,methods section,methods,direct,experimental_condition,method,method,True,True,True,bound,entity_only(no case: simulation),,not_a_recipe_field,present,present,present,
10.3762_bjnano.5.25,F5a/60 cycles,10.3762_bjnano.5.25-E019,SimulationRun,deposition_temperature,,200 °C; 225 °C,,"2 distinct deposition_temperature values at method scope; no narrower evidence distinguishes them, so none is applied",,,,,method,,True,True,False,ambiguous_withheld,candidates_preserved,False,withheld,candidates_preserved,present,n/a,applicability
10.3762_bjnano.5.25,F5a/60 cycles,10.3762_bjnano.5.25-E019,SimulationRun,flow_rate,Ar,400 sccm; 600 sccm,,"2 distinct flow_rate values at method scope; no narrower evidence distinguishes them, so none is applied",,,,,method,,True,True,False,ambiguous_withheld,candidates_preserved,False,withheld,candidates_preserved,present,n/a,applicability
10.3762_bjnano.5.25,F5a/70 cycles,10.3762_bjnano.5.25-E020,SimulationRun,cycle_number,,70,cycles,70 cycles,series label '70 cycles' (axis 'cycle_number'),series_label,direct,experimental_condition,series,series,True,True,True,bound,entity_only(no case: simulation),,not_a_recipe_field,present,present,present,
10.3762_bjnano.5.25,F5a/70 cycles,10.3762_bjnano.5.25-E020,SimulationRun,pulse_time,,50,ms,exposure time (50 ms,"figure 5 caption, panel (a)",caption,direct,experimental_condition,panel,panel,True,True,True,bound,entity_only(no case: simulation),,not_a_recipe_field,present,present,present,
10.3762_bjnano.5.25,F5a/70 cycles,10.3762_bjnano.5.25-E020,SimulationRun,flow_rate,,250,sccm,250 sccm,methods section,methods,direct,experimental_condition,method,method,True,True,True,bound,entity_only(no case: simulation),,not_a_recipe_field,present,present,present,
10.3762_bjnano.5.25,F5a/70 cycles,10.3762_bjnano.5.25-E020,SimulationRun,purge_time,,0.2,s,purge and two sequential 0.2 s,methods section,methods,direct,experimental_condition,method,method,True,True,True,bound,entity_only(no case: simulation),,not_a_recipe_field,present,present,present,
10.3762_bjnano.5.25,F5a/70 cycles,10.3762_bjnano.5.25-E020,SimulationRun,deposition_temperature,,200 °C; 225 °C,,"2 distinct deposition_temperature values at method scope; no narrower evidence distinguishes them, so none is applied",,,,,method,,True,True,False,ambiguous_withheld,candidates_preserved,False,withheld,candidates_preserved,present,n/a,applicability
10.3762_bjnano.5.25,F5a/70 cycles,10.3762_bjnano.5.25-E020,SimulationRun,flow_rate,Ar,400 sccm; 600 sccm,,"2 distinct flow_rate values at method scope; no narrower evidence distinguishes them, so none is applied",,,,,method,,True,True,False,ambiguous_withheld,candidates_preserved,False,withheld,candidates_preserved,present,n/a,applicability
10.3762_bjnano.5.25,F5a/80 cycles,10.3762_bjnano.5.25-E021,SimulationRun,cycle_number,,80,cycles,80 cycles,series label '80 cycles' (axis 'cycle_number'),series_label,direct,experimental_condition,series,series,True,True,True,bound,entity_only(no case: simulation),,not_a_recipe_field,present,present,present,
10.3762_bjnano.5.25,F5a/80 cycles,10.3762_bjnano.5.25-E021,SimulationRun,pulse_time,,50,ms,exposure time (50 ms,"figure 5 caption, panel (a)",caption,direct,experimental_condition,panel,panel,True,True,True,bound,entity_only(no case: simulation),,not_a_recipe_field,present,present,present,
10.3762_bjnano.5.25,F5a/80 cycles,10.3762_bjnano.5.25-E021,SimulationRun,flow_rate,,250,sccm,250 sccm,methods section,methods,direct,experimental_condition,method,method,True,True,True,bound,entity_only(no case: simulation),,not_a_recipe_field,present,present,present,
10.3762_bjnano.5.25,F5a/80 cycles,10.3762_bjnano.5.25-E021,SimulationRun,purge_time,,0.2,s,purge and two sequential 0.2 s,methods section,methods,direct,experimental_condition,method,method,True,True,True,bound,entity_only(no case: simulation),,not_a_recipe_field,present,present,present,
10.3762_bjnano.5.25,F5a/80 cycles,10.3762_bjnano.5.25-E021,SimulationRun,deposition_temperature,,200 °C; 225 °C,,"2 distinct deposition_temperature values at method scope; no narrower evidence distinguishes them, so none is applied",,,,,method,,True,True,False,ambiguous_withheld,candidates_preserved,False,withheld,candidates_preserved,present,n/a,applicability
10.3762_bjnano.5.25,F5a/80 cycles,10.3762_bjnano.5.25-E021,SimulationRun,flow_rate,Ar,400 sccm; 600 sccm,,"2 distinct flow_rate values at method scope; no narrower evidence distinguishes them, so none is applied",,,,,method,,True,True,False,ambiguous_withheld,candidates_preserved,False,withheld,candidates_preserved,present,n/a,applicability
10.3762_bjnano.5.25,F5a/90 cycles,10.3762_bjnano.5.25-E022,SimulationRun,cycle_number,,90,cycles,90 cycles,series label '90 cycles' (axis 'cycle_number'),series_label,direct,experimental_condition,series,series,True,True,True,bound,entity_only(no case: simulation),,not_a_recipe_field,present,present,present,
10.3762_bjnano.5.25,F5a/90 cycles,10.3762_bjnano.5.25-E022,SimulationRun,pulse_time,,50,ms,exposure time (50 ms,"figure 5 caption, panel (a)",caption,direct,experimental_condition,panel,panel,True,True,True,bound,entity_only(no case: simulation),,not_a_recipe_field,present,present,present,
10.3762_bjnano.5.25,F5a/90 cycles,10.3762_bjnano.5.25-E022,SimulationRun,flow_rate,,250,sccm,250 sccm,methods section,methods,direct,experimental_condition,method,method,True,True,True,bound,entity_only(no case: simulation),,not_a_recipe_field,present,present,present,
10.3762_bjnano.5.25,F5a/90 cycles,10.3762_bjnano.5.25-E022,SimulationRun,purge_time,,0.2,s,purge and two sequential 0.2 s,methods section,methods,direct,experimental_condition,method,method,True,True,True,bound,entity_only(no case: simulation),,not_a_recipe_field,present,present,present,
10.3762_bjnano.5.25,F5a/90 cycles,10.3762_bjnano.5.25-E022,SimulationRun,deposition_temperature,,200 °C; 225 °C,,"2 distinct deposition_temperature values at method scope; no narrower evidence distinguishes them, so none is applied",,,,,method,,True,True,False,ambiguous_withheld,candidates_preserved,False,withheld,candidates_preserved,present,n/a,applicability
10.3762_bjnano.5.25,F5a/90 cycles,10.3762_bjnano.5.25-E022,SimulationRun,flow_rate,Ar,400 sccm; 600 sccm,,"2 distinct flow_rate values at method scope; no narrower evidence distinguishes them, so none is applied",,,,,method,,True,True,False,ambiguous_withheld,candidates_preserved,False,withheld,candidates_preserved,present,n/a,applicability
10.3762_bjnano.5.25,F5a/100 cycles,10.3762_bjnano.5.25-E023,SimulationRun,cycle_number,,100,cycles,100 cycles,series label '100 cycles' (axis 'cycle_number'),series_label,direct,experimental_condition,series,series,True,True,True,bound,entity_only(no case: simulation),,not_a_recipe_field,present,present,present,
10.3762_bjnano.5.25,F5a/100 cycles,10.3762_bjnano.5.25-E023,SimulationRun,pulse_time,,50,ms,exposure time (50 ms,"figure 5 caption, panel (a)",caption,direct,experimental_condition,panel,panel,True,True,True,bound,entity_only(no case: simulation),,not_a_recipe_field,present,present,present,
10.3762_bjnano.5.25,F5a/100 cycles,10.3762_bjnano.5.25-E023,SimulationRun,flow_rate,,250,sccm,250 sccm,methods section,methods,direct,experimental_condition,method,method,True,True,True,bound,entity_only(no case: simulation),,not_a_recipe_field,present,present,present,
10.3762_bjnano.5.25,F5a/100 cycles,10.3762_bjnano.5.25-E023,SimulationRun,purge_time,,0.2,s,purge and two sequential 0.2 s,methods section,methods,direct,experimental_condition,method,method,True,True,True,bound,entity_only(no case: simulation),,not_a_recipe_field,present,present,present,
10.3762_bjnano.5.25,F5a/100 cycles,10.3762_bjnano.5.25-E023,SimulationRun,deposition_temperature,,200 °C; 225 °C,,"2 distinct deposition_temperature values at method scope; no narrower evidence distinguishes them, so none is applied",,,,,method,,True,True,False,ambiguous_withheld,candidates_preserved,False,withheld,candidates_preserved,present,n/a,applicability
10.3762_bjnano.5.25,F5a/100 cycles,10.3762_bjnano.5.25-E023,SimulationRun,flow_rate,Ar,400 sccm; 600 sccm,,"2 distinct flow_rate values at method scope; no narrower evidence distinguishes them, so none is applied",,,,,method,,True,True,False,ambiguous_withheld,candidates_preserved,False,withheld,candidates_preserved,present,n/a,applicability
10.3762_bjnano.5.25,F5b/10 cycles,10.3762_bjnano.5.25-E024,SimulationRun,cycle_number,,10,cycles,10 cycles,series label '10 cycles' (axis 'cycle_number'),series_label,direct,experimental_condition,series,series,True,True,True,bound,entity_only(no case: simulation),,not_a_recipe_field,present,present,present,
10.3762_bjnano.5.25,F5b/10 cycles,10.3762_bjnano.5.25-E024,SimulationRun,pulse_time,,50,ms,exposure time (50 ms,document.md near Fig 5,body,direct,experimental_condition,figure,figure,True,True,True,bound,entity_only(no case: simulation),,not_a_recipe_field,present,present,present,
10.3762_bjnano.5.25,F5b/10 cycles,10.3762_bjnano.5.25-E024,SimulationRun,flow_rate,,250,sccm,250 sccm,methods section,methods,direct,experimental_condition,method,method,True,True,True,bound,entity_only(no case: simulation),,not_a_recipe_field,present,present,present,
10.3762_bjnano.5.25,F5b/10 cycles,10.3762_bjnano.5.25-E024,SimulationRun,purge_time,,0.2,s,purge and two sequential 0.2 s,methods section,methods,direct,experimental_condition,method,method,True,True,True,bound,entity_only(no case: simulation),,not_a_recipe_field,present,present,present,
10.3762_bjnano.5.25,F5b/10 cycles,10.3762_bjnano.5.25-E024,SimulationRun,deposition_temperature,,200 °C; 225 °C,,"2 distinct deposition_temperature values at method scope; no narrower evidence distinguishes them, so none is applied",,,,,method,,True,True,False,ambiguous_withheld,candidates_preserved,False,withheld,candidates_preserved,present,n/a,applicability
10.3762_bjnano.5.25,F5b/10 cycles,10.3762_bjnano.5.25-E024,SimulationRun,flow_rate,Ar,400 sccm; 600 sccm,,"2 distinct flow_rate values at method scope; no narrower evidence distinguishes them, so none is applied",,,,,method,,True,True,False,ambiguous_withheld,candidates_preserved,False,withheld,candidates_preserved,present,n/a,applicability
10.3762_bjnano.5.25,F5b/20 cycles,10.3762_bjnano.5.25-E025,SimulationRun,cycle_number,,20,cycles,20 cycles,series label '20 cycles' (axis 'cycle_number'),series_label,direct,experimental_condition,series,series,True,True,True,bound,entity_only(no case: simulation),,not_a_recipe_field,present,present,present,
10.3762_bjnano.5.25,F5b/20 cycles,10.3762_bjnano.5.25-E025,SimulationRun,pulse_time,,50,ms,exposure time (50 ms,document.md near Fig 5,body,direct,experimental_condition,figure,figure,True,True,True,bound,entity_only(no case: simulation),,not_a_recipe_field,present,present,present,
10.3762_bjnano.5.25,F5b/20 cycles,10.3762_bjnano.5.25-E025,SimulationRun,flow_rate,,250,sccm,250 sccm,methods section,methods,direct,experimental_condition,method,method,True,True,True,bound,entity_only(no case: simulation),,not_a_recipe_field,present,present,present,
10.3762_bjnano.5.25,F5b/20 cycles,10.3762_bjnano.5.25-E025,SimulationRun,purge_time,,0.2,s,purge and two sequential 0.2 s,methods section,methods,direct,experimental_condition,method,method,True,True,True,bound,entity_only(no case: simulation),,not_a_recipe_field,present,present,present,
10.3762_bjnano.5.25,F5b/20 cycles,10.3762_bjnano.5.25-E025,SimulationRun,deposition_temperature,,200 °C; 225 °C,,"2 distinct deposition_temperature values at method scope; no narrower evidence distinguishes them, so none is applied",,,,,method,,True,True,False,ambiguous_withheld,candidates_preserved,False,withheld,candidates_preserved,present,n/a,applicability
10.3762_bjnano.5.25,F5b/20 cycles,10.3762_bjnano.5.25-E025,SimulationRun,flow_rate,Ar,400 sccm; 600 sccm,,"2 distinct flow_rate values at method scope; no narrower evidence distinguishes them, so none is applied",,,,,method,,True,True,False,ambiguous_withheld,candidates_preserved,False,withheld,candidates_preserved,present,n/a,applicability
10.3762_bjnano.5.25,F5b/30 cycles,10.3762_bjnano.5.25-E026,SimulationRun,cycle_number,,30,cycles,30 cycles,series label '30 cycles' (axis 'cycle_number'),series_label,direct,experimental_condition,series,series,True,True,True,bound,entity_only(no case: simulation),,not_a_recipe_field,present,present,present,
10.3762_bjnano.5.25,F5b/30 cycles,10.3762_bjnano.5.25-E026,SimulationRun,pulse_time,,50,ms,exposure time (50 ms,document.md near Fig 5,body,direct,experimental_condition,figure,figure,True,True,True,bound,entity_only(no case: simulation),,not_a_recipe_field,present,present,present,
10.3762_bjnano.5.25,F5b/30 cycles,10.3762_bjnano.5.25-E026,SimulationRun,flow_rate,,250,sccm,250 sccm,methods section,methods,direct,experimental_condition,method,method,True,True,True,bound,entity_only(no case: simulation),,not_a_recipe_field,present,present,present,
10.3762_bjnano.5.25,F5b/30 cycles,10.3762_bjnano.5.25-E026,SimulationRun,purge_time,,0.2,s,purge and two sequential 0.2 s,methods section,methods,direct,experimental_condition,method,method,True,True,True,bound,entity_only(no case: simulation),,not_a_recipe_field,present,present,present,
10.3762_bjnano.5.25,F5b/30 cycles,10.3762_bjnano.5.25-E026,SimulationRun,deposition_temperature,,200 °C; 225 °C,,"2 distinct deposition_temperature values at method scope; no narrower evidence distinguishes them, so none is applied",,,,,method,,True,True,False,ambiguous_withheld,candidates_preserved,False,withheld,candidates_preserved,present,n/a,applicability
10.3762_bjnano.5.25,F5b/30 cycles,10.3762_bjnano.5.25-E026,SimulationRun,flow_rate,Ar,400 sccm; 600 sccm,,"2 distinct flow_rate values at method scope; no narrower evidence distinguishes them, so none is applied",,,,,method,,True,True,False,ambiguous_withheld,candidates_preserved,False,withheld,candidates_preserved,present,n/a,applicability
10.3762_bjnano.5.25,F5b/40 cycles,10.3762_bjnano.5.25-E027,SimulationRun,cycle_number,,40,cycles,40 cycles,series label '40 cycles' (axis 'cycle_number'),series_label,direct,experimental_condition,series,series,True,True,True,bound,entity_only(no case: simulation),,not_a_recipe_field,present,present,present,
10.3762_bjnano.5.25,F5b/40 cycles,10.3762_bjnano.5.25-E027,SimulationRun,pulse_time,,50,ms,exposure time (50 ms,document.md near Fig 5,body,direct,experimental_condition,figure,figure,True,True,True,bound,entity_only(no case: simulation),,not_a_recipe_field,present,present,present,
10.3762_bjnano.5.25,F5b/40 cycles,10.3762_bjnano.5.25-E027,SimulationRun,flow_rate,,250,sccm,250 sccm,methods section,methods,direct,experimental_condition,method,method,True,True,True,bound,entity_only(no case: simulation),,not_a_recipe_field,present,present,present,
10.3762_bjnano.5.25,F5b/40 cycles,10.3762_bjnano.5.25-E027,SimulationRun,purge_time,,0.2,s,purge and two sequential 0.2 s,methods section,methods,direct,experimental_condition,method,method,True,True,True,bound,entity_only(no case: simulation),,not_a_recipe_field,present,present,present,
10.3762_bjnano.5.25,F5b/40 cycles,10.3762_bjnano.5.25-E027,SimulationRun,deposition_temperature,,200 °C; 225 °C,,"2 distinct deposition_temperature values at method scope; no narrower evidence distinguishes them, so none is applied",,,,,method,,True,True,False,ambiguous_withheld,candidates_preserved,False,withheld,candidates_preserved,present,n/a,applicability
10.3762_bjnano.5.25,F5b/40 cycles,10.3762_bjnano.5.25-E027,SimulationRun,flow_rate,Ar,400 sccm; 600 sccm,,"2 distinct flow_rate values at method scope; no narrower evidence distinguishes them, so none is applied",,,,,method,,True,True,False,ambiguous_withheld,candidates_preserved,False,withheld,candidates_preserved,present,n/a,applicability
10.3762_bjnano.5.25,F5b/50 cycles,10.3762_bjnano.5.25-E028,SimulationRun,cycle_number,,50,cycles,50 cycles,series label '50 cycles' (axis 'cycle_number'),series_label,direct,experimental_condition,series,series,True,True,True,bound,entity_only(no case: simulation),,not_a_recipe_field,present,present,present,
10.3762_bjnano.5.25,F5b/50 cycles,10.3762_bjnano.5.25-E028,SimulationRun,pulse_time,,50,ms,exposure time (50 ms,document.md near Fig 5,body,direct,experimental_condition,figure,figure,True,True,True,bound,entity_only(no case: simulation),,not_a_recipe_field,present,present,present,
10.3762_bjnano.5.25,F5b/50 cycles,10.3762_bjnano.5.25-E028,SimulationRun,flow_rate,,250,sccm,250 sccm,methods section,methods,direct,experimental_condition,method,method,True,True,True,bound,entity_only(no case: simulation),,not_a_recipe_field,present,present,present,
10.3762_bjnano.5.25,F5b/50 cycles,10.3762_bjnano.5.25-E028,SimulationRun,purge_time,,0.2,s,purge and two sequential 0.2 s,methods section,methods,direct,experimental_condition,method,method,True,True,True,bound,entity_only(no case: simulation),,not_a_recipe_field,present,present,present,
10.3762_bjnano.5.25,F5b/50 cycles,10.3762_bjnano.5.25-E028,SimulationRun,deposition_temperature,,200 °C; 225 °C,,"2 distinct deposition_temperature values at method scope; no narrower evidence distinguishes them, so none is applied",,,,,method,,True,True,False,ambiguous_withheld,candidates_preserved,False,withheld,candidates_preserved,present,n/a,applicability
10.3762_bjnano.5.25,F5b/50 cycles,10.3762_bjnano.5.25-E028,SimulationRun,flow_rate,Ar,400 sccm; 600 sccm,,"2 distinct flow_rate values at method scope; no narrower evidence distinguishes them, so none is applied",,,,,method,,True,True,False,ambiguous_withheld,candidates_preserved,False,withheld,candidates_preserved,present,n/a,applicability
10.3762_bjnano.5.25,F5b/60 cycles,10.3762_bjnano.5.25-E029,SimulationRun,cycle_number,,60,cycles,60 cycles,series label '60 cycles' (axis 'cycle_number'),series_label,direct,experimental_condition,series,series,True,True,True,bound,entity_only(no case: simulation),,not_a_recipe_field,present,present,present,
10.3762_bjnano.5.25,F5b/60 cycles,10.3762_bjnano.5.25-E029,SimulationRun,pulse_time,,50,ms,exposure time (50 ms,document.md near Fig 5,body,direct,experimental_condition,figure,figure,True,True,True,bound,entity_only(no case: simulation),,not_a_recipe_field,present,present,present,
10.3762_bjnano.5.25,F5b/60 cycles,10.3762_bjnano.5.25-E029,SimulationRun,flow_rate,,250,sccm,250 sccm,methods section,methods,direct,experimental_condition,method,method,True,True,True,bound,entity_only(no case: simulation),,not_a_recipe_field,present,present,present,
10.3762_bjnano.5.25,F5b/60 cycles,10.3762_bjnano.5.25-E029,SimulationRun,purge_time,,0.2,s,purge and two sequential 0.2 s,methods section,methods,direct,experimental_condition,method,method,True,True,True,bound,entity_only(no case: simulation),,not_a_recipe_field,present,present,present,
10.3762_bjnano.5.25,F5b/60 cycles,10.3762_bjnano.5.25-E029,SimulationRun,deposition_temperature,,200 °C; 225 °C,,"2 distinct deposition_temperature values at method scope; no narrower evidence distinguishes them, so none is applied",,,,,method,,True,True,False,ambiguous_withheld,candidates_preserved,False,withheld,candidates_preserved,present,n/a,applicability
10.3762_bjnano.5.25,F5b/60 cycles,10.3762_bjnano.5.25-E029,SimulationRun,flow_rate,Ar,400 sccm; 600 sccm,,"2 distinct flow_rate values at method scope; no narrower evidence distinguishes them, so none is applied",,,,,method,,True,True,False,ambiguous_withheld,candidates_preserved,False,withheld,candidates_preserved,present,n/a,applicability
10.3762_bjnano.5.25,F5b/70 cycles,10.3762_bjnano.5.25-E030,SimulationRun,cycle_number,,70,cycles,70 cycles,series label '70 cycles' (axis 'cycle_number'),series_label,direct,experimental_condition,series,series,True,True,True,bound,entity_only(no case: simulation),,not_a_recipe_field,present,present,present,
10.3762_bjnano.5.25,F5b/70 cycles,10.3762_bjnano.5.25-E030,SimulationRun,pulse_time,,50,ms,exposure time (50 ms,document.md near Fig 5,body,direct,experimental_condition,figure,figure,True,True,True,bound,entity_only(no case: simulation),,not_a_recipe_field,present,present,present,
10.3762_bjnano.5.25,F5b/70 cycles,10.3762_bjnano.5.25-E030,SimulationRun,flow_rate,,250,sccm,250 sccm,methods section,methods,direct,experimental_condition,method,method,True,True,True,bound,entity_only(no case: simulation),,not_a_recipe_field,present,present,present,
10.3762_bjnano.5.25,F5b/70 cycles,10.3762_bjnano.5.25-E030,SimulationRun,purge_time,,0.2,s,purge and two sequential 0.2 s,methods section,methods,direct,experimental_condition,method,method,True,True,True,bound,entity_only(no case: simulation),,not_a_recipe_field,present,present,present,
10.3762_bjnano.5.25,F5b/70 cycles,10.3762_bjnano.5.25-E030,SimulationRun,deposition_temperature,,200 °C; 225 °C,,"2 distinct deposition_temperature values at method scope; no narrower evidence distinguishes them, so none is applied",,,,,method,,True,True,False,ambiguous_withheld,candidates_preserved,False,withheld,candidates_preserved,present,n/a,applicability
10.3762_bjnano.5.25,F5b/70 cycles,10.3762_bjnano.5.25-E030,SimulationRun,flow_rate,Ar,400 sccm; 600 sccm,,"2 distinct flow_rate values at method scope; no narrower evidence distinguishes them, so none is applied",,,,,method,,True,True,False,ambiguous_withheld,candidates_preserved,False,withheld,candidates_preserved,present,n/a,applicability
10.3762_bjnano.5.25,F5b/80 cycles,10.3762_bjnano.5.25-E031,SimulationRun,cycle_number,,80,cycles,80 cycles,series label '80 cycles' (axis 'cycle_number'),series_label,direct,experimental_condition,series,series,True,True,True,bound,entity_only(no case: simulation),,not_a_recipe_field,present,present,present,
10.3762_bjnano.5.25,F5b/80 cycles,10.3762_bjnano.5.25-E031,SimulationRun,pulse_time,,50,ms,exposure time (50 ms,document.md near Fig 5,body,direct,experimental_condition,figure,figure,True,True,True,bound,entity_only(no case: simulation),,not_a_recipe_field,present,present,present,
10.3762_bjnano.5.25,F5b/80 cycles,10.3762_bjnano.5.25-E031,SimulationRun,flow_rate,,250,sccm,250 sccm,methods section,methods,direct,experimental_condition,method,method,True,True,True,bound,entity_only(no case: simulation),,not_a_recipe_field,present,present,present,
10.3762_bjnano.5.25,F5b/80 cycles,10.3762_bjnano.5.25-E031,SimulationRun,purge_time,,0.2,s,purge and two sequential 0.2 s,methods section,methods,direct,experimental_condition,method,method,True,True,True,bound,entity_only(no case: simulation),,not_a_recipe_field,present,present,present,
10.3762_bjnano.5.25,F5b/80 cycles,10.3762_bjnano.5.25-E031,SimulationRun,deposition_temperature,,200 °C; 225 °C,,"2 distinct deposition_temperature values at method scope; no narrower evidence distinguishes them, so none is applied",,,,,method,,True,True,False,ambiguous_withheld,candidates_preserved,False,withheld,candidates_preserved,present,n/a,applicability
10.3762_bjnano.5.25,F5b/80 cycles,10.3762_bjnano.5.25-E031,SimulationRun,flow_rate,Ar,400 sccm; 600 sccm,,"2 distinct flow_rate values at method scope; no narrower evidence distinguishes them, so none is applied",,,,,method,,True,True,False,ambiguous_withheld,candidates_preserved,False,withheld,candidates_preserved,present,n/a,applicability
10.3762_bjnano.5.25,F5b/90 cycles,10.3762_bjnano.5.25-E032,SimulationRun,cycle_number,,90,cycles,90 cycles,series label '90 cycles' (axis 'cycle_number'),series_label,direct,experimental_condition,series,series,True,True,True,bound,entity_only(no case: simulation),,not_a_recipe_field,present,present,present,
10.3762_bjnano.5.25,F5b/90 cycles,10.3762_bjnano.5.25-E032,SimulationRun,pulse_time,,50,ms,exposure time (50 ms,document.md near Fig 5,body,direct,experimental_condition,figure,figure,True,True,True,bound,entity_only(no case: simulation),,not_a_recipe_field,present,present,present,
10.3762_bjnano.5.25,F5b/90 cycles,10.3762_bjnano.5.25-E032,SimulationRun,flow_rate,,250,sccm,250 sccm,methods section,methods,direct,experimental_condition,method,method,True,True,True,bound,entity_only(no case: simulation),,not_a_recipe_field,present,present,present,
10.3762_bjnano.5.25,F5b/90 cycles,10.3762_bjnano.5.25-E032,SimulationRun,purge_time,,0.2,s,purge and two sequential 0.2 s,methods section,methods,direct,experimental_condition,method,method,True,True,True,bound,entity_only(no case: simulation),,not_a_recipe_field,present,present,present,
10.3762_bjnano.5.25,F5b/90 cycles,10.3762_bjnano.5.25-E032,SimulationRun,deposition_temperature,,200 °C; 225 °C,,"2 distinct deposition_temperature values at method scope; no narrower evidence distinguishes them, so none is applied",,,,,method,,True,True,False,ambiguous_withheld,candidates_preserved,False,withheld,candidates_preserved,present,n/a,applicability
10.3762_bjnano.5.25,F5b/90 cycles,10.3762_bjnano.5.25-E032,SimulationRun,flow_rate,Ar,400 sccm; 600 sccm,,"2 distinct flow_rate values at method scope; no narrower evidence distinguishes them, so none is applied",,,,,method,,True,True,False,ambiguous_withheld,candidates_preserved,False,withheld,candidates_preserved,present,n/a,applicability
10.3762_bjnano.5.25,F5b/100 cycles,10.3762_bjnano.5.25-E033,SimulationRun,cycle_number,,100,cycles,100 cycles,series label '100 cycles' (axis 'cycle_number'),series_label,direct,experimental_condition,series,series,True,True,True,bound,entity_only(no case: simulation),,not_a_recipe_field,present,present,present,
10.3762_bjnano.5.25,F5b/100 cycles,10.3762_bjnano.5.25-E033,SimulationRun,pulse_time,,50,ms,exposure time (50 ms,document.md near Fig 5,body,direct,experimental_condition,figure,figure,True,True,True,bound,entity_only(no case: simulation),,not_a_recipe_field,present,present,present,
10.3762_bjnano.5.25,F5b/100 cycles,10.3762_bjnano.5.25-E033,SimulationRun,flow_rate,,250,sccm,250 sccm,methods section,methods,direct,experimental_condition,method,method,True,True,True,bound,entity_only(no case: simulation),,not_a_recipe_field,present,present,present,
10.3762_bjnano.5.25,F5b/100 cycles,10.3762_bjnano.5.25-E033,SimulationRun,purge_time,,0.2,s,purge and two sequential 0.2 s,methods section,methods,direct,experimental_condition,method,method,True,True,True,bound,entity_only(no case: simulation),,not_a_recipe_field,present,present,present,
10.3762_bjnano.5.25,F5b/100 cycles,10.3762_bjnano.5.25-E033,SimulationRun,deposition_temperature,,200 °C; 225 °C,,"2 distinct deposition_temperature values at method scope; no narrower evidence distinguishes them, so none is applied",,,,,method,,True,True,False,ambiguous_withheld,candidates_preserved,False,withheld,candidates_preserved,present,n/a,applicability
10.3762_bjnano.5.25,F5b/100 cycles,10.3762_bjnano.5.25-E033,SimulationRun,flow_rate,Ar,400 sccm; 600 sccm,,"2 distinct flow_rate values at method scope; no narrower evidence distinguishes them, so none is applied",,,,,method,,True,True,False,ambiguous_withheld,candidates_preserved,False,withheld,candidates_preserved,present,n/a,applicability
10.3762_bjnano.5.25,F6b/400 cycles,10.3762_bjnano.5.25-E034,ExperimentalProfile,cycle_number,,400,cycles,400 cycles,series label '400 cycles' (axis 'number of cycles'),series_label,direct,experimental_condition,series,series,True,True,True,bound,present,True,present,present,present,present,
10.3762_bjnano.5.25,F6b/400 cycles,10.3762_bjnano.5.25-E034,ExperimentalProfile,purge_time,,0.2,s,purge and two sequential 0.2 s,document.md near Fig 6,body,direct,experimental_condition,figure,figure,True,True,True,bound,present,True,not_a_recipe_field,present,present,present,
10.3762_bjnano.5.25,F6b/400 cycles,10.3762_bjnano.5.25-E034,ExperimentalProfile,flow_rate,,250,sccm,250 sccm,methods section,methods,direct,experimental_condition,method,method,True,True,True,bound,present,True,present,present,present,present,
10.3762_bjnano.5.25,F6b/400 cycles,10.3762_bjnano.5.25-E034,ExperimentalProfile,pulse_time,,40,s,pulse and 40 s,methods section,methods,direct,experimental_condition,method,method,True,True,True,bound,present,True,not_a_recipe_field,present,present,present,
10.3762_bjnano.5.25,F6b/400 cycles,10.3762_bjnano.5.25-E034,ExperimentalProfile,deposition_temperature,,200 °C; 225 °C,,"2 distinct deposition_temperature values at method scope; no narrower evidence distinguishes them, so none is applied",,,,,method,,True,True,False,ambiguous_withheld,candidates_preserved,False,withheld,candidates_preserved,present,n/a,applicability
10.3762_bjnano.5.25,F6b/400 cycles,10.3762_bjnano.5.25-E034,ExperimentalProfile,flow_rate,Ar,400 sccm; 600 sccm,,"2 distinct flow_rate values at method scope; no narrower evidence distinguishes them, so none is applied",,,,,method,,True,True,False,ambiguous_withheld,candidates_preserved,False,withheld,candidates_preserved,present,n/a,applicability
10.3762_bjnano.5.25,F6b/200 cycles,10.3762_bjnano.5.25-E035,ExperimentalProfile,cycle_number,,200,cycles,200 cycles,series label '200 cycles' (axis 'number of cycles'),series_label,direct,experimental_condition,series,series,True,True,True,bound,present,True,present,present,present,present,
10.3762_bjnano.5.25,F6b/200 cycles,10.3762_bjnano.5.25-E035,ExperimentalProfile,purge_time,,0.2,s,purge and two sequential 0.2 s,document.md near Fig 6,body,direct,experimental_condition,figure,figure,True,True,True,bound,present,True,not_a_recipe_field,present,present,present,
10.3762_bjnano.5.25,F6b/200 cycles,10.3762_bjnano.5.25-E035,ExperimentalProfile,flow_rate,,250,sccm,250 sccm,methods section,methods,direct,experimental_condition,method,method,True,True,True,bound,present,True,present,present,present,present,
10.3762_bjnano.5.25,F6b/200 cycles,10.3762_bjnano.5.25-E035,ExperimentalProfile,pulse_time,,40,s,pulse and 40 s,methods section,methods,direct,experimental_condition,method,method,True,True,True,bound,present,True,not_a_recipe_field,present,present,present,
10.3762_bjnano.5.25,F6b/200 cycles,10.3762_bjnano.5.25-E035,ExperimentalProfile,deposition_temperature,,200 °C; 225 °C,,"2 distinct deposition_temperature values at method scope; no narrower evidence distinguishes them, so none is applied",,,,,method,,True,True,False,ambiguous_withheld,candidates_preserved,False,withheld,candidates_preserved,present,n/a,applicability
10.3762_bjnano.5.25,F6b/200 cycles,10.3762_bjnano.5.25-E035,ExperimentalProfile,flow_rate,Ar,400 sccm; 600 sccm,,"2 distinct flow_rate values at method scope; no narrower evidence distinguishes them, so none is applied",,,,,method,,True,True,False,ambiguous_withheld,candidates_preserved,False,withheld,candidates_preserved,present,n/a,applicability
10.3762_bjnano.5.25,F6c/100 cycles,10.3762_bjnano.5.25-E036,ExperimentalProfile,cycle_number,,100,cycles,100 cycles,series label '100 cycles' (axis 'number of cycles'),series_label,direct,experimental_condition,series,series,True,True,True,bound,present,True,present,present,present,present,
10.3762_bjnano.5.25,F6c/100 cycles,10.3762_bjnano.5.25-E036,ExperimentalProfile,pulse_time,,0.2,s,exposure time was fixed at 0.2 s,"figure 6 caption, panel (c)",caption,direct,experimental_condition,panel,panel,True,True,True,bound,present,True,not_a_recipe_field,present,present,present,
10.3762_bjnano.5.25,F6c/100 cycles,10.3762_bjnano.5.25-E036,ExperimentalProfile,purge_time,,0.2,s,purge and two sequential 0.2 s,document.md near Fig 6,body,direct,experimental_condition,figure,figure,True,True,True,bound,present,True,not_a_recipe_field,present,present,present,
10.3762_bjnano.5.25,F6c/100 cycles,10.3762_bjnano.5.25-E036,ExperimentalProfile,flow_rate,,250,sccm,250 sccm,methods section,methods,direct,experimental_condition,method,method,True,True,True,bound,present,True,present,present,present,present,
10.3762_bjnano.5.25,F6c/100 cycles,10.3762_bjnano.5.25-E036,ExperimentalProfile,deposition_temperature,,200 °C; 225 °C,,"2 distinct deposition_temperature values at method scope; no narrower evidence distinguishes them, so none is applied",,,,,method,,True,True,False,ambiguous_withheld,candidates_preserved,False,withheld,candidates_preserved,present,n/a,applicability
10.3762_bjnano.5.25,F6c/100 cycles,10.3762_bjnano.5.25-E036,ExperimentalProfile,flow_rate,Ar,400 sccm; 600 sccm,,"2 distinct flow_rate values at method scope; no narrower evidence distinguishes them, so none is applied",,,,,method,,True,True,False,ambiguous_withheld,candidates_preserved,False,withheld,candidates_preserved,present,n/a,applicability
10.3762_bjnano.5.25,F6c/200 cycles,10.3762_bjnano.5.25-E037,ExperimentalProfile,cycle_number,,200,cycles,200 cycles,series label '200 cycles' (axis 'number of cycles'),series_label,direct,experimental_condition,series,series,True,True,True,bound,present,True,present,present,present,present,
10.3762_bjnano.5.25,F6c/200 cycles,10.3762_bjnano.5.25-E037,ExperimentalProfile,pulse_time,,0.2,s,exposure time was fixed at 0.2 s,"figure 6 caption, panel (c)",caption,direct,experimental_condition,panel,panel,True,True,True,bound,present,True,not_a_recipe_field,present,present,present,
10.3762_bjnano.5.25,F6c/200 cycles,10.3762_bjnano.5.25-E037,ExperimentalProfile,purge_time,,0.2,s,purge and two sequential 0.2 s,document.md near Fig 6,body,direct,experimental_condition,figure,figure,True,True,True,bound,present,True,not_a_recipe_field,present,present,present,
10.3762_bjnano.5.25,F6c/200 cycles,10.3762_bjnano.5.25-E037,ExperimentalProfile,flow_rate,,250,sccm,250 sccm,methods section,methods,direct,experimental_condition,method,method,True,True,True,bound,present,True,present,present,present,present,
10.3762_bjnano.5.25,F6c/200 cycles,10.3762_bjnano.5.25-E037,ExperimentalProfile,deposition_temperature,,200 °C; 225 °C,,"2 distinct deposition_temperature values at method scope; no narrower evidence distinguishes them, so none is applied",,,,,method,,True,True,False,ambiguous_withheld,candidates_preserved,False,withheld,candidates_preserved,present,n/a,applicability
10.3762_bjnano.5.25,F6c/200 cycles,10.3762_bjnano.5.25-E037,ExperimentalProfile,flow_rate,Ar,400 sccm; 600 sccm,,"2 distinct flow_rate values at method scope; no narrower evidence distinguishes them, so none is applied",,,,,method,,True,True,False,ambiguous_withheld,candidates_preserved,False,withheld,candidates_preserved,present,n/a,applicability
10.3762_bjnano.5.25,F6c/200 scaled cycles,10.3762_bjnano.5.25-E038,ExperimentalProfile,pulse_time,,0.2,s,exposure time was fixed at 0.2 s,"figure 6 caption, panel (c)",caption,direct,experimental_condition,panel,panel,True,True,True,bound,present,True,not_a_recipe_field,present,present,present,
10.3762_bjnano.5.25,F6c/200 scaled cycles,10.3762_bjnano.5.25-E038,ExperimentalProfile,purge_time,,0.2,s,purge and two sequential 0.2 s,document.md near Fig 6,body,direct,experimental_condition,figure,figure,True,True,True,bound,present,True,not_a_recipe_field,present,present,present,
10.3762_bjnano.5.25,F6c/200 scaled cycles,10.3762_bjnano.5.25-E038,ExperimentalProfile,flow_rate,,250,sccm,250 sccm,methods section,methods,direct,experimental_condition,method,method,True,True,True,bound,present,True,present,present,present,present,
10.3762_bjnano.5.25,F6c/200 scaled cycles,10.3762_bjnano.5.25-E038,ExperimentalProfile,cycle_number,,100 cycle; 200 cycle,,"2 distinct cycle_number values at panel scope; no narrower evidence distinguishes them, so none is applied",,,,,panel,,True,True,False,ambiguous_withheld,candidates_preserved,False,withheld,candidates_preserved,present,n/a,applicability
10.3762_bjnano.5.25,F6c/200 scaled cycles,10.3762_bjnano.5.25-E038,ExperimentalProfile,deposition_temperature,,200 °C; 225 °C,,"2 distinct deposition_temperature values at method scope; no narrower evidence distinguishes them, so none is applied",,,,,method,,True,True,False,ambiguous_withheld,candidates_preserved,False,withheld,candidates_preserved,present,n/a,applicability
10.3762_bjnano.5.25,F6c/200 scaled cycles,10.3762_bjnano.5.25-E038,ExperimentalProfile,flow_rate,Ar,400 sccm; 600 sccm,,"2 distinct flow_rate values at method scope; no narrower evidence distinguishes them, so none is applied",,,,,method,,True,True,False,ambiguous_withheld,candidates_preserved,False,withheld,candidates_preserved,present,n/a,applicability
