paper,doi,figure,panel,series,curve_id,n_points,source_file,json_pointer,source_checksum,linked_experiments,previous_granularity,resolved_granularity,granularity_changed,reextraction_used,x_raw_label,x_raw_quantity,x_raw_unit,x_resolved_unit,x_unit_recovered,x_resolved_meaning,x_axis_role,x_normalization_definition,x_canonical_quantity,x_canonical_unit,x_comparison_group,x_projections,x_rules_applied,x_status,x_unresolved_reason,x_context_required,x_context_scope,x_context_found,x_evidence_source,x_evidence_span,x_evidence_method,x_confidence,x_needs_manual_review,y_raw_label,y_raw_quantity,y_raw_unit,y_resolved_unit,y_unit_recovered,y_resolved_meaning,y_axis_role,y_normalization_definition,y_canonical_quantity,y_canonical_unit,y_comparison_group,y_projections,y_rules_applied,y_status,y_unresolved_reason,y_context_required,y_context_scope,y_context_found,y_evidence_source,y_evidence_span,y_evidence_method,y_confidence,y_needs_manual_review
10.1002_admi.202000318,10.1002_admi.202000318,1,a,,10.1002_admi.202000318::F1::a::0,7,03_corpus/extracted/10.1002_admi.202000318/figure_data.json,/figures/0/panels/0/series/0,sha256:d04f9926a7bbcb105e0c2919e1272b346ac7e7e185c24bf8d65960934c11408f,,,series,False,False,Total Ozone Pulse (s),pulse_time,s,s,False,condition_sweep,condition,,pulse_time,s,pulse_time,,identity_canonical_mapping,already_canonical,,,,False,,,,,False,Growth Per Cycle (Å/cyc),growth_per_cycle,Å/cyc,Å/cyc,False,output,output,,growth_per_cycle,nm/cycle,growth_per_cycle,,growth_per_cycle_unit_conversion,converted,,,,False,,,,,False
10.1002_admi.202000318,10.1002_admi.202000318,1,b,,10.1002_admi.202000318::F1::b::0,20,03_corpus/extracted/10.1002_admi.202000318/figure_data.json,/figures/0/panels/1/series/0,sha256:d04f9926a7bbcb105e0c2919e1272b346ac7e7e185c24bf8d65960934c11408f,,,series,False,False,Integrated Metal Precursor Pulse (torr-s),exposure,torr-s,torr-s,False,condition_sweep,condition,,,,,,axis_semantic_resolution,unsupported,no declared unit-conversion rule for dimension exposure,,,False,,,,,False,Growth Per Cycle (Å/cyc),growth_per_cycle,Å/cyc,Å/cyc,False,output,output,,growth_per_cycle,nm/cycle,growth_per_cycle,,growth_per_cycle_unit_conversion,converted,,,,False,,,,,False
10.1002_admi.202000318,10.1002_admi.202000318,1,c,,10.1002_admi.202000318::F1::c::0,6,03_corpus/extracted/10.1002_admi.202000318/figure_data.json,/figures/0/panels/2/series/0,sha256:d04f9926a7bbcb105e0c2919e1272b346ac7e7e185c24bf8d65960934c11408f,,,series,False,False,# of ALD Cycles,cycle_number,,,False,condition_sweep,condition,,,,,,axis_semantic_resolution,unsupported,"unit '' is not a recognised, convertible unit (arbitrary/uncalibrated or unparseable)",,,False,,,,,False,Film Thickness (Å),film_thickness,Å,Å,False,output,output,,film_thickness,nm,film_thickness,,length_unit_conversion,converted,,,,False,,,,,False
10.1002_admi.202000318,10.1002_admi.202000318,1,d,,10.1002_admi.202000318::F1::d::0,5,03_corpus/extracted/10.1002_admi.202000318/figure_data.json,/figures/0/panels/3/series/0,sha256:d04f9926a7bbcb105e0c2919e1272b346ac7e7e185c24bf8d65960934c11408f,,,series,False,False,Temperature (°C),deposition_temperature,°C,°C,False,condition_sweep,condition,,deposition_temperature,K,process_temperature,,temperature_unit_conversion,converted,,,,False,,,,,False,Growth Per Cycle (Å/cyc),growth_per_cycle,Å/cyc,Å/cyc,False,output,output,,growth_per_cycle,nm/cycle,growth_per_cycle,,growth_per_cycle_unit_conversion,converted,,,,False,,,,,False
10.1002_admi.202000318,10.1002_admi.202000318,2,a,10s Ozone,10.1002_admi.202000318::F2::a::0,4,03_corpus/extracted/10.1002_admi.202000318/figure_data.json,/figures/1/panels/0/series/0,sha256:d04f9926a7bbcb105e0c2919e1272b346ac7e7e185c24bf8d65960934c11408f,10.1002_admi.202000318-E004,multi_output,correlation,True,False,,Angle,degrees,degrees,False,output,output,,,,,,axis_semantic_resolution,not_applicable,quantity 'angle' is not a comparison target (no comparison group declares it),,,False,,,,,False,,O/[Fe+O],%,%,False,output,output,,,,,,axis_semantic_resolution,not_applicable,quantity 'oxygen_iron_ratio' is not a comparison target (no comparison group declares it),,,False,,,,,False
10.1002_admi.202000318,10.1002_admi.202000318,2,a,60s Ozone,10.1002_admi.202000318::F2::a::1,4,03_corpus/extracted/10.1002_admi.202000318/figure_data.json,/figures/1/panels/0/series/1,sha256:d04f9926a7bbcb105e0c2919e1272b346ac7e7e185c24bf8d65960934c11408f,10.1002_admi.202000318-E005,multi_output,correlation,True,False,,Angle,degrees,degrees,False,output,output,,,,,,axis_semantic_resolution,not_applicable,quantity 'angle' is not a comparison target (no comparison group declares it),,,False,,,,,False,,O/[Fe+O],%,%,False,output,output,,,,,,axis_semantic_resolution,not_applicable,quantity 'oxygen_iron_ratio' is not a comparison target (no comparison group declares it),,,False,,,,,False
10.1002_admi.202000318,10.1002_admi.202000318,2,a,100s Ozone,10.1002_admi.202000318::F2::a::2,4,03_corpus/extracted/10.1002_admi.202000318/figure_data.json,/figures/1/panels/0/series/2,sha256:d04f9926a7bbcb105e0c2919e1272b346ac7e7e185c24bf8d65960934c11408f,10.1002_admi.202000318-E006,multi_output,correlation,True,False,,Angle,degrees,degrees,False,output,output,,,,,,axis_semantic_resolution,not_applicable,quantity 'angle' is not a comparison target (no comparison group declares it),,,False,,,,,False,,O/[Fe+O],%,%,False,output,output,,,,,,axis_semantic_resolution,not_applicable,quantity 'oxygen_iron_ratio' is not a comparison target (no comparison group declares it),,,False,,,,,False
10.1002_admi.202000318,10.1002_admi.202000318,2,a,120s Ozone,10.1002_admi.202000318::F2::a::3,4,03_corpus/extracted/10.1002_admi.202000318/figure_data.json,/figures/1/panels/0/series/3,sha256:d04f9926a7bbcb105e0c2919e1272b346ac7e7e185c24bf8d65960934c11408f,10.1002_admi.202000318-E007,multi_output,correlation,True,False,,Angle,degrees,degrees,False,output,output,,,,,,axis_semantic_resolution,not_applicable,quantity 'angle' is not a comparison target (no comparison group declares it),,,False,,,,,False,,O/[Fe+O],%,%,False,output,output,,,,,,axis_semantic_resolution,not_applicable,quantity 'oxygen_iron_ratio' is not a comparison target (no comparison group declares it),,,False,,,,,False
10.1002_admi.202000318,10.1002_admi.202000318,2,a,"120s Ozone, x10 TBF",10.1002_admi.202000318::F2::a::4,4,03_corpus/extracted/10.1002_admi.202000318/figure_data.json,/figures/1/panels/0/series/4,sha256:d04f9926a7bbcb105e0c2919e1272b346ac7e7e185c24bf8d65960934c11408f,10.1002_admi.202000318-E008,multi_output,correlation,True,False,,Angle,degrees,degrees,False,output,output,,,,,,axis_semantic_resolution,not_applicable,quantity 'angle' is not a comparison target (no comparison group declares it),,,False,,,,,False,,O/[Fe+O],%,%,False,output,output,,,,,,axis_semantic_resolution,not_applicable,quantity 'oxygen_iron_ratio' is not a comparison target (no comparison group declares it),,,False,,,,,False
10.1002_admi.202000318,10.1002_admi.202000318,4,a,Reflectivity,10.1002_admi.202000318::F4::a::0,34,03_corpus/extracted/10.1002_admi.202000318/figure_data.json,/figures/2/panels/0/series/0,sha256:d04f9926a7bbcb105e0c2919e1272b346ac7e7e185c24bf8d65960934c11408f,10.1002_admi.202000318-E009,multi_output,unresolved,True,False,,2θ,degrees,degrees,False,unknown,,,,,,,axis_semantic_resolution,unsupported,x quantity '2θ' does not resolve to any ontology QuantityKind,,,False,,,,,False,,Intensity,cps,cps,False,output,output,,,,,,axis_semantic_resolution,not_applicable,quantity 'intensity' is not a comparison target (no comparison group declares it),,,False,,,,,False
10.1002_admi.202000318,10.1002_admi.202000318,4,a,Single Layer Model,10.1002_admi.202000318::F4::a::1,33,03_corpus/extracted/10.1002_admi.202000318/figure_data.json,/figures/2/panels/0/series/1,sha256:d04f9926a7bbcb105e0c2919e1272b346ac7e7e185c24bf8d65960934c11408f,10.1002_admi.202000318-E009,multi_output,unresolved,True,False,,2θ,degrees,degrees,False,unknown,,,,,,,axis_semantic_resolution,unsupported,x quantity '2θ' does not resolve to any ontology QuantityKind,,,False,,,,,False,,Intensity,cps,cps,False,output,output,,,,,,axis_semantic_resolution,not_applicable,quantity 'intensity' is not a comparison target (no comparison group declares it),,,False,,,,,False
10.1002_admi.202000318,10.1002_admi.202000318,4,a,Bilayer Model,10.1002_admi.202000318::F4::a::2,33,03_corpus/extracted/10.1002_admi.202000318/figure_data.json,/figures/2/panels/0/series/2,sha256:d04f9926a7bbcb105e0c2919e1272b346ac7e7e185c24bf8d65960934c11408f,10.1002_admi.202000318-E009,multi_output,unresolved,True,False,,2θ,degrees,degrees,False,unknown,,,,,,,axis_semantic_resolution,unsupported,x quantity '2θ' does not resolve to any ontology QuantityKind,,,False,,,,,False,,Intensity,cps,cps,False,output,output,,,,,,axis_semantic_resolution,not_applicable,quantity 'intensity' is not a comparison target (no comparison group declares it),,,False,,,,,False
10.1002_admi.202000318,10.1002_admi.202000318,4,b,Electron Density,10.1002_admi.202000318::F4::b::0,26,03_corpus/extracted/10.1002_admi.202000318/figure_data.json,/figures/2/panels/1/series/0,sha256:d04f9926a7bbcb105e0c2919e1272b346ac7e7e185c24bf8d65960934c11408f,,,profile,False,False,,spatial_coordinate,Å,Å,False,spatial_coordinate,coordinate,,spatial_coordinate,µm,spatial_position,,length_unit_conversion,converted,,,,False,,,,,False,,density,Å^-3,Å^-3,False,output,output,,,,,,axis_semantic_resolution,not_applicable,quantity 'film_density' is not a comparison target (no comparison group declares it),,,False,,,,,False
10.1002_admi.202000318,10.1002_admi.202000318,6,a,100s Ozone,10.1002_admi.202000318::F6::a::0,39,03_corpus/extracted/10.1002_admi.202000318/figure_data.json,/figures/3/panels/0/series/0,sha256:d04f9926a7bbcb105e0c2919e1272b346ac7e7e185c24bf8d65960934c11408f,,,series,False,False,Q (1/Å),Q,1/Å,1/Å,False,condition_sweep,condition,,,,,,axis_semantic_resolution,not_applicable,quantity 'site_density' is not a comparison target (no comparison group declares it),,,False,,,,,False,Intensity (a.u.),Intensity,a.u.,a.u.,False,output,output,,,,,,axis_semantic_resolution,not_applicable,quantity 'intensity' is not a comparison target (no comparison group declares it),,,False,,,,,False
10.1002_admi.202000318,10.1002_admi.202000318,6,a,60s Ozone,10.1002_admi.202000318::F6::a::1,21,03_corpus/extracted/10.1002_admi.202000318/figure_data.json,/figures/3/panels/0/series/1,sha256:d04f9926a7bbcb105e0c2919e1272b346ac7e7e185c24bf8d65960934c11408f,,,series,False,False,Q (1/Å),Q,1/Å,1/Å,False,condition_sweep,condition,,,,,,axis_semantic_resolution,not_applicable,quantity 'site_density' is not a comparison target (no comparison group declares it),,,False,,,,,False,Intensity (a.u.),Intensity,a.u.,a.u.,False,output,output,,,,,,axis_semantic_resolution,not_applicable,quantity 'intensity' is not a comparison target (no comparison group declares it),,,False,,,,,False
10.1002_admi.202000318,10.1002_admi.202000318,6,a,20s Ozone,10.1002_admi.202000318::F6::a::2,16,03_corpus/extracted/10.1002_admi.202000318/figure_data.json,/figures/3/panels/0/series/2,sha256:d04f9926a7bbcb105e0c2919e1272b346ac7e7e185c24bf8d65960934c11408f,,,series,False,False,Q (1/Å),Q,1/Å,1/Å,False,condition_sweep,condition,,,,,,axis_semantic_resolution,not_applicable,quantity 'site_density' is not a comparison target (no comparison group declares it),,,False,,,,,False,Intensity (a.u.),Intensity,a.u.,a.u.,False,output,output,,,,,,axis_semantic_resolution,not_applicable,quantity 'intensity' is not a comparison target (no comparison group declares it),,,False,,,,,False
10.1002_admi.202000318,10.1002_admi.202000318,6,b,Fraction γ Phase,10.1002_admi.202000318::F6::b::0,9,03_corpus/extracted/10.1002_admi.202000318/figure_data.json,/figures/3/panels/1/series/0,sha256:d04f9926a7bbcb105e0c2919e1272b346ac7e7e185c24bf8d65960934c11408f,,,series,False,False,Ozone Exposure per Cycle (s),exposure,s,s,False,condition_sweep,condition,,,,,,time_unit_conversion,invalid,"declared unit 's' has dimension time but the quantity's comparison group 'exposure' is exposure — the printed unit and the quantity disagree, so no conversion is safe (needs manual review)",,,False,,,,,False,Fraction γ Phase (%),Fraction γ Phase,%,%,False,output,output,,,,,,axis_semantic_resolution,not_applicable,quantity 'gamma_phase_fraction' is not a comparison target (no comparison group declares it),,,False,,,,,False
10.1002_celc.201600139,10.1002_celc.201600139,1,b,LTB:H2S,10.1002_celc.201600139::F1::b::0,30,03_corpus/extracted/10.1002_celc.201600139/figure_data.json,/figures/0/panels/0/series/0,sha256:631d4f58e40b72626aa9c316c29bd545590bb97ff18b788ed9c31eac257d7bf3,10.1002_celc.201600139-E000,trace,series,True,False,ALD Cycles,cycle_number,,,False,condition_sweep,condition,,,,,,axis_semantic_resolution,unsupported,"unit '' is not a recognised, convertible unit (arbitrary/uncalibrated or unparseable)",,,False,,,,,False,Mass (ng/cm²),Mass,ng/cm²,ng/cm²,False,unknown,,,,,,,axis_semantic_resolution,unsupported,y quantity 'Mass' does not resolve to any ontology QuantityKind,,,False,,,,,False
10.1002_celc.201600139,10.1002_celc.201600139,1,b,TDMAAl:H2S,10.1002_celc.201600139::F1::b::1,31,03_corpus/extracted/10.1002_celc.201600139/figure_data.json,/figures/0/panels/0/series/1,sha256:631d4f58e40b72626aa9c316c29bd545590bb97ff18b788ed9c31eac257d7bf3,10.1002_celc.201600139-E001,trace,series,True,False,ALD Cycles,cycle_number,,,False,condition_sweep,condition,,,,,,axis_semantic_resolution,unsupported,"unit '' is not a recognised, convertible unit (arbitrary/uncalibrated or unparseable)",,,False,,,,,False,Mass (ng/cm²),Mass,ng/cm²,ng/cm²,False,unknown,,,,,,,axis_semantic_resolution,unsupported,y quantity 'Mass' does not resolve to any ontology QuantityKind,,,False,,,,,False
10.1002_celc.201600139,10.1002_celc.201600139,1,c,50nm LixAlyS,10.1002_celc.201600139::F1::c::0,19,03_corpus/extracted/10.1002_celc.201600139/figure_data.json,/figures/0/panels/1/series/0,sha256:631d4f58e40b72626aa9c316c29bd545590bb97ff18b788ed9c31eac257d7bf3,10.1002_celc.201600139-E002,trace,unresolved,True,False,1000/T(K),1000/T,1/K,1/K,False,unknown,,,,,,,axis_semantic_resolution,unsupported,x quantity '1000/T' does not resolve to any ontology QuantityKind,,,False,,,,,False,log σ (S/cm),resistivity,S/cm,S/cm,False,output,output,,,,,,axis_semantic_resolution,not_applicable,quantity 'resistivity' is not a comparison target (no comparison group declares it),,,False,,,,,False
10.1002_celc.201600139,10.1002_celc.201600139,2,a,180°C,10.1002_celc.201600139::F2::a::0,28,03_corpus/extracted/10.1002_celc.201600139/figure_data.json,/figures/1/panels/0/series/0,sha256:631d4f58e40b72626aa9c316c29bd545590bb97ff18b788ed9c31eac257d7bf3,10.1002_celc.201600139-E003,profile,profile,False,False,Z' (ohms),Z',ohms,ohms,False,spatial_coordinate,coordinate,,,,,,axis_semantic_resolution,unsupported,"unit 'ohms' is not a recognised, convertible unit (arbitrary/uncalibrated or unparseable)",,,False,,,,,False,-Z'' (ohms),-Z'',ohms,ohms,False,coordinate,coordinate,,,,,,axis_semantic_resolution,unsupported,"unit 'ohms' is not a recognised, convertible unit (arbitrary/uncalibrated or unparseable)",,,False,,,,,False
10.1002_celc.201600139,10.1002_celc.201600139,2,a,200°C,10.1002_celc.201600139::F2::a::1,24,03_corpus/extracted/10.1002_celc.201600139/figure_data.json,/figures/1/panels/0/series/1,sha256:631d4f58e40b72626aa9c316c29bd545590bb97ff18b788ed9c31eac257d7bf3,10.1002_celc.201600139-E004,profile,profile,False,False,Z' (ohms),Z',ohms,ohms,False,spatial_coordinate,coordinate,,,,,,axis_semantic_resolution,unsupported,"unit 'ohms' is not a recognised, convertible unit (arbitrary/uncalibrated or unparseable)",,,False,,,,,False,-Z'' (ohms),-Z'',ohms,ohms,False,coordinate,coordinate,,,,,,axis_semantic_resolution,unsupported,"unit 'ohms' is not a recognised, convertible unit (arbitrary/uncalibrated or unparseable)",,,False,,,,,False
10.1002_celc.201600139,10.1002_celc.201600139,2,a,250°C,10.1002_celc.201600139::F2::a::2,17,03_corpus/extracted/10.1002_celc.201600139/figure_data.json,/figures/1/panels/0/series/2,sha256:631d4f58e40b72626aa9c316c29bd545590bb97ff18b788ed9c31eac257d7bf3,10.1002_celc.201600139-E005,profile,profile,False,False,Z' (ohms),Z',ohms,ohms,False,spatial_coordinate,coordinate,,,,,,axis_semantic_resolution,unsupported,"unit 'ohms' is not a recognised, convertible unit (arbitrary/uncalibrated or unparseable)",,,False,,,,,False,-Z'' (ohms),-Z'',ohms,ohms,False,coordinate,coordinate,,,,,,axis_semantic_resolution,unsupported,"unit 'ohms' is not a recognised, convertible unit (arbitrary/uncalibrated or unparseable)",,,False,,,,,False
10.1002_celc.201600139,10.1002_celc.201600139,2,a,300°C,10.1002_celc.201600139::F2::a::3,16,03_corpus/extracted/10.1002_celc.201600139/figure_data.json,/figures/1/panels/0/series/3,sha256:631d4f58e40b72626aa9c316c29bd545590bb97ff18b788ed9c31eac257d7bf3,10.1002_celc.201600139-E006,profile,profile,False,False,Z' (ohms),Z',ohms,ohms,False,spatial_coordinate,coordinate,,,,,,axis_semantic_resolution,unsupported,"unit 'ohms' is not a recognised, convertible unit (arbitrary/uncalibrated or unparseable)",,,False,,,,,False,-Z'' (ohms),-Z'',ohms,ohms,False,coordinate,coordinate,,,,,,axis_semantic_resolution,unsupported,"unit 'ohms' is not a recognised, convertible unit (arbitrary/uncalibrated or unparseable)",,,False,,,,,False
10.1002_celc.201600139,10.1002_celc.201600139,3,a,Pristine Li,10.1002_celc.201600139::F3::a::0,30,03_corpus/extracted/10.1002_celc.201600139/figure_data.json,/figures/2/panels/0/series/0,sha256:631d4f58e40b72626aa9c316c29bd545590bb97ff18b788ed9c31eac257d7bf3,10.1002_celc.201600139-E007,profile,profile,False,False,Z' (ohms),Z',ohms,ohms,False,spatial_coordinate,coordinate,,,,,,axis_semantic_resolution,unsupported,"unit 'ohms' is not a recognised, convertible unit (arbitrary/uncalibrated or unparseable)",,,False,,,,,False,-Z'' (ohms),-Z'',ohms,ohms,False,coordinate,coordinate,,,,,,axis_semantic_resolution,unsupported,"unit 'ohms' is not a recognised, convertible unit (arbitrary/uncalibrated or unparseable)",,,False,,,,,False
10.1002_celc.201600139,10.1002_celc.201600139,3,a,Li_xAl_yS coated Li,10.1002_celc.201600139::F3::a::1,14,03_corpus/extracted/10.1002_celc.201600139/figure_data.json,/figures/2/panels/0/series/1,sha256:631d4f58e40b72626aa9c316c29bd545590bb97ff18b788ed9c31eac257d7bf3,10.1002_celc.201600139-E008,profile,profile,False,False,Z' (ohms),Z',ohms,ohms,False,spatial_coordinate,coordinate,,,,,,axis_semantic_resolution,unsupported,"unit 'ohms' is not a recognised, convertible unit (arbitrary/uncalibrated or unparseable)",,,False,,,,,False,-Z'' (ohms),-Z'',ohms,ohms,False,coordinate,coordinate,,,,,,axis_semantic_resolution,unsupported,"unit 'ohms' is not a recognised, convertible unit (arbitrary/uncalibrated or unparseable)",,,False,,,,,False
10.1002_celc.201600139,10.1002_celc.201600139,3,b,Pristine Li,10.1002_celc.201600139::F3::b::0,7,03_corpus/extracted/10.1002_celc.201600139/figure_data.json,/figures/2/panels/1/series/0,sha256:631d4f58e40b72626aa9c316c29bd545590bb97ff18b788ed9c31eac257d7bf3,10.1002_celc.201600139-E009,trace,series,True,False,storage time (h),exposure_time,h,h,False,condition_sweep,condition,,pulse_time,s,pulse_time,,time_unit_conversion,converted,,,,False,,,,,False,R_SEI (ohms),resistivity,ohms,ohms,False,output,output,,,,,,axis_semantic_resolution,not_applicable,quantity 'resistivity' is not a comparison target (no comparison group declares it),,,False,,,,,False
10.1002_celc.201600139,10.1002_celc.201600139,3,b,Li_xAl_yS Coated Li,10.1002_celc.201600139::F3::b::1,5,03_corpus/extracted/10.1002_celc.201600139/figure_data.json,/figures/2/panels/1/series/1,sha256:631d4f58e40b72626aa9c316c29bd545590bb97ff18b788ed9c31eac257d7bf3,10.1002_celc.201600139-E010,trace,series,True,False,storage time (h),exposure_time,h,h,False,condition_sweep,condition,,pulse_time,s,pulse_time,,time_unit_conversion,converted,,,,False,,,,,False,R_SEI (ohms),resistivity,ohms,ohms,False,output,output,,,,,,axis_semantic_resolution,not_applicable,quantity 'resistivity' is not a comparison target (no comparison group declares it),,,False,,,,,False
10.1002_celc.201600139,10.1002_celc.201600139,3,c,Pristine Cu,10.1002_celc.201600139::F3::c::0,22,03_corpus/extracted/10.1002_celc.201600139/figure_data.json,/figures/2/panels/2/series/0,sha256:631d4f58e40b72626aa9c316c29bd545590bb97ff18b788ed9c31eac257d7bf3,10.1002_celc.201600139-E011,trace,series,True,False,Cycling number,cycle_number,,,False,condition_sweep,condition,,,,,,axis_semantic_resolution,unsupported,"unit '' is not a recognised, convertible unit (arbitrary/uncalibrated or unparseable)",,,False,,,,,False,Coulombic efficiency (%),Coulombic efficiency,%,%,False,unknown,,,,,,,axis_semantic_resolution,unsupported,y quantity 'Coulombic efficiency' does not resolve to any ontology QuantityKind,,,False,,,,,False
10.1002_celc.201600139,10.1002_celc.201600139,3,c,Li_xAl_yS Coated Cu,10.1002_celc.201600139::F3::c::1,19,03_corpus/extracted/10.1002_celc.201600139/figure_data.json,/figures/2/panels/2/series/1,sha256:631d4f58e40b72626aa9c316c29bd545590bb97ff18b788ed9c31eac257d7bf3,10.1002_celc.201600139-E012,trace,series,True,False,Cycling number,cycle_number,,,False,condition_sweep,condition,,,,,,axis_semantic_resolution,unsupported,"unit '' is not a recognised, convertible unit (arbitrary/uncalibrated or unparseable)",,,False,,,,,False,Coulombic efficiency (%),Coulombic efficiency,%,%,False,unknown,,,,,,,axis_semantic_resolution,unsupported,y quantity 'Coulombic efficiency' does not resolve to any ontology QuantityKind,,,False,,,,,False
10.1002_celc.201600139,10.1002_celc.201600139,3,d,Pristine Cu,10.1002_celc.201600139::F3::d::0,8,03_corpus/extracted/10.1002_celc.201600139/figure_data.json,/figures/2/panels/3/series/0,sha256:631d4f58e40b72626aa9c316c29bd545590bb97ff18b788ed9c31eac257d7bf3,10.1002_celc.201600139-E013,trace,series,True,False,Cycling number,cycle_number,,,False,condition_sweep,condition,,,,,,axis_semantic_resolution,unsupported,"unit '' is not a recognised, convertible unit (arbitrary/uncalibrated or unparseable)",,,False,,,,,False,Hysteresis (V),Hysteresis,V,V,False,unknown,,,,,,,axis_semantic_resolution,unsupported,y quantity 'Hysteresis' does not resolve to any ontology QuantityKind,,,False,,,,,False
10.1002_celc.201600139,10.1002_celc.201600139,3,d,Li_xAl_yS coated Cu,10.1002_celc.201600139::F3::d::1,8,03_corpus/extracted/10.1002_celc.201600139/figure_data.json,/figures/2/panels/3/series/1,sha256:631d4f58e40b72626aa9c316c29bd545590bb97ff18b788ed9c31eac257d7bf3,10.1002_celc.201600139-E014,trace,series,True,False,Cycling number,cycle_number,,,False,condition_sweep,condition,,,,,,axis_semantic_resolution,unsupported,"unit '' is not a recognised, convertible unit (arbitrary/uncalibrated or unparseable)",,,False,,,,,False,Hysteresis (V),Hysteresis,V,V,False,unknown,,,,,,,axis_semantic_resolution,unsupported,y quantity 'Hysteresis' does not resolve to any ontology QuantityKind,,,False,,,,,False
10.1002_celc.201600139,10.1002_celc.201600139,4,a,Pristine Cu,10.1002_celc.201600139::F4::a::0,29,03_corpus/extracted/10.1002_celc.201600139/figure_data.json,/figures/3/panels/0/series/0,sha256:631d4f58e40b72626aa9c316c29bd545590bb97ff18b788ed9c31eac257d7bf3,,,series,False,False,Cycling number,cycle_number,,,False,condition_sweep,condition,,,,,,axis_semantic_resolution,unsupported,"unit '' is not a recognised, convertible unit (arbitrary/uncalibrated or unparseable)",,,False,,,,,False,Coulombic Efficiency (%),Coulombic Efficiency,%,%,False,unknown,,,,,,,axis_semantic_resolution,unsupported,y quantity 'Coulombic Efficiency' does not resolve to any ontology QuantityKind,,,False,,,,,False
10.1002_celc.201600139,10.1002_celc.201600139,4,a,Li_xAl_yS coated Cu,10.1002_celc.201600139::F4::a::1,23,03_corpus/extracted/10.1002_celc.201600139/figure_data.json,/figures/3/panels/0/series/1,sha256:631d4f58e40b72626aa9c316c29bd545590bb97ff18b788ed9c31eac257d7bf3,,,series,False,False,Cycling number,cycle_number,,,False,condition_sweep,condition,,,,,,axis_semantic_resolution,unsupported,"unit '' is not a recognised, convertible unit (arbitrary/uncalibrated or unparseable)",,,False,,,,,False,Coulombic Efficiency (%),Coulombic Efficiency,%,%,False,unknown,,,,,,,axis_semantic_resolution,unsupported,y quantity 'Coulombic Efficiency' does not resolve to any ontology QuantityKind,,,False,,,,,False
10.1002_pssa.201532305,10.1002_pssa.201532305,2,a,Hot-wire temperature,10.1002_pssa.201532305::F2::a::0,29,03_corpus/extracted/10.1002_pssa.201532305/figure_data.json,/figures/0/panels/0/series/0,sha256:4ea00c8c199102c0c0451de3b4270e463bdb0bb27a3c534d7fc4d9b94f39b19b,,,unresolved,False,False,,Applied power,W,W,False,unknown,,,,,,,axis_semantic_resolution,unsupported,x quantity 'Applied power' does not resolve to any ontology QuantityKind,,,False,,,,,False,,Hot-wire temperature,°C,°C,False,unknown,,,,,,,axis_semantic_resolution,unsupported,y quantity 'Hot-wire temperature' does not resolve to any ontology QuantityKind,,,False,,,,,False
10.1002_pssa.201532305,10.1002_pssa.201532305,4,a,1800 °C,10.1002_pssa.201532305::F4::a::0,25,03_corpus/extracted/10.1002_pssa.201532305/figure_data.json,/figures/1/panels/0/series/0,sha256:4ea00c8c199102c0c0451de3b4270e463bdb0bb27a3c534d7fc4d9b94f39b19b,10.1002_pssa.201532305-E001,trace,series,True,False,At-H exposure time (min),exposure,min,min,False,condition_sweep,condition,,,,,,time_unit_conversion,invalid,"declared unit 'min' has dimension time but the quantity's comparison group 'exposure' is exposure — the printed unit and the quantity disagree, so no conversion is safe (needs manual review)",,,False,,,,,False,W thickness (nm),film_thickness,nm,nm,False,output,output,,film_thickness,nm,film_thickness,,identity_canonical_mapping,already_canonical,,,,False,,,,,False
10.1002_pssa.201532305,10.1002_pssa.201532305,4,a,1860 °C,10.1002_pssa.201532305::F4::a::1,25,03_corpus/extracted/10.1002_pssa.201532305/figure_data.json,/figures/1/panels/0/series/1,sha256:4ea00c8c199102c0c0451de3b4270e463bdb0bb27a3c534d7fc4d9b94f39b19b,10.1002_pssa.201532305-E002,trace,series,True,False,At-H exposure time (min),exposure,min,min,False,condition_sweep,condition,,,,,,time_unit_conversion,invalid,"declared unit 'min' has dimension time but the quantity's comparison group 'exposure' is exposure — the printed unit and the quantity disagree, so no conversion is safe (needs manual review)",,,False,,,,,False,W thickness (nm),film_thickness,nm,nm,False,output,output,,film_thickness,nm,film_thickness,,identity_canonical_mapping,already_canonical,,,,False,,,,,False
10.1002_pssa.201532305,10.1002_pssa.201532305,4,a,1910 °C,10.1002_pssa.201532305::F4::a::2,25,03_corpus/extracted/10.1002_pssa.201532305/figure_data.json,/figures/1/panels/0/series/2,sha256:4ea00c8c199102c0c0451de3b4270e463bdb0bb27a3c534d7fc4d9b94f39b19b,10.1002_pssa.201532305-E003,trace,series,True,False,At-H exposure time (min),exposure,min,min,False,condition_sweep,condition,,,,,,time_unit_conversion,invalid,"declared unit 'min' has dimension time but the quantity's comparison group 'exposure' is exposure — the printed unit and the quantity disagree, so no conversion is safe (needs manual review)",,,False,,,,,False,W thickness (nm),film_thickness,nm,nm,False,output,output,,film_thickness,nm,film_thickness,,identity_canonical_mapping,already_canonical,,,,False,,,,,False
10.1002_pssa.201532305,10.1002_pssa.201532305,4,b,H2 10 sccm,10.1002_pssa.201532305::F4::b::0,19,03_corpus/extracted/10.1002_pssa.201532305/figure_data.json,/figures/1/panels/1/series/0,sha256:4ea00c8c199102c0c0451de3b4270e463bdb0bb27a3c534d7fc4d9b94f39b19b,10.1002_pssa.201532305-E004,trace,series,True,False,At-H exposure time (min),exposure,min,min,False,condition_sweep,condition,,,,,,time_unit_conversion,invalid,"declared unit 'min' has dimension time but the quantity's comparison group 'exposure' is exposure — the printed unit and the quantity disagree, so no conversion is safe (needs manual review)",,,False,,,,,False,W thickness (nm),film_thickness,nm,nm,False,output,output,,film_thickness,nm,film_thickness,,identity_canonical_mapping,already_canonical,,,,False,,,,,False
10.1002_pssa.201532305,10.1002_pssa.201532305,4,b,H2 50 sccm,10.1002_pssa.201532305::F4::b::1,19,03_corpus/extracted/10.1002_pssa.201532305/figure_data.json,/figures/1/panels/1/series/1,sha256:4ea00c8c199102c0c0451de3b4270e463bdb0bb27a3c534d7fc4d9b94f39b19b,10.1002_pssa.201532305-E005,trace,series,True,False,At-H exposure time (min),exposure,min,min,False,condition_sweep,condition,,,,,,time_unit_conversion,invalid,"declared unit 'min' has dimension time but the quantity's comparison group 'exposure' is exposure — the printed unit and the quantity disagree, so no conversion is safe (needs manual review)",,,False,,,,,False,W thickness (nm),film_thickness,nm,nm,False,output,output,,film_thickness,nm,film_thickness,,identity_canonical_mapping,already_canonical,,,,False,,,,,False
10.1002_pssa.201532305,10.1002_pssa.201532305,4,b,H2 100 sccm,10.1002_pssa.201532305::F4::b::2,19,03_corpus/extracted/10.1002_pssa.201532305/figure_data.json,/figures/1/panels/1/series/2,sha256:4ea00c8c199102c0c0451de3b4270e463bdb0bb27a3c534d7fc4d9b94f39b19b,10.1002_pssa.201532305-E006,trace,series,True,False,At-H exposure time (min),exposure,min,min,False,condition_sweep,condition,,,,,,time_unit_conversion,invalid,"declared unit 'min' has dimension time but the quantity's comparison group 'exposure' is exposure — the printed unit and the quantity disagree, so no conversion is safe (needs manual review)",,,False,,,,,False,W thickness (nm),film_thickness,nm,nm,False,output,output,,film_thickness,nm,film_thickness,,identity_canonical_mapping,already_canonical,,,,False,,,,,False
10.1002_pssa.201532305,10.1002_pssa.201532305,4,c,WF6 10 sccm,10.1002_pssa.201532305::F4::c::0,23,03_corpus/extracted/10.1002_pssa.201532305/figure_data.json,/figures/1/panels/2/series/0,sha256:4ea00c8c199102c0c0451de3b4270e463bdb0bb27a3c534d7fc4d9b94f39b19b,10.1002_pssa.201532305-E007,trace,series,True,False,At-H exposure time (min),exposure,min,min,False,condition_sweep,condition,,,,,,time_unit_conversion,invalid,"declared unit 'min' has dimension time but the quantity's comparison group 'exposure' is exposure — the printed unit and the quantity disagree, so no conversion is safe (needs manual review)",,,False,,,,,False,W thickness (nm),film_thickness,nm,nm,False,output,output,,film_thickness,nm,film_thickness,,identity_canonical_mapping,already_canonical,,,,False,,,,,False
10.1002_pssa.201532305,10.1002_pssa.201532305,4,c,WF6 20 sccm,10.1002_pssa.201532305::F4::c::1,23,03_corpus/extracted/10.1002_pssa.201532305/figure_data.json,/figures/1/panels/2/series/1,sha256:4ea00c8c199102c0c0451de3b4270e463bdb0bb27a3c534d7fc4d9b94f39b19b,10.1002_pssa.201532305-E008,trace,series,True,False,At-H exposure time (min),exposure,min,min,False,condition_sweep,condition,,,,,,time_unit_conversion,invalid,"declared unit 'min' has dimension time but the quantity's comparison group 'exposure' is exposure — the printed unit and the quantity disagree, so no conversion is safe (needs manual review)",,,False,,,,,False,W thickness (nm),film_thickness,nm,nm,False,output,output,,film_thickness,nm,film_thickness,,identity_canonical_mapping,already_canonical,,,,False,,,,,False
10.1002_pssa.201532305,10.1002_pssa.201532305,4,d,Ar 10 sccm,10.1002_pssa.201532305::F4::d::0,21,03_corpus/extracted/10.1002_pssa.201532305/figure_data.json,/figures/1/panels/3/series/0,sha256:4ea00c8c199102c0c0451de3b4270e463bdb0bb27a3c534d7fc4d9b94f39b19b,10.1002_pssa.201532305-E009,trace,series,True,False,At-H exposure time (min),exposure,min,min,False,condition_sweep,condition,,,,,,time_unit_conversion,invalid,"declared unit 'min' has dimension time but the quantity's comparison group 'exposure' is exposure — the printed unit and the quantity disagree, so no conversion is safe (needs manual review)",,,False,,,,,False,W thickness (nm),film_thickness,nm,nm,False,output,output,,film_thickness,nm,film_thickness,,identity_canonical_mapping,already_canonical,,,,False,,,,,False
10.1002_pssa.201532305,10.1002_pssa.201532305,4,d,Ar 100 sccm,10.1002_pssa.201532305::F4::d::1,21,03_corpus/extracted/10.1002_pssa.201532305/figure_data.json,/figures/1/panels/3/series/1,sha256:4ea00c8c199102c0c0451de3b4270e463bdb0bb27a3c534d7fc4d9b94f39b19b,10.1002_pssa.201532305-E010,trace,series,True,False,At-H exposure time (min),exposure,min,min,False,condition_sweep,condition,,,,,,time_unit_conversion,invalid,"declared unit 'min' has dimension time but the quantity's comparison group 'exposure' is exposure — the printed unit and the quantity disagree, so no conversion is safe (needs manual review)",,,False,,,,,False,W thickness (nm),film_thickness,nm,nm,False,output,output,,film_thickness,nm,film_thickness,,identity_canonical_mapping,already_canonical,,,,False,,,,,False
10.1002_pssa.201532305,10.1002_pssa.201532305,5,a,C1s,10.1002_pssa.201532305::F5::a::0,28,03_corpus/extracted/10.1002_pssa.201532305/figure_data.json,/figures/2/panels/0/series/0,sha256:4ea00c8c199102c0c0451de3b4270e463bdb0bb27a3c534d7fc4d9b94f39b19b,10.1002_pssa.201532305-E011,multi_output,unresolved,True,False,Time (min),sputter depth,nm,nm,False,unknown,,,,,,,axis_semantic_resolution,unsupported,x quantity 'sputter depth' does not resolve to any ontology QuantityKind,,,False,,,,,False,Relative thickness of W (a.u.),Atomic concentration,%,%,False,condition,condition,,,,,,axis_semantic_resolution,not_applicable,quantity 'atomic_concentration' is not a comparison target (no comparison group declares it),,,False,,,,,False
10.1002_pssa.201532305,10.1002_pssa.201532305,5,a,N1s,10.1002_pssa.201532305::F5::a::1,28,03_corpus/extracted/10.1002_pssa.201532305/figure_data.json,/figures/2/panels/0/series/1,sha256:4ea00c8c199102c0c0451de3b4270e463bdb0bb27a3c534d7fc4d9b94f39b19b,10.1002_pssa.201532305-E012,multi_output,unresolved,True,False,Time (min),sputter depth,nm,nm,False,unknown,,,,,,,axis_semantic_resolution,unsupported,x quantity 'sputter depth' does not resolve to any ontology QuantityKind,,,False,,,,,False,Relative thickness of W (a.u.),Atomic concentration,%,%,False,condition,condition,,,,,,axis_semantic_resolution,not_applicable,quantity 'atomic_concentration' is not a comparison target (no comparison group declares it),,,False,,,,,False
10.1002_pssa.201532305,10.1002_pssa.201532305,5,a,O1s,10.1002_pssa.201532305::F5::a::2,27,03_corpus/extracted/10.1002_pssa.201532305/figure_data.json,/figures/2/panels/0/series/2,sha256:4ea00c8c199102c0c0451de3b4270e463bdb0bb27a3c534d7fc4d9b94f39b19b,10.1002_pssa.201532305-E013,multi_output,unresolved,True,False,Time (min),sputter depth,nm,nm,False,unknown,,,,,,,axis_semantic_resolution,unsupported,x quantity 'sputter depth' does not resolve to any ontology QuantityKind,,,False,,,,,False,Relative thickness of W (a.u.),Atomic concentration,%,%,False,condition,condition,,,,,,axis_semantic_resolution,not_applicable,quantity 'atomic_concentration' is not a comparison target (no comparison group declares it),,,False,,,,,False
10.1002_pssa.201532305,10.1002_pssa.201532305,5,a,F1s,10.1002_pssa.201532305::F5::a::3,28,03_corpus/extracted/10.1002_pssa.201532305/figure_data.json,/figures/2/panels/0/series/3,sha256:4ea00c8c199102c0c0451de3b4270e463bdb0bb27a3c534d7fc4d9b94f39b19b,10.1002_pssa.201532305-E014,multi_output,unresolved,True,False,Time (min),sputter depth,nm,nm,False,unknown,,,,,,,axis_semantic_resolution,unsupported,x quantity 'sputter depth' does not resolve to any ontology QuantityKind,,,False,,,,,False,Relative thickness of W (a.u.),Atomic concentration,%,%,False,condition,condition,,,,,,axis_semantic_resolution,not_applicable,quantity 'atomic_concentration' is not a comparison target (no comparison group declares it),,,False,,,,,False
10.1002_pssa.201532305,10.1002_pssa.201532305,5,a,Si2p,10.1002_pssa.201532305::F5::a::4,28,03_corpus/extracted/10.1002_pssa.201532305/figure_data.json,/figures/2/panels/0/series/4,sha256:4ea00c8c199102c0c0451de3b4270e463bdb0bb27a3c534d7fc4d9b94f39b19b,10.1002_pssa.201532305-E015,multi_output,unresolved,True,False,Time (min),sputter depth,nm,nm,False,unknown,,,,,,,axis_semantic_resolution,unsupported,x quantity 'sputter depth' does not resolve to any ontology QuantityKind,,,False,,,,,False,Relative thickness of W (a.u.),Atomic concentration,%,%,False,condition,condition,,,,,,axis_semantic_resolution,not_applicable,quantity 'atomic_concentration' is not a comparison target (no comparison group declares it),,,False,,,,,False
10.1002_pssa.201532305,10.1002_pssa.201532305,5,a,W4f,10.1002_pssa.201532305::F5::a::5,26,03_corpus/extracted/10.1002_pssa.201532305/figure_data.json,/figures/2/panels/0/series/5,sha256:4ea00c8c199102c0c0451de3b4270e463bdb0bb27a3c534d7fc4d9b94f39b19b,10.1002_pssa.201532305-E016,multi_output,unresolved,True,False,Time (min),sputter depth,nm,nm,False,unknown,,,,,,,axis_semantic_resolution,unsupported,x quantity 'sputter depth' does not resolve to any ontology QuantityKind,,,False,,,,,False,Relative thickness of W (a.u.),Atomic concentration,%,%,False,condition,condition,,,,,,axis_semantic_resolution,not_applicable,quantity 'atomic_concentration' is not a comparison target (no comparison group declares it),,,False,,,,,False
10.1002_pssa.201532305,10.1002_pssa.201532305,6,a,,10.1002_pssa.201532305::F6::a::0,3,03_corpus/extracted/10.1002_pssa.201532305/figure_data.json,/figures/3/panels/0/series/0,sha256:4ea00c8c199102c0c0451de3b4270e463bdb0bb27a3c534d7fc4d9b94f39b19b,10.1002_pssa.201532305-E017,trace,series,True,False,,partial_pressure,mbar,mbar,False,condition_sweep,condition,,,,,,axis_semantic_resolution,not_applicable,quantity 'partial_pressure' is not a comparison target (no comparison group declares it),,,False,,,,,False,,Growth rate,nm/min,nm/min,False,output,output,,,,,,axis_semantic_resolution,not_applicable,quantity 'growth_rate' is not a comparison target (no comparison group declares it),,,False,,,,,False
10.1002_pssa.201532305,10.1002_pssa.201532305,7,a,,10.1002_pssa.201532305::F7::a::0,68,03_corpus/extracted/10.1002_pssa.201532305/figure_data.json,/figures/4/panels/0/series/0,sha256:4ea00c8c199102c0c0451de3b4270e463bdb0bb27a3c534d7fc4d9b94f39b19b,10.1002_pssa.201532305-E018,trace,profile,True,False,Time (min),Time,min,min,False,coordinate,coordinate,,,,,,axis_semantic_resolution,not_applicable,quantity 'time' is not a comparison target (no comparison group declares it),,,False,,,,,False,Relative thickness of W (a.u.),normalized_thickness,a.u.,a.u.,False,normalized_thickness_of_unknown_denominator,output,,,,,,axis_semantic_resolution,missing_context,"no normalization expression found in axis label, caption, panel text, figure discussion or equations",,,False,,,,,False
10.1002_pssa.201532305,10.1002_pssa.201532305,9,a,,10.1002_pssa.201532305::F9::a::0,4,03_corpus/extracted/10.1002_pssa.201532305/figure_data.json,/figures/6/panels/0/series/0,sha256:4ea00c8c199102c0c0451de3b4270e463bdb0bb27a3c534d7fc4d9b94f39b19b,10.1002_pssa.201532305-E024,profile,series,True,False,,partial_pressure,mbar,mbar,False,condition_sweep,condition,,,,,,axis_semantic_resolution,not_applicable,quantity 'partial_pressure' is not a comparison target (no comparison group declares it),,,False,,,,,False,,CVD growth rate,nm/min,nm/min,False,unknown,,,,,,,axis_semantic_resolution,unsupported,y quantity 'CVD growth rate' does not resolve to any ontology QuantityKind,,,False,,,,,False
10.1002_pssa.201532305,10.1002_pssa.201532305,10,a,,10.1002_pssa.201532305::F10::a::0,48,03_corpus/extracted/10.1002_pssa.201532305/figure_data.json,/figures/7/panels/0/series/0,sha256:4ea00c8c199102c0c0451de3b4270e463bdb0bb27a3c534d7fc4d9b94f39b19b,10.1002_pssa.201532305-E020,trace,series,True,False,Number of cycles,cycle_number,,,False,condition_sweep,condition,,,,,,axis_semantic_resolution,unsupported,"unit '' is not a recognised, convertible unit (arbitrary/uncalibrated or unparseable)",,,False,,,,,False,W thickness (nm),film_thickness,nm,nm,False,output,output,,film_thickness,nm,film_thickness,,identity_canonical_mapping,already_canonical,,,,False,,,,,False
10.1002_pssa.201532305,10.1002_pssa.201532305,11,a,,10.1002_pssa.201532305::F11::a::0,7,03_corpus/extracted/10.1002_pssa.201532305/figure_data.json,/figures/8/panels/0/series/0,sha256:4ea00c8c199102c0c0451de3b4270e463bdb0bb27a3c534d7fc4d9b94f39b19b,,,series,False,False,,pulse_time,s,s,False,condition_sweep,condition,,pulse_time,s,pulse_time,,identity_canonical_mapping,already_canonical,,,,False,,,,,False,,growth_per_cycle,nm/cycle,nm/cycle,False,output,output,,growth_per_cycle,nm/cycle,growth_per_cycle,,identity_canonical_mapping,already_canonical,,,,False,,,,,False
10.1002_pssa.201532305,10.1002_pssa.201532305,11,b,,10.1002_pssa.201532305::F11::b::0,6,03_corpus/extracted/10.1002_pssa.201532305/figure_data.json,/figures/8/panels/1/series/0,sha256:4ea00c8c199102c0c0451de3b4270e463bdb0bb27a3c534d7fc4d9b94f39b19b,,,unresolved,False,False,,Hot-wire temperature,°C,°C,False,unknown,,,,,,,axis_semantic_resolution,unsupported,x quantity 'Hot-wire temperature' does not resolve to any ontology QuantityKind,,,False,,,,,False,,growth_per_cycle,nm/cycle,nm/cycle,False,output,output,,growth_per_cycle,nm/cycle,growth_per_cycle,,identity_canonical_mapping,already_canonical,,,,False,,,,,False
10.1002_pssa.201532305,10.1002_pssa.201532305,11,c,,10.1002_pssa.201532305::F11::c::0,5,03_corpus/extracted/10.1002_pssa.201532305/figure_data.json,/figures/8/panels/2/series/0,sha256:4ea00c8c199102c0c0451de3b4270e463bdb0bb27a3c534d7fc4d9b94f39b19b,,,series,False,False,,purge_time,s,s,False,condition_sweep,condition,,,,,,axis_semantic_resolution,not_applicable,quantity 'purge_time' is not a comparison target (no comparison group declares it),,,False,,,,,False,,growth_per_cycle,nm/cycle,nm/cycle,False,output,output,,growth_per_cycle,nm/cycle,growth_per_cycle,,identity_canonical_mapping,already_canonical,,,,False,,,,,False
10.1002_pssa.201532305,10.1002_pssa.201532305,12,a,O,10.1002_pssa.201532305::F12::a::0,43,03_corpus/extracted/10.1002_pssa.201532305/figure_data.json,/figures/9/panels/0/series/0,sha256:4ea00c8c199102c0c0451de3b4270e463bdb0bb27a3c534d7fc4d9b94f39b19b,10.1002_pssa.201532305-E024,profile,profile,False,False,,spatial_coordinate,nm,nm,False,spatial_coordinate,coordinate,,spatial_coordinate,µm,spatial_position,,length_unit_conversion,converted,,,,False,,,,,False,,Atomic concentration,%,%,False,condition,condition,,,,,,axis_semantic_resolution,not_applicable,quantity 'atomic_concentration' is not a comparison target (no comparison group declares it),,,False,,,,,False
10.1002_pssa.201532305,10.1002_pssa.201532305,12,a,Si,10.1002_pssa.201532305::F12::a::1,43,03_corpus/extracted/10.1002_pssa.201532305/figure_data.json,/figures/9/panels/0/series/1,sha256:4ea00c8c199102c0c0451de3b4270e463bdb0bb27a3c534d7fc4d9b94f39b19b,10.1002_pssa.201532305-E025,profile,profile,False,False,,spatial_coordinate,nm,nm,False,spatial_coordinate,coordinate,,spatial_coordinate,µm,spatial_position,,length_unit_conversion,converted,,,,False,,,,,False,,Atomic concentration,%,%,False,condition,condition,,,,,,axis_semantic_resolution,not_applicable,quantity 'atomic_concentration' is not a comparison target (no comparison group declares it),,,False,,,,,False
10.1002_pssa.201532305,10.1002_pssa.201532305,12,a,W,10.1002_pssa.201532305::F12::a::2,50,03_corpus/extracted/10.1002_pssa.201532305/figure_data.json,/figures/9/panels/0/series/2,sha256:4ea00c8c199102c0c0451de3b4270e463bdb0bb27a3c534d7fc4d9b94f39b19b,10.1002_pssa.201532305-E026,profile,profile,False,False,,spatial_coordinate,nm,nm,False,spatial_coordinate,coordinate,,spatial_coordinate,µm,spatial_position,,length_unit_conversion,converted,,,,False,,,,,False,,Atomic concentration,%,%,False,condition,condition,,,,,,axis_semantic_resolution,not_applicable,quantity 'atomic_concentration' is not a comparison target (no comparison group declares it),,,False,,,,,False
10.1002_pssa.201532305,10.1002_pssa.201532305,12,a,F,10.1002_pssa.201532305::F12::a::3,17,03_corpus/extracted/10.1002_pssa.201532305/figure_data.json,/figures/9/panels/0/series/3,sha256:4ea00c8c199102c0c0451de3b4270e463bdb0bb27a3c534d7fc4d9b94f39b19b,10.1002_pssa.201532305-E027,profile,profile,False,False,,spatial_coordinate,nm,nm,False,spatial_coordinate,coordinate,,spatial_coordinate,µm,spatial_position,,length_unit_conversion,converted,,,,False,,,,,False,,Atomic concentration,%,%,False,condition,condition,,,,,,axis_semantic_resolution,not_applicable,quantity 'atomic_concentration' is not a comparison target (no comparison group declares it),,,False,,,,,False
10.1007_s12274-010-0066-9,10.1007_s12274-010-0066-9,1,f,200 ALD cycles,10.1007_s12274-010-0066-9::F1::f::0,36,03_corpus/extracted/10.1007_s12274-010-0066-9/figure_data.json,/figures/0/panels/5/series/0,sha256:e9bb07a7aae4e8877ca39b45c575ad0c20668eb3306cf7fca912c8f52316ae04,10.1007_s12274-010-0066-9-E000,multi_output,unresolved,True,False,,2θ,°,°,False,unknown,,,,,,,axis_semantic_resolution,unsupported,x quantity '2θ' does not resolve to any ontology QuantityKind,,,False,,,,,False,,Intensity,a.u.,a.u.,False,output,output,,,,,,axis_semantic_resolution,not_applicable,quantity 'intensity' is not a comparison target (no comparison group declares it),,,False,,,,,False
10.1016_j.jcrysgro.2017.04.019,10.1016_j.jcrysgro.2017.04.019,6,a,Al2O3,10.1016_j.jcrysgro.2017.04.019::F6::a::0,10,03_corpus/extracted/10.1016_j.jcrysgro.2017.04.019/figure_data.json,/figures/0/panels/0/series/0,sha256:dbea4fa8990d997197995497418af2cf262c9731b6c12a8185940562fd90a9c9,,,series,False,False,No of cycles,cycle_number,,,False,condition_sweep,condition,,,,,,axis_semantic_resolution,unsupported,"unit '' is not a recognised, convertible unit (arbitrary/uncalibrated or unparseable)",,,False,,,,,False,Film thickness,film_thickness,,,False,output,output,,,,,,axis_semantic_resolution,unsupported,"unit '' is not a recognised, convertible unit (arbitrary/uncalibrated or unparseable)",,,False,,,,,False
10.1016_j.jcrysgro.2017.04.019,10.1016_j.jcrysgro.2017.04.019,6,a,Si,10.1016_j.jcrysgro.2017.04.019::F6::a::1,10,03_corpus/extracted/10.1016_j.jcrysgro.2017.04.019/figure_data.json,/figures/0/panels/0/series/1,sha256:dbea4fa8990d997197995497418af2cf262c9731b6c12a8185940562fd90a9c9,,,series,False,False,No of cycles,cycle_number,,,False,condition_sweep,condition,,,,,,axis_semantic_resolution,unsupported,"unit '' is not a recognised, convertible unit (arbitrary/uncalibrated or unparseable)",,,False,,,,,False,Film thickness,film_thickness,,,False,output,output,,,,,,axis_semantic_resolution,unsupported,"unit '' is not a recognised, convertible unit (arbitrary/uncalibrated or unparseable)",,,False,,,,,False
10.1016_j.jcrysgro.2017.04.019,10.1016_j.jcrysgro.2017.04.019,6,a,SiO2,10.1016_j.jcrysgro.2017.04.019::F6::a::2,10,03_corpus/extracted/10.1016_j.jcrysgro.2017.04.019/figure_data.json,/figures/0/panels/0/series/2,sha256:dbea4fa8990d997197995497418af2cf262c9731b6c12a8185940562fd90a9c9,,,series,False,False,No of cycles,cycle_number,,,False,condition_sweep,condition,,,,,,axis_semantic_resolution,unsupported,"unit '' is not a recognised, convertible unit (arbitrary/uncalibrated or unparseable)",,,False,,,,,False,Film thickness,film_thickness,,,False,output,output,,,,,,axis_semantic_resolution,unsupported,"unit '' is not a recognised, convertible unit (arbitrary/uncalibrated or unparseable)",,,False,,,,,False
10.1016_j.mee.2018.01.027,10.1016_j.mee.2018.01.027,4,b,9th Talbot Order,10.1016_j.mee.2018.01.027::F4::b::0,20,03_corpus/extracted/10.1016_j.mee.2018.01.027/figure_data.json,/figures/0/panels/1/series/0,sha256:05efc0c1830cfa6e1b4b0b6eac9951ef9122077af11380cee18519b03b527087,,,unresolved,False,False,,visibility,,,False,unknown,,,,,,,axis_semantic_resolution,unsupported,x quantity 'visibility' does not resolve to any ontology QuantityKind,,,False,,,,,False,,count,,,False,unknown,,,,,,,axis_semantic_resolution,unsupported,y quantity 'count' does not resolve to any ontology QuantityKind,,,False,,,,,False
10.1016_j.mee.2018.01.027,10.1016_j.mee.2018.01.027,4,c,13th Talbot Order,10.1016_j.mee.2018.01.027::F4::c::0,21,03_corpus/extracted/10.1016_j.mee.2018.01.027/figure_data.json,/figures/0/panels/2/series/0,sha256:05efc0c1830cfa6e1b4b0b6eac9951ef9122077af11380cee18519b03b527087,,,unresolved,False,False,,visibility,,,False,unknown,,,,,,,axis_semantic_resolution,unsupported,x quantity 'visibility' does not resolve to any ontology QuantityKind,,,False,,,,,False,,count,,,False,unknown,,,,,,,axis_semantic_resolution,unsupported,y quantity 'count' does not resolve to any ontology QuantityKind,,,False,,,,,False
10.1016_j.sse.2022.108584,10.1016_j.sse.2022.108584,2,a,θ_{sat} < 0.5,10.1016_j.sse.2022.108584::F2::a::0,6,03_corpus/extracted/10.1016_j.sse.2022.108584/figure_data.json,/figures/0/panels/0/series/0,sha256:e8c0c1fa8f81f7f2752a17a53da0360690f14b5fcc848d23beb3395ef6f946fa,,,unresolved,False,False,,β_0,,,False,unknown,,,,,,,axis_semantic_resolution,unsupported,x quantity 'β_0' does not resolve to any ontology QuantityKind,,,False,,,,,False,,Γ_{ev}/Γ_0,,,False,unknown,,,,,,,axis_semantic_resolution,unsupported,y quantity 'Γ_{ev}/Γ_0' does not resolve to any ontology QuantityKind,,,False,,,,,False
10.1016_j.sse.2022.108584,10.1016_j.sse.2022.108584,2,a,θ_{sat} < 0.9,10.1016_j.sse.2022.108584::F2::a::1,11,03_corpus/extracted/10.1016_j.sse.2022.108584/figure_data.json,/figures/0/panels/0/series/1,sha256:e8c0c1fa8f81f7f2752a17a53da0360690f14b5fcc848d23beb3395ef6f946fa,,,unresolved,False,False,,β_0,,,False,unknown,,,,,,,axis_semantic_resolution,unsupported,x quantity 'β_0' does not resolve to any ontology QuantityKind,,,False,,,,,False,,Γ_{ev}/Γ_0,,,False,unknown,,,,,,,axis_semantic_resolution,unsupported,y quantity 'Γ_{ev}/Γ_0' does not resolve to any ontology QuantityKind,,,False,,,,,False
10.1016_j.sse.2022.108584,10.1016_j.sse.2022.108584,2,a,θ_{sat} < 0.99,10.1016_j.sse.2022.108584::F2::a::2,16,03_corpus/extracted/10.1016_j.sse.2022.108584/figure_data.json,/figures/0/panels/0/series/2,sha256:e8c0c1fa8f81f7f2752a17a53da0360690f14b5fcc848d23beb3395ef6f946fa,,,unresolved,False,False,,β_0,,,False,unknown,,,,,,,axis_semantic_resolution,unsupported,x quantity 'β_0' does not resolve to any ontology QuantityKind,,,False,,,,,False,,Γ_{ev}/Γ_0,,,False,unknown,,,,,,,axis_semantic_resolution,unsupported,y quantity 'Γ_{ev}/Γ_0' does not resolve to any ontology QuantityKind,,,False,,,,,False
10.1016_j.sse.2022.108584,10.1016_j.sse.2022.108584,2,a,t_p < 10 s,10.1016_j.sse.2022.108584::F2::a::3,16,03_corpus/extracted/10.1016_j.sse.2022.108584/figure_data.json,/figures/0/panels/0/series/3,sha256:e8c0c1fa8f81f7f2752a17a53da0360690f14b5fcc848d23beb3395ef6f946fa,,,unresolved,False,False,,β_0,,,False,unknown,,,,,,,axis_semantic_resolution,unsupported,x quantity 'β_0' does not resolve to any ontology QuantityKind,,,False,,,,,False,,Γ_{ev}/Γ_0,,,False,unknown,,,,,,,axis_semantic_resolution,unsupported,y quantity 'Γ_{ev}/Γ_0' does not resolve to any ontology QuantityKind,,,False,,,,,False
10.1016_j.sse.2022.108584,10.1016_j.sse.2022.108584,2,a,t_p < 1 s,10.1016_j.sse.2022.108584::F2::a::4,10,03_corpus/extracted/10.1016_j.sse.2022.108584/figure_data.json,/figures/0/panels/0/series/4,sha256:e8c0c1fa8f81f7f2752a17a53da0360690f14b5fcc848d23beb3395ef6f946fa,,,unresolved,False,False,,β_0,,,False,unknown,,,,,,,axis_semantic_resolution,unsupported,x quantity 'β_0' does not resolve to any ontology QuantityKind,,,False,,,,,False,,Γ_{ev}/Γ_0,,,False,unknown,,,,,,,axis_semantic_resolution,unsupported,y quantity 'Γ_{ev}/Γ_0' does not resolve to any ontology QuantityKind,,,False,,,,,False
10.1016_j.sse.2022.108584,10.1016_j.sse.2022.108584,2,a,t_p < 0.1 s,10.1016_j.sse.2022.108584::F2::a::5,7,03_corpus/extracted/10.1016_j.sse.2022.108584/figure_data.json,/figures/0/panels/0/series/5,sha256:e8c0c1fa8f81f7f2752a17a53da0360690f14b5fcc848d23beb3395ef6f946fa,,,unresolved,False,False,,β_0,,,False,unknown,,,,,,,axis_semantic_resolution,unsupported,x quantity 'β_0' does not resolve to any ontology QuantityKind,,,False,,,,,False,,Γ_{ev}/Γ_0,,,False,unknown,,,,,,,axis_semantic_resolution,unsupported,y quantity 'Γ_{ev}/Γ_0' does not resolve to any ontology QuantityKind,,,False,,,,,False
10.1016_j.sse.2022.108584,10.1016_j.sse.2022.108584,4,a,"Arts 2019, 310 °C",10.1016_j.sse.2022.108584::F4::a::0,50,03_corpus/extracted/10.1016_j.sse.2022.108584/figure_data.json,/figures/1/panels/0/series/0,sha256:e8c0c1fa8f81f7f2752a17a53da0360690f14b5fcc848d23beb3395ef6f946fa,,,profile,False,False,,spatial_coordinate,µm,µm,False,spatial_coordinate,coordinate,,spatial_coordinate,µm,spatial_position,,identity_canonical_mapping,already_canonical,,,,False,,,,,False,,film_thickness,nm,nm,False,output,output,,film_thickness,nm,film_thickness,,identity_canonical_mapping,already_canonical,,,,False,,,,,False
10.1016_j.sse.2022.108584,10.1016_j.sse.2022.108584,4,a,"Model, 310 °C",10.1016_j.sse.2022.108584::F4::a::1,25,03_corpus/extracted/10.1016_j.sse.2022.108584/figure_data.json,/figures/1/panels/0/series/1,sha256:e8c0c1fa8f81f7f2752a17a53da0360690f14b5fcc848d23beb3395ef6f946fa,,,profile,False,False,,spatial_coordinate,µm,µm,False,spatial_coordinate,coordinate,,spatial_coordinate,µm,spatial_position,,identity_canonical_mapping,already_canonical,,,,False,,,,,False,,film_thickness,nm,nm,False,output,output,,film_thickness,nm,film_thickness,,identity_canonical_mapping,already_canonical,,,,False,,,,,False
10.1016_j.sse.2022.108584,10.1016_j.sse.2022.108584,4,a,"Arts 2019, 220 °C",10.1016_j.sse.2022.108584::F4::a::2,43,03_corpus/extracted/10.1016_j.sse.2022.108584/figure_data.json,/figures/1/panels/0/series/2,sha256:e8c0c1fa8f81f7f2752a17a53da0360690f14b5fcc848d23beb3395ef6f946fa,,,profile,False,False,,spatial_coordinate,µm,µm,False,spatial_coordinate,coordinate,,spatial_coordinate,µm,spatial_position,,identity_canonical_mapping,already_canonical,,,,False,,,,,False,,film_thickness,nm,nm,False,output,output,,film_thickness,nm,film_thickness,,identity_canonical_mapping,already_canonical,,,,False,,,,,False
10.1016_j.sse.2022.108584,10.1016_j.sse.2022.108584,4,a,"Model, 220 °C",10.1016_j.sse.2022.108584::F4::a::3,24,03_corpus/extracted/10.1016_j.sse.2022.108584/figure_data.json,/figures/1/panels/0/series/3,sha256:e8c0c1fa8f81f7f2752a17a53da0360690f14b5fcc848d23beb3395ef6f946fa,,,profile,False,False,,spatial_coordinate,µm,µm,False,spatial_coordinate,coordinate,,spatial_coordinate,µm,spatial_position,,identity_canonical_mapping,already_canonical,,,,False,,,,,False,,film_thickness,nm,nm,False,output,output,,film_thickness,nm,film_thickness,,identity_canonical_mapping,already_canonical,,,,False,,,,,False
10.1016_j.sse.2022.108584,10.1016_j.sse.2022.108584,4,a,"Arts 2019, 150 °C",10.1016_j.sse.2022.108584::F4::a::4,42,03_corpus/extracted/10.1016_j.sse.2022.108584/figure_data.json,/figures/1/panels/0/series/4,sha256:e8c0c1fa8f81f7f2752a17a53da0360690f14b5fcc848d23beb3395ef6f946fa,,,profile,False,False,,spatial_coordinate,µm,µm,False,spatial_coordinate,coordinate,,spatial_coordinate,µm,spatial_position,,identity_canonical_mapping,already_canonical,,,,False,,,,,False,,film_thickness,nm,nm,False,output,output,,film_thickness,nm,film_thickness,,identity_canonical_mapping,already_canonical,,,,False,,,,,False
10.1016_j.sse.2022.108584,10.1016_j.sse.2022.108584,4,a,"Model, 150 °C",10.1016_j.sse.2022.108584::F4::a::5,17,03_corpus/extracted/10.1016_j.sse.2022.108584/figure_data.json,/figures/1/panels/0/series/5,sha256:e8c0c1fa8f81f7f2752a17a53da0360690f14b5fcc848d23beb3395ef6f946fa,,,profile,False,False,,spatial_coordinate,µm,µm,False,spatial_coordinate,coordinate,,spatial_coordinate,µm,spatial_position,,identity_canonical_mapping,already_canonical,,,,False,,,,,False,,film_thickness,nm,nm,False,output,output,,film_thickness,nm,film_thickness,,identity_canonical_mapping,already_canonical,,,,False,,,,,False
10.1016_j.sse.2022.108584,10.1016_j.sse.2022.108584,5,a,beta_0,10.1016_j.sse.2022.108584::F5::a::0,8,03_corpus/extracted/10.1016_j.sse.2022.108584/figure_data.json,/figures/2/panels/0/series/0,sha256:e8c0c1fa8f81f7f2752a17a53da0360690f14b5fcc848d23beb3395ef6f946fa,,,unresolved,False,False,,1/T,1/K,1/K,False,unknown,,,,,,,axis_semantic_resolution,unsupported,x quantity '1/T' does not resolve to any ontology QuantityKind,,,False,,,,,False,,ln(beta_0),,,False,unknown,,,,,,,axis_semantic_resolution,unsupported,y quantity 'ln(beta_0)' does not resolve to any ontology QuantityKind,,,False,,,,,False
10.1016_j.sse.2022.108584,10.1016_j.sse.2022.108584,5,a,Gamma_ev,10.1016_j.sse.2022.108584::F5::a::1,8,03_corpus/extracted/10.1016_j.sse.2022.108584/figure_data.json,/figures/2/panels/0/series/1,sha256:e8c0c1fa8f81f7f2752a17a53da0360690f14b5fcc848d23beb3395ef6f946fa,,,unresolved,False,False,,1/T,1/K,1/K,False,unknown,,,,,,,axis_semantic_resolution,unsupported,x quantity '1/T' does not resolve to any ontology QuantityKind,,,False,,,,,False,,ln(beta_0),,,False,unknown,,,,,,,axis_semantic_resolution,unsupported,y quantity 'ln(beta_0)' does not resolve to any ontology QuantityKind,,,False,,,,,False
10.1016_j.sse.2022.108584,10.1016_j.sse.2022.108584,5,b,t_p,10.1016_j.sse.2022.108584::F5::b::0,17,03_corpus/extracted/10.1016_j.sse.2022.108584/figure_data.json,/figures/2/panels/1/series/0,sha256:e8c0c1fa8f81f7f2752a17a53da0360690f14b5fcc848d23beb3395ef6f946fa,,,series,False,False,,deposition_temperature,°C,°C,False,condition_sweep,condition,,deposition_temperature,K,process_temperature,,temperature_unit_conversion,converted,,,,False,,,,,False,,pulse_time,s,s,False,condition,condition,,pulse_time,s,pulse_time,,identity_canonical_mapping,already_canonical,,,,False,,,,,False
10.1016_j.sse.2022.108584,10.1016_j.sse.2022.108584,5,b,theta_sat,10.1016_j.sse.2022.108584::F5::b::1,17,03_corpus/extracted/10.1016_j.sse.2022.108584/figure_data.json,/figures/2/panels/1/series/1,sha256:e8c0c1fa8f81f7f2752a17a53da0360690f14b5fcc848d23beb3395ef6f946fa,,,series,False,False,,deposition_temperature,°C,°C,False,condition_sweep,condition,,deposition_temperature,K,process_temperature,,temperature_unit_conversion,converted,,,,False,,,,,False,,pulse_time,s,s,False,condition,condition,,pulse_time,s,pulse_time,,identity_canonical_mapping,already_canonical,,,,False,,,,,False
10.1016_j.sse.2022.108584,10.1016_j.sse.2022.108584,5,b,SC_sat,10.1016_j.sse.2022.108584::F5::b::2,17,03_corpus/extracted/10.1016_j.sse.2022.108584/figure_data.json,/figures/2/panels/1/series/2,sha256:e8c0c1fa8f81f7f2752a17a53da0360690f14b5fcc848d23beb3395ef6f946fa,,,series,False,False,,deposition_temperature,°C,°C,False,condition_sweep,condition,,deposition_temperature,K,process_temperature,,temperature_unit_conversion,converted,,,,False,,,,,False,,pulse_time,s,s,False,condition,condition,,pulse_time,s,pulse_time,,identity_canonical_mapping,already_canonical,,,,False,,,,,False
10.1016_j.sse.2022.108584,10.1016_j.sse.2022.108584,6,a,Ylilammi 2018,10.1016_j.sse.2022.108584::F6::a::0,21,03_corpus/extracted/10.1016_j.sse.2022.108584/figure_data.json,/figures/3/panels/0/series/0,sha256:e8c0c1fa8f81f7f2752a17a53da0360690f14b5fcc848d23beb3395ef6f946fa,,,profile,False,False,,spatial_coordinate,μm,μm,False,spatial_coordinate,coordinate,,spatial_coordinate,µm,spatial_position,,identity_canonical_mapping,already_canonical,,,,False,,,,,False,,film_thickness,nm,nm,False,output,output,,film_thickness,nm,film_thickness,,identity_canonical_mapping,already_canonical,,,,False,,,,,False
10.1016_j.sse.2022.108584,10.1016_j.sse.2022.108584,6,a,"Yim and Ylivaara 2020, t_p = 0.2 s",10.1016_j.sse.2022.108584::F6::a::1,28,03_corpus/extracted/10.1016_j.sse.2022.108584/figure_data.json,/figures/3/panels/0/series/1,sha256:e8c0c1fa8f81f7f2752a17a53da0360690f14b5fcc848d23beb3395ef6f946fa,,,profile,False,False,,spatial_coordinate,μm,μm,False,spatial_coordinate,coordinate,,spatial_coordinate,µm,spatial_position,,identity_canonical_mapping,already_canonical,,,,False,,,,,False,,film_thickness,nm,nm,False,output,output,,film_thickness,nm,film_thickness,,identity_canonical_mapping,already_canonical,,,,False,,,,,False
10.1016_j.sse.2022.108584,10.1016_j.sse.2022.108584,6,a,"Yim and Ylivaara 2020, t_p = 0.1 s",10.1016_j.sse.2022.108584::F6::a::2,36,03_corpus/extracted/10.1016_j.sse.2022.108584/figure_data.json,/figures/3/panels/0/series/2,sha256:e8c0c1fa8f81f7f2752a17a53da0360690f14b5fcc848d23beb3395ef6f946fa,,,profile,False,False,,spatial_coordinate,μm,μm,False,spatial_coordinate,coordinate,,spatial_coordinate,µm,spatial_position,,identity_canonical_mapping,already_canonical,,,,False,,,,,False,,film_thickness,nm,nm,False,output,output,,film_thickness,nm,film_thickness,,identity_canonical_mapping,already_canonical,,,,False,,,,,False
10.1016_j.sse.2022.108584,10.1016_j.sse.2022.108584,6,a,Arts 2019,10.1016_j.sse.2022.108584::F6::a::3,54,03_corpus/extracted/10.1016_j.sse.2022.108584/figure_data.json,/figures/3/panels/0/series/3,sha256:e8c0c1fa8f81f7f2752a17a53da0360690f14b5fcc848d23beb3395ef6f946fa,,,profile,False,False,,spatial_coordinate,μm,μm,False,spatial_coordinate,coordinate,,spatial_coordinate,µm,spatial_position,,identity_canonical_mapping,already_canonical,,,,False,,,,,False,,film_thickness,nm,nm,False,output,output,,film_thickness,nm,film_thickness,,identity_canonical_mapping,already_canonical,,,,False,,,,,False
10.1016_j.sse.2022.108584,10.1016_j.sse.2022.108584,7,a,"Yim and Ylivaara 2020, d = 2.0 µm",10.1016_j.sse.2022.108584::F7::a::0,17,03_corpus/extracted/10.1016_j.sse.2022.108584/figure_data.json,/figures/4/panels/0/series/0,sha256:e8c0c1fa8f81f7f2752a17a53da0360690f14b5fcc848d23beb3395ef6f946fa,,,profile,False,False,,spatial_coordinate,um,um,False,spatial_coordinate,coordinate,,spatial_coordinate,µm,spatial_position,,identity_canonical_mapping,already_canonical,,,,False,,,,,False,,film_thickness,nm,nm,False,output,output,,film_thickness,nm,film_thickness,,identity_canonical_mapping,already_canonical,,,,False,,,,,False
10.1016_j.sse.2022.108584,10.1016_j.sse.2022.108584,7,a,"Yim and Ylivaara 2020, d = 0.5 µm",10.1016_j.sse.2022.108584::F7::a::1,21,03_corpus/extracted/10.1016_j.sse.2022.108584/figure_data.json,/figures/4/panels/0/series/1,sha256:e8c0c1fa8f81f7f2752a17a53da0360690f14b5fcc848d23beb3395ef6f946fa,,,profile,False,False,,spatial_coordinate,um,um,False,spatial_coordinate,coordinate,,spatial_coordinate,µm,spatial_position,,identity_canonical_mapping,already_canonical,,,,False,,,,,False,,film_thickness,nm,nm,False,output,output,,film_thickness,nm,film_thickness,,identity_canonical_mapping,already_canonical,,,,False,,,,,False
10.1016_j.sse.2022.108584,10.1016_j.sse.2022.108584,7,a,"Yim and Ylivaara 2020, d = 0.1 µm",10.1016_j.sse.2022.108584::F7::a::2,16,03_corpus/extracted/10.1016_j.sse.2022.108584/figure_data.json,/figures/4/panels/0/series/2,sha256:e8c0c1fa8f81f7f2752a17a53da0360690f14b5fcc848d23beb3395ef6f946fa,,,profile,False,False,,spatial_coordinate,um,um,False,spatial_coordinate,coordinate,,spatial_coordinate,µm,spatial_position,,identity_canonical_mapping,already_canonical,,,,False,,,,,False,,film_thickness,nm,nm,False,output,output,,film_thickness,nm,film_thickness,,identity_canonical_mapping,already_canonical,,,,False,,,,,False
10.1016_j.sse.2022.108584,10.1016_j.sse.2022.108584,7,a,"Knudsen, d = 2.0 µm",10.1016_j.sse.2022.108584::F7::a::3,15,03_corpus/extracted/10.1016_j.sse.2022.108584/figure_data.json,/figures/4/panels/0/series/3,sha256:e8c0c1fa8f81f7f2752a17a53da0360690f14b5fcc848d23beb3395ef6f946fa,,,profile,False,False,,spatial_coordinate,um,um,False,spatial_coordinate,coordinate,,spatial_coordinate,µm,spatial_position,,identity_canonical_mapping,already_canonical,,,,False,,,,,False,,film_thickness,nm,nm,False,output,output,,film_thickness,nm,film_thickness,,identity_canonical_mapping,already_canonical,,,,False,,,,,False
10.1016_j.sse.2022.108584,10.1016_j.sse.2022.108584,7,a,"Bosanquet, d = 2.0 µm",10.1016_j.sse.2022.108584::F7::a::4,13,03_corpus/extracted/10.1016_j.sse.2022.108584/figure_data.json,/figures/4/panels/0/series/4,sha256:e8c0c1fa8f81f7f2752a17a53da0360690f14b5fcc848d23beb3395ef6f946fa,,,profile,False,False,,spatial_coordinate,um,um,False,spatial_coordinate,coordinate,,spatial_coordinate,µm,spatial_position,,identity_canonical_mapping,already_canonical,,,,False,,,,,False,,film_thickness,nm,nm,False,output,output,,film_thickness,nm,film_thickness,,identity_canonical_mapping,already_canonical,,,,False,,,,,False
10.1016_j.tsf.2012.11.127,10.1016_j.tsf.2012.11.127,2,a,Thickness,10.1016_j.tsf.2012.11.127::F2::a::0,4,03_corpus/extracted/10.1016_j.tsf.2012.11.127/figure_data.json,/figures/0/panels/0/series/0,sha256:dbcec85eedcc0e60150284a876496b592e55b9ecfc8dd3ceaa15414e627978e8,,,series,False,False,Number of cycles,cycle_number,,,False,condition_sweep,condition,,,,,,axis_semantic_resolution,unsupported,"unit '' is not a recognised, convertible unit (arbitrary/uncalibrated or unparseable)",,,False,,,,,False,Thickness (nm),film_thickness,nm,nm,False,output,output,,film_thickness,nm,film_thickness,,identity_canonical_mapping,already_canonical,,,,False,,,,,False
10.1016_j.tsf.2012.11.127,10.1016_j.tsf.2012.11.127,3,a,Fe:Zr=1:80,10.1016_j.tsf.2012.11.127::F3::a::0,21,03_corpus/extracted/10.1016_j.tsf.2012.11.127/figure_data.json,/figures/1/panels/0/series/0,sha256:dbcec85eedcc0e60150284a876496b592e55b9ecfc8dd3ceaa15414e627978e8,,,unresolved,False,False,Number of cycles,[eV],eV,eV,False,unknown,,,,,,,axis_semantic_resolution,unsupported,x quantity '[eV]' does not resolve to any ontology QuantityKind,,,False,,,,,False,Thickness (nm),XPS intensity,a.u.,a.u.,False,unknown,,,,,,,axis_semantic_resolution,unsupported,y quantity 'XPS intensity' does not resolve to any ontology QuantityKind,,,False,,,,,False
10.1016_j.tsf.2012.11.127,10.1016_j.tsf.2012.11.127,3,a,Fe:Zr=1:200,10.1016_j.tsf.2012.11.127::F3::a::1,13,03_corpus/extracted/10.1016_j.tsf.2012.11.127/figure_data.json,/figures/1/panels/0/series/1,sha256:dbcec85eedcc0e60150284a876496b592e55b9ecfc8dd3ceaa15414e627978e8,,,unresolved,False,False,Number of cycles,[eV],eV,eV,False,unknown,,,,,,,axis_semantic_resolution,unsupported,x quantity '[eV]' does not resolve to any ontology QuantityKind,,,False,,,,,False,Thickness (nm),XPS intensity,a.u.,a.u.,False,unknown,,,,,,,axis_semantic_resolution,unsupported,y quantity 'XPS intensity' does not resolve to any ontology QuantityKind,,,False,,,,,False
10.1016_j.tsf.2012.11.127,10.1016_j.tsf.2012.11.127,3,a,ZrO2,10.1016_j.tsf.2012.11.127::F3::a::2,10,03_corpus/extracted/10.1016_j.tsf.2012.11.127/figure_data.json,/figures/1/panels/0/series/2,sha256:dbcec85eedcc0e60150284a876496b592e55b9ecfc8dd3ceaa15414e627978e8,,,unresolved,False,False,Number of cycles,[eV],eV,eV,False,unknown,,,,,,,axis_semantic_resolution,unsupported,x quantity '[eV]' does not resolve to any ontology QuantityKind,,,False,,,,,False,Thickness (nm),XPS intensity,a.u.,a.u.,False,unknown,,,,,,,axis_semantic_resolution,unsupported,y quantity 'XPS intensity' does not resolve to any ontology QuantityKind,,,False,,,,,False
10.1016_j.tsf.2012.11.127,10.1016_j.tsf.2012.11.127,4,a,ZrO2,10.1016_j.tsf.2012.11.127::F4::a::0,27,03_corpus/extracted/10.1016_j.tsf.2012.11.127/figure_data.json,/figures/2/panels/0/series/0,sha256:dbcec85eedcc0e60150284a876496b592e55b9ecfc8dd3ceaa15414e627978e8,10.1016_j.tsf.2012.11.127-E004,multi_output,correlation,True,False,,wavelength,nm,nm,False,output,output,,,,,,axis_semantic_resolution,not_applicable,quantity 'wavelength' is not a comparison target (no comparison group declares it),,,False,,,,,False,,Psi,°,°,False,unknown,,,,,,,axis_semantic_resolution,unsupported,y quantity 'Psi' does not resolve to any ontology QuantityKind,,,False,,,,,False
10.1016_j.tsf.2012.11.127,10.1016_j.tsf.2012.11.127,4,a,Fe:Zr 1:200,10.1016_j.tsf.2012.11.127::F4::a::1,24,03_corpus/extracted/10.1016_j.tsf.2012.11.127/figure_data.json,/figures/2/panels/0/series/1,sha256:dbcec85eedcc0e60150284a876496b592e55b9ecfc8dd3ceaa15414e627978e8,10.1016_j.tsf.2012.11.127-E005,multi_output,correlation,True,False,,wavelength,nm,nm,False,output,output,,,,,,axis_semantic_resolution,not_applicable,quantity 'wavelength' is not a comparison target (no comparison group declares it),,,False,,,,,False,,Psi,°,°,False,unknown,,,,,,,axis_semantic_resolution,unsupported,y quantity 'Psi' does not resolve to any ontology QuantityKind,,,False,,,,,False
10.1016_j.tsf.2012.11.127,10.1016_j.tsf.2012.11.127,4,a,Fe:Zr 1:135,10.1016_j.tsf.2012.11.127::F4::a::2,24,03_corpus/extracted/10.1016_j.tsf.2012.11.127/figure_data.json,/figures/2/panels/0/series/2,sha256:dbcec85eedcc0e60150284a876496b592e55b9ecfc8dd3ceaa15414e627978e8,10.1016_j.tsf.2012.11.127-E006,multi_output,correlation,True,False,,wavelength,nm,nm,False,output,output,,,,,,axis_semantic_resolution,not_applicable,quantity 'wavelength' is not a comparison target (no comparison group declares it),,,False,,,,,False,,Psi,°,°,False,unknown,,,,,,,axis_semantic_resolution,unsupported,y quantity 'Psi' does not resolve to any ontology QuantityKind,,,False,,,,,False
10.1016_j.tsf.2012.11.127,10.1016_j.tsf.2012.11.127,4,a,Fe:Zr 1:80,10.1016_j.tsf.2012.11.127::F4::a::3,24,03_corpus/extracted/10.1016_j.tsf.2012.11.127/figure_data.json,/figures/2/panels/0/series/3,sha256:dbcec85eedcc0e60150284a876496b592e55b9ecfc8dd3ceaa15414e627978e8,10.1016_j.tsf.2012.11.127-E007,multi_output,correlation,True,False,,wavelength,nm,nm,False,output,output,,,,,,axis_semantic_resolution,not_applicable,quantity 'wavelength' is not a comparison target (no comparison group declares it),,,False,,,,,False,,Psi,°,°,False,unknown,,,,,,,axis_semantic_resolution,unsupported,y quantity 'Psi' does not resolve to any ontology QuantityKind,,,False,,,,,False
10.1016_j.tsf.2012.11.127,10.1016_j.tsf.2012.11.127,4,b,ZrO2,10.1016_j.tsf.2012.11.127::F4::b::0,23,03_corpus/extracted/10.1016_j.tsf.2012.11.127/figure_data.json,/figures/2/panels/1/series/0,sha256:dbcec85eedcc0e60150284a876496b592e55b9ecfc8dd3ceaa15414e627978e8,10.1016_j.tsf.2012.11.127-E008,multi_output,correlation,True,False,,wavelength,nm,nm,False,output,output,,,,,,axis_semantic_resolution,not_applicable,quantity 'wavelength' is not a comparison target (no comparison group declares it),,,False,,,,,False,,Delta,°,°,False,unknown,,,,,,,axis_semantic_resolution,unsupported,y quantity 'Delta' does not resolve to any ontology QuantityKind,,,False,,,,,False
10.1016_j.tsf.2012.11.127,10.1016_j.tsf.2012.11.127,4,b,Fe:Zr 1:200,10.1016_j.tsf.2012.11.127::F4::b::1,24,03_corpus/extracted/10.1016_j.tsf.2012.11.127/figure_data.json,/figures/2/panels/1/series/1,sha256:dbcec85eedcc0e60150284a876496b592e55b9ecfc8dd3ceaa15414e627978e8,10.1016_j.tsf.2012.11.127-E009,multi_output,correlation,True,False,,wavelength,nm,nm,False,output,output,,,,,,axis_semantic_resolution,not_applicable,quantity 'wavelength' is not a comparison target (no comparison group declares it),,,False,,,,,False,,Delta,°,°,False,unknown,,,,,,,axis_semantic_resolution,unsupported,y quantity 'Delta' does not resolve to any ontology QuantityKind,,,False,,,,,False
10.1016_j.tsf.2012.11.127,10.1016_j.tsf.2012.11.127,4,b,Fe:Zr 1:135,10.1016_j.tsf.2012.11.127::F4::b::2,23,03_corpus/extracted/10.1016_j.tsf.2012.11.127/figure_data.json,/figures/2/panels/1/series/2,sha256:dbcec85eedcc0e60150284a876496b592e55b9ecfc8dd3ceaa15414e627978e8,10.1016_j.tsf.2012.11.127-E010,multi_output,correlation,True,False,,wavelength,nm,nm,False,output,output,,,,,,axis_semantic_resolution,not_applicable,quantity 'wavelength' is not a comparison target (no comparison group declares it),,,False,,,,,False,,Delta,°,°,False,unknown,,,,,,,axis_semantic_resolution,unsupported,y quantity 'Delta' does not resolve to any ontology QuantityKind,,,False,,,,,False
10.1016_j.tsf.2012.11.127,10.1016_j.tsf.2012.11.127,4,b,Fe:Zr 1:80,10.1016_j.tsf.2012.11.127::F4::b::3,23,03_corpus/extracted/10.1016_j.tsf.2012.11.127/figure_data.json,/figures/2/panels/1/series/3,sha256:dbcec85eedcc0e60150284a876496b592e55b9ecfc8dd3ceaa15414e627978e8,10.1016_j.tsf.2012.11.127-E011,multi_output,correlation,True,False,,wavelength,nm,nm,False,output,output,,,,,,axis_semantic_resolution,not_applicable,quantity 'wavelength' is not a comparison target (no comparison group declares it),,,False,,,,,False,,Delta,°,°,False,unknown,,,,,,,axis_semantic_resolution,unsupported,y quantity 'Delta' does not resolve to any ontology QuantityKind,,,False,,,,,False
10.1016_j.tsf.2012.11.127,10.1016_j.tsf.2012.11.127,5,a,800°C,10.1016_j.tsf.2012.11.127::F5::a::0,42,03_corpus/extracted/10.1016_j.tsf.2012.11.127/figure_data.json,/figures/3/panels/0/series/0,sha256:dbcec85eedcc0e60150284a876496b592e55b9ecfc8dd3ceaa15414e627978e8,10.1016_j.tsf.2012.11.127-E012,multi_output,unresolved,True,False,,2θ,°,°,False,unknown,,,,,,,axis_semantic_resolution,unsupported,x quantity '2θ' does not resolve to any ontology QuantityKind,,,False,,,,,False,,Intensity,a.u.,a.u.,False,output,output,,,,,,axis_semantic_resolution,not_applicable,quantity 'intensity' is not a comparison target (no comparison group declares it),,,False,,,,,False
10.1016_j.tsf.2012.11.127,10.1016_j.tsf.2012.11.127,5,a,600°C,10.1016_j.tsf.2012.11.127::F5::a::1,28,03_corpus/extracted/10.1016_j.tsf.2012.11.127/figure_data.json,/figures/3/panels/0/series/1,sha256:dbcec85eedcc0e60150284a876496b592e55b9ecfc8dd3ceaa15414e627978e8,10.1016_j.tsf.2012.11.127-E013,multi_output,unresolved,True,False,,2θ,°,°,False,unknown,,,,,,,axis_semantic_resolution,unsupported,x quantity '2θ' does not resolve to any ontology QuantityKind,,,False,,,,,False,,Intensity,a.u.,a.u.,False,output,output,,,,,,axis_semantic_resolution,not_applicable,quantity 'intensity' is not a comparison target (no comparison group declares it),,,False,,,,,False
10.1016_j.tsf.2012.11.127,10.1016_j.tsf.2012.11.127,5,a,as grown,10.1016_j.tsf.2012.11.127::F5::a::2,28,03_corpus/extracted/10.1016_j.tsf.2012.11.127/figure_data.json,/figures/3/panels/0/series/2,sha256:dbcec85eedcc0e60150284a876496b592e55b9ecfc8dd3ceaa15414e627978e8,10.1016_j.tsf.2012.11.127-E014,multi_output,unresolved,True,False,,2θ,°,°,False,unknown,,,,,,,axis_semantic_resolution,unsupported,x quantity '2θ' does not resolve to any ontology QuantityKind,,,False,,,,,False,,Intensity,a.u.,a.u.,False,output,output,,,,,,axis_semantic_resolution,not_applicable,quantity 'intensity' is not a comparison target (no comparison group declares it),,,False,,,,,False
10.1016_j.tsf.2012.11.127,10.1016_j.tsf.2012.11.127,5,a,t-ZrO2,10.1016_j.tsf.2012.11.127::F5::a::3,29,03_corpus/extracted/10.1016_j.tsf.2012.11.127/figure_data.json,/figures/3/panels/0/series/3,sha256:dbcec85eedcc0e60150284a876496b592e55b9ecfc8dd3ceaa15414e627978e8,10.1016_j.tsf.2012.11.127-E015,multi_output,unresolved,True,False,,2θ,°,°,False,unknown,,,,,,,axis_semantic_resolution,unsupported,x quantity '2θ' does not resolve to any ontology QuantityKind,,,False,,,,,False,,Intensity,a.u.,a.u.,False,output,output,,,,,,axis_semantic_resolution,not_applicable,quantity 'intensity' is not a comparison target (no comparison group declares it),,,False,,,,,False
10.1016_j.tsf.2012.11.127,10.1016_j.tsf.2012.11.127,5,a,m-ZrO2,10.1016_j.tsf.2012.11.127::F5::a::4,26,03_corpus/extracted/10.1016_j.tsf.2012.11.127/figure_data.json,/figures/3/panels/0/series/4,sha256:dbcec85eedcc0e60150284a876496b592e55b9ecfc8dd3ceaa15414e627978e8,10.1016_j.tsf.2012.11.127-E016,multi_output,unresolved,True,False,,2θ,°,°,False,unknown,,,,,,,axis_semantic_resolution,unsupported,x quantity '2θ' does not resolve to any ontology QuantityKind,,,False,,,,,False,,Intensity,a.u.,a.u.,False,output,output,,,,,,axis_semantic_resolution,not_applicable,quantity 'intensity' is not a comparison target (no comparison group declares it),,,False,,,,,False
10.1016_j.tsf.2012.11.127,10.1016_j.tsf.2012.11.127,5,b,800°C,10.1016_j.tsf.2012.11.127::F5::b::0,24,03_corpus/extracted/10.1016_j.tsf.2012.11.127/figure_data.json,/figures/3/panels/1/series/0,sha256:dbcec85eedcc0e60150284a876496b592e55b9ecfc8dd3ceaa15414e627978e8,10.1016_j.tsf.2012.11.127-E017,multi_output,unresolved,True,False,,2θ,°,°,False,unknown,,,,,,,axis_semantic_resolution,unsupported,x quantity '2θ' does not resolve to any ontology QuantityKind,,,False,,,,,False,,Intensity,a.u.,a.u.,False,output,output,,,,,,axis_semantic_resolution,not_applicable,quantity 'intensity' is not a comparison target (no comparison group declares it),,,False,,,,,False
10.1016_j.tsf.2012.11.127,10.1016_j.tsf.2012.11.127,5,b,600°C,10.1016_j.tsf.2012.11.127::F5::b::1,20,03_corpus/extracted/10.1016_j.tsf.2012.11.127/figure_data.json,/figures/3/panels/1/series/1,sha256:dbcec85eedcc0e60150284a876496b592e55b9ecfc8dd3ceaa15414e627978e8,10.1016_j.tsf.2012.11.127-E018,multi_output,unresolved,True,False,,2θ,°,°,False,unknown,,,,,,,axis_semantic_resolution,unsupported,x quantity '2θ' does not resolve to any ontology QuantityKind,,,False,,,,,False,,Intensity,a.u.,a.u.,False,output,output,,,,,,axis_semantic_resolution,not_applicable,quantity 'intensity' is not a comparison target (no comparison group declares it),,,False,,,,,False
10.1016_j.tsf.2012.11.127,10.1016_j.tsf.2012.11.127,5,b,as grown,10.1016_j.tsf.2012.11.127::F5::b::2,14,03_corpus/extracted/10.1016_j.tsf.2012.11.127/figure_data.json,/figures/3/panels/1/series/2,sha256:dbcec85eedcc0e60150284a876496b592e55b9ecfc8dd3ceaa15414e627978e8,10.1016_j.tsf.2012.11.127-E019,multi_output,unresolved,True,False,,2θ,°,°,False,unknown,,,,,,,axis_semantic_resolution,unsupported,x quantity '2θ' does not resolve to any ontology QuantityKind,,,False,,,,,False,,Intensity,a.u.,a.u.,False,output,output,,,,,,axis_semantic_resolution,not_applicable,quantity 'intensity' is not a comparison target (no comparison group declares it),,,False,,,,,False
10.1016_j.tsf.2012.11.127,10.1016_j.tsf.2012.11.127,5,b,t-ZrO2,10.1016_j.tsf.2012.11.127::F5::b::3,29,03_corpus/extracted/10.1016_j.tsf.2012.11.127/figure_data.json,/figures/3/panels/1/series/3,sha256:dbcec85eedcc0e60150284a876496b592e55b9ecfc8dd3ceaa15414e627978e8,10.1016_j.tsf.2012.11.127-E020,multi_output,unresolved,True,False,,2θ,°,°,False,unknown,,,,,,,axis_semantic_resolution,unsupported,x quantity '2θ' does not resolve to any ontology QuantityKind,,,False,,,,,False,,Intensity,a.u.,a.u.,False,output,output,,,,,,axis_semantic_resolution,not_applicable,quantity 'intensity' is not a comparison target (no comparison group declares it),,,False,,,,,False
10.1016_j.tsf.2012.11.127,10.1016_j.tsf.2012.11.127,5,b,m-ZrO2,10.1016_j.tsf.2012.11.127::F5::b::4,23,03_corpus/extracted/10.1016_j.tsf.2012.11.127/figure_data.json,/figures/3/panels/1/series/4,sha256:dbcec85eedcc0e60150284a876496b592e55b9ecfc8dd3ceaa15414e627978e8,10.1016_j.tsf.2012.11.127-E021,multi_output,unresolved,True,False,,2θ,°,°,False,unknown,,,,,,,axis_semantic_resolution,unsupported,x quantity '2θ' does not resolve to any ontology QuantityKind,,,False,,,,,False,,Intensity,a.u.,a.u.,False,output,output,,,,,,axis_semantic_resolution,not_applicable,quantity 'intensity' is not a comparison target (no comparison group declares it),,,False,,,,,False
10.1016_j.tsf.2012.11.127,10.1016_j.tsf.2012.11.127,6,a,Zr,10.1016_j.tsf.2012.11.127::F6::a::0,37,03_corpus/extracted/10.1016_j.tsf.2012.11.127/figure_data.json,/figures/4/panels/0/series/0,sha256:dbcec85eedcc0e60150284a876496b592e55b9ecfc8dd3ceaa15414e627978e8,10.1016_j.tsf.2012.11.127-E012,multi_output,profile,True,False,,Time,s,s,False,coordinate,coordinate,,,,,,axis_semantic_resolution,not_applicable,quantity 'time' is not a comparison target (no comparison group declares it),,,False,,,,,False,,Intensity,counts,counts,False,output,output,,,,,,axis_semantic_resolution,not_applicable,quantity 'intensity' is not a comparison target (no comparison group declares it),,,False,,,,,False
10.1016_j.tsf.2012.11.127,10.1016_j.tsf.2012.11.127,6,a,Fe,10.1016_j.tsf.2012.11.127::F6::a::1,44,03_corpus/extracted/10.1016_j.tsf.2012.11.127/figure_data.json,/figures/4/panels/0/series/1,sha256:dbcec85eedcc0e60150284a876496b592e55b9ecfc8dd3ceaa15414e627978e8,10.1016_j.tsf.2012.11.127-E013,multi_output,profile,True,False,,Time,s,s,False,coordinate,coordinate,,,,,,axis_semantic_resolution,not_applicable,quantity 'time' is not a comparison target (no comparison group declares it),,,False,,,,,False,,Intensity,counts,counts,False,output,output,,,,,,axis_semantic_resolution,not_applicable,quantity 'intensity' is not a comparison target (no comparison group declares it),,,False,,,,,False
10.1016_j.tsf.2012.11.127,10.1016_j.tsf.2012.11.127,6,a,30Si,10.1016_j.tsf.2012.11.127::F6::a::2,38,03_corpus/extracted/10.1016_j.tsf.2012.11.127/figure_data.json,/figures/4/panels/0/series/2,sha256:dbcec85eedcc0e60150284a876496b592e55b9ecfc8dd3ceaa15414e627978e8,10.1016_j.tsf.2012.11.127-E014,multi_output,profile,True,False,,Time,s,s,False,coordinate,coordinate,,,,,,axis_semantic_resolution,not_applicable,quantity 'time' is not a comparison target (no comparison group declares it),,,False,,,,,False,,Intensity,counts,counts,False,output,output,,,,,,axis_semantic_resolution,not_applicable,quantity 'intensity' is not a comparison target (no comparison group declares it),,,False,,,,,False
10.1016_j.tsf.2012.11.127,10.1016_j.tsf.2012.11.127,6,b,Zr,10.1016_j.tsf.2012.11.127::F6::b::0,28,03_corpus/extracted/10.1016_j.tsf.2012.11.127/figure_data.json,/figures/4/panels/1/series/0,sha256:dbcec85eedcc0e60150284a876496b592e55b9ecfc8dd3ceaa15414e627978e8,10.1016_j.tsf.2012.11.127-E017,multi_output,profile,True,False,,Time,s,s,False,coordinate,coordinate,,,,,,axis_semantic_resolution,not_applicable,quantity 'time' is not a comparison target (no comparison group declares it),,,False,,,,,False,,Intensity,counts,counts,False,output,output,,,,,,axis_semantic_resolution,not_applicable,quantity 'intensity' is not a comparison target (no comparison group declares it),,,False,,,,,False
10.1016_j.tsf.2012.11.127,10.1016_j.tsf.2012.11.127,6,b,Fe,10.1016_j.tsf.2012.11.127::F6::b::1,23,03_corpus/extracted/10.1016_j.tsf.2012.11.127/figure_data.json,/figures/4/panels/1/series/1,sha256:dbcec85eedcc0e60150284a876496b592e55b9ecfc8dd3ceaa15414e627978e8,10.1016_j.tsf.2012.11.127-E018,multi_output,profile,True,False,,Time,s,s,False,coordinate,coordinate,,,,,,axis_semantic_resolution,not_applicable,quantity 'time' is not a comparison target (no comparison group declares it),,,False,,,,,False,,Intensity,counts,counts,False,output,output,,,,,,axis_semantic_resolution,not_applicable,quantity 'intensity' is not a comparison target (no comparison group declares it),,,False,,,,,False
10.1016_j.tsf.2012.11.127,10.1016_j.tsf.2012.11.127,6,b,30Si,10.1016_j.tsf.2012.11.127::F6::b::2,28,03_corpus/extracted/10.1016_j.tsf.2012.11.127/figure_data.json,/figures/4/panels/1/series/2,sha256:dbcec85eedcc0e60150284a876496b592e55b9ecfc8dd3ceaa15414e627978e8,10.1016_j.tsf.2012.11.127-E019,multi_output,profile,True,False,,Time,s,s,False,coordinate,coordinate,,,,,,axis_semantic_resolution,not_applicable,quantity 'time' is not a comparison target (no comparison group declares it),,,False,,,,,False,,Intensity,counts,counts,False,output,output,,,,,,axis_semantic_resolution,not_applicable,quantity 'intensity' is not a comparison target (no comparison group declares it),,,False,,,,,False
10.1016_j.tsf.2012.11.127,10.1016_j.tsf.2012.11.127,7,a,ZrO2,10.1016_j.tsf.2012.11.127::F7::a::0,33,03_corpus/extracted/10.1016_j.tsf.2012.11.127/figure_data.json,/figures/5/panels/0/series/0,sha256:dbcec85eedcc0e60150284a876496b592e55b9ecfc8dd3ceaa15414e627978e8,10.1016_j.tsf.2012.11.127-E028,multi_output,unresolved,True,False,,2θ,°,°,False,unknown,,,,,,,axis_semantic_resolution,unsupported,x quantity '2θ' does not resolve to any ontology QuantityKind,,,False,,,,,False,,Intensity,a.u.,a.u.,False,output,output,,,,,,axis_semantic_resolution,not_applicable,quantity 'intensity' is not a comparison target (no comparison group declares it),,,False,,,,,False
10.1016_j.tsf.2012.11.127,10.1016_j.tsf.2012.11.127,7,a,ZrO2:Fe,10.1016_j.tsf.2012.11.127::F7::a::1,53,03_corpus/extracted/10.1016_j.tsf.2012.11.127/figure_data.json,/figures/5/panels/0/series/1,sha256:dbcec85eedcc0e60150284a876496b592e55b9ecfc8dd3ceaa15414e627978e8,10.1016_j.tsf.2012.11.127-E029,multi_output,unresolved,True,False,,2θ,°,°,False,unknown,,,,,,,axis_semantic_resolution,unsupported,x quantity '2θ' does not resolve to any ontology QuantityKind,,,False,,,,,False,,Intensity,a.u.,a.u.,False,output,output,,,,,,axis_semantic_resolution,not_applicable,quantity 'intensity' is not a comparison target (no comparison group declares it),,,False,,,,,False
10.1016_j.tsf.2012.11.127,10.1016_j.tsf.2012.11.127,7,b,ZrO2,10.1016_j.tsf.2012.11.127::F7::b::0,33,03_corpus/extracted/10.1016_j.tsf.2012.11.127/figure_data.json,/figures/5/panels/1/series/0,sha256:dbcec85eedcc0e60150284a876496b592e55b9ecfc8dd3ceaa15414e627978e8,10.1016_j.tsf.2012.11.127-E030,multi_output,unresolved,True,False,,2θ,°,°,False,unknown,,,,,,,axis_semantic_resolution,unsupported,x quantity '2θ' does not resolve to any ontology QuantityKind,,,False,,,,,False,,Intensity,a.u.,a.u.,False,output,output,,,,,,axis_semantic_resolution,not_applicable,quantity 'intensity' is not a comparison target (no comparison group declares it),,,False,,,,,False
10.1016_j.tsf.2012.11.127,10.1016_j.tsf.2012.11.127,7,b,ZrO2:Fe,10.1016_j.tsf.2012.11.127::F7::b::1,53,03_corpus/extracted/10.1016_j.tsf.2012.11.127/figure_data.json,/figures/5/panels/1/series/1,sha256:dbcec85eedcc0e60150284a876496b592e55b9ecfc8dd3ceaa15414e627978e8,10.1016_j.tsf.2012.11.127-E031,multi_output,unresolved,True,False,,2θ,°,°,False,unknown,,,,,,,axis_semantic_resolution,unsupported,x quantity '2θ' does not resolve to any ontology QuantityKind,,,False,,,,,False,,Intensity,a.u.,a.u.,False,output,output,,,,,,axis_semantic_resolution,not_applicable,quantity 'intensity' is not a comparison target (no comparison group declares it),,,False,,,,,False
10.1021_acs.chemmater.2c01154,10.1021_acs.chemmater.2c01154,1,a,0,10.1021_acs.chemmater.2c01154::F1::a::0,20,03_corpus/extracted/10.1021_acs.chemmater.2c01154/figure_data.json,/figures/0/panels/0/series/0,sha256:ead6cd03b6b4928c042c4b7394e44c3ee5ccaa422b63b12327b44bb975263672,10.1021_acs.chemmater.2c01154-E000,multi_output,unresolved,True,False,,Raman shift,cm^-1,cm^-1,False,unknown,,,,,,,axis_semantic_resolution,unsupported,x quantity 'Raman shift' does not resolve to any ontology QuantityKind,,,False,,,,,False,,Intensity,a.u.,a.u.,False,output,output,,,,,,axis_semantic_resolution,not_applicable,quantity 'intensity' is not a comparison target (no comparison group declares it),,,False,,,,,False
10.1021_acs.chemmater.2c01154,10.1021_acs.chemmater.2c01154,1,a,0.20,10.1021_acs.chemmater.2c01154::F1::a::1,19,03_corpus/extracted/10.1021_acs.chemmater.2c01154/figure_data.json,/figures/0/panels/0/series/1,sha256:ead6cd03b6b4928c042c4b7394e44c3ee5ccaa422b63b12327b44bb975263672,10.1021_acs.chemmater.2c01154-E001,multi_output,unresolved,True,False,,Raman shift,cm^-1,cm^-1,False,unknown,,,,,,,axis_semantic_resolution,unsupported,x quantity 'Raman shift' does not resolve to any ontology QuantityKind,,,False,,,,,False,,Intensity,a.u.,a.u.,False,output,output,,,,,,axis_semantic_resolution,not_applicable,quantity 'intensity' is not a comparison target (no comparison group declares it),,,False,,,,,False
10.1021_acs.chemmater.2c01154,10.1021_acs.chemmater.2c01154,1,a,0.50,10.1021_acs.chemmater.2c01154::F1::a::2,19,03_corpus/extracted/10.1021_acs.chemmater.2c01154/figure_data.json,/figures/0/panels/0/series/2,sha256:ead6cd03b6b4928c042c4b7394e44c3ee5ccaa422b63b12327b44bb975263672,10.1021_acs.chemmater.2c01154-E002,multi_output,unresolved,True,False,,Raman shift,cm^-1,cm^-1,False,unknown,,,,,,,axis_semantic_resolution,unsupported,x quantity 'Raman shift' does not resolve to any ontology QuantityKind,,,False,,,,,False,,Intensity,a.u.,a.u.,False,output,output,,,,,,axis_semantic_resolution,not_applicable,quantity 'intensity' is not a comparison target (no comparison group declares it),,,False,,,,,False
10.1021_acs.chemmater.2c01154,10.1021_acs.chemmater.2c01154,1,a,0.65,10.1021_acs.chemmater.2c01154::F1::a::3,20,03_corpus/extracted/10.1021_acs.chemmater.2c01154/figure_data.json,/figures/0/panels/0/series/3,sha256:ead6cd03b6b4928c042c4b7394e44c3ee5ccaa422b63b12327b44bb975263672,10.1021_acs.chemmater.2c01154-E003,multi_output,unresolved,True,False,,Raman shift,cm^-1,cm^-1,False,unknown,,,,,,,axis_semantic_resolution,unsupported,x quantity 'Raman shift' does not resolve to any ontology QuantityKind,,,False,,,,,False,,Intensity,a.u.,a.u.,False,output,output,,,,,,axis_semantic_resolution,not_applicable,quantity 'intensity' is not a comparison target (no comparison group declares it),,,False,,,,,False
10.1021_acs.chemmater.2c01154,10.1021_acs.chemmater.2c01154,1,a,0.80,10.1021_acs.chemmater.2c01154::F1::a::4,20,03_corpus/extracted/10.1021_acs.chemmater.2c01154/figure_data.json,/figures/0/panels/0/series/4,sha256:ead6cd03b6b4928c042c4b7394e44c3ee5ccaa422b63b12327b44bb975263672,10.1021_acs.chemmater.2c01154-E004,multi_output,unresolved,True,False,,Raman shift,cm^-1,cm^-1,False,unknown,,,,,,,axis_semantic_resolution,unsupported,x quantity 'Raman shift' does not resolve to any ontology QuantityKind,,,False,,,,,False,,Intensity,a.u.,a.u.,False,output,output,,,,,,axis_semantic_resolution,not_applicable,quantity 'intensity' is not a comparison target (no comparison group declares it),,,False,,,,,False
10.1021_acs.chemmater.2c01154,10.1021_acs.chemmater.2c01154,1,a,0.94,10.1021_acs.chemmater.2c01154::F1::a::5,20,03_corpus/extracted/10.1021_acs.chemmater.2c01154/figure_data.json,/figures/0/panels/0/series/5,sha256:ead6cd03b6b4928c042c4b7394e44c3ee5ccaa422b63b12327b44bb975263672,10.1021_acs.chemmater.2c01154-E005,multi_output,unresolved,True,False,,Raman shift,cm^-1,cm^-1,False,unknown,,,,,,,axis_semantic_resolution,unsupported,x quantity 'Raman shift' does not resolve to any ontology QuantityKind,,,False,,,,,False,,Intensity,a.u.,a.u.,False,output,output,,,,,,axis_semantic_resolution,not_applicable,quantity 'intensity' is not a comparison target (no comparison group declares it),,,False,,,,,False
10.1021_acs.chemmater.2c01154,10.1021_acs.chemmater.2c01154,1,b,SiO2/Si,10.1021_acs.chemmater.2c01154::F1::b::0,9,03_corpus/extracted/10.1021_acs.chemmater.2c01154/figure_data.json,/figures/0/panels/1/series/0,sha256:ead6cd03b6b4928c042c4b7394e44c3ee5ccaa422b63b12327b44bb975263672,10.1021_acs.chemmater.2c01154-E006,multi_output,unresolved,True,False,,Raman shift,cm^-1,cm^-1,False,unknown,,,,,,,axis_semantic_resolution,unsupported,x quantity 'Raman shift' does not resolve to any ontology QuantityKind,,,False,,,,,False,,Intensity,a.u.,a.u.,False,output,output,,,,,,axis_semantic_resolution,not_applicable,quantity 'intensity' is not a comparison target (no comparison group declares it),,,False,,,,,False
10.1021_acs.chemmater.2c01154,10.1021_acs.chemmater.2c01154,1,b,10 cyc (0.9 nm),10.1021_acs.chemmater.2c01154::F1::b::1,11,03_corpus/extracted/10.1021_acs.chemmater.2c01154/figure_data.json,/figures/0/panels/1/series/1,sha256:ead6cd03b6b4928c042c4b7394e44c3ee5ccaa422b63b12327b44bb975263672,10.1021_acs.chemmater.2c01154-E007,multi_output,unresolved,True,False,,Raman shift,cm^-1,cm^-1,False,unknown,,,,,,,axis_semantic_resolution,unsupported,x quantity 'Raman shift' does not resolve to any ontology QuantityKind,,,False,,,,,False,,Intensity,a.u.,a.u.,False,output,output,,,,,,axis_semantic_resolution,not_applicable,quantity 'intensity' is not a comparison target (no comparison group declares it),,,False,,,,,False
10.1021_acs.chemmater.2c01154,10.1021_acs.chemmater.2c01154,1,b,20 cyc (1.6 nm),10.1021_acs.chemmater.2c01154::F1::b::2,11,03_corpus/extracted/10.1021_acs.chemmater.2c01154/figure_data.json,/figures/0/panels/1/series/2,sha256:ead6cd03b6b4928c042c4b7394e44c3ee5ccaa422b63b12327b44bb975263672,10.1021_acs.chemmater.2c01154-E008,multi_output,unresolved,True,False,,Raman shift,cm^-1,cm^-1,False,unknown,,,,,,,axis_semantic_resolution,unsupported,x quantity 'Raman shift' does not resolve to any ontology QuantityKind,,,False,,,,,False,,Intensity,a.u.,a.u.,False,output,output,,,,,,axis_semantic_resolution,not_applicable,quantity 'intensity' is not a comparison target (no comparison group declares it),,,False,,,,,False
10.1021_acs.chemmater.2c01154,10.1021_acs.chemmater.2c01154,1,b,30 cyc (2.6 nm),10.1021_acs.chemmater.2c01154::F1::b::3,11,03_corpus/extracted/10.1021_acs.chemmater.2c01154/figure_data.json,/figures/0/panels/1/series/3,sha256:ead6cd03b6b4928c042c4b7394e44c3ee5ccaa422b63b12327b44bb975263672,10.1021_acs.chemmater.2c01154-E009,multi_output,unresolved,True,False,,Raman shift,cm^-1,cm^-1,False,unknown,,,,,,,axis_semantic_resolution,unsupported,x quantity 'Raman shift' does not resolve to any ontology QuantityKind,,,False,,,,,False,,Intensity,a.u.,a.u.,False,output,output,,,,,,axis_semantic_resolution,not_applicable,quantity 'intensity' is not a comparison target (no comparison group declares it),,,False,,,,,False
10.1021_acs.chemmater.2c01154,10.1021_acs.chemmater.2c01154,1,b,50 cyc (4.8 nm),10.1021_acs.chemmater.2c01154::F1::b::4,11,03_corpus/extracted/10.1021_acs.chemmater.2c01154/figure_data.json,/figures/0/panels/1/series/4,sha256:ead6cd03b6b4928c042c4b7394e44c3ee5ccaa422b63b12327b44bb975263672,10.1021_acs.chemmater.2c01154-E010,multi_output,unresolved,True,False,,Raman shift,cm^-1,cm^-1,False,unknown,,,,,,,axis_semantic_resolution,unsupported,x quantity 'Raman shift' does not resolve to any ontology QuantityKind,,,False,,,,,False,,Intensity,a.u.,a.u.,False,output,output,,,,,,axis_semantic_resolution,not_applicable,quantity 'intensity' is not a comparison target (no comparison group declares it),,,False,,,,,False
10.1021_acs.chemmater.2c01154,10.1021_acs.chemmater.2c01154,2,a,Amorphous,10.1021_acs.chemmater.2c01154::F2::a::0,14,03_corpus/extracted/10.1021_acs.chemmater.2c01154/figure_data.json,/figures/1/panels/0/series/0,sha256:ead6cd03b6b4928c042c4b7394e44c3ee5ccaa422b63b12327b44bb975263672,,,unresolved,False,False,,H2 flow ratio,,,False,unknown,,,,,,,axis_semantic_resolution,unsupported,x quantity 'H2 flow ratio' does not resolve to any ontology QuantityKind,,,False,,,,,False,,deposition_temperature,°C,°C,False,condition,condition,,deposition_temperature,K,process_temperature,,temperature_unit_conversion,converted,,,,False,,,,,False
10.1021_acs.chemmater.2c01154,10.1021_acs.chemmater.2c01154,2,a,Crystalline,10.1021_acs.chemmater.2c01154::F2::a::1,18,03_corpus/extracted/10.1021_acs.chemmater.2c01154/figure_data.json,/figures/1/panels/0/series/1,sha256:ead6cd03b6b4928c042c4b7394e44c3ee5ccaa422b63b12327b44bb975263672,,,unresolved,False,False,,H2 flow ratio,,,False,unknown,,,,,,,axis_semantic_resolution,unsupported,x quantity 'H2 flow ratio' does not resolve to any ontology QuantityKind,,,False,,,,,False,,deposition_temperature,°C,°C,False,condition,condition,,deposition_temperature,K,process_temperature,,temperature_unit_conversion,converted,,,,False,,,,,False
10.1021_acs.chemmater.2c01154,10.1021_acs.chemmater.2c01154,4,a,50 °C,10.1021_acs.chemmater.2c01154::F4::a::0,2,03_corpus/extracted/10.1021_acs.chemmater.2c01154/figure_data.json,/figures/2/panels/0/series/0,sha256:ead6cd03b6b4928c042c4b7394e44c3ee5ccaa422b63b12327b44bb975263672,10.1021_acs.chemmater.2c01154-E018,case,unresolved,True,False,,H2 flow ratio,,,False,unknown,,,,,,,axis_semantic_resolution,unsupported,x quantity 'H2 flow ratio' does not resolve to any ontology QuantityKind,,,False,,,,,False,,XPS S/Mo ratio,,,False,unknown,,,,,,,axis_semantic_resolution,unsupported,y quantity 'XPS S/Mo ratio' does not resolve to any ontology QuantityKind,,,False,,,,,False
10.1021_acs.chemmater.2c01154,10.1021_acs.chemmater.2c01154,4,a,100 °C,10.1021_acs.chemmater.2c01154::F4::a::1,5,03_corpus/extracted/10.1021_acs.chemmater.2c01154/figure_data.json,/figures/2/panels/0/series/1,sha256:ead6cd03b6b4928c042c4b7394e44c3ee5ccaa422b63b12327b44bb975263672,10.1021_acs.chemmater.2c01154-E018,case,unresolved,True,False,,H2 flow ratio,,,False,unknown,,,,,,,axis_semantic_resolution,unsupported,x quantity 'H2 flow ratio' does not resolve to any ontology QuantityKind,,,False,,,,,False,,XPS S/Mo ratio,,,False,unknown,,,,,,,axis_semantic_resolution,unsupported,y quantity 'XPS S/Mo ratio' does not resolve to any ontology QuantityKind,,,False,,,,,False
10.1021_acs.chemmater.2c01154,10.1021_acs.chemmater.2c01154,4,a,150 °C,10.1021_acs.chemmater.2c01154::F4::a::2,6,03_corpus/extracted/10.1021_acs.chemmater.2c01154/figure_data.json,/figures/2/panels/0/series/2,sha256:ead6cd03b6b4928c042c4b7394e44c3ee5ccaa422b63b12327b44bb975263672,10.1021_acs.chemmater.2c01154-E018,case,unresolved,True,False,,H2 flow ratio,,,False,unknown,,,,,,,axis_semantic_resolution,unsupported,x quantity 'H2 flow ratio' does not resolve to any ontology QuantityKind,,,False,,,,,False,,XPS S/Mo ratio,,,False,unknown,,,,,,,axis_semantic_resolution,unsupported,y quantity 'XPS S/Mo ratio' does not resolve to any ontology QuantityKind,,,False,,,,,False
10.1021_acs.chemmater.2c01154,10.1021_acs.chemmater.2c01154,4,a,200 °C,10.1021_acs.chemmater.2c01154::F4::a::3,6,03_corpus/extracted/10.1021_acs.chemmater.2c01154/figure_data.json,/figures/2/panels/0/series/3,sha256:ead6cd03b6b4928c042c4b7394e44c3ee5ccaa422b63b12327b44bb975263672,10.1021_acs.chemmater.2c01154-E018,case,unresolved,True,False,,H2 flow ratio,,,False,unknown,,,,,,,axis_semantic_resolution,unsupported,x quantity 'H2 flow ratio' does not resolve to any ontology QuantityKind,,,False,,,,,False,,XPS S/Mo ratio,,,False,unknown,,,,,,,axis_semantic_resolution,unsupported,y quantity 'XPS S/Mo ratio' does not resolve to any ontology QuantityKind,,,False,,,,,False
10.1021_acs.chemmater.2c01154,10.1021_acs.chemmater.2c01154,4,a,250 °C,10.1021_acs.chemmater.2c01154::F4::a::4,7,03_corpus/extracted/10.1021_acs.chemmater.2c01154/figure_data.json,/figures/2/panels/0/series/4,sha256:ead6cd03b6b4928c042c4b7394e44c3ee5ccaa422b63b12327b44bb975263672,10.1021_acs.chemmater.2c01154-E018,case,unresolved,True,False,,H2 flow ratio,,,False,unknown,,,,,,,axis_semantic_resolution,unsupported,x quantity 'H2 flow ratio' does not resolve to any ontology QuantityKind,,,False,,,,,False,,XPS S/Mo ratio,,,False,unknown,,,,,,,axis_semantic_resolution,unsupported,y quantity 'XPS S/Mo ratio' does not resolve to any ontology QuantityKind,,,False,,,,,False
10.1021_acs.chemmater.2c01154,10.1021_acs.chemmater.2c01154,4,a,300 °C,10.1021_acs.chemmater.2c01154::F4::a::5,1,03_corpus/extracted/10.1021_acs.chemmater.2c01154/figure_data.json,/figures/2/panels/0/series/5,sha256:ead6cd03b6b4928c042c4b7394e44c3ee5ccaa422b63b12327b44bb975263672,10.1021_acs.chemmater.2c01154-E018,case,single,True,False,,H2 flow ratio,,,False,unknown,,,,,,,axis_semantic_resolution,unsupported,x quantity 'H2 flow ratio' does not resolve to any ontology QuantityKind,,,False,,,,,False,,XPS S/Mo ratio,,,False,unknown,,,,,,,axis_semantic_resolution,unsupported,y quantity 'XPS S/Mo ratio' does not resolve to any ontology QuantityKind,,,False,,,,,False
10.1021_acs.chemmater.2c01154,10.1021_acs.chemmater.2c01154,4,a,350 °C,10.1021_acs.chemmater.2c01154::F4::a::6,3,03_corpus/extracted/10.1021_acs.chemmater.2c01154/figure_data.json,/figures/2/panels/0/series/6,sha256:ead6cd03b6b4928c042c4b7394e44c3ee5ccaa422b63b12327b44bb975263672,10.1021_acs.chemmater.2c01154-E018,case,unresolved,True,False,,H2 flow ratio,,,False,unknown,,,,,,,axis_semantic_resolution,unsupported,x quantity 'H2 flow ratio' does not resolve to any ontology QuantityKind,,,False,,,,,False,,XPS S/Mo ratio,,,False,unknown,,,,,,,axis_semantic_resolution,unsupported,y quantity 'XPS S/Mo ratio' does not resolve to any ontology QuantityKind,,,False,,,,,False
10.1021_acs.chemmater.2c01154,10.1021_acs.chemmater.2c01154,4,a,450 °C,10.1021_acs.chemmater.2c01154::F4::a::7,2,03_corpus/extracted/10.1021_acs.chemmater.2c01154/figure_data.json,/figures/2/panels/0/series/7,sha256:ead6cd03b6b4928c042c4b7394e44c3ee5ccaa422b63b12327b44bb975263672,10.1021_acs.chemmater.2c01154-E018,case,unresolved,True,False,,H2 flow ratio,,,False,unknown,,,,,,,axis_semantic_resolution,unsupported,x quantity 'H2 flow ratio' does not resolve to any ontology QuantityKind,,,False,,,,,False,,XPS S/Mo ratio,,,False,unknown,,,,,,,axis_semantic_resolution,unsupported,y quantity 'XPS S/Mo ratio' does not resolve to any ontology QuantityKind,,,False,,,,,False
10.1021_acs.chemmater.2c01154,10.1021_acs.chemmater.2c01154,5,a,0.94,10.1021_acs.chemmater.2c01154::F5::a::0,17,03_corpus/extracted/10.1021_acs.chemmater.2c01154/figure_data.json,/figures/3/panels/0/series/0,sha256:ead6cd03b6b4928c042c4b7394e44c3ee5ccaa422b63b12327b44bb975263672,10.1021_acs.chemmater.2c01154-E021,multi_output,unresolved,True,False,,Binding energy,eV,eV,False,unknown,,,,,,,axis_semantic_resolution,unsupported,x quantity 'Binding energy' does not resolve to any ontology QuantityKind,,,False,,,,,False,,Intensity,arb. u.,arb. u.,False,output,output,,,,,,axis_semantic_resolution,not_applicable,quantity 'intensity' is not a comparison target (no comparison group declares it),,,False,,,,,False
10.1021_acs.chemmater.2c01154,10.1021_acs.chemmater.2c01154,5,a,0.80,10.1021_acs.chemmater.2c01154::F5::a::1,16,03_corpus/extracted/10.1021_acs.chemmater.2c01154/figure_data.json,/figures/3/panels/0/series/1,sha256:ead6cd03b6b4928c042c4b7394e44c3ee5ccaa422b63b12327b44bb975263672,10.1021_acs.chemmater.2c01154-E022,multi_output,unresolved,True,False,,Binding energy,eV,eV,False,unknown,,,,,,,axis_semantic_resolution,unsupported,x quantity 'Binding energy' does not resolve to any ontology QuantityKind,,,False,,,,,False,,Intensity,arb. u.,arb. u.,False,output,output,,,,,,axis_semantic_resolution,not_applicable,quantity 'intensity' is not a comparison target (no comparison group declares it),,,False,,,,,False
10.1021_acs.chemmater.2c01154,10.1021_acs.chemmater.2c01154,5,a,0.65,10.1021_acs.chemmater.2c01154::F5::a::2,14,03_corpus/extracted/10.1021_acs.chemmater.2c01154/figure_data.json,/figures/3/panels/0/series/2,sha256:ead6cd03b6b4928c042c4b7394e44c3ee5ccaa422b63b12327b44bb975263672,10.1021_acs.chemmater.2c01154-E023,multi_output,unresolved,True,False,,Binding energy,eV,eV,False,unknown,,,,,,,axis_semantic_resolution,unsupported,x quantity 'Binding energy' does not resolve to any ontology QuantityKind,,,False,,,,,False,,Intensity,arb. u.,arb. u.,False,output,output,,,,,,axis_semantic_resolution,not_applicable,quantity 'intensity' is not a comparison target (no comparison group declares it),,,False,,,,,False
10.1021_acs.chemmater.2c01154,10.1021_acs.chemmater.2c01154,5,a,0.50,10.1021_acs.chemmater.2c01154::F5::a::3,14,03_corpus/extracted/10.1021_acs.chemmater.2c01154/figure_data.json,/figures/3/panels/0/series/3,sha256:ead6cd03b6b4928c042c4b7394e44c3ee5ccaa422b63b12327b44bb975263672,10.1021_acs.chemmater.2c01154-E024,multi_output,unresolved,True,False,,Binding energy,eV,eV,False,unknown,,,,,,,axis_semantic_resolution,unsupported,x quantity 'Binding energy' does not resolve to any ontology QuantityKind,,,False,,,,,False,,Intensity,arb. u.,arb. u.,False,output,output,,,,,,axis_semantic_resolution,not_applicable,quantity 'intensity' is not a comparison target (no comparison group declares it),,,False,,,,,False
10.1021_acs.chemmater.2c01154,10.1021_acs.chemmater.2c01154,5,a,0.20,10.1021_acs.chemmater.2c01154::F5::a::4,14,03_corpus/extracted/10.1021_acs.chemmater.2c01154/figure_data.json,/figures/3/panels/0/series/4,sha256:ead6cd03b6b4928c042c4b7394e44c3ee5ccaa422b63b12327b44bb975263672,10.1021_acs.chemmater.2c01154-E025,multi_output,unresolved,True,False,,Binding energy,eV,eV,False,unknown,,,,,,,axis_semantic_resolution,unsupported,x quantity 'Binding energy' does not resolve to any ontology QuantityKind,,,False,,,,,False,,Intensity,arb. u.,arb. u.,False,output,output,,,,,,axis_semantic_resolution,not_applicable,quantity 'intensity' is not a comparison target (no comparison group declares it),,,False,,,,,False
10.1021_acs.chemmater.2c01154,10.1021_acs.chemmater.2c01154,5,b,0.94,10.1021_acs.chemmater.2c01154::F5::b::0,12,03_corpus/extracted/10.1021_acs.chemmater.2c01154/figure_data.json,/figures/3/panels/1/series/0,sha256:ead6cd03b6b4928c042c4b7394e44c3ee5ccaa422b63b12327b44bb975263672,10.1021_acs.chemmater.2c01154-E026,multi_output,unresolved,True,False,,Binding energy,eV,eV,False,unknown,,,,,,,axis_semantic_resolution,unsupported,x quantity 'Binding energy' does not resolve to any ontology QuantityKind,,,False,,,,,False,,Intensity,arb. u.,arb. u.,False,output,output,,,,,,axis_semantic_resolution,not_applicable,quantity 'intensity' is not a comparison target (no comparison group declares it),,,False,,,,,False
10.1021_acs.chemmater.2c01154,10.1021_acs.chemmater.2c01154,5,b,0.80,10.1021_acs.chemmater.2c01154::F5::b::1,12,03_corpus/extracted/10.1021_acs.chemmater.2c01154/figure_data.json,/figures/3/panels/1/series/1,sha256:ead6cd03b6b4928c042c4b7394e44c3ee5ccaa422b63b12327b44bb975263672,10.1021_acs.chemmater.2c01154-E027,multi_output,unresolved,True,False,,Binding energy,eV,eV,False,unknown,,,,,,,axis_semantic_resolution,unsupported,x quantity 'Binding energy' does not resolve to any ontology QuantityKind,,,False,,,,,False,,Intensity,arb. u.,arb. u.,False,output,output,,,,,,axis_semantic_resolution,not_applicable,quantity 'intensity' is not a comparison target (no comparison group declares it),,,False,,,,,False
10.1021_acs.chemmater.2c01154,10.1021_acs.chemmater.2c01154,5,b,0.65,10.1021_acs.chemmater.2c01154::F5::b::2,12,03_corpus/extracted/10.1021_acs.chemmater.2c01154/figure_data.json,/figures/3/panels/1/series/2,sha256:ead6cd03b6b4928c042c4b7394e44c3ee5ccaa422b63b12327b44bb975263672,10.1021_acs.chemmater.2c01154-E028,multi_output,unresolved,True,False,,Binding energy,eV,eV,False,unknown,,,,,,,axis_semantic_resolution,unsupported,x quantity 'Binding energy' does not resolve to any ontology QuantityKind,,,False,,,,,False,,Intensity,arb. u.,arb. u.,False,output,output,,,,,,axis_semantic_resolution,not_applicable,quantity 'intensity' is not a comparison target (no comparison group declares it),,,False,,,,,False
10.1021_acs.chemmater.2c01154,10.1021_acs.chemmater.2c01154,5,b,0.50,10.1021_acs.chemmater.2c01154::F5::b::3,11,03_corpus/extracted/10.1021_acs.chemmater.2c01154/figure_data.json,/figures/3/panels/1/series/3,sha256:ead6cd03b6b4928c042c4b7394e44c3ee5ccaa422b63b12327b44bb975263672,10.1021_acs.chemmater.2c01154-E029,multi_output,unresolved,True,False,,Binding energy,eV,eV,False,unknown,,,,,,,axis_semantic_resolution,unsupported,x quantity 'Binding energy' does not resolve to any ontology QuantityKind,,,False,,,,,False,,Intensity,arb. u.,arb. u.,False,output,output,,,,,,axis_semantic_resolution,not_applicable,quantity 'intensity' is not a comparison target (no comparison group declares it),,,False,,,,,False
10.1021_acs.chemmater.2c01154,10.1021_acs.chemmater.2c01154,5,b,0.20,10.1021_acs.chemmater.2c01154::F5::b::4,11,03_corpus/extracted/10.1021_acs.chemmater.2c01154/figure_data.json,/figures/3/panels/1/series/4,sha256:ead6cd03b6b4928c042c4b7394e44c3ee5ccaa422b63b12327b44bb975263672,10.1021_acs.chemmater.2c01154-E030,multi_output,unresolved,True,False,,Binding energy,eV,eV,False,unknown,,,,,,,axis_semantic_resolution,unsupported,x quantity 'Binding energy' does not resolve to any ontology QuantityKind,,,False,,,,,False,,Intensity,arb. u.,arb. u.,False,output,output,,,,,,axis_semantic_resolution,not_applicable,quantity 'intensity' is not a comparison target (no comparison group declares it),,,False,,,,,False
10.1021_acs.chemmater.2c01154,10.1021_acs.chemmater.2c01154,7,a,0,10.1021_acs.chemmater.2c01154::F7::a::0,15,03_corpus/extracted/10.1021_acs.chemmater.2c01154/figure_data.json,/figures/4/panels/0/series/0,sha256:ead6cd03b6b4928c042c4b7394e44c3ee5ccaa422b63b12327b44bb975263672,,,series,False,False,Number of ALD cycles,cycle_number,,,False,condition_sweep,condition,,,,,,axis_semantic_resolution,unsupported,"unit '' is not a recognised, convertible unit (arbitrary/uncalibrated or unparseable)",,,False,,,,,False,Thickness (nm),film_thickness,nm,nm,False,output,output,,film_thickness,nm,film_thickness,,identity_canonical_mapping,already_canonical,,,,False,,,,,False
10.1021_acs.chemmater.2c01154,10.1021_acs.chemmater.2c01154,7,a,0.20,10.1021_acs.chemmater.2c01154::F7::a::1,15,03_corpus/extracted/10.1021_acs.chemmater.2c01154/figure_data.json,/figures/4/panels/0/series/1,sha256:ead6cd03b6b4928c042c4b7394e44c3ee5ccaa422b63b12327b44bb975263672,,,series,False,False,Number of ALD cycles,cycle_number,,,False,condition_sweep,condition,,,,,,axis_semantic_resolution,unsupported,"unit '' is not a recognised, convertible unit (arbitrary/uncalibrated or unparseable)",,,False,,,,,False,Thickness (nm),film_thickness,nm,nm,False,output,output,,film_thickness,nm,film_thickness,,identity_canonical_mapping,already_canonical,,,,False,,,,,False
10.1021_acs.chemmater.2c01154,10.1021_acs.chemmater.2c01154,7,a,0.50,10.1021_acs.chemmater.2c01154::F7::a::2,15,03_corpus/extracted/10.1021_acs.chemmater.2c01154/figure_data.json,/figures/4/panels/0/series/2,sha256:ead6cd03b6b4928c042c4b7394e44c3ee5ccaa422b63b12327b44bb975263672,,,series,False,False,Number of ALD cycles,cycle_number,,,False,condition_sweep,condition,,,,,,axis_semantic_resolution,unsupported,"unit '' is not a recognised, convertible unit (arbitrary/uncalibrated or unparseable)",,,False,,,,,False,Thickness (nm),film_thickness,nm,nm,False,output,output,,film_thickness,nm,film_thickness,,identity_canonical_mapping,already_canonical,,,,False,,,,,False
10.1021_acs.chemmater.2c01154,10.1021_acs.chemmater.2c01154,7,a,0.65,10.1021_acs.chemmater.2c01154::F7::a::3,15,03_corpus/extracted/10.1021_acs.chemmater.2c01154/figure_data.json,/figures/4/panels/0/series/3,sha256:ead6cd03b6b4928c042c4b7394e44c3ee5ccaa422b63b12327b44bb975263672,,,series,False,False,Number of ALD cycles,cycle_number,,,False,condition_sweep,condition,,,,,,axis_semantic_resolution,unsupported,"unit '' is not a recognised, convertible unit (arbitrary/uncalibrated or unparseable)",,,False,,,,,False,Thickness (nm),film_thickness,nm,nm,False,output,output,,film_thickness,nm,film_thickness,,identity_canonical_mapping,already_canonical,,,,False,,,,,False
10.1021_acs.chemmater.2c01154,10.1021_acs.chemmater.2c01154,7,a,0.80,10.1021_acs.chemmater.2c01154::F7::a::4,15,03_corpus/extracted/10.1021_acs.chemmater.2c01154/figure_data.json,/figures/4/panels/0/series/4,sha256:ead6cd03b6b4928c042c4b7394e44c3ee5ccaa422b63b12327b44bb975263672,,,series,False,False,Number of ALD cycles,cycle_number,,,False,condition_sweep,condition,,,,,,axis_semantic_resolution,unsupported,"unit '' is not a recognised, convertible unit (arbitrary/uncalibrated or unparseable)",,,False,,,,,False,Thickness (nm),film_thickness,nm,nm,False,output,output,,film_thickness,nm,film_thickness,,identity_canonical_mapping,already_canonical,,,,False,,,,,False
10.1021_acs.chemmater.2c01154,10.1021_acs.chemmater.2c01154,7,a,0.94,10.1021_acs.chemmater.2c01154::F7::a::5,15,03_corpus/extracted/10.1021_acs.chemmater.2c01154/figure_data.json,/figures/4/panels/0/series/5,sha256:ead6cd03b6b4928c042c4b7394e44c3ee5ccaa422b63b12327b44bb975263672,,,series,False,False,Number of ALD cycles,cycle_number,,,False,condition_sweep,condition,,,,,,axis_semantic_resolution,unsupported,"unit '' is not a recognised, convertible unit (arbitrary/uncalibrated or unparseable)",,,False,,,,,False,Thickness (nm),film_thickness,nm,nm,False,output,output,,film_thickness,nm,film_thickness,,identity_canonical_mapping,already_canonical,,,,False,,,,,False
10.1021_acs.chemmater.2c01154,10.1021_acs.chemmater.2c01154,7,b,0,10.1021_acs.chemmater.2c01154::F7::b::0,3,03_corpus/extracted/10.1021_acs.chemmater.2c01154/figure_data.json,/figures/4/panels/1/series/0,sha256:ead6cd03b6b4928c042c4b7394e44c3ee5ccaa422b63b12327b44bb975263672,10.1021_acs.chemmater.2c01154-E039,case,series,True,False,H₂ flow ratio,deposition_temperature,°C,°C,False,condition_sweep,condition,,deposition_temperature,K,process_temperature,,temperature_unit_conversion,converted,,,,False,,,,,False,T_{deposition} (°C),growth_per_cycle,Å/cycle,Å/cycle,False,output,output,,growth_per_cycle,nm/cycle,growth_per_cycle,,growth_per_cycle_unit_conversion,converted,,,,False,,,,,False
10.1021_acs.chemmater.2c01154,10.1021_acs.chemmater.2c01154,7,b,0.20,10.1021_acs.chemmater.2c01154::F7::b::1,8,03_corpus/extracted/10.1021_acs.chemmater.2c01154/figure_data.json,/figures/4/panels/1/series/1,sha256:ead6cd03b6b4928c042c4b7394e44c3ee5ccaa422b63b12327b44bb975263672,10.1021_acs.chemmater.2c01154-E039,case,series,True,False,H₂ flow ratio,deposition_temperature,°C,°C,False,condition_sweep,condition,,deposition_temperature,K,process_temperature,,temperature_unit_conversion,converted,,,,False,,,,,False,T_{deposition} (°C),growth_per_cycle,Å/cycle,Å/cycle,False,output,output,,growth_per_cycle,nm/cycle,growth_per_cycle,,growth_per_cycle_unit_conversion,converted,,,,False,,,,,False
10.1021_acs.chemmater.2c01154,10.1021_acs.chemmater.2c01154,7,b,0.35,10.1021_acs.chemmater.2c01154::F7::b::2,1,03_corpus/extracted/10.1021_acs.chemmater.2c01154/figure_data.json,/figures/4/panels/1/series/2,sha256:ead6cd03b6b4928c042c4b7394e44c3ee5ccaa422b63b12327b44bb975263672,10.1021_acs.chemmater.2c01154-E039,case,single,True,False,H₂ flow ratio,deposition_temperature,°C,°C,False,condition_sweep,condition,,deposition_temperature,K,process_temperature,,temperature_unit_conversion,converted,,,,False,,,,,False,T_{deposition} (°C),growth_per_cycle,Å/cycle,Å/cycle,False,output,output,,growth_per_cycle,nm/cycle,growth_per_cycle,,growth_per_cycle_unit_conversion,converted,,,,False,,,,,False
10.1021_acs.chemmater.2c01154,10.1021_acs.chemmater.2c01154,7,b,0.50,10.1021_acs.chemmater.2c01154::F7::b::3,5,03_corpus/extracted/10.1021_acs.chemmater.2c01154/figure_data.json,/figures/4/panels/1/series/3,sha256:ead6cd03b6b4928c042c4b7394e44c3ee5ccaa422b63b12327b44bb975263672,10.1021_acs.chemmater.2c01154-E039,case,series,True,False,H₂ flow ratio,deposition_temperature,°C,°C,False,condition_sweep,condition,,deposition_temperature,K,process_temperature,,temperature_unit_conversion,converted,,,,False,,,,,False,T_{deposition} (°C),growth_per_cycle,Å/cycle,Å/cycle,False,output,output,,growth_per_cycle,nm/cycle,growth_per_cycle,,growth_per_cycle_unit_conversion,converted,,,,False,,,,,False
10.1021_acs.chemmater.2c01154,10.1021_acs.chemmater.2c01154,7,b,0.65,10.1021_acs.chemmater.2c01154::F7::b::4,4,03_corpus/extracted/10.1021_acs.chemmater.2c01154/figure_data.json,/figures/4/panels/1/series/4,sha256:ead6cd03b6b4928c042c4b7394e44c3ee5ccaa422b63b12327b44bb975263672,10.1021_acs.chemmater.2c01154-E039,case,series,True,False,H₂ flow ratio,deposition_temperature,°C,°C,False,condition_sweep,condition,,deposition_temperature,K,process_temperature,,temperature_unit_conversion,converted,,,,False,,,,,False,T_{deposition} (°C),growth_per_cycle,Å/cycle,Å/cycle,False,output,output,,growth_per_cycle,nm/cycle,growth_per_cycle,,growth_per_cycle_unit_conversion,converted,,,,False,,,,,False
10.1021_acs.chemmater.2c01154,10.1021_acs.chemmater.2c01154,7,b,0.80,10.1021_acs.chemmater.2c01154::F7::b::5,7,03_corpus/extracted/10.1021_acs.chemmater.2c01154/figure_data.json,/figures/4/panels/1/series/5,sha256:ead6cd03b6b4928c042c4b7394e44c3ee5ccaa422b63b12327b44bb975263672,10.1021_acs.chemmater.2c01154-E039,case,series,True,False,H₂ flow ratio,deposition_temperature,°C,°C,False,condition_sweep,condition,,deposition_temperature,K,process_temperature,,temperature_unit_conversion,converted,,,,False,,,,,False,T_{deposition} (°C),growth_per_cycle,Å/cycle,Å/cycle,False,output,output,,growth_per_cycle,nm/cycle,growth_per_cycle,,growth_per_cycle_unit_conversion,converted,,,,False,,,,,False
10.1021_acs.chemmater.2c01154,10.1021_acs.chemmater.2c01154,7,b,0.94,10.1021_acs.chemmater.2c01154::F7::b::6,4,03_corpus/extracted/10.1021_acs.chemmater.2c01154/figure_data.json,/figures/4/panels/1/series/6,sha256:ead6cd03b6b4928c042c4b7394e44c3ee5ccaa422b63b12327b44bb975263672,10.1021_acs.chemmater.2c01154-E039,case,series,True,False,H₂ flow ratio,deposition_temperature,°C,°C,False,condition_sweep,condition,,deposition_temperature,K,process_temperature,,temperature_unit_conversion,converted,,,,False,,,,,False,T_{deposition} (°C),growth_per_cycle,Å/cycle,Å/cycle,False,output,output,,growth_per_cycle,nm/cycle,growth_per_cycle,,growth_per_cycle_unit_conversion,converted,,,,False,,,,,False
10.1021_acs.chemmater.2c01154,10.1021_acs.chemmater.2c01154,8,a,0,10.1021_acs.chemmater.2c01154::F8::a::0,3,03_corpus/extracted/10.1021_acs.chemmater.2c01154/figure_data.json,/figures/5/panels/0/series/0,sha256:ead6cd03b6b4928c042c4b7394e44c3ee5ccaa422b63b12327b44bb975263672,10.1021_acs.chemmater.2c01154-E046,case,series,True,False,,deposition_temperature,°C,°C,False,condition_sweep,condition,,deposition_temperature,K,process_temperature,,temperature_unit_conversion,converted,,,,False,,,,,False,,resistivity,Ωcm,Ωcm,False,output,output,,,,,,axis_semantic_resolution,not_applicable,quantity 'resistivity' is not a comparison target (no comparison group declares it),,,False,,,,,False
10.1021_acs.chemmater.2c01154,10.1021_acs.chemmater.2c01154,8,a,0.20,10.1021_acs.chemmater.2c01154::F8::a::1,8,03_corpus/extracted/10.1021_acs.chemmater.2c01154/figure_data.json,/figures/5/panels/0/series/1,sha256:ead6cd03b6b4928c042c4b7394e44c3ee5ccaa422b63b12327b44bb975263672,10.1021_acs.chemmater.2c01154-E046,case,series,True,False,,deposition_temperature,°C,°C,False,condition_sweep,condition,,deposition_temperature,K,process_temperature,,temperature_unit_conversion,converted,,,,False,,,,,False,,resistivity,Ωcm,Ωcm,False,output,output,,,,,,axis_semantic_resolution,not_applicable,quantity 'resistivity' is not a comparison target (no comparison group declares it),,,False,,,,,False
10.1021_acs.chemmater.2c01154,10.1021_acs.chemmater.2c01154,8,a,0.35,10.1021_acs.chemmater.2c01154::F8::a::2,1,03_corpus/extracted/10.1021_acs.chemmater.2c01154/figure_data.json,/figures/5/panels/0/series/2,sha256:ead6cd03b6b4928c042c4b7394e44c3ee5ccaa422b63b12327b44bb975263672,10.1021_acs.chemmater.2c01154-E046,case,single,True,False,,deposition_temperature,°C,°C,False,condition_sweep,condition,,deposition_temperature,K,process_temperature,,temperature_unit_conversion,converted,,,,False,,,,,False,,resistivity,Ωcm,Ωcm,False,output,output,,,,,,axis_semantic_resolution,not_applicable,quantity 'resistivity' is not a comparison target (no comparison group declares it),,,False,,,,,False
10.1021_acs.chemmater.2c01154,10.1021_acs.chemmater.2c01154,8,a,0.50,10.1021_acs.chemmater.2c01154::F8::a::3,5,03_corpus/extracted/10.1021_acs.chemmater.2c01154/figure_data.json,/figures/5/panels/0/series/3,sha256:ead6cd03b6b4928c042c4b7394e44c3ee5ccaa422b63b12327b44bb975263672,10.1021_acs.chemmater.2c01154-E046,case,series,True,False,,deposition_temperature,°C,°C,False,condition_sweep,condition,,deposition_temperature,K,process_temperature,,temperature_unit_conversion,converted,,,,False,,,,,False,,resistivity,Ωcm,Ωcm,False,output,output,,,,,,axis_semantic_resolution,not_applicable,quantity 'resistivity' is not a comparison target (no comparison group declares it),,,False,,,,,False
10.1021_acs.chemmater.2c01154,10.1021_acs.chemmater.2c01154,8,a,0.65,10.1021_acs.chemmater.2c01154::F8::a::4,4,03_corpus/extracted/10.1021_acs.chemmater.2c01154/figure_data.json,/figures/5/panels/0/series/4,sha256:ead6cd03b6b4928c042c4b7394e44c3ee5ccaa422b63b12327b44bb975263672,10.1021_acs.chemmater.2c01154-E046,case,series,True,False,,deposition_temperature,°C,°C,False,condition_sweep,condition,,deposition_temperature,K,process_temperature,,temperature_unit_conversion,converted,,,,False,,,,,False,,resistivity,Ωcm,Ωcm,False,output,output,,,,,,axis_semantic_resolution,not_applicable,quantity 'resistivity' is not a comparison target (no comparison group declares it),,,False,,,,,False
10.1021_acs.chemmater.2c01154,10.1021_acs.chemmater.2c01154,8,a,0.80,10.1021_acs.chemmater.2c01154::F8::a::5,7,03_corpus/extracted/10.1021_acs.chemmater.2c01154/figure_data.json,/figures/5/panels/0/series/5,sha256:ead6cd03b6b4928c042c4b7394e44c3ee5ccaa422b63b12327b44bb975263672,10.1021_acs.chemmater.2c01154-E046,case,series,True,False,,deposition_temperature,°C,°C,False,condition_sweep,condition,,deposition_temperature,K,process_temperature,,temperature_unit_conversion,converted,,,,False,,,,,False,,resistivity,Ωcm,Ωcm,False,output,output,,,,,,axis_semantic_resolution,not_applicable,quantity 'resistivity' is not a comparison target (no comparison group declares it),,,False,,,,,False
10.1021_acs.chemmater.2c01154,10.1021_acs.chemmater.2c01154,8,a,0.94,10.1021_acs.chemmater.2c01154::F8::a::6,4,03_corpus/extracted/10.1021_acs.chemmater.2c01154/figure_data.json,/figures/5/panels/0/series/6,sha256:ead6cd03b6b4928c042c4b7394e44c3ee5ccaa422b63b12327b44bb975263672,10.1021_acs.chemmater.2c01154-E046,case,series,True,False,,deposition_temperature,°C,°C,False,condition_sweep,condition,,deposition_temperature,K,process_temperature,,temperature_unit_conversion,converted,,,,False,,,,,False,,resistivity,Ωcm,Ωcm,False,output,output,,,,,,axis_semantic_resolution,not_applicable,quantity 'resistivity' is not a comparison target (no comparison group declares it),,,False,,,,,False
10.1021_acs.chemmater.2c01154,10.1021_acs.chemmater.2c01154,9,a,0.80,10.1021_acs.chemmater.2c01154::F9::a::0,28,03_corpus/extracted/10.1021_acs.chemmater.2c01154/figure_data.json,/figures/6/panels/0/series/0,sha256:ead6cd03b6b4928c042c4b7394e44c3ee5ccaa422b63b12327b44bb975263672,10.1021_acs.chemmater.2c01154-E051,multi_output,unresolved,True,False,,Raman shift,cm^-1,cm^-1,False,unknown,,,,,,,axis_semantic_resolution,unsupported,x quantity 'Raman shift' does not resolve to any ontology QuantityKind,,,False,,,,,False,,Intensity,arb. units,arb. units,False,output,output,,,,,,axis_semantic_resolution,not_applicable,quantity 'intensity' is not a comparison target (no comparison group declares it),,,False,,,,,False
10.1021_acs.chemmater.2c01154,10.1021_acs.chemmater.2c01154,9,a,0,10.1021_acs.chemmater.2c01154::F9::a::1,17,03_corpus/extracted/10.1021_acs.chemmater.2c01154/figure_data.json,/figures/6/panels/0/series/1,sha256:ead6cd03b6b4928c042c4b7394e44c3ee5ccaa422b63b12327b44bb975263672,10.1021_acs.chemmater.2c01154-E052,multi_output,unresolved,True,False,,Raman shift,cm^-1,cm^-1,False,unknown,,,,,,,axis_semantic_resolution,unsupported,x quantity 'Raman shift' does not resolve to any ontology QuantityKind,,,False,,,,,False,,Intensity,arb. units,arb. units,False,output,output,,,,,,axis_semantic_resolution,not_applicable,quantity 'intensity' is not a comparison target (no comparison group declares it),,,False,,,,,False
10.1021_acs.chemmater.2c01154,10.1021_acs.chemmater.2c01154,9,b,0.50,10.1021_acs.chemmater.2c01154::F9::b::0,26,03_corpus/extracted/10.1021_acs.chemmater.2c01154/figure_data.json,/figures/6/panels/1/series/0,sha256:ead6cd03b6b4928c042c4b7394e44c3ee5ccaa422b63b12327b44bb975263672,10.1021_acs.chemmater.2c01154-E053,multi_output,unresolved,True,False,,Raman shift,cm^-1,cm^-1,False,unknown,,,,,,,axis_semantic_resolution,unsupported,x quantity 'Raman shift' does not resolve to any ontology QuantityKind,,,False,,,,,False,,Intensity,arb. units,arb. units,False,output,output,,,,,,axis_semantic_resolution,not_applicable,quantity 'intensity' is not a comparison target (no comparison group declares it),,,False,,,,,False
10.1021_acs.chemmater.2c01154,10.1021_acs.chemmater.2c01154,9,b,Thermal ALD,10.1021_acs.chemmater.2c01154::F9::b::1,22,03_corpus/extracted/10.1021_acs.chemmater.2c01154/figure_data.json,/figures/6/panels/1/series/1,sha256:ead6cd03b6b4928c042c4b7394e44c3ee5ccaa422b63b12327b44bb975263672,10.1021_acs.chemmater.2c01154-E054,multi_output,unresolved,True,False,,Raman shift,cm^-1,cm^-1,False,unknown,,,,,,,axis_semantic_resolution,unsupported,x quantity 'Raman shift' does not resolve to any ontology QuantityKind,,,False,,,,,False,,Intensity,arb. units,arb. units,False,output,output,,,,,,axis_semantic_resolution,not_applicable,quantity 'intensity' is not a comparison target (no comparison group declares it),,,False,,,,,False
10.1021_acs.chemmater.2c01154,10.1021_acs.chemmater.2c01154,9,b,0,10.1021_acs.chemmater.2c01154::F9::b::2,17,03_corpus/extracted/10.1021_acs.chemmater.2c01154/figure_data.json,/figures/6/panels/1/series/2,sha256:ead6cd03b6b4928c042c4b7394e44c3ee5ccaa422b63b12327b44bb975263672,10.1021_acs.chemmater.2c01154-E055,multi_output,unresolved,True,False,,Raman shift,cm^-1,cm^-1,False,unknown,,,,,,,axis_semantic_resolution,unsupported,x quantity 'Raman shift' does not resolve to any ontology QuantityKind,,,False,,,,,False,,Intensity,arb. units,arb. units,False,output,output,,,,,,axis_semantic_resolution,not_applicable,quantity 'intensity' is not a comparison target (no comparison group declares it),,,False,,,,,False
10.1021_acs.chemmater.2c02292,10.1021_acs.chemmater.2c02292,1,a,,10.1021_acs.chemmater.2c02292::F1::a::0,5,03_corpus/extracted/10.1021_acs.chemmater.2c02292/figure_data.json,/figures/0/panels/0/series/0,sha256:7bcb56c5f37755eb364991a25ed6401be42acb53ea7652d4a909c10c3c6816c2,,,series,False,False,RuO₄ pulsing time (s),pulse_time,s,s,False,condition_sweep,condition,,pulse_time,s,pulse_time,,identity_canonical_mapping,already_canonical,,,,False,,,,,False,Growth per cycle (Å),growth_per_cycle,Å,Å/cycle,True,output,output,,growth_per_cycle,nm/cycle,growth_per_cycle,,growth_per_cycle_unit_conversion,converted,,,,False,axis_label,Growth per cycle (Å),per_cycle_division_printed_in_axis_label,0.9,False
10.1021_acs.chemmater.2c02292,10.1021_acs.chemmater.2c02292,1,b,,10.1021_acs.chemmater.2c02292::F1::b::0,5,03_corpus/extracted/10.1021_acs.chemmater.2c02292/figure_data.json,/figures/0/panels/1/series/0,sha256:7bcb56c5f37755eb364991a25ed6401be42acb53ea7652d4a909c10c3c6816c2,,,series,False,False,Methanol pulsing time (s),pulse_time,s,s,False,condition_sweep,condition,,pulse_time,s,pulse_time,,identity_canonical_mapping,already_canonical,,,,False,,,,,False,,growth_per_cycle,Å,Å,False,output,output,,,,,,length_unit_conversion,invalid,"declared unit 'Å' has dimension length but the quantity's comparison group 'growth_per_cycle' is length_per_cycle — the printed unit and the quantity disagree, so no conversion is safe (needs manual review)",,,False,,,,,False
10.1021_acs.chemmater.2c02292,10.1021_acs.chemmater.2c02292,1,c,,10.1021_acs.chemmater.2c02292::F1::c::0,4,03_corpus/extracted/10.1021_acs.chemmater.2c02292/figure_data.json,/figures/0/panels/2/series/0,sha256:7bcb56c5f37755eb364991a25ed6401be42acb53ea7652d4a909c10c3c6816c2,,,series,False,False,Temperature (°C),deposition_temperature,°C,°C,False,condition_sweep,condition,,deposition_temperature,K,process_temperature,,temperature_unit_conversion,converted,,,,False,,,,,False,,growth_per_cycle,Å,Å,False,output,output,,,,,,length_unit_conversion,invalid,"declared unit 'Å' has dimension length but the quantity's comparison group 'growth_per_cycle' is length_per_cycle — the printed unit and the quantity disagree, so no conversion is safe (needs manual review)",,,False,,,,,False
10.1021_acs.chemmater.2c02292,10.1021_acs.chemmater.2c02292,1,d,Si-H,10.1021_acs.chemmater.2c02292::F1::d::0,6,03_corpus/extracted/10.1021_acs.chemmater.2c02292/figure_data.json,/figures/0/panels/3/series/0,sha256:7bcb56c5f37755eb364991a25ed6401be42acb53ea7652d4a909c10c3c6816c2,,,series,False,False,Number of cycles,cycle_number,,,False,condition_sweep,condition,,,,,,axis_semantic_resolution,unsupported,"unit '' is not a recognised, convertible unit (arbitrary/uncalibrated or unparseable)",,,False,,,,,False,Thickness (nm),film_thickness,nm,nm,False,output,output,,film_thickness,nm,film_thickness,,identity_canonical_mapping,already_canonical,,,,False,,,,,False
10.1021_acs.chemmater.2c02292,10.1021_acs.chemmater.2c02292,1,d,Si with native oxide,10.1021_acs.chemmater.2c02292::F1::d::1,4,03_corpus/extracted/10.1021_acs.chemmater.2c02292/figure_data.json,/figures/0/panels/3/series/1,sha256:7bcb56c5f37755eb364991a25ed6401be42acb53ea7652d4a909c10c3c6816c2,,,series,False,False,Number of cycles,cycle_number,,,False,condition_sweep,condition,,,,,,axis_semantic_resolution,unsupported,"unit '' is not a recognised, convertible unit (arbitrary/uncalibrated or unparseable)",,,False,,,,,False,Thickness (nm),film_thickness,nm,nm,False,output,output,,film_thickness,nm,film_thickness,,identity_canonical_mapping,already_canonical,,,,False,,,,,False
10.1021_acs.chemmater.2c02292,10.1021_acs.chemmater.2c02292,1,f,,10.1021_acs.chemmater.2c02292::F1::f::0,6,03_corpus/extracted/10.1021_acs.chemmater.2c02292/figure_data.json,/figures/0/panels/4/series/0,sha256:7bcb56c5f37755eb364991a25ed6401be42acb53ea7652d4a909c10c3c6816c2,10.1021_acs.chemmater.2c02292-E005,profile,profile,False,False,Ru L intensity (a.u.),spatial_coordinate,μm,μm,False,spatial_coordinate,coordinate,,spatial_coordinate,µm,spatial_position,,identity_canonical_mapping,already_canonical,,,,False,,,,,False,Distance along the pillar (µm),Ru L intensity,a.u.,a.u.,False,unknown,,,,,,,axis_semantic_resolution,unsupported,y quantity 'Ru L intensity' does not resolve to any ontology QuantityKind,,,False,,,,,False
10.1021_acs.chemmater.2c02292,10.1021_acs.chemmater.2c02292,2,a,Ru metal (RuO4-H2),10.1021_acs.chemmater.2c02292::F2::a::0,22,03_corpus/extracted/10.1021_acs.chemmater.2c02292/figure_data.json,/figures/1/panels/0/series/0,sha256:7bcb56c5f37755eb364991a25ed6401be42acb53ea7652d4a909c10c3c6816c2,10.1021_acs.chemmater.2c02292-E006,multi_output,unresolved,True,False,,Binding energy,eV,eV,False,unknown,,,,,,,axis_semantic_resolution,unsupported,x quantity 'Binding energy' does not resolve to any ontology QuantityKind,,,False,,,,,False,,Intensity,CPS,CPS,False,output,output,,,,,,axis_semantic_resolution,not_applicable,quantity 'intensity' is not a comparison target (no comparison group declares it),,,False,,,,,False
10.1021_acs.chemmater.2c02292,10.1021_acs.chemmater.2c02292,2,a,RuO2 (RuO4-methanol),10.1021_acs.chemmater.2c02292::F2::a::1,17,03_corpus/extracted/10.1021_acs.chemmater.2c02292/figure_data.json,/figures/1/panels/0/series/1,sha256:7bcb56c5f37755eb364991a25ed6401be42acb53ea7652d4a909c10c3c6816c2,10.1021_acs.chemmater.2c02292-E007,multi_output,unresolved,True,False,,Binding energy,eV,eV,False,unknown,,,,,,,axis_semantic_resolution,unsupported,x quantity 'Binding energy' does not resolve to any ontology QuantityKind,,,False,,,,,False,,Intensity,CPS,CPS,False,output,output,,,,,,axis_semantic_resolution,not_applicable,quantity 'intensity' is not a comparison target (no comparison group declares it),,,False,,,,,False
10.1021_acs.chemmater.2c02292,10.1021_acs.chemmater.2c02292,2,b,Ru 3d5/2,10.1021_acs.chemmater.2c02292::F2::b::0,10,03_corpus/extracted/10.1021_acs.chemmater.2c02292/figure_data.json,/figures/1/panels/1/series/0,sha256:7bcb56c5f37755eb364991a25ed6401be42acb53ea7652d4a909c10c3c6816c2,10.1021_acs.chemmater.2c02292-E008,multi_output,unresolved,True,False,,Binding energy,eV,eV,False,unknown,,,,,,,axis_semantic_resolution,unsupported,x quantity 'Binding energy' does not resolve to any ontology QuantityKind,,,False,,,,,False,,Intensity,CPS,CPS,False,output,output,,,,,,axis_semantic_resolution,not_applicable,quantity 'intensity' is not a comparison target (no comparison group declares it),,,False,,,,,False
10.1021_acs.chemmater.2c02292,10.1021_acs.chemmater.2c02292,2,b,Ru 3d5/2 satellite,10.1021_acs.chemmater.2c02292::F2::b::1,7,03_corpus/extracted/10.1021_acs.chemmater.2c02292/figure_data.json,/figures/1/panels/1/series/1,sha256:7bcb56c5f37755eb364991a25ed6401be42acb53ea7652d4a909c10c3c6816c2,10.1021_acs.chemmater.2c02292-E009,multi_output,unresolved,True,False,,Binding energy,eV,eV,False,unknown,,,,,,,axis_semantic_resolution,unsupported,x quantity 'Binding energy' does not resolve to any ontology QuantityKind,,,False,,,,,False,,Intensity,CPS,CPS,False,output,output,,,,,,axis_semantic_resolution,not_applicable,quantity 'intensity' is not a comparison target (no comparison group declares it),,,False,,,,,False
10.1021_acs.chemmater.2c02292,10.1021_acs.chemmater.2c02292,2,b,Ru 3d3/2,10.1021_acs.chemmater.2c02292::F2::b::2,9,03_corpus/extracted/10.1021_acs.chemmater.2c02292/figure_data.json,/figures/1/panels/1/series/2,sha256:7bcb56c5f37755eb364991a25ed6401be42acb53ea7652d4a909c10c3c6816c2,10.1021_acs.chemmater.2c02292-E010,multi_output,unresolved,True,False,,Binding energy,eV,eV,False,unknown,,,,,,,axis_semantic_resolution,unsupported,x quantity 'Binding energy' does not resolve to any ontology QuantityKind,,,False,,,,,False,,Intensity,CPS,CPS,False,output,output,,,,,,axis_semantic_resolution,not_applicable,quantity 'intensity' is not a comparison target (no comparison group declares it),,,False,,,,,False
10.1021_acs.chemmater.2c02292,10.1021_acs.chemmater.2c02292,2,b,Ru 3d3/2 satellite,10.1021_acs.chemmater.2c02292::F2::b::3,6,03_corpus/extracted/10.1021_acs.chemmater.2c02292/figure_data.json,/figures/1/panels/1/series/3,sha256:7bcb56c5f37755eb364991a25ed6401be42acb53ea7652d4a909c10c3c6816c2,10.1021_acs.chemmater.2c02292-E011,multi_output,unresolved,True,False,,Binding energy,eV,eV,False,unknown,,,,,,,axis_semantic_resolution,unsupported,x quantity 'Binding energy' does not resolve to any ontology QuantityKind,,,False,,,,,False,,Intensity,CPS,CPS,False,output,output,,,,,,axis_semantic_resolution,not_applicable,quantity 'intensity' is not a comparison target (no comparison group declares it),,,False,,,,,False
10.1021_acs.chemmater.2c02292,10.1021_acs.chemmater.2c02292,2,b,C 1s,10.1021_acs.chemmater.2c02292::F2::b::4,5,03_corpus/extracted/10.1021_acs.chemmater.2c02292/figure_data.json,/figures/1/panels/1/series/4,sha256:7bcb56c5f37755eb364991a25ed6401be42acb53ea7652d4a909c10c3c6816c2,10.1021_acs.chemmater.2c02292-E012,multi_output,unresolved,True,False,,Binding energy,eV,eV,False,unknown,,,,,,,axis_semantic_resolution,unsupported,x quantity 'Binding energy' does not resolve to any ontology QuantityKind,,,False,,,,,False,,Intensity,CPS,CPS,False,output,output,,,,,,axis_semantic_resolution,not_applicable,quantity 'intensity' is not a comparison target (no comparison group declares it),,,False,,,,,False
10.1021_acs.chemmater.2c02292,10.1021_acs.chemmater.2c02292,2,c,O 1s,10.1021_acs.chemmater.2c02292::F2::c::0,8,03_corpus/extracted/10.1021_acs.chemmater.2c02292/figure_data.json,/figures/1/panels/2/series/0,sha256:7bcb56c5f37755eb364991a25ed6401be42acb53ea7652d4a909c10c3c6816c2,10.1021_acs.chemmater.2c02292-E013,multi_output,unresolved,True,False,,Binding energy,eV,eV,False,unknown,,,,,,,axis_semantic_resolution,unsupported,x quantity 'Binding energy' does not resolve to any ontology QuantityKind,,,False,,,,,False,,Intensity,CPS,CPS,False,output,output,,,,,,axis_semantic_resolution,not_applicable,quantity 'intensity' is not a comparison target (no comparison group declares it),,,False,,,,,False
10.1021_acs.chemmater.2c02292,10.1021_acs.chemmater.2c02292,2,c,OH,10.1021_acs.chemmater.2c02292::F2::c::1,7,03_corpus/extracted/10.1021_acs.chemmater.2c02292/figure_data.json,/figures/1/panels/2/series/1,sha256:7bcb56c5f37755eb364991a25ed6401be42acb53ea7652d4a909c10c3c6816c2,10.1021_acs.chemmater.2c02292-E014,multi_output,unresolved,True,False,,Binding energy,eV,eV,False,unknown,,,,,,,axis_semantic_resolution,unsupported,x quantity 'Binding energy' does not resolve to any ontology QuantityKind,,,False,,,,,False,,Intensity,CPS,CPS,False,output,output,,,,,,axis_semantic_resolution,not_applicable,quantity 'intensity' is not a comparison target (no comparison group declares it),,,False,,,,,False
10.1021_acs.chemmater.2c02292,10.1021_acs.chemmater.2c02292,3,a,Annealed in He,10.1021_acs.chemmater.2c02292::F3::a::0,41,03_corpus/extracted/10.1021_acs.chemmater.2c02292/figure_data.json,/figures/2/panels/0/series/0,sha256:7bcb56c5f37755eb364991a25ed6401be42acb53ea7652d4a909c10c3c6816c2,10.1021_acs.chemmater.2c02292-E015,multi_output,unresolved,True,False,,2Θ,°,°,False,unknown,,,,,,,axis_semantic_resolution,unsupported,x quantity '2Θ' does not resolve to any ontology QuantityKind,,,False,,,,,False,,Intensity,a.u.,a.u.,False,output,output,,,,,,axis_semantic_resolution,not_applicable,quantity 'intensity' is not a comparison target (no comparison group declares it),,,False,,,,,False
10.1021_acs.chemmater.2c02292,10.1021_acs.chemmater.2c02292,3,a,Annealed in air,10.1021_acs.chemmater.2c02292::F3::a::1,41,03_corpus/extracted/10.1021_acs.chemmater.2c02292/figure_data.json,/figures/2/panels/0/series/1,sha256:7bcb56c5f37755eb364991a25ed6401be42acb53ea7652d4a909c10c3c6816c2,10.1021_acs.chemmater.2c02292-E016,multi_output,unresolved,True,False,,2Θ,°,°,False,unknown,,,,,,,axis_semantic_resolution,unsupported,x quantity '2Θ' does not resolve to any ontology QuantityKind,,,False,,,,,False,,Intensity,a.u.,a.u.,False,output,output,,,,,,axis_semantic_resolution,not_applicable,quantity 'intensity' is not a comparison target (no comparison group declares it),,,False,,,,,False
10.1021_acs.chemmater.2c02292,10.1021_acs.chemmater.2c02292,3,a,As deposited,10.1021_acs.chemmater.2c02292::F3::a::2,41,03_corpus/extracted/10.1021_acs.chemmater.2c02292/figure_data.json,/figures/2/panels/0/series/2,sha256:7bcb56c5f37755eb364991a25ed6401be42acb53ea7652d4a909c10c3c6816c2,10.1021_acs.chemmater.2c02292-E017,multi_output,unresolved,True,False,,2Θ,°,°,False,unknown,,,,,,,axis_semantic_resolution,unsupported,x quantity '2Θ' does not resolve to any ontology QuantityKind,,,False,,,,,False,,Intensity,a.u.,a.u.,False,output,output,,,,,,axis_semantic_resolution,not_applicable,quantity 'intensity' is not a comparison target (no comparison group declares it),,,False,,,,,False
10.1021_acs.chemmater.2c02292,10.1021_acs.chemmater.2c02292,4,c,Annealed,10.1021_acs.chemmater.2c02292::F4::c::0,38,03_corpus/extracted/10.1021_acs.chemmater.2c02292/figure_data.json,/figures/3/panels/0/series/0,sha256:7bcb56c5f37755eb364991a25ed6401be42acb53ea7652d4a909c10c3c6816c2,,,series,False,False,,q,nm^-1,nm^-1,False,condition_sweep,condition,,,,,,axis_semantic_resolution,not_applicable,quantity 'site_density' is not a comparison target (no comparison group declares it),,,False,,,,,False,,Intensity,a.u.,a.u.,False,output,output,,,,,,axis_semantic_resolution,not_applicable,quantity 'intensity' is not a comparison target (no comparison group declares it),,,False,,,,,False
10.1021_acs.chemmater.2c02292,10.1021_acs.chemmater.2c02292,4,c,As deposited,10.1021_acs.chemmater.2c02292::F4::c::1,25,03_corpus/extracted/10.1021_acs.chemmater.2c02292/figure_data.json,/figures/3/panels/0/series/1,sha256:7bcb56c5f37755eb364991a25ed6401be42acb53ea7652d4a909c10c3c6816c2,,,series,False,False,,q,nm^-1,nm^-1,False,condition_sweep,condition,,,,,,axis_semantic_resolution,not_applicable,quantity 'site_density' is not a comparison target (no comparison group declares it),,,False,,,,,False,,Intensity,a.u.,a.u.,False,output,output,,,,,,axis_semantic_resolution,not_applicable,quantity 'intensity' is not a comparison target (no comparison group declares it),,,False,,,,,False
10.1021_acs.chemmater.2c02292,10.1021_acs.chemmater.2c02292,4,d,As deposited,10.1021_acs.chemmater.2c02292::F4::d::0,36,03_corpus/extracted/10.1021_acs.chemmater.2c02292/figure_data.json,/figures/3/panels/1/series/0,sha256:7bcb56c5f37755eb364991a25ed6401be42acb53ea7652d4a909c10c3c6816c2,,,correlation,False,False,,r,Å,Å,False,output,output,,,,,,axis_semantic_resolution,not_applicable,quantity 'recombination_probability' is not a comparison target (no comparison group declares it),,,False,,,,,False,,G(r),Å^-2,Å^-2,False,unknown,,,,,,,axis_semantic_resolution,unsupported,y quantity 'G(r)' does not resolve to any ontology QuantityKind,,,False,,,,,False
10.1021_acs.chemmater.2c02292,10.1021_acs.chemmater.2c02292,4,d,Fit,10.1021_acs.chemmater.2c02292::F4::d::1,36,03_corpus/extracted/10.1021_acs.chemmater.2c02292/figure_data.json,/figures/3/panels/1/series/1,sha256:7bcb56c5f37755eb364991a25ed6401be42acb53ea7652d4a909c10c3c6816c2,,,correlation,False,False,,r,Å,Å,False,output,output,,,,,,axis_semantic_resolution,not_applicable,quantity 'recombination_probability' is not a comparison target (no comparison group declares it),,,False,,,,,False,,G(r),Å^-2,Å^-2,False,unknown,,,,,,,axis_semantic_resolution,unsupported,y quantity 'G(r)' does not resolve to any ontology QuantityKind,,,False,,,,,False
10.1021_acs.chemmater.2c02292,10.1021_acs.chemmater.2c02292,4,e,Annealed,10.1021_acs.chemmater.2c02292::F4::e::0,32,03_corpus/extracted/10.1021_acs.chemmater.2c02292/figure_data.json,/figures/3/panels/2/series/0,sha256:7bcb56c5f37755eb364991a25ed6401be42acb53ea7652d4a909c10c3c6816c2,,,correlation,False,False,,r,Å,Å,False,output,output,,,,,,axis_semantic_resolution,not_applicable,quantity 'recombination_probability' is not a comparison target (no comparison group declares it),,,False,,,,,False,,G(r),Å^-2,Å^-2,False,unknown,,,,,,,axis_semantic_resolution,unsupported,y quantity 'G(r)' does not resolve to any ontology QuantityKind,,,False,,,,,False
10.1021_acs.chemmater.2c02292,10.1021_acs.chemmater.2c02292,4,e,Fit,10.1021_acs.chemmater.2c02292::F4::e::1,32,03_corpus/extracted/10.1021_acs.chemmater.2c02292/figure_data.json,/figures/3/panels/2/series/1,sha256:7bcb56c5f37755eb364991a25ed6401be42acb53ea7652d4a909c10c3c6816c2,,,correlation,False,False,,r,Å,Å,False,output,output,,,,,,axis_semantic_resolution,not_applicable,quantity 'recombination_probability' is not a comparison target (no comparison group declares it),,,False,,,,,False,,G(r),Å^-2,Å^-2,False,unknown,,,,,,,axis_semantic_resolution,unsupported,y quantity 'G(r)' does not resolve to any ontology QuantityKind,,,False,,,,,False
10.1021_acs.chemmater.2c02292,10.1021_acs.chemmater.2c02292,5,a,Methanol,10.1021_acs.chemmater.2c02292::F5::a::0,7,03_corpus/extracted/10.1021_acs.chemmater.2c02292/figure_data.json,/figures/4/panels/0/series/0,sha256:7bcb56c5f37755eb364991a25ed6401be42acb53ea7652d4a909c10c3c6816c2,,,series,False,False,Number of cycles,cycle_number,,,False,condition_sweep,condition,,,,,,axis_semantic_resolution,unsupported,"unit '' is not a recognised, convertible unit (arbitrary/uncalibrated or unparseable)",,,False,,,,,False,Thickness (nm),film_thickness,nm,nm,False,output,output,,film_thickness,nm,film_thickness,,identity_canonical_mapping,already_canonical,,,,False,,,,,False
10.1021_acs.chemmater.2c02292,10.1021_acs.chemmater.2c02292,5,a,Ethanol,10.1021_acs.chemmater.2c02292::F5::a::1,5,03_corpus/extracted/10.1021_acs.chemmater.2c02292/figure_data.json,/figures/4/panels/0/series/1,sha256:7bcb56c5f37755eb364991a25ed6401be42acb53ea7652d4a909c10c3c6816c2,,,series,False,False,Number of cycles,cycle_number,,,False,condition_sweep,condition,,,,,,axis_semantic_resolution,unsupported,"unit '' is not a recognised, convertible unit (arbitrary/uncalibrated or unparseable)",,,False,,,,,False,Thickness (nm),film_thickness,nm,nm,False,output,output,,film_thickness,nm,film_thickness,,identity_canonical_mapping,already_canonical,,,,False,,,,,False
10.1021_acs.chemmater.2c02292,10.1021_acs.chemmater.2c02292,5,a,2-propanol,10.1021_acs.chemmater.2c02292::F5::a::2,4,03_corpus/extracted/10.1021_acs.chemmater.2c02292/figure_data.json,/figures/4/panels/0/series/2,sha256:7bcb56c5f37755eb364991a25ed6401be42acb53ea7652d4a909c10c3c6816c2,,,series,False,False,Number of cycles,cycle_number,,,False,condition_sweep,condition,,,,,,axis_semantic_resolution,unsupported,"unit '' is not a recognised, convertible unit (arbitrary/uncalibrated or unparseable)",,,False,,,,,False,Thickness (nm),film_thickness,nm,nm,False,output,output,,film_thickness,nm,film_thickness,,identity_canonical_mapping,already_canonical,,,,False,,,,,False
10.1021_acs.chemmater.2c02292,10.1021_acs.chemmater.2c02292,5,a,1-propanol,10.1021_acs.chemmater.2c02292::F5::a::3,4,03_corpus/extracted/10.1021_acs.chemmater.2c02292/figure_data.json,/figures/4/panels/0/series/3,sha256:7bcb56c5f37755eb364991a25ed6401be42acb53ea7652d4a909c10c3c6816c2,,,series,False,False,Number of cycles,cycle_number,,,False,condition_sweep,condition,,,,,,axis_semantic_resolution,unsupported,"unit '' is not a recognised, convertible unit (arbitrary/uncalibrated or unparseable)",,,False,,,,,False,Thickness (nm),film_thickness,nm,nm,False,output,output,,film_thickness,nm,film_thickness,,identity_canonical_mapping,already_canonical,,,,False,,,,,False
10.1021_acs.chemmater.2c02292,10.1021_acs.chemmater.2c02292,5,b,Methanol,10.1021_acs.chemmater.2c02292::F5::b::0,5,03_corpus/extracted/10.1021_acs.chemmater.2c02292/figure_data.json,/figures/4/panels/1/series/0,sha256:7bcb56c5f37755eb364991a25ed6401be42acb53ea7652d4a909c10c3c6816c2,,,series,False,False,Alcohol pulse time (s),pulse_time,s,s,False,condition_sweep,condition,,pulse_time,s,pulse_time,,identity_canonical_mapping,already_canonical,,,,False,,,,,False,Growth per cycle (Å),growth_per_cycle,Å,Å/cycle,True,output,output,,growth_per_cycle,nm/cycle,growth_per_cycle,,growth_per_cycle_unit_conversion,converted,,,,False,axis_label,Growth per cycle (Å),per_cycle_division_printed_in_axis_label,0.9,False
10.1021_acs.chemmater.2c02292,10.1021_acs.chemmater.2c02292,5,b,Ethanol,10.1021_acs.chemmater.2c02292::F5::b::1,3,03_corpus/extracted/10.1021_acs.chemmater.2c02292/figure_data.json,/figures/4/panels/1/series/1,sha256:7bcb56c5f37755eb364991a25ed6401be42acb53ea7652d4a909c10c3c6816c2,,,series,False,False,Alcohol pulse time (s),pulse_time,s,s,False,condition_sweep,condition,,pulse_time,s,pulse_time,,identity_canonical_mapping,already_canonical,,,,False,,,,,False,Growth per cycle (Å),growth_per_cycle,Å,Å/cycle,True,output,output,,growth_per_cycle,nm/cycle,growth_per_cycle,,growth_per_cycle_unit_conversion,converted,,,,False,axis_label,Growth per cycle (Å),per_cycle_division_printed_in_axis_label,0.9,False
10.1021_acs.chemmater.2c02292,10.1021_acs.chemmater.2c02292,5,b,2-propanol,10.1021_acs.chemmater.2c02292::F5::b::2,3,03_corpus/extracted/10.1021_acs.chemmater.2c02292/figure_data.json,/figures/4/panels/1/series/2,sha256:7bcb56c5f37755eb364991a25ed6401be42acb53ea7652d4a909c10c3c6816c2,,,series,False,False,Alcohol pulse time (s),pulse_time,s,s,False,condition_sweep,condition,,pulse_time,s,pulse_time,,identity_canonical_mapping,already_canonical,,,,False,,,,,False,Growth per cycle (Å),growth_per_cycle,Å,Å/cycle,True,output,output,,growth_per_cycle,nm/cycle,growth_per_cycle,,growth_per_cycle_unit_conversion,converted,,,,False,axis_label,Growth per cycle (Å),per_cycle_division_printed_in_axis_label,0.9,False
10.1021_acs.chemmater.2c02292,10.1021_acs.chemmater.2c02292,5,c,Methanol,10.1021_acs.chemmater.2c02292::F5::c::0,4,03_corpus/extracted/10.1021_acs.chemmater.2c02292/figure_data.json,/figures/4/panels/2/series/0,sha256:7bcb56c5f37755eb364991a25ed6401be42acb53ea7652d4a909c10c3c6816c2,,,series,False,False,RuO₄ pulse time (s),pulse_time,s,s,False,condition_sweep,condition,,pulse_time,s,pulse_time,,identity_canonical_mapping,already_canonical,,,,False,,,,,False,Growth per cycle (Å),growth_per_cycle,Å,Å/cycle,True,output,output,,growth_per_cycle,nm/cycle,growth_per_cycle,,growth_per_cycle_unit_conversion,converted,,,,False,axis_label,Growth per cycle (Å),per_cycle_division_printed_in_axis_label,0.9,False
10.1021_acs.chemmater.2c02292,10.1021_acs.chemmater.2c02292,5,c,Ethanol,10.1021_acs.chemmater.2c02292::F5::c::1,3,03_corpus/extracted/10.1021_acs.chemmater.2c02292/figure_data.json,/figures/4/panels/2/series/1,sha256:7bcb56c5f37755eb364991a25ed6401be42acb53ea7652d4a909c10c3c6816c2,,,series,False,False,RuO₄ pulse time (s),pulse_time,s,s,False,condition_sweep,condition,,pulse_time,s,pulse_time,,identity_canonical_mapping,already_canonical,,,,False,,,,,False,Growth per cycle (Å),growth_per_cycle,Å,Å/cycle,True,output,output,,growth_per_cycle,nm/cycle,growth_per_cycle,,growth_per_cycle_unit_conversion,converted,,,,False,axis_label,Growth per cycle (Å),per_cycle_division_printed_in_axis_label,0.9,False
10.1021_acs.chemmater.2c02292,10.1021_acs.chemmater.2c02292,5,c,2-propanol,10.1021_acs.chemmater.2c02292::F5::c::2,3,03_corpus/extracted/10.1021_acs.chemmater.2c02292/figure_data.json,/figures/4/panels/2/series/2,sha256:7bcb56c5f37755eb364991a25ed6401be42acb53ea7652d4a909c10c3c6816c2,,,series,False,False,RuO₄ pulse time (s),pulse_time,s,s,False,condition_sweep,condition,,pulse_time,s,pulse_time,,identity_canonical_mapping,already_canonical,,,,False,,,,,False,Growth per cycle (Å),growth_per_cycle,Å,Å/cycle,True,output,output,,growth_per_cycle,nm/cycle,growth_per_cycle,,growth_per_cycle_unit_conversion,converted,,,,False,axis_label,Growth per cycle (Å),per_cycle_division_printed_in_axis_label,0.9,False
10.1021_acs.chemmater.2c02292,10.1021_acs.chemmater.2c02292,6,a,15,10.1021_acs.chemmater.2c02292::F6::a::0,28,03_corpus/extracted/10.1021_acs.chemmater.2c02292/figure_data.json,/figures/5/panels/0/series/0,sha256:7bcb56c5f37755eb364991a25ed6401be42acb53ea7652d4a909c10c3c6816c2,,,profile,False,False,,Time,s,s,False,coordinate,coordinate,,,,,,axis_semantic_resolution,not_applicable,quantity 'time' is not a comparison target (no comparison group declares it),,,False,,,,,False,,Normalised intensity,a.u.,a.u.,False,unknown,,,,,,,axis_semantic_resolution,unsupported,y quantity 'Normalised intensity' does not resolve to any ontology QuantityKind,,,False,,,,,False
10.1021_acs.chemmater.2c02292,10.1021_acs.chemmater.2c02292,6,a,18,10.1021_acs.chemmater.2c02292::F6::a::1,28,03_corpus/extracted/10.1021_acs.chemmater.2c02292/figure_data.json,/figures/5/panels/0/series/1,sha256:7bcb56c5f37755eb364991a25ed6401be42acb53ea7652d4a909c10c3c6816c2,,,profile,False,False,,Time,s,s,False,coordinate,coordinate,,,,,,axis_semantic_resolution,not_applicable,quantity 'time' is not a comparison target (no comparison group declares it),,,False,,,,,False,,Normalised intensity,a.u.,a.u.,False,unknown,,,,,,,axis_semantic_resolution,unsupported,y quantity 'Normalised intensity' does not resolve to any ontology QuantityKind,,,False,,,,,False
10.1021_acs.chemmater.2c02292,10.1021_acs.chemmater.2c02292,6,a,44,10.1021_acs.chemmater.2c02292::F6::a::2,28,03_corpus/extracted/10.1021_acs.chemmater.2c02292/figure_data.json,/figures/5/panels/0/series/2,sha256:7bcb56c5f37755eb364991a25ed6401be42acb53ea7652d4a909c10c3c6816c2,,,profile,False,False,,Time,s,s,False,coordinate,coordinate,,,,,,axis_semantic_resolution,not_applicable,quantity 'time' is not a comparison target (no comparison group declares it),,,False,,,,,False,,Normalised intensity,a.u.,a.u.,False,unknown,,,,,,,axis_semantic_resolution,unsupported,y quantity 'Normalised intensity' does not resolve to any ontology QuantityKind,,,False,,,,,False
10.1021_acs.chemmater.2c02292,10.1021_acs.chemmater.2c02292,6,b,32,10.1021_acs.chemmater.2c02292::F6::b::0,28,03_corpus/extracted/10.1021_acs.chemmater.2c02292/figure_data.json,/figures/5/panels/1/series/0,sha256:7bcb56c5f37755eb364991a25ed6401be42acb53ea7652d4a909c10c3c6816c2,,,profile,False,False,,Time,s,s,False,coordinate,coordinate,,,,,,axis_semantic_resolution,not_applicable,quantity 'time' is not a comparison target (no comparison group declares it),,,False,,,,,False,,Normalised intensity,a.u.,a.u.,False,unknown,,,,,,,axis_semantic_resolution,unsupported,y quantity 'Normalised intensity' does not resolve to any ontology QuantityKind,,,False,,,,,False
10.1021_acs.chemmater.2c02292,10.1021_acs.chemmater.2c02292,6,b,44,10.1021_acs.chemmater.2c02292::F6::b::1,27,03_corpus/extracted/10.1021_acs.chemmater.2c02292/figure_data.json,/figures/5/panels/1/series/1,sha256:7bcb56c5f37755eb364991a25ed6401be42acb53ea7652d4a909c10c3c6816c2,,,profile,False,False,,Time,s,s,False,coordinate,coordinate,,,,,,axis_semantic_resolution,not_applicable,quantity 'time' is not a comparison target (no comparison group declares it),,,False,,,,,False,,Normalised intensity,a.u.,a.u.,False,unknown,,,,,,,axis_semantic_resolution,unsupported,y quantity 'Normalised intensity' does not resolve to any ontology QuantityKind,,,False,,,,,False
10.1021_acs.chemmater.2c02292,10.1021_acs.chemmater.2c02292,6,b,81,10.1021_acs.chemmater.2c02292::F6::b::2,27,03_corpus/extracted/10.1021_acs.chemmater.2c02292/figure_data.json,/figures/5/panels/1/series/2,sha256:7bcb56c5f37755eb364991a25ed6401be42acb53ea7652d4a909c10c3c6816c2,,,profile,False,False,,Time,s,s,False,coordinate,coordinate,,,,,,axis_semantic_resolution,not_applicable,quantity 'time' is not a comparison target (no comparison group declares it),,,False,,,,,False,,Normalised intensity,a.u.,a.u.,False,unknown,,,,,,,axis_semantic_resolution,unsupported,y quantity 'Normalised intensity' does not resolve to any ontology QuantityKind,,,False,,,,,False
10.1021_acs.chemmater.2c02292,10.1021_acs.chemmater.2c02292,6,c,After RuO4 pulse,10.1021_acs.chemmater.2c02292::F6::c::0,12,03_corpus/extracted/10.1021_acs.chemmater.2c02292/figure_data.json,/figures/5/panels/2/series/0,sha256:7bcb56c5f37755eb364991a25ed6401be42acb53ea7652d4a909c10c3c6816c2,,,unresolved,False,False,,Wavenumber,cm^-1,cm^-1,False,unknown,,,,,,,axis_semantic_resolution,unsupported,x quantity 'Wavenumber' does not resolve to any ontology QuantityKind,,,False,,,,,False,,Transmittance,a.u.,a.u.,False,unknown,,,,,,,axis_semantic_resolution,unsupported,y quantity 'Transmittance' does not resolve to any ontology QuantityKind,,,False,,,,,False
10.1021_acs.chemmater.2c02292,10.1021_acs.chemmater.2c02292,6,c,After methanol pulse,10.1021_acs.chemmater.2c02292::F6::c::1,12,03_corpus/extracted/10.1021_acs.chemmater.2c02292/figure_data.json,/figures/5/panels/2/series/1,sha256:7bcb56c5f37755eb364991a25ed6401be42acb53ea7652d4a909c10c3c6816c2,,,unresolved,False,False,,Wavenumber,cm^-1,cm^-1,False,unknown,,,,,,,axis_semantic_resolution,unsupported,x quantity 'Wavenumber' does not resolve to any ontology QuantityKind,,,False,,,,,False,,Transmittance,a.u.,a.u.,False,unknown,,,,,,,axis_semantic_resolution,unsupported,y quantity 'Transmittance' does not resolve to any ontology QuantityKind,,,False,,,,,False
10.1021_acs.chemmater.2c02292,10.1021_acs.chemmater.2c02292,6,d,Ending with RuO4,10.1021_acs.chemmater.2c02292::F6::d::0,11,03_corpus/extracted/10.1021_acs.chemmater.2c02292/figure_data.json,/figures/5/panels/3/series/0,sha256:7bcb56c5f37755eb364991a25ed6401be42acb53ea7652d4a909c10c3c6816c2,10.1021_acs.chemmater.2c02292-E042,multi_output,unresolved,True,False,,Binding energy,eV,eV,False,unknown,,,,,,,axis_semantic_resolution,unsupported,x quantity 'Binding energy' does not resolve to any ontology QuantityKind,,,False,,,,,False,,Intensity,a.u.,a.u.,False,output,output,,,,,,axis_semantic_resolution,not_applicable,quantity 'intensity' is not a comparison target (no comparison group declares it),,,False,,,,,False
10.1021_acs.chemmater.2c02292,10.1021_acs.chemmater.2c02292,6,d,Ending with methanol,10.1021_acs.chemmater.2c02292::F6::d::1,11,03_corpus/extracted/10.1021_acs.chemmater.2c02292/figure_data.json,/figures/5/panels/3/series/1,sha256:7bcb56c5f37755eb364991a25ed6401be42acb53ea7652d4a909c10c3c6816c2,10.1021_acs.chemmater.2c02292-E043,multi_output,unresolved,True,False,,Binding energy,eV,eV,False,unknown,,,,,,,axis_semantic_resolution,unsupported,x quantity 'Binding energy' does not resolve to any ontology QuantityKind,,,False,,,,,False,,Intensity,a.u.,a.u.,False,output,output,,,,,,axis_semantic_resolution,not_applicable,quantity 'intensity' is not a comparison target (no comparison group declares it),,,False,,,,,False
10.1021_acs.jpcc.9b08176,10.1021_acs.jpcc.9b08176,1,b,r=10^-5,10.1021_acs.jpcc.9b08176::F1::b::0,16,03_corpus/extracted/10.1021_acs.jpcc.9b08176/figure_data.json,/figures/0/panels/0/series/0,sha256:e88af3adf8241b96235fda7f3d7f5c488e6142068d4aeb97d7427c8dfa949cd3,,,profile,False,False,,aspect_ratio,,,False,dimensionless_position_of_unknown_denominator,coordinate,,,,,,axis_semantic_resolution,missing_context,"no normalization expression found in axis label, caption, panel text, figure discussion or equations",,,False,,,,,False,,density,,,False,output,output,,,,,,axis_semantic_resolution,not_applicable,quantity 'film_density' is not a comparison target (no comparison group declares it),,,False,,,,,False
10.1021_acs.jpcc.9b08176,10.1021_acs.jpcc.9b08176,1,b,r=10^-4,10.1021_acs.jpcc.9b08176::F1::b::1,13,03_corpus/extracted/10.1021_acs.jpcc.9b08176/figure_data.json,/figures/0/panels/0/series/1,sha256:e88af3adf8241b96235fda7f3d7f5c488e6142068d4aeb97d7427c8dfa949cd3,,,profile,False,False,,aspect_ratio,,,False,dimensionless_position_of_unknown_denominator,coordinate,,,,,,axis_semantic_resolution,missing_context,"no normalization expression found in axis label, caption, panel text, figure discussion or equations",,,False,,,,,False,,density,,,False,output,output,,,,,,axis_semantic_resolution,not_applicable,quantity 'film_density' is not a comparison target (no comparison group declares it),,,False,,,,,False
10.1021_acs.jpcc.9b08176,10.1021_acs.jpcc.9b08176,1,b,r=10^-3,10.1021_acs.jpcc.9b08176::F1::b::2,12,03_corpus/extracted/10.1021_acs.jpcc.9b08176/figure_data.json,/figures/0/panels/0/series/2,sha256:e88af3adf8241b96235fda7f3d7f5c488e6142068d4aeb97d7427c8dfa949cd3,,,profile,False,False,,aspect_ratio,,,False,dimensionless_position_of_unknown_denominator,coordinate,,,,,,axis_semantic_resolution,missing_context,"no normalization expression found in axis label, caption, panel text, figure discussion or equations",,,False,,,,,False,,density,,,False,output,output,,,,,,axis_semantic_resolution,not_applicable,quantity 'film_density' is not a comparison target (no comparison group declares it),,,False,,,,,False
10.1021_acs.jpcc.9b08176,10.1021_acs.jpcc.9b08176,1,b,r=10^-2,10.1021_acs.jpcc.9b08176::F1::b::3,11,03_corpus/extracted/10.1021_acs.jpcc.9b08176/figure_data.json,/figures/0/panels/0/series/3,sha256:e88af3adf8241b96235fda7f3d7f5c488e6142068d4aeb97d7427c8dfa949cd3,,,profile,False,False,,aspect_ratio,,,False,dimensionless_position_of_unknown_denominator,coordinate,,,,,,axis_semantic_resolution,missing_context,"no normalization expression found in axis label, caption, panel text, figure discussion or equations",,,False,,,,,False,,density,,,False,output,output,,,,,,axis_semantic_resolution,not_applicable,quantity 'film_density' is not a comparison target (no comparison group declares it),,,False,,,,,False
10.1021_acs.jpcc.9b08176,10.1021_acs.jpcc.9b08176,1,c,t=10^0,10.1021_acs.jpcc.9b08176::F1::c::0,14,03_corpus/extracted/10.1021_acs.jpcc.9b08176/figure_data.json,/figures/0/panels/1/series/0,sha256:e88af3adf8241b96235fda7f3d7f5c488e6142068d4aeb97d7427c8dfa949cd3,,,profile,False,False,,aspect_ratio,,,False,dimensionless_position_of_unknown_denominator,coordinate,,,,,,axis_semantic_resolution,missing_context,"no normalization expression found in axis label, caption, panel text, figure discussion or equations",,,False,,,,,False,,density,,,False,output,output,,,,,,axis_semantic_resolution,not_applicable,quantity 'film_density' is not a comparison target (no comparison group declares it),,,False,,,,,False
10.1021_acs.jpcc.9b08176,10.1021_acs.jpcc.9b08176,1,c,t=10^1,10.1021_acs.jpcc.9b08176::F1::c::1,14,03_corpus/extracted/10.1021_acs.jpcc.9b08176/figure_data.json,/figures/0/panels/1/series/1,sha256:e88af3adf8241b96235fda7f3d7f5c488e6142068d4aeb97d7427c8dfa949cd3,,,profile,False,False,,aspect_ratio,,,False,dimensionless_position_of_unknown_denominator,coordinate,,,,,,axis_semantic_resolution,missing_context,"no normalization expression found in axis label, caption, panel text, figure discussion or equations",,,False,,,,,False,,density,,,False,output,output,,,,,,axis_semantic_resolution,not_applicable,quantity 'film_density' is not a comparison target (no comparison group declares it),,,False,,,,,False
10.1021_acs.jpcc.9b08176,10.1021_acs.jpcc.9b08176,1,c,t=10^2,10.1021_acs.jpcc.9b08176::F1::c::2,14,03_corpus/extracted/10.1021_acs.jpcc.9b08176/figure_data.json,/figures/0/panels/1/series/2,sha256:e88af3adf8241b96235fda7f3d7f5c488e6142068d4aeb97d7427c8dfa949cd3,,,profile,False,False,,aspect_ratio,,,False,dimensionless_position_of_unknown_denominator,coordinate,,,,,,axis_semantic_resolution,missing_context,"no normalization expression found in axis label, caption, panel text, figure discussion or equations",,,False,,,,,False,,density,,,False,output,output,,,,,,axis_semantic_resolution,not_applicable,quantity 'film_density' is not a comparison target (no comparison group declares it),,,False,,,,,False
10.1021_acs.jpcc.9b08176,10.1021_acs.jpcc.9b08176,1,c,t=10^3,10.1021_acs.jpcc.9b08176::F1::c::3,14,03_corpus/extracted/10.1021_acs.jpcc.9b08176/figure_data.json,/figures/0/panels/1/series/3,sha256:e88af3adf8241b96235fda7f3d7f5c488e6142068d4aeb97d7427c8dfa949cd3,,,profile,False,False,,aspect_ratio,,,False,dimensionless_position_of_unknown_denominator,coordinate,,,,,,axis_semantic_resolution,missing_context,"no normalization expression found in axis label, caption, panel text, figure discussion or equations",,,False,,,,,False,,density,,,False,output,output,,,,,,axis_semantic_resolution,not_applicable,quantity 'film_density' is not a comparison target (no comparison group declares it),,,False,,,,,False
10.1021_acs.jpcc.9b08176,10.1021_acs.jpcc.9b08176,1,c,t=10^4,10.1021_acs.jpcc.9b08176::F1::c::4,14,03_corpus/extracted/10.1021_acs.jpcc.9b08176/figure_data.json,/figures/0/panels/1/series/4,sha256:e88af3adf8241b96235fda7f3d7f5c488e6142068d4aeb97d7427c8dfa949cd3,,,profile,False,False,,aspect_ratio,,,False,dimensionless_position_of_unknown_denominator,coordinate,,,,,,axis_semantic_resolution,missing_context,"no normalization expression found in axis label, caption, panel text, figure discussion or equations",,,False,,,,,False,,density,,,False,output,output,,,,,,axis_semantic_resolution,not_applicable,quantity 'film_density' is not a comparison target (no comparison group declares it),,,False,,,,,False
10.1021_acs.jpcc.9b08176,10.1021_acs.jpcc.9b08176,2,a,SiO2,10.1021_acs.jpcc.9b08176::F2::a::0,4,03_corpus/extracted/10.1021_acs.jpcc.9b08176/figure_data.json,/figures/1/panels/0/series/0,sha256:e88af3adf8241b96235fda7f3d7f5c488e6142068d4aeb97d7427c8dfa949cd3,,,series,False,False,,pulse_time,s,s,False,condition_sweep,condition,,pulse_time,s,pulse_time,,identity_canonical_mapping,already_canonical,,,,False,,,,,False,Film growth,penetration_depth,,,False,output,output,,,,,,axis_semantic_resolution,unsupported,"unit '' is not a recognised, convertible unit (arbitrary/uncalibrated or unparseable)",,,False,,,,,False
10.1021_acs.jpcc.9b08176,10.1021_acs.jpcc.9b08176,2,a,TiO2,10.1021_acs.jpcc.9b08176::F2::a::1,2,03_corpus/extracted/10.1021_acs.jpcc.9b08176/figure_data.json,/figures/1/panels/0/series/1,sha256:e88af3adf8241b96235fda7f3d7f5c488e6142068d4aeb97d7427c8dfa949cd3,,,series,False,False,,pulse_time,s,s,False,condition_sweep,condition,,pulse_time,s,pulse_time,,identity_canonical_mapping,already_canonical,,,,False,,,,,False,Film growth,penetration_depth,,,False,output,output,,,,,,axis_semantic_resolution,unsupported,"unit '' is not a recognised, convertible unit (arbitrary/uncalibrated or unparseable)",,,False,,,,,False
10.1021_acs.jpcc.9b08176,10.1021_acs.jpcc.9b08176,2,a,Al2O3,10.1021_acs.jpcc.9b08176::F2::a::2,1,03_corpus/extracted/10.1021_acs.jpcc.9b08176/figure_data.json,/figures/1/panels/0/series/2,sha256:e88af3adf8241b96235fda7f3d7f5c488e6142068d4aeb97d7427c8dfa949cd3,,,single,False,False,,pulse_time,s,s,False,condition_sweep,condition,,pulse_time,s,pulse_time,,identity_canonical_mapping,already_canonical,,,,False,,,,,False,Film growth,penetration_depth,,,False,output,output,,,,,,axis_semantic_resolution,unsupported,"unit '' is not a recognised, convertible unit (arbitrary/uncalibrated or unparseable)",,,False,,,,,False
10.1021_acs.jpcc.9b08176,10.1021_acs.jpcc.9b08176,2,a,HfO2,10.1021_acs.jpcc.9b08176::F2::a::3,1,03_corpus/extracted/10.1021_acs.jpcc.9b08176/figure_data.json,/figures/1/panels/0/series/3,sha256:e88af3adf8241b96235fda7f3d7f5c488e6142068d4aeb97d7427c8dfa949cd3,,,single,False,False,,pulse_time,s,s,False,condition_sweep,condition,,pulse_time,s,pulse_time,,identity_canonical_mapping,already_canonical,,,,False,,,,,False,Film growth,penetration_depth,,,False,output,output,,,,,,axis_semantic_resolution,unsupported,"unit '' is not a recognised, convertible unit (arbitrary/uncalibrated or unparseable)",,,False,,,,,False
10.1021_acs.jpcc.9b08176,10.1021_acs.jpcc.9b08176,3,a,SiO2,10.1021_acs.jpcc.9b08176::F3::a::0,4,03_corpus/extracted/10.1021_acs.jpcc.9b08176/figure_data.json,/figures/2/panels/0/series/0,sha256:e88af3adf8241b96235fda7f3d7f5c488e6142068d4aeb97d7427c8dfa949cd3,,,series,False,False,ln(Plasma time (s)),exposure,s,s,False,condition_sweep,condition,,,,,,time_unit_conversion,invalid,"declared unit 's' has dimension time but the quantity's comparison group 'exposure' is exposure — the printed unit and the quantity disagree, so no conversion is safe (needs manual review)",,,False,,,,,False,PD^{50%} / cavity height,penetration_depth,,,False,output,output,,,,,,axis_semantic_resolution,unsupported,"unit '' is not a recognised, convertible unit (arbitrary/uncalibrated or unparseable)",,,False,,,,,False
10.1021_acs.jpcc.9b08176,10.1021_acs.jpcc.9b08176,3,a,TiO2,10.1021_acs.jpcc.9b08176::F3::a::1,2,03_corpus/extracted/10.1021_acs.jpcc.9b08176/figure_data.json,/figures/2/panels/0/series/1,sha256:e88af3adf8241b96235fda7f3d7f5c488e6142068d4aeb97d7427c8dfa949cd3,,,series,False,False,ln(Plasma time (s)),exposure,s,s,False,condition_sweep,condition,,,,,,time_unit_conversion,invalid,"declared unit 's' has dimension time but the quantity's comparison group 'exposure' is exposure — the printed unit and the quantity disagree, so no conversion is safe (needs manual review)",,,False,,,,,False,PD^{50%} / cavity height,penetration_depth,,,False,output,output,,,,,,axis_semantic_resolution,unsupported,"unit '' is not a recognised, convertible unit (arbitrary/uncalibrated or unparseable)",,,False,,,,,False
10.1039_c5tc03561a,10.1039_c5tc03561a,2,a,,10.1039_c5tc03561a::F2::a::0,3,03_corpus/extracted/10.1039_c5tc03561a/figure_data.json,/figures/0/panels/0/series/0,sha256:43dccc42ed1c3dae6b2a9c7c59fb37f43f1743964c7ed34a679d32bcd145ab0c,10.1039_c5tc03561a-E008,multi_output,series,True,False,,deposition_temperature,°C,°C,False,condition_sweep,condition,,deposition_temperature,K,process_temperature,,temperature_unit_conversion,converted,,,,False,,,,,False,,growth_per_cycle,Å/cycle,Å/cycle,False,output,output,,growth_per_cycle,nm/cycle,growth_per_cycle,,growth_per_cycle_unit_conversion,converted,,,,False,,,,,False
10.1039_c5tc03561a,10.1039_c5tc03561a,2,b,,10.1039_c5tc03561a::F2::b::0,5,03_corpus/extracted/10.1039_c5tc03561a/figure_data.json,/figures/0/panels/1/series/0,sha256:43dccc42ed1c3dae6b2a9c7c59fb37f43f1743964c7ed34a679d32bcd145ab0c,,,series,False,False,,pulse_time,s,s,False,condition_sweep,condition,,pulse_time,s,pulse_time,,identity_canonical_mapping,already_canonical,,,,False,,,,,False,,growth_per_cycle,Å/cycle,Å/cycle,False,output,output,,growth_per_cycle,nm/cycle,growth_per_cycle,,growth_per_cycle_unit_conversion,converted,,,,False,,,,,False
10.1039_c5tc03561a,10.1039_c5tc03561a,3,a,,10.1039_c5tc03561a::F3::a::0,3,03_corpus/extracted/10.1039_c5tc03561a/figure_data.json,/figures/1/panels/0/series/0,sha256:43dccc42ed1c3dae6b2a9c7c59fb37f43f1743964c7ed34a679d32bcd145ab0c,,,series,False,False,No. of Ba exposures/BaO cycle,exposure,,,False,condition_sweep,condition,,,,,,axis_semantic_resolution,unsupported,"unit '' is not a recognised, convertible unit (arbitrary/uncalibrated or unparseable)",,,False,,,,,False,Thickness (Å),film_thickness,Å,Å,False,output,output,,film_thickness,nm,film_thickness,,length_unit_conversion,converted,,,,False,,,,,False
10.1039_c5tc03561a,10.1039_c5tc03561a,3,b,,10.1039_c5tc03561a::F3::b::0,4,03_corpus/extracted/10.1039_c5tc03561a/figure_data.json,/figures/1/panels/1/series/0,sha256:43dccc42ed1c3dae6b2a9c7c59fb37f43f1743964c7ed34a679d32bcd145ab0c,,,series,False,False,No. of H₂O pulses/BaO cycle,exposure,,,False,condition_sweep,condition,,,,,,axis_semantic_resolution,unsupported,"unit '' is not a recognised, convertible unit (arbitrary/uncalibrated or unparseable)",,,False,,,,,False,Thickness (Å),film_thickness,Å,Å,False,output,output,,film_thickness,nm,film_thickness,,length_unit_conversion,converted,,,,False,,,,,False
10.1039_c5tc03561a,10.1039_c5tc03561a,4,a,Ba,10.1039_c5tc03561a::F4::a::0,11,03_corpus/extracted/10.1039_c5tc03561a/figure_data.json,/figures/2/panels/0/series/0,sha256:43dccc42ed1c3dae6b2a9c7c59fb37f43f1743964c7ed34a679d32bcd145ab0c,10.1039_c5tc03561a-E004,multi_output,unresolved,True,False,,sputtering time,min,min,False,unknown,,,,,,,axis_semantic_resolution,unsupported,x quantity 'sputtering time' does not resolve to any ontology QuantityKind,,,False,,,,,False,,impurity_content,%,%,False,output,output,,,,,,axis_semantic_resolution,not_applicable,quantity 'impurity_content' is not a comparison target (no comparison group declares it),,,False,,,,,False
10.1039_c5tc03561a,10.1039_c5tc03561a,4,a,O,10.1039_c5tc03561a::F4::a::1,11,03_corpus/extracted/10.1039_c5tc03561a/figure_data.json,/figures/2/panels/0/series/1,sha256:43dccc42ed1c3dae6b2a9c7c59fb37f43f1743964c7ed34a679d32bcd145ab0c,10.1039_c5tc03561a-E005,multi_output,unresolved,True,False,,sputtering time,min,min,False,unknown,,,,,,,axis_semantic_resolution,unsupported,x quantity 'sputtering time' does not resolve to any ontology QuantityKind,,,False,,,,,False,,impurity_content,%,%,False,output,output,,,,,,axis_semantic_resolution,not_applicable,quantity 'impurity_content' is not a comparison target (no comparison group declares it),,,False,,,,,False
10.1039_c5tc03561a,10.1039_c5tc03561a,4,a,C,10.1039_c5tc03561a::F4::a::2,11,03_corpus/extracted/10.1039_c5tc03561a/figure_data.json,/figures/2/panels/0/series/2,sha256:43dccc42ed1c3dae6b2a9c7c59fb37f43f1743964c7ed34a679d32bcd145ab0c,10.1039_c5tc03561a-E006,multi_output,unresolved,True,False,,sputtering time,min,min,False,unknown,,,,,,,axis_semantic_resolution,unsupported,x quantity 'sputtering time' does not resolve to any ontology QuantityKind,,,False,,,,,False,,impurity_content,%,%,False,output,output,,,,,,axis_semantic_resolution,not_applicable,quantity 'impurity_content' is not a comparison target (no comparison group declares it),,,False,,,,,False
10.1039_c5tc03561a,10.1039_c5tc03561a,4,a,Si,10.1039_c5tc03561a::F4::a::3,11,03_corpus/extracted/10.1039_c5tc03561a/figure_data.json,/figures/2/panels/0/series/3,sha256:43dccc42ed1c3dae6b2a9c7c59fb37f43f1743964c7ed34a679d32bcd145ab0c,10.1039_c5tc03561a-E007,multi_output,unresolved,True,False,,sputtering time,min,min,False,unknown,,,,,,,axis_semantic_resolution,unsupported,x quantity 'sputtering time' does not resolve to any ontology QuantityKind,,,False,,,,,False,,impurity_content,%,%,False,output,output,,,,,,axis_semantic_resolution,not_applicable,quantity 'impurity_content' is not a comparison target (no comparison group declares it),,,False,,,,,False
10.1039_c5tc03561a,10.1039_c5tc03561a,7,a,Ti,10.1039_c5tc03561a::F7::a::0,11,03_corpus/extracted/10.1039_c5tc03561a/figure_data.json,/figures/3/panels/0/series/0,sha256:43dccc42ed1c3dae6b2a9c7c59fb37f43f1743964c7ed34a679d32bcd145ab0c,10.1039_c5tc03561a-E008,multi_output,unresolved,True,False,,Sputtering Time,min,min,False,unknown,,,,,,,axis_semantic_resolution,unsupported,x quantity 'Sputtering Time' does not resolve to any ontology QuantityKind,,,False,,,,,False,,Atomic Percentage,%,%,False,unknown,,,,,,,axis_semantic_resolution,unsupported,y quantity 'Atomic Percentage' does not resolve to any ontology QuantityKind,,,False,,,,,False
10.1039_c5tc03561a,10.1039_c5tc03561a,7,a,Ba,10.1039_c5tc03561a::F7::a::1,11,03_corpus/extracted/10.1039_c5tc03561a/figure_data.json,/figures/3/panels/0/series/1,sha256:43dccc42ed1c3dae6b2a9c7c59fb37f43f1743964c7ed34a679d32bcd145ab0c,10.1039_c5tc03561a-E009,multi_output,unresolved,True,False,,Sputtering Time,min,min,False,unknown,,,,,,,axis_semantic_resolution,unsupported,x quantity 'Sputtering Time' does not resolve to any ontology QuantityKind,,,False,,,,,False,,Atomic Percentage,%,%,False,unknown,,,,,,,axis_semantic_resolution,unsupported,y quantity 'Atomic Percentage' does not resolve to any ontology QuantityKind,,,False,,,,,False
10.1039_c5tc03561a,10.1039_c5tc03561a,7,a,O,10.1039_c5tc03561a::F7::a::2,11,03_corpus/extracted/10.1039_c5tc03561a/figure_data.json,/figures/3/panels/0/series/2,sha256:43dccc42ed1c3dae6b2a9c7c59fb37f43f1743964c7ed34a679d32bcd145ab0c,10.1039_c5tc03561a-E010,multi_output,unresolved,True,False,,Sputtering Time,min,min,False,unknown,,,,,,,axis_semantic_resolution,unsupported,x quantity 'Sputtering Time' does not resolve to any ontology QuantityKind,,,False,,,,,False,,Atomic Percentage,%,%,False,unknown,,,,,,,axis_semantic_resolution,unsupported,y quantity 'Atomic Percentage' does not resolve to any ontology QuantityKind,,,False,,,,,False
10.1039_c5tc03561a,10.1039_c5tc03561a,7,a,C,10.1039_c5tc03561a::F7::a::3,11,03_corpus/extracted/10.1039_c5tc03561a/figure_data.json,/figures/3/panels/0/series/3,sha256:43dccc42ed1c3dae6b2a9c7c59fb37f43f1743964c7ed34a679d32bcd145ab0c,10.1039_c5tc03561a-E011,multi_output,unresolved,True,False,,Sputtering Time,min,min,False,unknown,,,,,,,axis_semantic_resolution,unsupported,x quantity 'Sputtering Time' does not resolve to any ontology QuantityKind,,,False,,,,,False,,Atomic Percentage,%,%,False,unknown,,,,,,,axis_semantic_resolution,unsupported,y quantity 'Atomic Percentage' does not resolve to any ontology QuantityKind,,,False,,,,,False
10.1039_c5tc03561a,10.1039_c5tc03561a,7,a,Si,10.1039_c5tc03561a::F7::a::4,11,03_corpus/extracted/10.1039_c5tc03561a/figure_data.json,/figures/3/panels/0/series/4,sha256:43dccc42ed1c3dae6b2a9c7c59fb37f43f1743964c7ed34a679d32bcd145ab0c,10.1039_c5tc03561a-E012,multi_output,unresolved,True,False,,Sputtering Time,min,min,False,unknown,,,,,,,axis_semantic_resolution,unsupported,x quantity 'Sputtering Time' does not resolve to any ontology QuantityKind,,,False,,,,,False,,Atomic Percentage,%,%,False,unknown,,,,,,,axis_semantic_resolution,unsupported,y quantity 'Atomic Percentage' does not resolve to any ontology QuantityKind,,,False,,,,,False
10.1039_c5tc03561a,10.1039_c5tc03561a,8,a,,10.1039_c5tc03561a::F8::a::0,47,03_corpus/extracted/10.1039_c5tc03561a/figure_data.json,/figures/4/panels/0/series/0,sha256:43dccc42ed1c3dae6b2a9c7c59fb37f43f1743964c7ed34a679d32bcd145ab0c,,,correlation,False,False,,Voltage,V,V,False,output,output,,,,,,axis_semantic_resolution,not_applicable,quantity 'voltage' is not a comparison target (no comparison group declares it),,,False,,,,,False,,Leakage current,A/cm²,A/cm²,False,output,output,,,,,,axis_semantic_resolution,not_applicable,quantity 'leakage_current_density' is not a comparison target (no comparison group declares it),,,False,,,,,False
10.1039_c6dt03571j,10.1039_c6dt03571j,5,a,,10.1039_c6dt03571j::F5::a::0,7,03_corpus/extracted/10.1039_c6dt03571j/figure_data.json,/figures/0/panels/0/series/0,sha256:533cef250a1807248e352ed8496bb560539f0a56c484089c7297c426e6ba6831,10.1039_c6dt03571j-E004,multi_output,series,True,False,Deposition Temperature (°C),deposition_temperature,°C,°C,False,condition_sweep,condition,,deposition_temperature,K,process_temperature,,temperature_unit_conversion,converted,,,,False,,,,,False,Growth Rate (Å/Cycle),growth_per_cycle,Å/cycle,Å/cycle,False,output,output,,growth_per_cycle,nm/cycle,growth_per_cycle,,growth_per_cycle_unit_conversion,converted,,,,False,,,,,False
10.1039_c6dt03571j,10.1039_c6dt03571j,5,b,,10.1039_c6dt03571j::F5::b::0,3,03_corpus/extracted/10.1039_c6dt03571j/figure_data.json,/figures/0/panels/1/series/0,sha256:533cef250a1807248e352ed8496bb560539f0a56c484089c7297c426e6ba6831,,,series,False,False,No. of Cycles,cycle_number,,,False,condition_sweep,condition,,,,,,axis_semantic_resolution,unsupported,"unit '' is not a recognised, convertible unit (arbitrary/uncalibrated or unparseable)",,,False,,,,,False,Thickness (nm),film_thickness,nm,nm,False,output,output,,film_thickness,nm,film_thickness,,identity_canonical_mapping,already_canonical,,,,False,,,,,False
10.1039_c6dt03571j,10.1039_c6dt03571j,5,c,,10.1039_c6dt03571j::F5::c::0,6,03_corpus/extracted/10.1039_c6dt03571j/figure_data.json,/figures/0/panels/2/series/0,sha256:533cef250a1807248e352ed8496bb560539f0a56c484089c7297c426e6ba6831,,,series,False,False,Precursor Saturation (ms),pulse_time,ms,ms,False,condition_sweep,condition,,pulse_time,s,pulse_time,,time_unit_conversion,converted,,,,False,,,,,False,Growth Rate (Å/Cycle),growth_per_cycle,Å/cycle,Å/cycle,False,output,output,,growth_per_cycle,nm/cycle,growth_per_cycle,,growth_per_cycle_unit_conversion,converted,,,,False,,,,,False
10.1039_c6dt03571j,10.1039_c6dt03571j,5,d,,10.1039_c6dt03571j::F5::d::0,6,03_corpus/extracted/10.1039_c6dt03571j/figure_data.json,/figures/0/panels/3/series/0,sha256:533cef250a1807248e352ed8496bb560539f0a56c484089c7297c426e6ba6831,,,series,False,False,Water Saturation (ms),pulse_time,ms,ms,False,condition_sweep,condition,,pulse_time,s,pulse_time,,time_unit_conversion,converted,,,,False,,,,,False,Growth Rate (Å/Cycle),growth_per_cycle,Å/cycle,Å/cycle,False,output,output,,growth_per_cycle,nm/cycle,growth_per_cycle,,growth_per_cycle_unit_conversion,converted,,,,False,,,,,False
10.1039_c6dt03571j,10.1039_c6dt03571j,6,a,150°C,10.1039_c6dt03571j::F6::a::0,13,03_corpus/extracted/10.1039_c6dt03571j/figure_data.json,/figures/1/panels/0/series/0,sha256:533cef250a1807248e352ed8496bb560539f0a56c484089c7297c426e6ba6831,10.1039_c6dt03571j-E004,multi_output,unresolved,True,False,,2θ,°,°,False,unknown,,,,,,,axis_semantic_resolution,unsupported,x quantity '2θ' does not resolve to any ontology QuantityKind,,,False,,,,,False,,Intensity,a.u.,a.u.,False,output,output,,,,,,axis_semantic_resolution,not_applicable,quantity 'intensity' is not a comparison target (no comparison group declares it),,,False,,,,,False
10.1039_c6dt03571j,10.1039_c6dt03571j,6,a,175°C,10.1039_c6dt03571j::F6::a::1,15,03_corpus/extracted/10.1039_c6dt03571j/figure_data.json,/figures/1/panels/0/series/1,sha256:533cef250a1807248e352ed8496bb560539f0a56c484089c7297c426e6ba6831,10.1039_c6dt03571j-E005,multi_output,unresolved,True,False,,2θ,°,°,False,unknown,,,,,,,axis_semantic_resolution,unsupported,x quantity '2θ' does not resolve to any ontology QuantityKind,,,False,,,,,False,,Intensity,a.u.,a.u.,False,output,output,,,,,,axis_semantic_resolution,not_applicable,quantity 'intensity' is not a comparison target (no comparison group declares it),,,False,,,,,False
10.1039_c6dt03571j,10.1039_c6dt03571j,6,a,200°C,10.1039_c6dt03571j::F6::a::2,16,03_corpus/extracted/10.1039_c6dt03571j/figure_data.json,/figures/1/panels/0/series/2,sha256:533cef250a1807248e352ed8496bb560539f0a56c484089c7297c426e6ba6831,10.1039_c6dt03571j-E006,multi_output,unresolved,True,False,,2θ,°,°,False,unknown,,,,,,,axis_semantic_resolution,unsupported,x quantity '2θ' does not resolve to any ontology QuantityKind,,,False,,,,,False,,Intensity,a.u.,a.u.,False,output,output,,,,,,axis_semantic_resolution,not_applicable,quantity 'intensity' is not a comparison target (no comparison group declares it),,,False,,,,,False
10.1039_c6dt03571j,10.1039_c6dt03571j,6,a,225°C,10.1039_c6dt03571j::F6::a::3,15,03_corpus/extracted/10.1039_c6dt03571j/figure_data.json,/figures/1/panels/0/series/3,sha256:533cef250a1807248e352ed8496bb560539f0a56c484089c7297c426e6ba6831,10.1039_c6dt03571j-E007,multi_output,unresolved,True,False,,2θ,°,°,False,unknown,,,,,,,axis_semantic_resolution,unsupported,x quantity '2θ' does not resolve to any ontology QuantityKind,,,False,,,,,False,,Intensity,a.u.,a.u.,False,output,output,,,,,,axis_semantic_resolution,not_applicable,quantity 'intensity' is not a comparison target (no comparison group declares it),,,False,,,,,False
10.1039_c6dt03571j,10.1039_c6dt03571j,6,a,250°C,10.1039_c6dt03571j::F6::a::4,15,03_corpus/extracted/10.1039_c6dt03571j/figure_data.json,/figures/1/panels/0/series/4,sha256:533cef250a1807248e352ed8496bb560539f0a56c484089c7297c426e6ba6831,10.1039_c6dt03571j-E008,multi_output,unresolved,True,False,,2θ,°,°,False,unknown,,,,,,,axis_semantic_resolution,unsupported,x quantity '2θ' does not resolve to any ontology QuantityKind,,,False,,,,,False,,Intensity,a.u.,a.u.,False,output,output,,,,,,axis_semantic_resolution,not_applicable,quantity 'intensity' is not a comparison target (no comparison group declares it),,,False,,,,,False
10.1039_c6dt03571j,10.1039_c6dt03571j,6,a,275°C,10.1039_c6dt03571j::F6::a::5,15,03_corpus/extracted/10.1039_c6dt03571j/figure_data.json,/figures/1/panels/0/series/5,sha256:533cef250a1807248e352ed8496bb560539f0a56c484089c7297c426e6ba6831,10.1039_c6dt03571j-E009,multi_output,unresolved,True,False,,2θ,°,°,False,unknown,,,,,,,axis_semantic_resolution,unsupported,x quantity '2θ' does not resolve to any ontology QuantityKind,,,False,,,,,False,,Intensity,a.u.,a.u.,False,output,output,,,,,,axis_semantic_resolution,not_applicable,quantity 'intensity' is not a comparison target (no comparison group declares it),,,False,,,,,False
10.1039_c6dt03571j,10.1039_c6dt03571j,6,a,300°C,10.1039_c6dt03571j::F6::a::6,15,03_corpus/extracted/10.1039_c6dt03571j/figure_data.json,/figures/1/panels/0/series/6,sha256:533cef250a1807248e352ed8496bb560539f0a56c484089c7297c426e6ba6831,10.1039_c6dt03571j-E010,multi_output,unresolved,True,False,,2θ,°,°,False,unknown,,,,,,,axis_semantic_resolution,unsupported,x quantity '2θ' does not resolve to any ontology QuantityKind,,,False,,,,,False,,Intensity,a.u.,a.u.,False,output,output,,,,,,axis_semantic_resolution,not_applicable,quantity 'intensity' is not a comparison target (no comparison group declares it),,,False,,,,,False
10.1039_c6dt03571j,10.1039_c6dt03571j,7,a,150°C,10.1039_c6dt03571j::F7::a::0,29,03_corpus/extracted/10.1039_c6dt03571j/figure_data.json,/figures/2/panels/0/series/0,sha256:533cef250a1807248e352ed8496bb560539f0a56c484089c7297c426e6ba6831,10.1039_c6dt03571j-E018,multi_output,unresolved,True,False,,Energy,keV,keV,False,unknown,,,,,,,axis_semantic_resolution,unsupported,x quantity 'Energy' does not resolve to any ontology QuantityKind,,,False,,,,,False,,Scattering Yield,Counts,Counts,False,unknown,,,,,,,axis_semantic_resolution,unsupported,y quantity 'Scattering Yield' does not resolve to any ontology QuantityKind,,,False,,,,,False
10.1039_c6dt03571j,10.1039_c6dt03571j,7,a,175°C,10.1039_c6dt03571j::F7::a::1,31,03_corpus/extracted/10.1039_c6dt03571j/figure_data.json,/figures/2/panels/0/series/1,sha256:533cef250a1807248e352ed8496bb560539f0a56c484089c7297c426e6ba6831,10.1039_c6dt03571j-E019,multi_output,unresolved,True,False,,Energy,keV,keV,False,unknown,,,,,,,axis_semantic_resolution,unsupported,x quantity 'Energy' does not resolve to any ontology QuantityKind,,,False,,,,,False,,Scattering Yield,Counts,Counts,False,unknown,,,,,,,axis_semantic_resolution,unsupported,y quantity 'Scattering Yield' does not resolve to any ontology QuantityKind,,,False,,,,,False
10.1039_c6dt03571j,10.1039_c6dt03571j,7,a,200°C,10.1039_c6dt03571j::F7::a::2,31,03_corpus/extracted/10.1039_c6dt03571j/figure_data.json,/figures/2/panels/0/series/2,sha256:533cef250a1807248e352ed8496bb560539f0a56c484089c7297c426e6ba6831,10.1039_c6dt03571j-E018,multi_output,unresolved,True,False,,Energy,keV,keV,False,unknown,,,,,,,axis_semantic_resolution,unsupported,x quantity 'Energy' does not resolve to any ontology QuantityKind,,,False,,,,,False,,Scattering Yield,Counts,Counts,False,unknown,,,,,,,axis_semantic_resolution,unsupported,y quantity 'Scattering Yield' does not resolve to any ontology QuantityKind,,,False,,,,,False
10.1039_c6dt03571j,10.1039_c6dt03571j,7,a,225°C,10.1039_c6dt03571j::F7::a::3,31,03_corpus/extracted/10.1039_c6dt03571j/figure_data.json,/figures/2/panels/0/series/3,sha256:533cef250a1807248e352ed8496bb560539f0a56c484089c7297c426e6ba6831,10.1039_c6dt03571j-E018,multi_output,unresolved,True,False,,Energy,keV,keV,False,unknown,,,,,,,axis_semantic_resolution,unsupported,x quantity 'Energy' does not resolve to any ontology QuantityKind,,,False,,,,,False,,Scattering Yield,Counts,Counts,False,unknown,,,,,,,axis_semantic_resolution,unsupported,y quantity 'Scattering Yield' does not resolve to any ontology QuantityKind,,,False,,,,,False
10.1039_c6dt03571j,10.1039_c6dt03571j,7,a,250°C,10.1039_c6dt03571j::F7::a::4,31,03_corpus/extracted/10.1039_c6dt03571j/figure_data.json,/figures/2/panels/0/series/4,sha256:533cef250a1807248e352ed8496bb560539f0a56c484089c7297c426e6ba6831,10.1039_c6dt03571j-E018,multi_output,unresolved,True,False,,Energy,keV,keV,False,unknown,,,,,,,axis_semantic_resolution,unsupported,x quantity 'Energy' does not resolve to any ontology QuantityKind,,,False,,,,,False,,Scattering Yield,Counts,Counts,False,unknown,,,,,,,axis_semantic_resolution,unsupported,y quantity 'Scattering Yield' does not resolve to any ontology QuantityKind,,,False,,,,,False
10.1039_c6dt03571j,10.1039_c6dt03571j,7,a,275°C,10.1039_c6dt03571j::F7::a::5,31,03_corpus/extracted/10.1039_c6dt03571j/figure_data.json,/figures/2/panels/0/series/5,sha256:533cef250a1807248e352ed8496bb560539f0a56c484089c7297c426e6ba6831,10.1039_c6dt03571j-E018,multi_output,unresolved,True,False,,Energy,keV,keV,False,unknown,,,,,,,axis_semantic_resolution,unsupported,x quantity 'Energy' does not resolve to any ontology QuantityKind,,,False,,,,,False,,Scattering Yield,Counts,Counts,False,unknown,,,,,,,axis_semantic_resolution,unsupported,y quantity 'Scattering Yield' does not resolve to any ontology QuantityKind,,,False,,,,,False
10.1039_c6dt03571j,10.1039_c6dt03571j,7,a,300°C,10.1039_c6dt03571j::F7::a::6,31,03_corpus/extracted/10.1039_c6dt03571j/figure_data.json,/figures/2/panels/0/series/6,sha256:533cef250a1807248e352ed8496bb560539f0a56c484089c7297c426e6ba6831,10.1039_c6dt03571j-E018,multi_output,unresolved,True,False,,Energy,keV,keV,False,unknown,,,,,,,axis_semantic_resolution,unsupported,x quantity 'Energy' does not resolve to any ontology QuantityKind,,,False,,,,,False,,Scattering Yield,Counts,Counts,False,unknown,,,,,,,axis_semantic_resolution,unsupported,y quantity 'Scattering Yield' does not resolve to any ontology QuantityKind,,,False,,,,,False
10.1039_c6dt03571j,10.1039_c6dt03571j,8,a,Sputtered,10.1039_c6dt03571j::F8::a::0,33,03_corpus/extracted/10.1039_c6dt03571j/figure_data.json,/figures/3/panels/0/series/0,sha256:533cef250a1807248e352ed8496bb560539f0a56c484089c7297c426e6ba6831,10.1039_c6dt03571j-E018,multi_output,unresolved,True,False,,Binding Energy,eV,eV,False,unknown,,,,,,,axis_semantic_resolution,unsupported,x quantity 'Binding Energy' does not resolve to any ontology QuantityKind,,,False,,,,,False,,Intensity,a.u.,a.u.,False,output,output,,,,,,axis_semantic_resolution,not_applicable,quantity 'intensity' is not a comparison target (no comparison group declares it),,,False,,,,,False
10.1039_c6dt03571j,10.1039_c6dt03571j,8,a,As introduced,10.1039_c6dt03571j::F8::a::1,33,03_corpus/extracted/10.1039_c6dt03571j/figure_data.json,/figures/3/panels/0/series/1,sha256:533cef250a1807248e352ed8496bb560539f0a56c484089c7297c426e6ba6831,10.1039_c6dt03571j-E019,multi_output,unresolved,True,False,,Binding Energy,eV,eV,False,unknown,,,,,,,axis_semantic_resolution,unsupported,x quantity 'Binding Energy' does not resolve to any ontology QuantityKind,,,False,,,,,False,,Intensity,a.u.,a.u.,False,output,output,,,,,,axis_semantic_resolution,not_applicable,quantity 'intensity' is not a comparison target (no comparison group declares it),,,False,,,,,False
10.1039_c6dt03571j,10.1039_c6dt03571j,8,b(i),As introduced O 1s,10.1039_c6dt03571j::F8::b(i)::0,8,03_corpus/extracted/10.1039_c6dt03571j/figure_data.json,/figures/3/panels/1/series/0,sha256:533cef250a1807248e352ed8496bb560539f0a56c484089c7297c426e6ba6831,,,unresolved,False,False,,Binding Energy,eV,eV,False,unknown,,,,,,,axis_semantic_resolution,unsupported,x quantity 'Binding Energy' does not resolve to any ontology QuantityKind,,,False,,,,,False,,Intensity,a.u.,a.u.,False,output,output,,,,,,axis_semantic_resolution,not_applicable,quantity 'intensity' is not a comparison target (no comparison group declares it),,,False,,,,,False
10.1039_c6dt03571j,10.1039_c6dt03571j,8,b(ii),Sputtered O 1s,10.1039_c6dt03571j::F8::b(ii)::0,8,03_corpus/extracted/10.1039_c6dt03571j/figure_data.json,/figures/3/panels/2/series/0,sha256:533cef250a1807248e352ed8496bb560539f0a56c484089c7297c426e6ba6831,,,unresolved,False,False,,Binding Energy,eV,eV,False,unknown,,,,,,,axis_semantic_resolution,unsupported,x quantity 'Binding Energy' does not resolve to any ontology QuantityKind,,,False,,,,,False,,Intensity,a.u.,a.u.,False,output,output,,,,,,axis_semantic_resolution,not_applicable,quantity 'intensity' is not a comparison target (no comparison group declares it),,,False,,,,,False
10.1039_c6dt03571j,10.1039_c6dt03571j,8,c(i),As introduced Zn 2p3/2,10.1039_c6dt03571j::F8::c(i)::0,7,03_corpus/extracted/10.1039_c6dt03571j/figure_data.json,/figures/3/panels/3/series/0,sha256:533cef250a1807248e352ed8496bb560539f0a56c484089c7297c426e6ba6831,,,unresolved,False,False,,Binding Energy,eV,eV,False,unknown,,,,,,,axis_semantic_resolution,unsupported,x quantity 'Binding Energy' does not resolve to any ontology QuantityKind,,,False,,,,,False,,Intensity,a.u.,a.u.,False,output,output,,,,,,axis_semantic_resolution,not_applicable,quantity 'intensity' is not a comparison target (no comparison group declares it),,,False,,,,,False
10.1039_c6dt03571j,10.1039_c6dt03571j,8,c(ii),Sputtered Zn 2p3/2,10.1039_c6dt03571j::F8::c(ii)::0,7,03_corpus/extracted/10.1039_c6dt03571j/figure_data.json,/figures/3/panels/4/series/0,sha256:533cef250a1807248e352ed8496bb560539f0a56c484089c7297c426e6ba6831,,,unresolved,False,False,,Binding Energy,eV,eV,False,unknown,,,,,,,axis_semantic_resolution,unsupported,x quantity 'Binding Energy' does not resolve to any ontology QuantityKind,,,False,,,,,False,,Intensity,a.u.,a.u.,False,output,output,,,,,,axis_semantic_resolution,not_applicable,quantity 'intensity' is not a comparison target (no comparison group declares it),,,False,,,,,False
10.1039_c6dt03571j,10.1039_c6dt03571j,9,a,,10.1039_c6dt03571j::F9::a::0,49,03_corpus/extracted/10.1039_c6dt03571j/figure_data.json,/figures/4/panels/0/series/0,sha256:533cef250a1807248e352ed8496bb560539f0a56c484089c7297c426e6ba6831,,,correlation,False,False,,Wavelength,nm,nm,False,output,output,,,,,,axis_semantic_resolution,not_applicable,quantity 'wavelength' is not a comparison target (no comparison group declares it),,,False,,,,,False,,Transmission,%,%,False,unknown,,,,,,,axis_semantic_resolution,unsupported,y quantity 'Transmission' does not resolve to any ontology QuantityKind,,,False,,,,,False
10.1039_c6dt03571j,10.1039_c6dt03571j,9,b,,10.1039_c6dt03571j::F9::b::0,29,03_corpus/extracted/10.1039_c6dt03571j/figure_data.json,/figures/4/panels/1/series/0,sha256:533cef250a1807248e352ed8496bb560539f0a56c484089c7297c426e6ba6831,,,unresolved,False,False,,hv,eV,eV,False,unknown,,,,,,,axis_semantic_resolution,unsupported,x quantity 'hv' does not resolve to any ontology QuantityKind,,,False,,,,,False,,(\alpha hv)^2,cm^-1 eV)^2,cm^-1 eV)^2,False,unknown,,,,,,,axis_semantic_resolution,unsupported,y quantity '(\\alpha hv)^2' does not resolve to any ontology QuantityKind,,,False,,,,,False
10.1039_c7ra07722j,10.1039_c7ra07722j,2,a_1,,10.1039_c7ra07722j::F2::a_1::0,8,03_corpus/extracted/10.1039_c7ra07722j/figure_data.json,/figures/0/panels/0/series/0,sha256:ba77ebe82262c3fae16914e90bb140b693b9bc3fdb29f6fef1b757123fdc60b9,,,series,False,False,,pulse_time,s,s,False,condition_sweep,condition,,pulse_time,s,pulse_time,,identity_canonical_mapping,already_canonical,,,,False,,,,,False,,growth_per_cycle,Å,Å,False,output,output,,,,,,length_unit_conversion,invalid,"declared unit 'Å' has dimension length but the quantity's comparison group 'growth_per_cycle' is length_per_cycle — the printed unit and the quantity disagree, so no conversion is safe (needs manual review)",,,False,,,,,False
10.1039_c7ra07722j,10.1039_c7ra07722j,2,a_2,,10.1039_c7ra07722j::F2::a_2::0,4,03_corpus/extracted/10.1039_c7ra07722j/figure_data.json,/figures/0/panels/1/series/0,sha256:ba77ebe82262c3fae16914e90bb140b693b9bc3fdb29f6fef1b757123fdc60b9,,,series,False,False,,pulse_time,ms,ms,False,condition_sweep,condition,,pulse_time,s,pulse_time,,time_unit_conversion,converted,,,,False,,,,,False,,growth_per_cycle,Å,Å,False,output,output,,,,,,length_unit_conversion,invalid,"declared unit 'Å' has dimension length but the quantity's comparison group 'growth_per_cycle' is length_per_cycle — the printed unit and the quantity disagree, so no conversion is safe (needs manual review)",,,False,,,,,False
10.1039_c7ra07722j,10.1039_c7ra07722j,2,a_3,,10.1039_c7ra07722j::F2::a_3::0,5,03_corpus/extracted/10.1039_c7ra07722j/figure_data.json,/figures/0/panels/2/series/0,sha256:ba77ebe82262c3fae16914e90bb140b693b9bc3fdb29f6fef1b757123fdc60b9,,,series,False,False,,pulse_time,s,s,False,condition_sweep,condition,,pulse_time,s,pulse_time,,identity_canonical_mapping,already_canonical,,,,False,,,,,False,,growth_per_cycle,Å,Å,False,output,output,,,,,,length_unit_conversion,invalid,"declared unit 'Å' has dimension length but the quantity's comparison group 'growth_per_cycle' is length_per_cycle — the printed unit and the quantity disagree, so no conversion is safe (needs manual review)",,,False,,,,,False
10.1039_c7ra07722j,10.1039_c7ra07722j,2,b_1,,10.1039_c7ra07722j::F2::b_1::0,9,03_corpus/extracted/10.1039_c7ra07722j/figure_data.json,/figures/0/panels/3/series/0,sha256:ba77ebe82262c3fae16914e90bb140b693b9bc3fdb29f6fef1b757123fdc60b9,,,series,False,False,,pulse_time,s,s,False,condition_sweep,condition,,pulse_time,s,pulse_time,,identity_canonical_mapping,already_canonical,,,,False,,,,,False,,growth_per_cycle,Å,Å,False,output,output,,,,,,length_unit_conversion,invalid,"declared unit 'Å' has dimension length but the quantity's comparison group 'growth_per_cycle' is length_per_cycle — the printed unit and the quantity disagree, so no conversion is safe (needs manual review)",,,False,,,,,False
10.1039_c7ra07722j,10.1039_c7ra07722j,2,b_2,,10.1039_c7ra07722j::F2::b_2::0,6,03_corpus/extracted/10.1039_c7ra07722j/figure_data.json,/figures/0/panels/4/series/0,sha256:ba77ebe82262c3fae16914e90bb140b693b9bc3fdb29f6fef1b757123fdc60b9,,,series,False,False,,pulse_time,s,s,False,condition_sweep,condition,,pulse_time,s,pulse_time,,identity_canonical_mapping,already_canonical,,,,False,,,,,False,,growth_per_cycle,Å,Å,False,output,output,,,,,,length_unit_conversion,invalid,"declared unit 'Å' has dimension length but the quantity's comparison group 'growth_per_cycle' is length_per_cycle — the printed unit and the quantity disagree, so no conversion is safe (needs manual review)",,,False,,,,,False
10.1039_c7ra07722j,10.1039_c7ra07722j,3,a,Thermal 150 °C,10.1039_c7ra07722j::F3::a::0,13,03_corpus/extracted/10.1039_c7ra07722j/figure_data.json,/figures/1/panels/0/series/0,sha256:ba77ebe82262c3fae16914e90bb140b693b9bc3fdb29f6fef1b757123fdc60b9,,,series,False,False,Number of cycles,cycle_number,,,False,condition_sweep,condition,,,,,,axis_semantic_resolution,unsupported,"unit '' is not a recognised, convertible unit (arbitrary/uncalibrated or unparseable)",,,False,,,,,False,Thickness (nm),film_thickness,nm,nm,False,output,output,,film_thickness,nm,film_thickness,,identity_canonical_mapping,already_canonical,,,,False,,,,,False
10.1039_c7ra07722j,10.1039_c7ra07722j,3,a,Plasma 50 °C,10.1039_c7ra07722j::F3::a::1,13,03_corpus/extracted/10.1039_c7ra07722j/figure_data.json,/figures/1/panels/0/series/1,sha256:ba77ebe82262c3fae16914e90bb140b693b9bc3fdb29f6fef1b757123fdc60b9,,,series,False,False,Number of cycles,cycle_number,,,False,condition_sweep,condition,,,,,,axis_semantic_resolution,unsupported,"unit '' is not a recognised, convertible unit (arbitrary/uncalibrated or unparseable)",,,False,,,,,False,Thickness (nm),film_thickness,nm,nm,False,output,output,,film_thickness,nm,film_thickness,,identity_canonical_mapping,already_canonical,,,,False,,,,,False
10.1039_c7ra07722j,10.1039_c7ra07722j,3,a,Plasma 200 °C,10.1039_c7ra07722j::F3::a::2,13,03_corpus/extracted/10.1039_c7ra07722j/figure_data.json,/figures/1/panels/0/series/2,sha256:ba77ebe82262c3fae16914e90bb140b693b9bc3fdb29f6fef1b757123fdc60b9,,,series,False,False,Number of cycles,cycle_number,,,False,condition_sweep,condition,,,,,,axis_semantic_resolution,unsupported,"unit '' is not a recognised, convertible unit (arbitrary/uncalibrated or unparseable)",,,False,,,,,False,Thickness (nm),film_thickness,nm,nm,False,output,output,,film_thickness,nm,film_thickness,,identity_canonical_mapping,already_canonical,,,,False,,,,,False
10.1039_c7ra07722j,10.1039_c7ra07722j,3,a,Plasma 275 °C,10.1039_c7ra07722j::F3::a::3,10,03_corpus/extracted/10.1039_c7ra07722j/figure_data.json,/figures/1/panels/0/series/3,sha256:ba77ebe82262c3fae16914e90bb140b693b9bc3fdb29f6fef1b757123fdc60b9,,,series,False,False,Number of cycles,cycle_number,,,False,condition_sweep,condition,,,,,,axis_semantic_resolution,unsupported,"unit '' is not a recognised, convertible unit (arbitrary/uncalibrated or unparseable)",,,False,,,,,False,Thickness (nm),film_thickness,nm,nm,False,output,output,,film_thickness,nm,film_thickness,,identity_canonical_mapping,already_canonical,,,,False,,,,,False
10.1039_c7ra07722j,10.1039_c7ra07722j,3,a,Plasma 300 °C,10.1039_c7ra07722j::F3::a::4,10,03_corpus/extracted/10.1039_c7ra07722j/figure_data.json,/figures/1/panels/0/series/4,sha256:ba77ebe82262c3fae16914e90bb140b693b9bc3fdb29f6fef1b757123fdc60b9,,,series,False,False,Number of cycles,cycle_number,,,False,condition_sweep,condition,,,,,,axis_semantic_resolution,unsupported,"unit '' is not a recognised, convertible unit (arbitrary/uncalibrated or unparseable)",,,False,,,,,False,Thickness (nm),film_thickness,nm,nm,False,output,output,,film_thickness,nm,film_thickness,,identity_canonical_mapping,already_canonical,,,,False,,,,,False
10.1039_c7ra07722j,10.1039_c7ra07722j,3,b,"SE, thermal",10.1039_c7ra07722j::F3::b::0,6,03_corpus/extracted/10.1039_c7ra07722j/figure_data.json,/figures/1/panels/1/series/0,sha256:ba77ebe82262c3fae16914e90bb140b693b9bc3fdb29f6fef1b757123fdc60b9,10.1039_c7ra07722j-E012,case,series,True,False,Temperature (°C),deposition_temperature,°C,°C,False,condition_sweep,condition,,deposition_temperature,K,process_temperature,,temperature_unit_conversion,converted,,,,False,,,,,False,GPC SE (Å),growth_per_cycle,Å,Å,False,output,output,,,,,,length_unit_conversion,invalid,"declared unit 'Å' has dimension length but the quantity's comparison group 'growth_per_cycle' is length_per_cycle — the printed unit and the quantity disagree, so no conversion is safe (needs manual review)",,,False,,,,,False
10.1039_c7ra07722j,10.1039_c7ra07722j,3,b,"SE, plasma",10.1039_c7ra07722j::F3::b::1,7,03_corpus/extracted/10.1039_c7ra07722j/figure_data.json,/figures/1/panels/1/series/1,sha256:ba77ebe82262c3fae16914e90bb140b693b9bc3fdb29f6fef1b757123fdc60b9,10.1039_c7ra07722j-E012,case,series,True,False,Temperature (°C),deposition_temperature,°C,°C,False,condition_sweep,condition,,deposition_temperature,K,process_temperature,,temperature_unit_conversion,converted,,,,False,,,,,False,GPC SE (Å),growth_per_cycle,Å,Å,False,output,output,,,,,,length_unit_conversion,invalid,"declared unit 'Å' has dimension length but the quantity's comparison group 'growth_per_cycle' is length_per_cycle — the printed unit and the quantity disagree, so no conversion is safe (needs manual review)",,,False,,,,,False
10.1039_c7ra07722j,10.1039_c7ra07722j,3,b,"EBS, thermal",10.1039_c7ra07722j::F3::b::2,1,03_corpus/extracted/10.1039_c7ra07722j/figure_data.json,/figures/1/panels/1/series/2,sha256:ba77ebe82262c3fae16914e90bb140b693b9bc3fdb29f6fef1b757123fdc60b9,10.1039_c7ra07722j-E012,case,single,True,False,Temperature (°C),deposition_temperature,°C,°C,False,condition_sweep,condition,,deposition_temperature,K,process_temperature,,temperature_unit_conversion,converted,,,,False,,,,,False,GPC SE (Å),growth_per_cycle,Å,Å,False,output,output,,,,,,length_unit_conversion,invalid,"declared unit 'Å' has dimension length but the quantity's comparison group 'growth_per_cycle' is length_per_cycle — the printed unit and the quantity disagree, so no conversion is safe (needs manual review)",,,False,,,,,False
10.1039_c7ra07722j,10.1039_c7ra07722j,3,b,"EBS, plasma",10.1039_c7ra07722j::F3::b::3,4,03_corpus/extracted/10.1039_c7ra07722j/figure_data.json,/figures/1/panels/1/series/3,sha256:ba77ebe82262c3fae16914e90bb140b693b9bc3fdb29f6fef1b757123fdc60b9,10.1039_c7ra07722j-E012,case,series,True,False,Temperature (°C),deposition_temperature,°C,°C,False,condition_sweep,condition,,deposition_temperature,K,process_temperature,,temperature_unit_conversion,converted,,,,False,,,,,False,GPC SE (Å),growth_per_cycle,Å,Å,False,output,output,,,,,,length_unit_conversion,invalid,"declared unit 'Å' has dimension length but the quantity's comparison group 'growth_per_cycle' is length_per_cycle — the printed unit and the quantity disagree, so no conversion is safe (needs manual review)",,,False,,,,,False
10.1039_c7ra07722j,10.1039_c7ra07722j,4,a,250 °C,10.1039_c7ra07722j::F4::a::0,30,03_corpus/extracted/10.1039_c7ra07722j/figure_data.json,/figures/2/panels/0/series/0,sha256:ba77ebe82262c3fae16914e90bb140b693b9bc3fdb29f6fef1b757123fdc60b9,10.1039_c7ra07722j-E020,multi_output,unresolved,True,False,Measurement number,Measurement number,,,False,unknown,,,,,,,axis_semantic_resolution,unsupported,x quantity 'Measurement number' does not resolve to any ontology QuantityKind,,,False,,,,,False,Δ (°),Δ,°,°,False,output,output,,,,,,axis_semantic_resolution,invalid,"declared unit '°' has dimension angle but the quantity's comparison group 'surface_coverage' is dimensionless — the printed unit and the quantity disagree, so no conversion is safe (needs manual review)",,,False,,,,,False
10.1039_c7ra07722j,10.1039_c7ra07722j,4,a,275 °C,10.1039_c7ra07722j::F4::a::1,40,03_corpus/extracted/10.1039_c7ra07722j/figure_data.json,/figures/2/panels/0/series/1,sha256:ba77ebe82262c3fae16914e90bb140b693b9bc3fdb29f6fef1b757123fdc60b9,10.1039_c7ra07722j-E021,multi_output,unresolved,True,False,Measurement number,Measurement number,,,False,unknown,,,,,,,axis_semantic_resolution,unsupported,x quantity 'Measurement number' does not resolve to any ontology QuantityKind,,,False,,,,,False,Δ (°),Δ,°,°,False,output,output,,,,,,axis_semantic_resolution,invalid,"declared unit '°' has dimension angle but the quantity's comparison group 'surface_coverage' is dimensionless — the printed unit and the quantity disagree, so no conversion is safe (needs manual review)",,,False,,,,,False
10.1039_c7ra07722j,10.1039_c7ra07722j,4,a,300 °C,10.1039_c7ra07722j::F4::a::2,30,03_corpus/extracted/10.1039_c7ra07722j/figure_data.json,/figures/2/panels/0/series/2,sha256:ba77ebe82262c3fae16914e90bb140b693b9bc3fdb29f6fef1b757123fdc60b9,10.1039_c7ra07722j-E020,multi_output,unresolved,True,False,Measurement number,Measurement number,,,False,unknown,,,,,,,axis_semantic_resolution,unsupported,x quantity 'Measurement number' does not resolve to any ontology QuantityKind,,,False,,,,,False,Δ (°),Δ,°,°,False,output,output,,,,,,axis_semantic_resolution,invalid,"declared unit '°' has dimension angle but the quantity's comparison group 'surface_coverage' is dimensionless — the printed unit and the quantity disagree, so no conversion is safe (needs manual review)",,,False,,,,,False
10.1039_c7ra07722j,10.1039_c7ra07722j,5,a,3 s plasma,10.1039_c7ra07722j::F5::a::0,41,03_corpus/extracted/10.1039_c7ra07722j/figure_data.json,/figures/3/panels/0/series/0,sha256:ba77ebe82262c3fae16914e90bb140b693b9bc3fdb29f6fef1b757123fdc60b9,10.1039_c7ra07722j-E024,multi_output,series,True,False,Number of cycles,cycle_number,,,False,condition_sweep,condition,,,,,,axis_semantic_resolution,unsupported,"unit '' is not a recognised, convertible unit (arbitrary/uncalibrated or unparseable)",,,False,,,,,False,Thickness (nm),film_thickness,nm,nm,False,output,output,,film_thickness,nm,film_thickness,,identity_canonical_mapping,already_canonical,,,,False,,,,,False
10.1039_c7ra07722j,10.1039_c7ra07722j,5,a,5 s plasma,10.1039_c7ra07722j::F5::a::1,38,03_corpus/extracted/10.1039_c7ra07722j/figure_data.json,/figures/3/panels/0/series/1,sha256:ba77ebe82262c3fae16914e90bb140b693b9bc3fdb29f6fef1b757123fdc60b9,10.1039_c7ra07722j-E025,multi_output,series,True,False,Number of cycles,cycle_number,,,False,condition_sweep,condition,,,,,,axis_semantic_resolution,unsupported,"unit '' is not a recognised, convertible unit (arbitrary/uncalibrated or unparseable)",,,False,,,,,False,Thickness (nm),film_thickness,nm,nm,False,output,output,,film_thickness,nm,film_thickness,,identity_canonical_mapping,already_canonical,,,,False,,,,,False
10.1039_c7ra07722j,10.1039_c7ra07722j,5,a,20 s plasma,10.1039_c7ra07722j::F5::a::2,35,03_corpus/extracted/10.1039_c7ra07722j/figure_data.json,/figures/3/panels/0/series/2,sha256:ba77ebe82262c3fae16914e90bb140b693b9bc3fdb29f6fef1b757123fdc60b9,10.1039_c7ra07722j-E026,multi_output,series,True,False,Number of cycles,cycle_number,,,False,condition_sweep,condition,,,,,,axis_semantic_resolution,unsupported,"unit '' is not a recognised, convertible unit (arbitrary/uncalibrated or unparseable)",,,False,,,,,False,Thickness (nm),film_thickness,nm,nm,False,output,output,,film_thickness,nm,film_thickness,,identity_canonical_mapping,already_canonical,,,,False,,,,,False
10.1039_c7ra07722j,10.1039_c7ra07722j,6,a,Li2CO3,10.1039_c7ra07722j::F6::a::0,14,03_corpus/extracted/10.1039_c7ra07722j/figure_data.json,/figures/4/panels/0/series/0,sha256:ba77ebe82262c3fae16914e90bb140b693b9bc3fdb29f6fef1b757123fdc60b9,10.1039_c7ra07722j-E020,multi_output,unresolved,True,False,,Binding energy,eV,eV,False,unknown,,,,,,,axis_semantic_resolution,unsupported,x quantity 'Binding energy' does not resolve to any ontology QuantityKind,,,False,,,,,False,,Intensity,a.u.,a.u.,False,output,output,,,,,,axis_semantic_resolution,not_applicable,quantity 'intensity' is not a comparison target (no comparison group declares it),,,False,,,,,False
10.1039_c7ra07722j,10.1039_c7ra07722j,6,a,C-C / C-O / C=O,10.1039_c7ra07722j::F6::a::1,12,03_corpus/extracted/10.1039_c7ra07722j/figure_data.json,/figures/4/panels/0/series/1,sha256:ba77ebe82262c3fae16914e90bb140b693b9bc3fdb29f6fef1b757123fdc60b9,10.1039_c7ra07722j-E021,multi_output,unresolved,True,False,,Binding energy,eV,eV,False,unknown,,,,,,,axis_semantic_resolution,unsupported,x quantity 'Binding energy' does not resolve to any ontology QuantityKind,,,False,,,,,False,,Intensity,a.u.,a.u.,False,output,output,,,,,,axis_semantic_resolution,not_applicable,quantity 'intensity' is not a comparison target (no comparison group declares it),,,False,,,,,False
10.1039_c7ra07722j,10.1039_c7ra07722j,6,b,Li2CO3,10.1039_c7ra07722j::F6::b::0,13,03_corpus/extracted/10.1039_c7ra07722j/figure_data.json,/figures/4/panels/1/series/0,sha256:ba77ebe82262c3fae16914e90bb140b693b9bc3fdb29f6fef1b757123fdc60b9,10.1039_c7ra07722j-E022,multi_output,unresolved,True,False,,Binding energy,eV,eV,False,unknown,,,,,,,axis_semantic_resolution,unsupported,x quantity 'Binding energy' does not resolve to any ontology QuantityKind,,,False,,,,,False,,Intensity,a.u.,a.u.,False,output,output,,,,,,axis_semantic_resolution,not_applicable,quantity 'intensity' is not a comparison target (no comparison group declares it),,,False,,,,,False
10.1039_c7ra07722j,10.1039_c7ra07722j,6,c,Li2CO3,10.1039_c7ra07722j::F6::c::0,12,03_corpus/extracted/10.1039_c7ra07722j/figure_data.json,/figures/4/panels/2/series/0,sha256:ba77ebe82262c3fae16914e90bb140b693b9bc3fdb29f6fef1b757123fdc60b9,10.1039_c7ra07722j-E023,multi_output,unresolved,True,False,,Binding energy,eV,eV,False,unknown,,,,,,,axis_semantic_resolution,unsupported,x quantity 'Binding energy' does not resolve to any ontology QuantityKind,,,False,,,,,False,,Intensity,a.u.,a.u.,False,output,output,,,,,,axis_semantic_resolution,not_applicable,quantity 'intensity' is not a comparison target (no comparison group declares it),,,False,,,,,False
10.1039_c7ra07722j,10.1039_c7ra07722j,7,a,Thermal 300 °C,10.1039_c7ra07722j::F7::a::0,32,03_corpus/extracted/10.1039_c7ra07722j/figure_data.json,/figures/5/panels/0/series/0,sha256:ba77ebe82262c3fae16914e90bb140b693b9bc3fdb29f6fef1b757123fdc60b9,10.1039_c7ra07722j-E024,multi_output,unresolved,True,False,,2-theta,°,°,False,unknown,,,,,,,axis_semantic_resolution,unsupported,x quantity '2-theta' does not resolve to any ontology QuantityKind,,,False,,,,,False,,Intensity,a.u.,a.u.,False,output,output,,,,,,axis_semantic_resolution,not_applicable,quantity 'intensity' is not a comparison target (no comparison group declares it),,,False,,,,,False
10.1039_c7ra07722j,10.1039_c7ra07722j,7,a,Thermal 150 °C,10.1039_c7ra07722j::F7::a::1,32,03_corpus/extracted/10.1039_c7ra07722j/figure_data.json,/figures/5/panels/0/series/1,sha256:ba77ebe82262c3fae16914e90bb140b693b9bc3fdb29f6fef1b757123fdc60b9,10.1039_c7ra07722j-E025,multi_output,unresolved,True,False,,2-theta,°,°,False,unknown,,,,,,,axis_semantic_resolution,unsupported,x quantity '2-theta' does not resolve to any ontology QuantityKind,,,False,,,,,False,,Intensity,a.u.,a.u.,False,output,output,,,,,,axis_semantic_resolution,not_applicable,quantity 'intensity' is not a comparison target (no comparison group declares it),,,False,,,,,False
10.1039_c7ra07722j,10.1039_c7ra07722j,7,a,Thermal 100 °C,10.1039_c7ra07722j::F7::a::2,32,03_corpus/extracted/10.1039_c7ra07722j/figure_data.json,/figures/5/panels/0/series/2,sha256:ba77ebe82262c3fae16914e90bb140b693b9bc3fdb29f6fef1b757123fdc60b9,10.1039_c7ra07722j-E026,multi_output,unresolved,True,False,,2-theta,°,°,False,unknown,,,,,,,axis_semantic_resolution,unsupported,x quantity '2-theta' does not resolve to any ontology QuantityKind,,,False,,,,,False,,Intensity,a.u.,a.u.,False,output,output,,,,,,axis_semantic_resolution,not_applicable,quantity 'intensity' is not a comparison target (no comparison group declares it),,,False,,,,,False
10.1039_c7ra07722j,10.1039_c7ra07722j,7,a,Plasma 250 °C,10.1039_c7ra07722j::F7::a::3,30,03_corpus/extracted/10.1039_c7ra07722j/figure_data.json,/figures/5/panels/0/series/3,sha256:ba77ebe82262c3fae16914e90bb140b693b9bc3fdb29f6fef1b757123fdc60b9,10.1039_c7ra07722j-E027,multi_output,unresolved,True,False,,2-theta,°,°,False,unknown,,,,,,,axis_semantic_resolution,unsupported,x quantity '2-theta' does not resolve to any ontology QuantityKind,,,False,,,,,False,,Intensity,a.u.,a.u.,False,output,output,,,,,,axis_semantic_resolution,not_applicable,quantity 'intensity' is not a comparison target (no comparison group declares it),,,False,,,,,False
10.1039_c7ra07722j,10.1039_c7ra07722j,7,a,Plasma 150 °C,10.1039_c7ra07722j::F7::a::4,30,03_corpus/extracted/10.1039_c7ra07722j/figure_data.json,/figures/5/panels/0/series/4,sha256:ba77ebe82262c3fae16914e90bb140b693b9bc3fdb29f6fef1b757123fdc60b9,10.1039_c7ra07722j-E028,multi_output,unresolved,True,False,,2-theta,°,°,False,unknown,,,,,,,axis_semantic_resolution,unsupported,x quantity '2-theta' does not resolve to any ontology QuantityKind,,,False,,,,,False,,Intensity,a.u.,a.u.,False,output,output,,,,,,axis_semantic_resolution,not_applicable,quantity 'intensity' is not a comparison target (no comparison group declares it),,,False,,,,,False
10.1039_c7ra07722j,10.1039_c7ra07722j,7,a,Plasma 50 °C,10.1039_c7ra07722j::F7::a::5,32,03_corpus/extracted/10.1039_c7ra07722j/figure_data.json,/figures/5/panels/0/series/5,sha256:ba77ebe82262c3fae16914e90bb140b693b9bc3fdb29f6fef1b757123fdc60b9,10.1039_c7ra07722j-E029,multi_output,unresolved,True,False,,2-theta,°,°,False,unknown,,,,,,,axis_semantic_resolution,unsupported,x quantity '2-theta' does not resolve to any ontology QuantityKind,,,False,,,,,False,,Intensity,a.u.,a.u.,False,output,output,,,,,,axis_semantic_resolution,not_applicable,quantity 'intensity' is not a comparison target (no comparison group declares it),,,False,,,,,False
10.1039_c7ra07722j,10.1039_c7ra07722j,10,a,Plasma,10.1039_c7ra07722j::F10::a::0,29,03_corpus/extracted/10.1039_c7ra07722j/figure_data.json,/figures/6/panels/0/series/0,sha256:ba77ebe82262c3fae16914e90bb140b693b9bc3fdb29f6fef1b757123fdc60b9,10.1039_c7ra07722j-E030,trace,unresolved,True,False,,Z_Re,kΩ,kΩ,False,unknown,,,,,,,axis_semantic_resolution,unsupported,x quantity 'Z_Re' does not resolve to any ontology QuantityKind,,,False,,,,,False,,Z_Im,kΩ,kΩ,False,unknown,,,,,,,axis_semantic_resolution,unsupported,y quantity 'Z_Im' does not resolve to any ontology QuantityKind,,,False,,,,,False
10.1039_c7ra07722j,10.1039_c7ra07722j,10,a,Thermal,10.1039_c7ra07722j::F10::a::1,34,03_corpus/extracted/10.1039_c7ra07722j/figure_data.json,/figures/6/panels/0/series/1,sha256:ba77ebe82262c3fae16914e90bb140b693b9bc3fdb29f6fef1b757123fdc60b9,10.1039_c7ra07722j-E031,trace,unresolved,True,False,,Z_Re,kΩ,kΩ,False,unknown,,,,,,,axis_semantic_resolution,unsupported,x quantity 'Z_Re' does not resolve to any ontology QuantityKind,,,False,,,,,False,,Z_Im,kΩ,kΩ,False,unknown,,,,,,,axis_semantic_resolution,unsupported,y quantity 'Z_Im' does not resolve to any ontology QuantityKind,,,False,,,,,False
10.1039_c7ra07722j,10.1039_c7ra07722j,10,a,Plasma fit,10.1039_c7ra07722j::F10::a::2,23,03_corpus/extracted/10.1039_c7ra07722j/figure_data.json,/figures/6/panels/0/series/2,sha256:ba77ebe82262c3fae16914e90bb140b693b9bc3fdb29f6fef1b757123fdc60b9,10.1039_c7ra07722j-E030,trace,unresolved,True,False,,Z_Re,kΩ,kΩ,False,unknown,,,,,,,axis_semantic_resolution,unsupported,x quantity 'Z_Re' does not resolve to any ontology QuantityKind,,,False,,,,,False,,Z_Im,kΩ,kΩ,False,unknown,,,,,,,axis_semantic_resolution,unsupported,y quantity 'Z_Im' does not resolve to any ontology QuantityKind,,,False,,,,,False
10.1039_c7ra07722j,10.1039_c7ra07722j,10,a,Thermal fit,10.1039_c7ra07722j::F10::a::3,36,03_corpus/extracted/10.1039_c7ra07722j/figure_data.json,/figures/6/panels/0/series/3,sha256:ba77ebe82262c3fae16914e90bb140b693b9bc3fdb29f6fef1b757123fdc60b9,10.1039_c7ra07722j-E030,trace,unresolved,True,False,,Z_Re,kΩ,kΩ,False,unknown,,,,,,,axis_semantic_resolution,unsupported,x quantity 'Z_Re' does not resolve to any ontology QuantityKind,,,False,,,,,False,,Z_Im,kΩ,kΩ,False,unknown,,,,,,,axis_semantic_resolution,unsupported,y quantity 'Z_Im' does not resolve to any ontology QuantityKind,,,False,,,,,False
10.1039_d0cp03358h,10.1039_d0cp03358h,2,a,,10.1039_d0cp03358h::F2::a::0,30,03_corpus/extracted/10.1039_d0cp03358h/figure_data.json,/figures/0/panels/0/series/0,sha256:5a23969d4d381ddc2273c75e8dba133e1b89266d945f14bd6a5b540be7c4b44a,10.1039_d0cp03358h-E000,profile,profile,False,False,Distance x (µm),spatial_coordinate,µm,µm,False,spatial_coordinate,coordinate,,spatial_coordinate,µm,spatial_position,,identity_canonical_mapping,already_canonical,,,,False,,,,,False,"Total growth (nm, ng, nm⁻², ...)",film_thickness,nm,nm,False,output,output,,film_thickness,nm,film_thickness,,identity_canonical_mapping,already_canonical,,,,False,,,,,False
10.1039_d0cp03358h,10.1039_d0cp03358h,2,b,,10.1039_d0cp03358h::F2::b::0,30,03_corpus/extracted/10.1039_d0cp03358h/figure_data.json,/figures/0/panels/1/series/0,sha256:5a23969d4d381ddc2273c75e8dba133e1b89266d945f14bd6a5b540be7c4b44a,10.1039_d0cp03358h-E001,profile,profile,False,False,Dimensionless distance x̃ (-),spatial_coordinate,,,False,normalized_spatial_coordinate,coordinate,x_over_feature_height,dimensionless_distance,1,normalized_spatial_position_by_feature_height,spatial_position,identity_canonical_mapping;denormalize_x_by_feature_height,converted,,feature_height,feature_height@method,True,figure_caption,x ˜ = x / H ,symbol_definition:figure_caption(x̃),0.76,False,"Growth/cycles (nm, ng, nm⁻², ...)",growth_per_cycle,nm/cycle,nm/cycle,False,output,output,,growth_per_cycle,nm/cycle,growth_per_cycle,,identity_canonical_mapping,already_canonical,,,,False,,,,,False
10.1039_d0cp03358h,10.1039_d0cp03358h,2,c,,10.1039_d0cp03358h::F2::c::0,30,03_corpus/extracted/10.1039_d0cp03358h/figure_data.json,/figures/0/panels/2/series/0,sha256:5a23969d4d381ddc2273c75e8dba133e1b89266d945f14bd6a5b540be7c4b44a,10.1039_d0cp03358h-E002,profile,profile,False,False,Dimensionless distance x̃ (-),spatial_coordinate,,,False,normalized_spatial_coordinate,coordinate,x_over_feature_height,dimensionless_distance,1,normalized_spatial_position_by_feature_height,spatial_position,identity_canonical_mapping;denormalize_x_by_feature_height,converted,,feature_height,feature_height@method,True,panel_caption,x ˜ = x / H ,symbol_definition:panel_caption(x̃),0.855,False,Normalized growth (-),normalized_thickness,,,False,normalized_thickness_of_unknown_denominator,output,,,,,,axis_semantic_resolution,missing_context,"no normalization expression found in axis label, caption, panel text, figure discussion or equations",,,False,,,,,False
10.1039_d0cp03358h,10.1039_d0cp03358h,2,d,,10.1039_d0cp03358h::F2::d::0,27,03_corpus/extracted/10.1039_d0cp03358h/figure_data.json,/figures/0/panels/3/series/0,sha256:5a23969d4d381ddc2273c75e8dba133e1b89266d945f14bd6a5b540be7c4b44a,10.1039_d0cp03358h-E003,profile,profile,False,False,Normalized distance ξ (-),spatial_coordinate,,,False,normalized_spatial_coordinate,coordinate,x_over_channel_length,dimensionless_distance,1,normalized_spatial_position_by_channel_length,spatial_position,identity_canonical_mapping;denormalize_x_by_channel_length,converted,,feature_length,feature_length@paper,True,panel_caption,e 2 normalized saturation profile ( x = x / L ).,pattern_match:panel_caption,0.855,False,Normalized growth (-),normalized_thickness,,,False,normalized_thickness_of_unknown_denominator,output,,,,,,axis_semantic_resolution,missing_context,"no normalization expression found in axis label, caption, panel text, figure discussion or equations",,,False,,,,,False
10.1039_d0cp03358h,10.1039_d0cp03358h,3,a,simulated profile,10.1039_d0cp03358h::F3::a::0,29,03_corpus/extracted/10.1039_d0cp03358h/figure_data.json,/figures/1/panels/0/series/0,sha256:5a23969d4d381ddc2273c75e8dba133e1b89266d945f14bd6a5b540be7c4b44a,10.1039_d0cp03358h-E009,profile,profile,False,False,Dimensionless distance x̃ (-),spatial_coordinate,,,False,normalized_spatial_coordinate,coordinate,x_over_feature_height,dimensionless_distance,1,normalized_spatial_position_by_feature_height,,identity_canonical_mapping;denormalize_x_by_feature_height,already_canonical,"3 distinct feature_height candidates at paper scope (0.1, 0.5, 2 µm); no narrower scope disambiguates them",feature_height,,False,equations,x ˜ = x / H ,symbol_definition:equations(x̃),0.475,True,"Growth/cycles (nm, ng, nm⁻², ...)",growth_per_cycle,,,False,output,output,,,,,,axis_semantic_resolution,unsupported,"unit None is not a recognised, convertible unit (arbitrary/uncalibrated or unparseable)",,,False,,,,,False
10.1039_d0cp03358h,10.1039_d0cp03358h,3,b,experimental profile,10.1039_d0cp03358h::F3::b::0,44,03_corpus/extracted/10.1039_d0cp03358h/figure_data.json,/figures/1/panels/1/series/0,sha256:5a23969d4d381ddc2273c75e8dba133e1b89266d945f14bd6a5b540be7c4b44a,,,profile,False,False,Dimensionless distance x̃ (-),spatial_coordinate,,,False,normalized_spatial_coordinate,coordinate,x_over_feature_height,dimensionless_distance,1,normalized_spatial_position_by_feature_height,,identity_canonical_mapping;denormalize_x_by_feature_height,already_canonical,no value for feature_height in any scope (point/curve/series/panel/figure/experiment/method/paper),feature_height,,False,equations,x ˜ = x / H ,symbol_definition:equations(x̃),0.475,True,"Growth/cycles (nm, ng, nm⁻², ...)",growth_per_cycle,,,False,output,output,,,,,,axis_semantic_resolution,unsupported,"unit None is not a recognised, convertible unit (arbitrary/uncalibrated or unparseable)",,,False,,,,,False
10.1039_d0cp03358h,10.1039_d0cp03358h,5,b,Si,10.1039_d0cp03358h::F5::b::0,51,03_corpus/extracted/10.1039_d0cp03358h/figure_data.json,/figures/2/panels/0/series/0,sha256:5a23969d4d381ddc2273c75e8dba133e1b89266d945f14bd6a5b540be7c4b44a,10.1039_d0cp03358h-E006,profile,profile,False,False,Dimensionless distance x̃,spatial_coordinate,μm,μm,False,spatial_coordinate,coordinate,,spatial_coordinate,µm,spatial_position,,identity_canonical_mapping,already_canonical,,,,False,,,,,False,Thickness/cycles S/N (nm),Intensity,a.u.,a.u.,False,output,output,,,,,,axis_semantic_resolution,not_applicable,quantity 'intensity' is not a comparison target (no comparison group declares it),,,False,,,,,False
10.1039_d0cp03358h,10.1039_d0cp03358h,5,b,O,10.1039_d0cp03358h::F5::b::1,51,03_corpus/extracted/10.1039_d0cp03358h/figure_data.json,/figures/2/panels/0/series/1,sha256:5a23969d4d381ddc2273c75e8dba133e1b89266d945f14bd6a5b540be7c4b44a,10.1039_d0cp03358h-E007,profile,profile,False,False,Dimensionless distance x̃,spatial_coordinate,μm,μm,False,spatial_coordinate,coordinate,,spatial_coordinate,µm,spatial_position,,identity_canonical_mapping,already_canonical,,,,False,,,,,False,Thickness/cycles S/N (nm),Intensity,a.u.,a.u.,False,output,output,,,,,,axis_semantic_resolution,not_applicable,quantity 'intensity' is not a comparison target (no comparison group declares it),,,False,,,,,False
10.1039_d0cp03358h,10.1039_d0cp03358h,5,b,Al,10.1039_d0cp03358h::F5::b::2,51,03_corpus/extracted/10.1039_d0cp03358h/figure_data.json,/figures/2/panels/0/series/2,sha256:5a23969d4d381ddc2273c75e8dba133e1b89266d945f14bd6a5b540be7c4b44a,10.1039_d0cp03358h-E008,profile,profile,False,False,Dimensionless distance x̃,spatial_coordinate,μm,μm,False,spatial_coordinate,coordinate,,spatial_coordinate,µm,spatial_position,,identity_canonical_mapping,already_canonical,,,,False,,,,,False,Thickness/cycles S/N (nm),Intensity,a.u.,a.u.,False,output,output,,,,,,axis_semantic_resolution,not_applicable,quantity 'intensity' is not a comparison target (no comparison group declares it),,,False,,,,,False
10.1039_d0cp03358h,10.1039_d0cp03358h,7,a,X5 (50 μm),10.1039_d0cp03358h::F7::a::0,42,03_corpus/extracted/10.1039_d0cp03358h/figure_data.json,/figures/3/panels/0/series/0,sha256:5a23969d4d381ddc2273c75e8dba133e1b89266d945f14bd6a5b540be7c4b44a,10.1039_d0cp03358h-E009,profile,profile,False,False,,spatial_coordinate,μm,μm,False,spatial_coordinate,coordinate,,spatial_coordinate,µm,spatial_position,,identity_canonical_mapping,already_canonical,,,,False,,,,,False,,film_thickness,nm,nm,False,output,output,,film_thickness,nm,film_thickness,,identity_canonical_mapping,already_canonical,,,,False,,,,,False
10.1039_d0cp03358h,10.1039_d0cp03358h,7,a,X10 (25 μm),10.1039_d0cp03358h::F7::a::1,52,03_corpus/extracted/10.1039_d0cp03358h/figure_data.json,/figures/3/panels/0/series/1,sha256:5a23969d4d381ddc2273c75e8dba133e1b89266d945f14bd6a5b540be7c4b44a,10.1039_d0cp03358h-E010,profile,profile,False,False,,spatial_coordinate,μm,μm,False,spatial_coordinate,coordinate,,spatial_coordinate,µm,spatial_position,,identity_canonical_mapping,already_canonical,,,,False,,,,,False,,film_thickness,nm,nm,False,output,output,,film_thickness,nm,film_thickness,,identity_canonical_mapping,already_canonical,,,,False,,,,,False
10.1039_d0cp03358h,10.1039_d0cp03358h,7,a,X50 (5 μm),10.1039_d0cp03358h::F7::a::2,45,03_corpus/extracted/10.1039_d0cp03358h/figure_data.json,/figures/3/panels/0/series/2,sha256:5a23969d4d381ddc2273c75e8dba133e1b89266d945f14bd6a5b540be7c4b44a,10.1039_d0cp03358h-E011,profile,profile,False,False,,spatial_coordinate,μm,μm,False,spatial_coordinate,coordinate,,spatial_coordinate,µm,spatial_position,,identity_canonical_mapping,already_canonical,,,,False,,,,,False,,film_thickness,nm,nm,False,output,output,,film_thickness,nm,film_thickness,,identity_canonical_mapping,already_canonical,,,,False,,,,,False
10.1039_d0cp03358h,10.1039_d0cp03358h,8,a,0.1,10.1039_d0cp03358h::F8::a::0,15,03_corpus/extracted/10.1039_d0cp03358h/figure_data.json,/figures/4/panels/0/series/0,sha256:5a23969d4d381ddc2273c75e8dba133e1b89266d945f14bd6a5b540be7c4b44a,10.1039_d0cp03358h-E012,profile,profile,False,False,,spatial_coordinate,um,um,False,spatial_coordinate,coordinate,,spatial_coordinate,µm,spatial_position,,identity_canonical_mapping,already_canonical,,,,False,,,,,False,,film_thickness,nm,nm,False,output,output,,film_thickness,nm,film_thickness,,identity_canonical_mapping,already_canonical,,,,False,,,,,False
10.1039_d0cp03358h,10.1039_d0cp03358h,8,a,0.5,10.1039_d0cp03358h::F8::a::1,17,03_corpus/extracted/10.1039_d0cp03358h/figure_data.json,/figures/4/panels/0/series/1,sha256:5a23969d4d381ddc2273c75e8dba133e1b89266d945f14bd6a5b540be7c4b44a,10.1039_d0cp03358h-E013,profile,profile,False,False,,spatial_coordinate,um,um,False,spatial_coordinate,coordinate,,spatial_coordinate,µm,spatial_position,,identity_canonical_mapping,already_canonical,,,,False,,,,,False,,film_thickness,nm,nm,False,output,output,,film_thickness,nm,film_thickness,,identity_canonical_mapping,already_canonical,,,,False,,,,,False
10.1039_d0cp03358h,10.1039_d0cp03358h,8,a,1,10.1039_d0cp03358h::F8::a::2,19,03_corpus/extracted/10.1039_d0cp03358h/figure_data.json,/figures/4/panels/0/series/2,sha256:5a23969d4d381ddc2273c75e8dba133e1b89266d945f14bd6a5b540be7c4b44a,10.1039_d0cp03358h-E014,profile,profile,False,False,,spatial_coordinate,um,um,False,spatial_coordinate,coordinate,,spatial_coordinate,µm,spatial_position,,identity_canonical_mapping,already_canonical,,,,False,,,,,False,,film_thickness,nm,nm,False,output,output,,film_thickness,nm,film_thickness,,identity_canonical_mapping,already_canonical,,,,False,,,,,False
10.1039_d0cp03358h,10.1039_d0cp03358h,8,a,5,10.1039_d0cp03358h::F8::a::3,20,03_corpus/extracted/10.1039_d0cp03358h/figure_data.json,/figures/4/panels/0/series/3,sha256:5a23969d4d381ddc2273c75e8dba133e1b89266d945f14bd6a5b540be7c4b44a,10.1039_d0cp03358h-E015,profile,profile,False,False,,spatial_coordinate,um,um,False,spatial_coordinate,coordinate,,spatial_coordinate,µm,spatial_position,,identity_canonical_mapping,already_canonical,,,,False,,,,,False,,film_thickness,nm,nm,False,output,output,,film_thickness,nm,film_thickness,,identity_canonical_mapping,already_canonical,,,,False,,,,,False
10.1039_d0cp03358h,10.1039_d0cp03358h,8,b,Sample 2,10.1039_d0cp03358h::F8::b::0,32,03_corpus/extracted/10.1039_d0cp03358h/figure_data.json,/figures/4/panels/1/series/0,sha256:5a23969d4d381ddc2273c75e8dba133e1b89266d945f14bd6a5b540be7c4b44a,10.1039_d0cp03358h-E016,profile,profile,False,False,,spatial_coordinate,um,um,False,spatial_coordinate,coordinate,,spatial_coordinate,µm,spatial_position,,identity_canonical_mapping,already_canonical,,,,False,,,,,False,,film_thickness,nm,nm,False,output,output,,film_thickness,nm,film_thickness,,identity_canonical_mapping,already_canonical,,,,False,,,,,False
10.1039_d0cp03358h,10.1039_d0cp03358h,8,b,Sample 4,10.1039_d0cp03358h::F8::b::1,28,03_corpus/extracted/10.1039_d0cp03358h/figure_data.json,/figures/4/panels/1/series/1,sha256:5a23969d4d381ddc2273c75e8dba133e1b89266d945f14bd6a5b540be7c4b44a,10.1039_d0cp03358h-E017,profile,profile,False,False,,spatial_coordinate,um,um,False,spatial_coordinate,coordinate,,spatial_coordinate,µm,spatial_position,,identity_canonical_mapping,already_canonical,,,,False,,,,,False,,film_thickness,nm,nm,False,output,output,,film_thickness,nm,film_thickness,,identity_canonical_mapping,already_canonical,,,,False,,,,,False
10.1039_d0cp03358h,10.1039_d0cp03358h,8,b,Sample 8,10.1039_d0cp03358h::F8::b::2,31,03_corpus/extracted/10.1039_d0cp03358h/figure_data.json,/figures/4/panels/1/series/2,sha256:5a23969d4d381ddc2273c75e8dba133e1b89266d945f14bd6a5b540be7c4b44a,10.1039_d0cp03358h-E018,profile,profile,False,False,,spatial_coordinate,um,um,False,spatial_coordinate,coordinate,,spatial_coordinate,µm,spatial_position,,identity_canonical_mapping,already_canonical,,,,False,,,,,False,,film_thickness,nm,nm,False,output,output,,film_thickness,nm,film_thickness,,identity_canonical_mapping,already_canonical,,,,False,,,,,False
10.1039_d0cp03358h,10.1039_d0cp03358h,8,b,Sample 12,10.1039_d0cp03358h::F8::b::3,31,03_corpus/extracted/10.1039_d0cp03358h/figure_data.json,/figures/4/panels/1/series/3,sha256:5a23969d4d381ddc2273c75e8dba133e1b89266d945f14bd6a5b540be7c4b44a,10.1039_d0cp03358h-E019,profile,profile,False,False,,spatial_coordinate,um,um,False,spatial_coordinate,coordinate,,spatial_coordinate,µm,spatial_position,,identity_canonical_mapping,already_canonical,,,,False,,,,,False,,film_thickness,nm,nm,False,output,output,,film_thickness,nm,film_thickness,,identity_canonical_mapping,already_canonical,,,,False,,,,,False
10.1039_d0cp03358h,10.1039_d0cp03358h,9,a,100 nm,10.1039_d0cp03358h::F9::a::0,15,03_corpus/extracted/10.1039_d0cp03358h/figure_data.json,/figures/5/panels/0/series/0,sha256:5a23969d4d381ddc2273c75e8dba133e1b89266d945f14bd6a5b540be7c4b44a,10.1039_d0cp03358h-E020,profile,profile,False,False,Distance inside the channel x (µm),spatial_coordinate,µm,µm,False,spatial_coordinate,coordinate,,spatial_coordinate,µm,spatial_position,,identity_canonical_mapping,already_canonical,,,,False,,,,,False,Film thickness S (nm),film_thickness,nm,nm,False,output,output,,film_thickness,nm,film_thickness,,identity_canonical_mapping,already_canonical,,,,False,,,,,False
10.1039_d0cp03358h,10.1039_d0cp03358h,9,a,500 nm,10.1039_d0cp03358h::F9::a::1,15,03_corpus/extracted/10.1039_d0cp03358h/figure_data.json,/figures/5/panels/0/series/1,sha256:5a23969d4d381ddc2273c75e8dba133e1b89266d945f14bd6a5b540be7c4b44a,10.1039_d0cp03358h-E021,profile,profile,False,False,Distance inside the channel x (µm),spatial_coordinate,µm,µm,False,spatial_coordinate,coordinate,,spatial_coordinate,µm,spatial_position,,identity_canonical_mapping,already_canonical,,,,False,,,,,False,Film thickness S (nm),film_thickness,nm,nm,False,output,output,,film_thickness,nm,film_thickness,,identity_canonical_mapping,already_canonical,,,,False,,,,,False
10.1039_d0cp03358h,10.1039_d0cp03358h,9,a,2000 nm,10.1039_d0cp03358h::F9::a::2,14,03_corpus/extracted/10.1039_d0cp03358h/figure_data.json,/figures/5/panels/0/series/2,sha256:5a23969d4d381ddc2273c75e8dba133e1b89266d945f14bd6a5b540be7c4b44a,10.1039_d0cp03358h-E022,profile,profile,False,False,Distance inside the channel x (µm),spatial_coordinate,µm,µm,False,spatial_coordinate,coordinate,,spatial_coordinate,µm,spatial_position,,identity_canonical_mapping,already_canonical,,,,False,,,,,False,Film thickness S (nm),film_thickness,nm,nm,False,output,output,,film_thickness,nm,film_thickness,,identity_canonical_mapping,already_canonical,,,,False,,,,,False
10.1039_d0cp03358h,10.1039_d0cp03358h,9,b,100 nm,10.1039_d0cp03358h::F9::b::0,14,03_corpus/extracted/10.1039_d0cp03358h/figure_data.json,/figures/5/panels/1/series/0,sha256:5a23969d4d381ddc2273c75e8dba133e1b89266d945f14bd6a5b540be7c4b44a,10.1039_d0cp03358h-E023,profile,profile,False,False,Dimensionless distance x̃,spatial_coordinate,,,False,normalized_spatial_coordinate,coordinate,x_over_feature_height,dimensionless_distance,1,normalized_spatial_position_by_feature_height,spatial_position,identity_canonical_mapping;denormalize_x_by_feature_height,converted,,feature_height,feature_height@curve,True,equations,x ˜ = x / H ,symbol_definition:equations(x̃),0.475,True,Thickness/cycles S/N (nm),growth_per_cycle,nm,nm/cycle,True,output,output,,growth_per_cycle,nm/cycle,growth_per_cycle,,identity_canonical_mapping,already_canonical,,,,False,axis_label,Thickness/cycles S/N (nm),per_cycle_division_printed_in_axis_label,0.9,False
10.1039_d0cp03358h,10.1039_d0cp03358h,9,b,500 nm,10.1039_d0cp03358h::F9::b::1,17,03_corpus/extracted/10.1039_d0cp03358h/figure_data.json,/figures/5/panels/1/series/1,sha256:5a23969d4d381ddc2273c75e8dba133e1b89266d945f14bd6a5b540be7c4b44a,10.1039_d0cp03358h-E024,profile,profile,False,False,Dimensionless distance x̃,spatial_coordinate,,,False,normalized_spatial_coordinate,coordinate,x_over_feature_height,dimensionless_distance,1,normalized_spatial_position_by_feature_height,spatial_position,identity_canonical_mapping;denormalize_x_by_feature_height,converted,,feature_height,feature_height@curve,True,equations,x ˜ = x / H ,symbol_definition:equations(x̃),0.475,True,Thickness/cycles S/N (nm),growth_per_cycle,nm,nm/cycle,True,output,output,,growth_per_cycle,nm/cycle,growth_per_cycle,,identity_canonical_mapping,already_canonical,,,,False,axis_label,Thickness/cycles S/N (nm),per_cycle_division_printed_in_axis_label,0.9,False
10.1039_d0cp03358h,10.1039_d0cp03358h,9,b,2000 nm,10.1039_d0cp03358h::F9::b::2,11,03_corpus/extracted/10.1039_d0cp03358h/figure_data.json,/figures/5/panels/1/series/2,sha256:5a23969d4d381ddc2273c75e8dba133e1b89266d945f14bd6a5b540be7c4b44a,10.1039_d0cp03358h-E025,profile,profile,False,False,Dimensionless distance x̃,spatial_coordinate,,,False,normalized_spatial_coordinate,coordinate,x_over_feature_height,dimensionless_distance,1,normalized_spatial_position_by_feature_height,spatial_position,identity_canonical_mapping;denormalize_x_by_feature_height,converted,,feature_height,feature_height@curve,True,equations,x ˜ = x / H ,symbol_definition:equations(x̃),0.475,True,Thickness/cycles S/N (nm),growth_per_cycle,nm,nm/cycle,True,output,output,,growth_per_cycle,nm/cycle,growth_per_cycle,,identity_canonical_mapping,already_canonical,,,,False,axis_label,Thickness/cycles S/N (nm),per_cycle_division_printed_in_axis_label,0.9,False
10.1039_d0cp03358h,10.1039_d0cp03358h,9,c,100 nm,10.1039_d0cp03358h::F9::c::0,13,03_corpus/extracted/10.1039_d0cp03358h/figure_data.json,/figures/5/panels/2/series/0,sha256:5a23969d4d381ddc2273c75e8dba133e1b89266d945f14bd6a5b540be7c4b44a,10.1039_d0cp03358h-E026,profile,profile,False,False,Dimensionless distance x̃,spatial_coordinate,,,False,normalized_spatial_coordinate,coordinate,x_over_feature_height,dimensionless_distance,1,normalized_spatial_position_by_feature_height,spatial_position,identity_canonical_mapping;denormalize_x_by_feature_height,converted,,feature_height,feature_height@curve,True,equations,x ˜ = x / H ,symbol_definition:equations(x̃),0.475,True,Normalized thickness (-),normalized_thickness,,,False,normalized_thickness_of_unknown_denominator,output,,,,,,axis_semantic_resolution,missing_context,"no normalization expression found in axis label, caption, panel text, figure discussion or equations",,,False,,,,,False
10.1039_d0cp03358h,10.1039_d0cp03358h,9,c,500 nm,10.1039_d0cp03358h::F9::c::1,17,03_corpus/extracted/10.1039_d0cp03358h/figure_data.json,/figures/5/panels/2/series/1,sha256:5a23969d4d381ddc2273c75e8dba133e1b89266d945f14bd6a5b540be7c4b44a,10.1039_d0cp03358h-E027,profile,profile,False,False,Dimensionless distance x̃,spatial_coordinate,,,False,normalized_spatial_coordinate,coordinate,x_over_feature_height,dimensionless_distance,1,normalized_spatial_position_by_feature_height,spatial_position,identity_canonical_mapping;denormalize_x_by_feature_height,converted,,feature_height,feature_height@curve,True,equations,x ˜ = x / H ,symbol_definition:equations(x̃),0.475,True,Normalized thickness (-),normalized_thickness,,,False,normalized_thickness_of_unknown_denominator,output,,,,,,axis_semantic_resolution,missing_context,"no normalization expression found in axis label, caption, panel text, figure discussion or equations",,,False,,,,,False
10.1039_d0cp03358h,10.1039_d0cp03358h,9,c,2000 nm,10.1039_d0cp03358h::F9::c::2,11,03_corpus/extracted/10.1039_d0cp03358h/figure_data.json,/figures/5/panels/2/series/2,sha256:5a23969d4d381ddc2273c75e8dba133e1b89266d945f14bd6a5b540be7c4b44a,10.1039_d0cp03358h-E028,profile,profile,False,False,Dimensionless distance x̃,spatial_coordinate,,,False,normalized_spatial_coordinate,coordinate,x_over_feature_height,dimensionless_distance,1,normalized_spatial_position_by_feature_height,spatial_position,identity_canonical_mapping;denormalize_x_by_feature_height,converted,,feature_height,feature_height@curve,True,equations,x ˜ = x / H ,symbol_definition:equations(x̃),0.475,True,Normalized thickness (-),normalized_thickness,,,False,normalized_thickness_of_unknown_denominator,output,,,,,,axis_semantic_resolution,missing_context,"no normalization expression found in axis label, caption, panel text, figure discussion or equations",,,False,,,,,False
10.1039_d0cp03358h,10.1039_d0cp03358h,9,d,250 cycles,10.1039_d0cp03358h::F9::d::0,16,03_corpus/extracted/10.1039_d0cp03358h/figure_data.json,/figures/5/panels/3/series/0,sha256:5a23969d4d381ddc2273c75e8dba133e1b89266d945f14bd6a5b540be7c4b44a,10.1039_d0cp03358h-E029,profile,profile,False,False,Distance inside the channel x (µm),spatial_coordinate,µm,µm,False,spatial_coordinate,coordinate,,spatial_coordinate,µm,spatial_position,,identity_canonical_mapping,already_canonical,,,,False,,,,,False,Film thickness S (nm),film_thickness,nm,nm,False,output,output,,film_thickness,nm,film_thickness,,identity_canonical_mapping,already_canonical,,,,False,,,,,False
10.1039_d0cp03358h,10.1039_d0cp03358h,9,d,500 cycles,10.1039_d0cp03358h::F9::d::1,16,03_corpus/extracted/10.1039_d0cp03358h/figure_data.json,/figures/5/panels/3/series/1,sha256:5a23969d4d381ddc2273c75e8dba133e1b89266d945f14bd6a5b540be7c4b44a,10.1039_d0cp03358h-E030,profile,profile,False,False,Distance inside the channel x (µm),spatial_coordinate,µm,µm,False,spatial_coordinate,coordinate,,spatial_coordinate,µm,spatial_position,,identity_canonical_mapping,already_canonical,,,,False,,,,,False,Film thickness S (nm),film_thickness,nm,nm,False,output,output,,film_thickness,nm,film_thickness,,identity_canonical_mapping,already_canonical,,,,False,,,,,False
10.1039_d0cp03358h,10.1039_d0cp03358h,9,d,1000 cycles,10.1039_d0cp03358h::F9::d::2,19,03_corpus/extracted/10.1039_d0cp03358h/figure_data.json,/figures/5/panels/3/series/2,sha256:5a23969d4d381ddc2273c75e8dba133e1b89266d945f14bd6a5b540be7c4b44a,10.1039_d0cp03358h-E031,profile,profile,False,False,Distance inside the channel x (µm),spatial_coordinate,µm,µm,False,spatial_coordinate,coordinate,,spatial_coordinate,µm,spatial_position,,identity_canonical_mapping,already_canonical,,,,False,,,,,False,Film thickness S (nm),film_thickness,nm,nm,False,output,output,,film_thickness,nm,film_thickness,,identity_canonical_mapping,already_canonical,,,,False,,,,,False
10.1039_d0cp03358h,10.1039_d0cp03358h,9,e,250 cycles,10.1039_d0cp03358h::F9::e::0,13,03_corpus/extracted/10.1039_d0cp03358h/figure_data.json,/figures/5/panels/4/series/0,sha256:5a23969d4d381ddc2273c75e8dba133e1b89266d945f14bd6a5b540be7c4b44a,10.1039_d0cp03358h-E032,profile,profile,False,False,Dimensionless distance x̃,spatial_coordinate,,,False,normalized_spatial_coordinate,coordinate,x_over_feature_height,dimensionless_distance,1,normalized_spatial_position_by_feature_height,spatial_position,identity_canonical_mapping;denormalize_x_by_feature_height,converted,,feature_height,feature_height@panel,True,equations,x ˜ = x / H ,symbol_definition:equations(x̃),0.475,True,Thickness/cycles S/N (nm),growth_per_cycle,nm,nm/cycle,True,output,output,,growth_per_cycle,nm/cycle,growth_per_cycle,,identity_canonical_mapping,already_canonical,,,,False,axis_label,Thickness/cycles S/N (nm),per_cycle_division_printed_in_axis_label,0.9,False
10.1039_d0cp03358h,10.1039_d0cp03358h,9,e,500 cycles,10.1039_d0cp03358h::F9::e::1,17,03_corpus/extracted/10.1039_d0cp03358h/figure_data.json,/figures/5/panels/4/series/1,sha256:5a23969d4d381ddc2273c75e8dba133e1b89266d945f14bd6a5b540be7c4b44a,10.1039_d0cp03358h-E033,profile,profile,False,False,Dimensionless distance x̃,spatial_coordinate,,,False,normalized_spatial_coordinate,coordinate,x_over_feature_height,dimensionless_distance,1,normalized_spatial_position_by_feature_height,spatial_position,identity_canonical_mapping;denormalize_x_by_feature_height,converted,,feature_height,feature_height@panel,True,equations,x ˜ = x / H ,symbol_definition:equations(x̃),0.475,True,Thickness/cycles S/N (nm),growth_per_cycle,nm,nm/cycle,True,output,output,,growth_per_cycle,nm/cycle,growth_per_cycle,,identity_canonical_mapping,already_canonical,,,,False,axis_label,Thickness/cycles S/N (nm),per_cycle_division_printed_in_axis_label,0.9,False
10.1039_d0cp03358h,10.1039_d0cp03358h,9,e,1000 cycles,10.1039_d0cp03358h::F9::e::2,19,03_corpus/extracted/10.1039_d0cp03358h/figure_data.json,/figures/5/panels/4/series/2,sha256:5a23969d4d381ddc2273c75e8dba133e1b89266d945f14bd6a5b540be7c4b44a,10.1039_d0cp03358h-E034,profile,profile,False,False,Dimensionless distance x̃,spatial_coordinate,,,False,normalized_spatial_coordinate,coordinate,x_over_feature_height,dimensionless_distance,1,normalized_spatial_position_by_feature_height,spatial_position,identity_canonical_mapping;denormalize_x_by_feature_height,converted,,feature_height,feature_height@panel,True,equations,x ˜ = x / H ,symbol_definition:equations(x̃),0.475,True,Thickness/cycles S/N (nm),growth_per_cycle,nm,nm/cycle,True,output,output,,growth_per_cycle,nm/cycle,growth_per_cycle,,identity_canonical_mapping,already_canonical,,,,False,axis_label,Thickness/cycles S/N (nm),per_cycle_division_printed_in_axis_label,0.9,False
10.1039_d0cp03358h,10.1039_d0cp03358h,9,f,250 cycles,10.1039_d0cp03358h::F9::f::0,13,03_corpus/extracted/10.1039_d0cp03358h/figure_data.json,/figures/5/panels/5/series/0,sha256:5a23969d4d381ddc2273c75e8dba133e1b89266d945f14bd6a5b540be7c4b44a,10.1039_d0cp03358h-E035,profile,profile,False,False,Dimensionless distance x̃,spatial_coordinate,,,False,normalized_spatial_coordinate,coordinate,x_over_feature_height,dimensionless_distance,1,normalized_spatial_position_by_feature_height,spatial_position,identity_canonical_mapping;denormalize_x_by_feature_height,converted,,feature_height,feature_height@panel,True,equations,x ˜ = x / H ,symbol_definition:equations(x̃),0.475,True,Normalized thickness (-),normalized_thickness,,,False,normalized_thickness_of_unknown_denominator,output,,,,,,axis_semantic_resolution,missing_context,"no normalization expression found in axis label, caption, panel text, figure discussion or equations",,,False,,,,,False
10.1039_d0cp03358h,10.1039_d0cp03358h,9,f,500 cycles,10.1039_d0cp03358h::F9::f::1,17,03_corpus/extracted/10.1039_d0cp03358h/figure_data.json,/figures/5/panels/5/series/1,sha256:5a23969d4d381ddc2273c75e8dba133e1b89266d945f14bd6a5b540be7c4b44a,10.1039_d0cp03358h-E036,profile,profile,False,False,Dimensionless distance x̃,spatial_coordinate,,,False,normalized_spatial_coordinate,coordinate,x_over_feature_height,dimensionless_distance,1,normalized_spatial_position_by_feature_height,spatial_position,identity_canonical_mapping;denormalize_x_by_feature_height,converted,,feature_height,feature_height@panel,True,equations,x ˜ = x / H ,symbol_definition:equations(x̃),0.475,True,Normalized thickness (-),normalized_thickness,,,False,normalized_thickness_of_unknown_denominator,output,,,,,,axis_semantic_resolution,missing_context,"no normalization expression found in axis label, caption, panel text, figure discussion or equations",,,False,,,,,False
10.1039_d0cp03358h,10.1039_d0cp03358h,9,f,1000 cycles,10.1039_d0cp03358h::F9::f::2,19,03_corpus/extracted/10.1039_d0cp03358h/figure_data.json,/figures/5/panels/5/series/2,sha256:5a23969d4d381ddc2273c75e8dba133e1b89266d945f14bd6a5b540be7c4b44a,10.1039_d0cp03358h-E037,profile,profile,False,False,Dimensionless distance x̃,spatial_coordinate,,,False,normalized_spatial_coordinate,coordinate,x_over_feature_height,dimensionless_distance,1,normalized_spatial_position_by_feature_height,spatial_position,identity_canonical_mapping;denormalize_x_by_feature_height,converted,,feature_height,feature_height@panel,True,equations,x ˜ = x / H ,symbol_definition:equations(x̃),0.475,True,Normalized thickness (-),normalized_thickness,,,False,normalized_thickness_of_unknown_denominator,output,,,,,,axis_semantic_resolution,missing_context,"no normalization expression found in axis label, caption, panel text, figure discussion or equations",,,False,,,,,False
10.1039_d0cp03358h,10.1039_d0cp03358h,10,a,100 nm,10.1039_d0cp03358h::F10::a::0,13,03_corpus/extracted/10.1039_d0cp03358h/figure_data.json,/figures/6/panels/0/series/0,sha256:5a23969d4d381ddc2273c75e8dba133e1b89266d945f14bd6a5b540be7c4b44a,,,profile,False,False,Distance inside the channel x (µm),spatial_coordinate,µm,µm,False,spatial_coordinate,coordinate,,spatial_coordinate,µm,spatial_position,,identity_canonical_mapping,already_canonical,,,,False,,,,,False,Film thickness S (nm),film_thickness,nm,nm,False,output,output,,film_thickness,nm,film_thickness,,identity_canonical_mapping,already_canonical,,,,False,,,,,False
10.1039_d0cp03358h,10.1039_d0cp03358h,10,a,200 nm,10.1039_d0cp03358h::F10::a::1,13,03_corpus/extracted/10.1039_d0cp03358h/figure_data.json,/figures/6/panels/0/series/1,sha256:5a23969d4d381ddc2273c75e8dba133e1b89266d945f14bd6a5b540be7c4b44a,,,profile,False,False,Distance inside the channel x (µm),spatial_coordinate,µm,µm,False,spatial_coordinate,coordinate,,spatial_coordinate,µm,spatial_position,,identity_canonical_mapping,already_canonical,,,,False,,,,,False,Film thickness S (nm),film_thickness,nm,nm,False,output,output,,film_thickness,nm,film_thickness,,identity_canonical_mapping,already_canonical,,,,False,,,,,False
10.1039_d0cp03358h,10.1039_d0cp03358h,10,a,500 nm,10.1039_d0cp03358h::F10::a::2,13,03_corpus/extracted/10.1039_d0cp03358h/figure_data.json,/figures/6/panels/0/series/2,sha256:5a23969d4d381ddc2273c75e8dba133e1b89266d945f14bd6a5b540be7c4b44a,,,profile,False,False,Distance inside the channel x (µm),spatial_coordinate,µm,µm,False,spatial_coordinate,coordinate,,spatial_coordinate,µm,spatial_position,,identity_canonical_mapping,already_canonical,,,,False,,,,,False,Film thickness S (nm),film_thickness,nm,nm,False,output,output,,film_thickness,nm,film_thickness,,identity_canonical_mapping,already_canonical,,,,False,,,,,False
10.1039_d0cp03358h,10.1039_d0cp03358h,10,a,1000 nm,10.1039_d0cp03358h::F10::a::3,13,03_corpus/extracted/10.1039_d0cp03358h/figure_data.json,/figures/6/panels/0/series/3,sha256:5a23969d4d381ddc2273c75e8dba133e1b89266d945f14bd6a5b540be7c4b44a,,,profile,False,False,Distance inside the channel x (µm),spatial_coordinate,µm,µm,False,spatial_coordinate,coordinate,,spatial_coordinate,µm,spatial_position,,identity_canonical_mapping,already_canonical,,,,False,,,,,False,Film thickness S (nm),film_thickness,nm,nm,False,output,output,,film_thickness,nm,film_thickness,,identity_canonical_mapping,already_canonical,,,,False,,,,,False
10.1039_d0cp03358h,10.1039_d0cp03358h,10,a,2000 nm,10.1039_d0cp03358h::F10::a::4,12,03_corpus/extracted/10.1039_d0cp03358h/figure_data.json,/figures/6/panels/0/series/4,sha256:5a23969d4d381ddc2273c75e8dba133e1b89266d945f14bd6a5b540be7c4b44a,,,profile,False,False,Distance inside the channel x (µm),spatial_coordinate,µm,µm,False,spatial_coordinate,coordinate,,spatial_coordinate,µm,spatial_position,,identity_canonical_mapping,already_canonical,,,,False,,,,,False,Film thickness S (nm),film_thickness,nm,nm,False,output,output,,film_thickness,nm,film_thickness,,identity_canonical_mapping,already_canonical,,,,False,,,,,False
10.1039_d0cp03358h,10.1039_d0cp03358h,10,b,100 nm,10.1039_d0cp03358h::F10::b::0,14,03_corpus/extracted/10.1039_d0cp03358h/figure_data.json,/figures/6/panels/1/series/0,sha256:5a23969d4d381ddc2273c75e8dba133e1b89266d945f14bd6a5b540be7c4b44a,,,profile,False,False,Dimensionless distance x̃,spatial_coordinate,,,False,normalized_spatial_coordinate,coordinate,x_over_feature_height,dimensionless_distance,1,normalized_spatial_position_by_feature_height,spatial_position,identity_canonical_mapping;denormalize_x_by_feature_height,converted,,feature_height,feature_height@curve,True,equations,x ˜ = x / H ,symbol_definition:equations(x̃),0.475,True,Thickness/cycles S/N (nm),growth_per_cycle,nm,nm/cycle,True,output,output,,growth_per_cycle,nm/cycle,growth_per_cycle,,identity_canonical_mapping,already_canonical,,,,False,axis_label,Thickness/cycles S/N (nm),per_cycle_division_printed_in_axis_label,0.9,False
10.1039_d0cp03358h,10.1039_d0cp03358h,10,b,200 nm,10.1039_d0cp03358h::F10::b::1,11,03_corpus/extracted/10.1039_d0cp03358h/figure_data.json,/figures/6/panels/1/series/1,sha256:5a23969d4d381ddc2273c75e8dba133e1b89266d945f14bd6a5b540be7c4b44a,,,profile,False,False,Dimensionless distance x̃,spatial_coordinate,,,False,normalized_spatial_coordinate,coordinate,x_over_feature_height,dimensionless_distance,1,normalized_spatial_position_by_feature_height,spatial_position,identity_canonical_mapping;denormalize_x_by_feature_height,converted,,feature_height,feature_height@curve,True,equations,x ˜ = x / H ,symbol_definition:equations(x̃),0.475,True,Thickness/cycles S/N (nm),growth_per_cycle,nm,nm/cycle,True,output,output,,growth_per_cycle,nm/cycle,growth_per_cycle,,identity_canonical_mapping,already_canonical,,,,False,axis_label,Thickness/cycles S/N (nm),per_cycle_division_printed_in_axis_label,0.9,False
10.1039_d0cp03358h,10.1039_d0cp03358h,10,b,500 nm,10.1039_d0cp03358h::F10::b::2,11,03_corpus/extracted/10.1039_d0cp03358h/figure_data.json,/figures/6/panels/1/series/2,sha256:5a23969d4d381ddc2273c75e8dba133e1b89266d945f14bd6a5b540be7c4b44a,,,profile,False,False,Dimensionless distance x̃,spatial_coordinate,,,False,normalized_spatial_coordinate,coordinate,x_over_feature_height,dimensionless_distance,1,normalized_spatial_position_by_feature_height,spatial_position,identity_canonical_mapping;denormalize_x_by_feature_height,converted,,feature_height,feature_height@curve,True,equations,x ˜ = x / H ,symbol_definition:equations(x̃),0.475,True,Thickness/cycles S/N (nm),growth_per_cycle,nm,nm/cycle,True,output,output,,growth_per_cycle,nm/cycle,growth_per_cycle,,identity_canonical_mapping,already_canonical,,,,False,axis_label,Thickness/cycles S/N (nm),per_cycle_division_printed_in_axis_label,0.9,False
10.1039_d0cp03358h,10.1039_d0cp03358h,10,b,1000 nm,10.1039_d0cp03358h::F10::b::3,10,03_corpus/extracted/10.1039_d0cp03358h/figure_data.json,/figures/6/panels/1/series/3,sha256:5a23969d4d381ddc2273c75e8dba133e1b89266d945f14bd6a5b540be7c4b44a,,,profile,False,False,Dimensionless distance x̃,spatial_coordinate,,,False,normalized_spatial_coordinate,coordinate,x_over_feature_height,dimensionless_distance,1,normalized_spatial_position_by_feature_height,spatial_position,identity_canonical_mapping;denormalize_x_by_feature_height,converted,,feature_height,feature_height@curve,True,equations,x ˜ = x / H ,symbol_definition:equations(x̃),0.475,True,Thickness/cycles S/N (nm),growth_per_cycle,nm,nm/cycle,True,output,output,,growth_per_cycle,nm/cycle,growth_per_cycle,,identity_canonical_mapping,already_canonical,,,,False,axis_label,Thickness/cycles S/N (nm),per_cycle_division_printed_in_axis_label,0.9,False
10.1039_d0cp03358h,10.1039_d0cp03358h,10,b,2000 nm,10.1039_d0cp03358h::F10::b::4,10,03_corpus/extracted/10.1039_d0cp03358h/figure_data.json,/figures/6/panels/1/series/4,sha256:5a23969d4d381ddc2273c75e8dba133e1b89266d945f14bd6a5b540be7c4b44a,,,profile,False,False,Dimensionless distance x̃,spatial_coordinate,,,False,normalized_spatial_coordinate,coordinate,x_over_feature_height,dimensionless_distance,1,normalized_spatial_position_by_feature_height,spatial_position,identity_canonical_mapping;denormalize_x_by_feature_height,converted,,feature_height,feature_height@curve,True,equations,x ˜ = x / H ,symbol_definition:equations(x̃),0.475,True,Thickness/cycles S/N (nm),growth_per_cycle,nm,nm/cycle,True,output,output,,growth_per_cycle,nm/cycle,growth_per_cycle,,identity_canonical_mapping,already_canonical,,,,False,axis_label,Thickness/cycles S/N (nm),per_cycle_division_printed_in_axis_label,0.9,False
10.1039_d0cp03358h,10.1039_d0cp03358h,10,c,100 nm,10.1039_d0cp03358h::F10::c::0,14,03_corpus/extracted/10.1039_d0cp03358h/figure_data.json,/figures/6/panels/2/series/0,sha256:5a23969d4d381ddc2273c75e8dba133e1b89266d945f14bd6a5b540be7c4b44a,,,profile,False,False,Dimensionless distance x̃,spatial_coordinate,,,False,normalized_spatial_coordinate,coordinate,x_over_feature_height,dimensionless_distance,1,normalized_spatial_position_by_feature_height,spatial_position,identity_canonical_mapping;denormalize_x_by_feature_height,converted,,feature_height,feature_height@curve,True,equations,x ˜ = x / H ,symbol_definition:equations(x̃),0.475,True,Normalized thickness (-),normalized_thickness,,,False,normalized_thickness_of_unknown_denominator,output,,,,,,axis_semantic_resolution,missing_context,"no normalization expression found in axis label, caption, panel text, figure discussion or equations",,,False,,,,,False
10.1039_d0cp03358h,10.1039_d0cp03358h,10,c,200 nm,10.1039_d0cp03358h::F10::c::1,11,03_corpus/extracted/10.1039_d0cp03358h/figure_data.json,/figures/6/panels/2/series/1,sha256:5a23969d4d381ddc2273c75e8dba133e1b89266d945f14bd6a5b540be7c4b44a,,,profile,False,False,Dimensionless distance x̃,spatial_coordinate,,,False,normalized_spatial_coordinate,coordinate,x_over_feature_height,dimensionless_distance,1,normalized_spatial_position_by_feature_height,spatial_position,identity_canonical_mapping;denormalize_x_by_feature_height,converted,,feature_height,feature_height@curve,True,equations,x ˜ = x / H ,symbol_definition:equations(x̃),0.475,True,Normalized thickness (-),normalized_thickness,,,False,normalized_thickness_of_unknown_denominator,output,,,,,,axis_semantic_resolution,missing_context,"no normalization expression found in axis label, caption, panel text, figure discussion or equations",,,False,,,,,False
10.1039_d0cp03358h,10.1039_d0cp03358h,10,c,500 nm,10.1039_d0cp03358h::F10::c::2,11,03_corpus/extracted/10.1039_d0cp03358h/figure_data.json,/figures/6/panels/2/series/2,sha256:5a23969d4d381ddc2273c75e8dba133e1b89266d945f14bd6a5b540be7c4b44a,,,profile,False,False,Dimensionless distance x̃,spatial_coordinate,,,False,normalized_spatial_coordinate,coordinate,x_over_feature_height,dimensionless_distance,1,normalized_spatial_position_by_feature_height,spatial_position,identity_canonical_mapping;denormalize_x_by_feature_height,converted,,feature_height,feature_height@curve,True,equations,x ˜ = x / H ,symbol_definition:equations(x̃),0.475,True,Normalized thickness (-),normalized_thickness,,,False,normalized_thickness_of_unknown_denominator,output,,,,,,axis_semantic_resolution,missing_context,"no normalization expression found in axis label, caption, panel text, figure discussion or equations",,,False,,,,,False
10.1039_d0cp03358h,10.1039_d0cp03358h,10,c,1000 nm,10.1039_d0cp03358h::F10::c::3,10,03_corpus/extracted/10.1039_d0cp03358h/figure_data.json,/figures/6/panels/2/series/3,sha256:5a23969d4d381ddc2273c75e8dba133e1b89266d945f14bd6a5b540be7c4b44a,,,profile,False,False,Dimensionless distance x̃,spatial_coordinate,,,False,normalized_spatial_coordinate,coordinate,x_over_feature_height,dimensionless_distance,1,normalized_spatial_position_by_feature_height,spatial_position,identity_canonical_mapping;denormalize_x_by_feature_height,converted,,feature_height,feature_height@curve,True,equations,x ˜ = x / H ,symbol_definition:equations(x̃),0.475,True,Normalized thickness (-),normalized_thickness,,,False,normalized_thickness_of_unknown_denominator,output,,,,,,axis_semantic_resolution,missing_context,"no normalization expression found in axis label, caption, panel text, figure discussion or equations",,,False,,,,,False
10.1039_d0cp03358h,10.1039_d0cp03358h,10,c,2000 nm,10.1039_d0cp03358h::F10::c::4,10,03_corpus/extracted/10.1039_d0cp03358h/figure_data.json,/figures/6/panels/2/series/4,sha256:5a23969d4d381ddc2273c75e8dba133e1b89266d945f14bd6a5b540be7c4b44a,,,profile,False,False,Dimensionless distance x̃,spatial_coordinate,,,False,normalized_spatial_coordinate,coordinate,x_over_feature_height,dimensionless_distance,1,normalized_spatial_position_by_feature_height,spatial_position,identity_canonical_mapping;denormalize_x_by_feature_height,converted,,feature_height,feature_height@curve,True,equations,x ˜ = x / H ,symbol_definition:equations(x̃),0.475,True,Normalized thickness (-),normalized_thickness,,,False,normalized_thickness_of_unknown_denominator,output,,,,,,axis_semantic_resolution,missing_context,"no normalization expression found in axis label, caption, panel text, figure discussion or equations",,,False,,,,,False
10.1039_d0cp03358h,10.1039_d0cp03358h,10,d,100 cycles,10.1039_d0cp03358h::F10::d::0,9,03_corpus/extracted/10.1039_d0cp03358h/figure_data.json,/figures/6/panels/3/series/0,sha256:5a23969d4d381ddc2273c75e8dba133e1b89266d945f14bd6a5b540be7c4b44a,,,profile,False,False,Distance inside the channel x (µm),spatial_coordinate,µm,µm,False,spatial_coordinate,coordinate,,spatial_coordinate,µm,spatial_position,,identity_canonical_mapping,already_canonical,,,,False,,,,,False,Film thickness S (nm),film_thickness,nm,nm,False,output,output,,film_thickness,nm,film_thickness,,identity_canonical_mapping,already_canonical,,,,False,,,,,False
10.1039_d0cp03358h,10.1039_d0cp03358h,10,d,250 cycles,10.1039_d0cp03358h::F10::d::1,9,03_corpus/extracted/10.1039_d0cp03358h/figure_data.json,/figures/6/panels/3/series/1,sha256:5a23969d4d381ddc2273c75e8dba133e1b89266d945f14bd6a5b540be7c4b44a,,,profile,False,False,Distance inside the channel x (µm),spatial_coordinate,µm,µm,False,spatial_coordinate,coordinate,,spatial_coordinate,µm,spatial_position,,identity_canonical_mapping,already_canonical,,,,False,,,,,False,Film thickness S (nm),film_thickness,nm,nm,False,output,output,,film_thickness,nm,film_thickness,,identity_canonical_mapping,already_canonical,,,,False,,,,,False
10.1039_d0cp03358h,10.1039_d0cp03358h,10,d,500 cycles,10.1039_d0cp03358h::F10::d::2,9,03_corpus/extracted/10.1039_d0cp03358h/figure_data.json,/figures/6/panels/3/series/2,sha256:5a23969d4d381ddc2273c75e8dba133e1b89266d945f14bd6a5b540be7c4b44a,,,profile,False,False,Distance inside the channel x (µm),spatial_coordinate,µm,µm,False,spatial_coordinate,coordinate,,spatial_coordinate,µm,spatial_position,,identity_canonical_mapping,already_canonical,,,,False,,,,,False,Film thickness S (nm),film_thickness,nm,nm,False,output,output,,film_thickness,nm,film_thickness,,identity_canonical_mapping,already_canonical,,,,False,,,,,False
10.1039_d0cp03358h,10.1039_d0cp03358h,10,d,1000 cycles,10.1039_d0cp03358h::F10::d::3,11,03_corpus/extracted/10.1039_d0cp03358h/figure_data.json,/figures/6/panels/3/series/3,sha256:5a23969d4d381ddc2273c75e8dba133e1b89266d945f14bd6a5b540be7c4b44a,,,profile,False,False,Distance inside the channel x (µm),spatial_coordinate,µm,µm,False,spatial_coordinate,coordinate,,spatial_coordinate,µm,spatial_position,,identity_canonical_mapping,already_canonical,,,,False,,,,,False,Film thickness S (nm),film_thickness,nm,nm,False,output,output,,film_thickness,nm,film_thickness,,identity_canonical_mapping,already_canonical,,,,False,,,,,False
10.1039_d0cp03358h,10.1039_d0cp03358h,10,d,2000 cycles,10.1039_d0cp03358h::F10::d::4,12,03_corpus/extracted/10.1039_d0cp03358h/figure_data.json,/figures/6/panels/3/series/4,sha256:5a23969d4d381ddc2273c75e8dba133e1b89266d945f14bd6a5b540be7c4b44a,,,profile,False,False,Distance inside the channel x (µm),spatial_coordinate,µm,µm,False,spatial_coordinate,coordinate,,spatial_coordinate,µm,spatial_position,,identity_canonical_mapping,already_canonical,,,,False,,,,,False,Film thickness S (nm),film_thickness,nm,nm,False,output,output,,film_thickness,nm,film_thickness,,identity_canonical_mapping,already_canonical,,,,False,,,,,False
10.1039_d0cp03358h,10.1039_d0cp03358h,10,e,100 cycles,10.1039_d0cp03358h::F10::e::0,10,03_corpus/extracted/10.1039_d0cp03358h/figure_data.json,/figures/6/panels/4/series/0,sha256:5a23969d4d381ddc2273c75e8dba133e1b89266d945f14bd6a5b540be7c4b44a,,,profile,False,False,Dimensionless distance x̃,spatial_coordinate,,,False,normalized_spatial_coordinate,coordinate,x_over_feature_height,dimensionless_distance,1,normalized_spatial_position_by_feature_height,spatial_position,identity_canonical_mapping;denormalize_x_by_feature_height,converted,,feature_height,feature_height@figure,True,equations,x ˜ = x / H ,symbol_definition:equations(x̃),0.475,True,Thickness/cycles S/N (nm),growth_per_cycle,nm,nm/cycle,True,output,output,,growth_per_cycle,nm/cycle,growth_per_cycle,,identity_canonical_mapping,already_canonical,,,,False,axis_label,Thickness/cycles S/N (nm),per_cycle_division_printed_in_axis_label,0.9,False
10.1039_d0cp03358h,10.1039_d0cp03358h,10,e,250 cycles,10.1039_d0cp03358h::F10::e::1,10,03_corpus/extracted/10.1039_d0cp03358h/figure_data.json,/figures/6/panels/4/series/1,sha256:5a23969d4d381ddc2273c75e8dba133e1b89266d945f14bd6a5b540be7c4b44a,,,profile,False,False,Dimensionless distance x̃,spatial_coordinate,,,False,normalized_spatial_coordinate,coordinate,x_over_feature_height,dimensionless_distance,1,normalized_spatial_position_by_feature_height,spatial_position,identity_canonical_mapping;denormalize_x_by_feature_height,converted,,feature_height,feature_height@figure,True,equations,x ˜ = x / H ,symbol_definition:equations(x̃),0.475,True,Thickness/cycles S/N (nm),growth_per_cycle,nm,nm/cycle,True,output,output,,growth_per_cycle,nm/cycle,growth_per_cycle,,identity_canonical_mapping,already_canonical,,,,False,axis_label,Thickness/cycles S/N (nm),per_cycle_division_printed_in_axis_label,0.9,False
10.1039_d0cp03358h,10.1039_d0cp03358h,10,e,500 cycles,10.1039_d0cp03358h::F10::e::2,11,03_corpus/extracted/10.1039_d0cp03358h/figure_data.json,/figures/6/panels/4/series/2,sha256:5a23969d4d381ddc2273c75e8dba133e1b89266d945f14bd6a5b540be7c4b44a,,,profile,False,False,Dimensionless distance x̃,spatial_coordinate,,,False,normalized_spatial_coordinate,coordinate,x_over_feature_height,dimensionless_distance,1,normalized_spatial_position_by_feature_height,spatial_position,identity_canonical_mapping;denormalize_x_by_feature_height,converted,,feature_height,feature_height@figure,True,equations,x ˜ = x / H ,symbol_definition:equations(x̃),0.475,True,Thickness/cycles S/N (nm),growth_per_cycle,nm,nm/cycle,True,output,output,,growth_per_cycle,nm/cycle,growth_per_cycle,,identity_canonical_mapping,already_canonical,,,,False,axis_label,Thickness/cycles S/N (nm),per_cycle_division_printed_in_axis_label,0.9,False
10.1039_d0cp03358h,10.1039_d0cp03358h,10,e,1000 cycles,10.1039_d0cp03358h::F10::e::3,11,03_corpus/extracted/10.1039_d0cp03358h/figure_data.json,/figures/6/panels/4/series/3,sha256:5a23969d4d381ddc2273c75e8dba133e1b89266d945f14bd6a5b540be7c4b44a,,,profile,False,False,Dimensionless distance x̃,spatial_coordinate,,,False,normalized_spatial_coordinate,coordinate,x_over_feature_height,dimensionless_distance,1,normalized_spatial_position_by_feature_height,spatial_position,identity_canonical_mapping;denormalize_x_by_feature_height,converted,,feature_height,feature_height@figure,True,equations,x ˜ = x / H ,symbol_definition:equations(x̃),0.475,True,Thickness/cycles S/N (nm),growth_per_cycle,nm,nm/cycle,True,output,output,,growth_per_cycle,nm/cycle,growth_per_cycle,,identity_canonical_mapping,already_canonical,,,,False,axis_label,Thickness/cycles S/N (nm),per_cycle_division_printed_in_axis_label,0.9,False
10.1039_d0cp03358h,10.1039_d0cp03358h,10,e,2000 cycles,10.1039_d0cp03358h::F10::e::4,11,03_corpus/extracted/10.1039_d0cp03358h/figure_data.json,/figures/6/panels/4/series/4,sha256:5a23969d4d381ddc2273c75e8dba133e1b89266d945f14bd6a5b540be7c4b44a,,,profile,False,False,Dimensionless distance x̃,spatial_coordinate,,,False,normalized_spatial_coordinate,coordinate,x_over_feature_height,dimensionless_distance,1,normalized_spatial_position_by_feature_height,spatial_position,identity_canonical_mapping;denormalize_x_by_feature_height,converted,,feature_height,feature_height@figure,True,equations,x ˜ = x / H ,symbol_definition:equations(x̃),0.475,True,Thickness/cycles S/N (nm),growth_per_cycle,nm,nm/cycle,True,output,output,,growth_per_cycle,nm/cycle,growth_per_cycle,,identity_canonical_mapping,already_canonical,,,,False,axis_label,Thickness/cycles S/N (nm),per_cycle_division_printed_in_axis_label,0.9,False
10.1039_d0cp03358h,10.1039_d0cp03358h,10,f,100 cycles,10.1039_d0cp03358h::F10::f::0,10,03_corpus/extracted/10.1039_d0cp03358h/figure_data.json,/figures/6/panels/5/series/0,sha256:5a23969d4d381ddc2273c75e8dba133e1b89266d945f14bd6a5b540be7c4b44a,,,profile,False,False,Dimensionless distance x̃,spatial_coordinate,,,False,normalized_spatial_coordinate,coordinate,x_over_feature_height,dimensionless_distance,1,normalized_spatial_position_by_feature_height,spatial_position,identity_canonical_mapping;denormalize_x_by_feature_height,converted,,feature_height,feature_height@figure,True,equations,x ˜ = x / H ,symbol_definition:equations(x̃),0.475,True,Normalized thickness (-),normalized_thickness,,,False,normalized_thickness_of_unknown_denominator,output,,,,,,axis_semantic_resolution,missing_context,"no normalization expression found in axis label, caption, panel text, figure discussion or equations",,,False,,,,,False
10.1039_d0cp03358h,10.1039_d0cp03358h,10,f,250 cycles,10.1039_d0cp03358h::F10::f::1,10,03_corpus/extracted/10.1039_d0cp03358h/figure_data.json,/figures/6/panels/5/series/1,sha256:5a23969d4d381ddc2273c75e8dba133e1b89266d945f14bd6a5b540be7c4b44a,,,profile,False,False,Dimensionless distance x̃,spatial_coordinate,,,False,normalized_spatial_coordinate,coordinate,x_over_feature_height,dimensionless_distance,1,normalized_spatial_position_by_feature_height,spatial_position,identity_canonical_mapping;denormalize_x_by_feature_height,converted,,feature_height,feature_height@figure,True,equations,x ˜ = x / H ,symbol_definition:equations(x̃),0.475,True,Normalized thickness (-),normalized_thickness,,,False,normalized_thickness_of_unknown_denominator,output,,,,,,axis_semantic_resolution,missing_context,"no normalization expression found in axis label, caption, panel text, figure discussion or equations",,,False,,,,,False
10.1039_d0cp03358h,10.1039_d0cp03358h,10,f,500 cycles,10.1039_d0cp03358h::F10::f::2,11,03_corpus/extracted/10.1039_d0cp03358h/figure_data.json,/figures/6/panels/5/series/2,sha256:5a23969d4d381ddc2273c75e8dba133e1b89266d945f14bd6a5b540be7c4b44a,,,profile,False,False,Dimensionless distance x̃,spatial_coordinate,,,False,normalized_spatial_coordinate,coordinate,x_over_feature_height,dimensionless_distance,1,normalized_spatial_position_by_feature_height,spatial_position,identity_canonical_mapping;denormalize_x_by_feature_height,converted,,feature_height,feature_height@figure,True,equations,x ˜ = x / H ,symbol_definition:equations(x̃),0.475,True,Normalized thickness (-),normalized_thickness,,,False,normalized_thickness_of_unknown_denominator,output,,,,,,axis_semantic_resolution,missing_context,"no normalization expression found in axis label, caption, panel text, figure discussion or equations",,,False,,,,,False
10.1039_d0cp03358h,10.1039_d0cp03358h,10,f,1000 cycles,10.1039_d0cp03358h::F10::f::3,11,03_corpus/extracted/10.1039_d0cp03358h/figure_data.json,/figures/6/panels/5/series/3,sha256:5a23969d4d381ddc2273c75e8dba133e1b89266d945f14bd6a5b540be7c4b44a,,,profile,False,False,Dimensionless distance x̃,spatial_coordinate,,,False,normalized_spatial_coordinate,coordinate,x_over_feature_height,dimensionless_distance,1,normalized_spatial_position_by_feature_height,spatial_position,identity_canonical_mapping;denormalize_x_by_feature_height,converted,,feature_height,feature_height@figure,True,equations,x ˜ = x / H ,symbol_definition:equations(x̃),0.475,True,Normalized thickness (-),normalized_thickness,,,False,normalized_thickness_of_unknown_denominator,output,,,,,,axis_semantic_resolution,missing_context,"no normalization expression found in axis label, caption, panel text, figure discussion or equations",,,False,,,,,False
10.1039_d0cp03358h,10.1039_d0cp03358h,10,f,2000 cycles,10.1039_d0cp03358h::F10::f::4,11,03_corpus/extracted/10.1039_d0cp03358h/figure_data.json,/figures/6/panels/5/series/4,sha256:5a23969d4d381ddc2273c75e8dba133e1b89266d945f14bd6a5b540be7c4b44a,,,profile,False,False,Dimensionless distance x̃,spatial_coordinate,,,False,normalized_spatial_coordinate,coordinate,x_over_feature_height,dimensionless_distance,1,normalized_spatial_position_by_feature_height,spatial_position,identity_canonical_mapping;denormalize_x_by_feature_height,converted,,feature_height,feature_height@figure,True,equations,x ˜ = x / H ,symbol_definition:equations(x̃),0.475,True,Normalized thickness (-),normalized_thickness,,,False,normalized_thickness_of_unknown_denominator,output,,,,,,axis_semantic_resolution,missing_context,"no normalization expression found in axis label, caption, panel text, figure discussion or equations",,,False,,,,,False
10.1039_d0cp03358h,10.1039_d0cp03358h,11,a,0.1 s,10.1039_d0cp03358h::F11::a::0,29,03_corpus/extracted/10.1039_d0cp03358h/figure_data.json,/figures/7/panels/0/series/0,sha256:5a23969d4d381ddc2273c75e8dba133e1b89266d945f14bd6a5b540be7c4b44a,10.1039_d0cp03358h-E068,profile,profile,False,False,,spatial_coordinate,µm,µm,False,spatial_coordinate,coordinate,,spatial_coordinate,µm,spatial_position,,identity_canonical_mapping,already_canonical,,,,False,,,,,False,,film_thickness,nm,nm,False,output,output,,film_thickness,nm,film_thickness,,identity_canonical_mapping,already_canonical,,,,False,,,,,False
10.1039_d0cp03358h,10.1039_d0cp03358h,11,a,0.2 s,10.1039_d0cp03358h::F11::a::1,27,03_corpus/extracted/10.1039_d0cp03358h/figure_data.json,/figures/7/panels/0/series/1,sha256:5a23969d4d381ddc2273c75e8dba133e1b89266d945f14bd6a5b540be7c4b44a,10.1039_d0cp03358h-E069,profile,profile,False,False,,spatial_coordinate,µm,µm,False,spatial_coordinate,coordinate,,spatial_coordinate,µm,spatial_position,,identity_canonical_mapping,already_canonical,,,,False,,,,,False,,film_thickness,nm,nm,False,output,output,,film_thickness,nm,film_thickness,,identity_canonical_mapping,already_canonical,,,,False,,,,,False
10.1039_d0cp03358h,10.1039_d0cp03358h,11,a,0.4 s,10.1039_d0cp03358h::F11::a::2,30,03_corpus/extracted/10.1039_d0cp03358h/figure_data.json,/figures/7/panels/0/series/2,sha256:5a23969d4d381ddc2273c75e8dba133e1b89266d945f14bd6a5b540be7c4b44a,10.1039_d0cp03358h-E070,profile,profile,False,False,,spatial_coordinate,µm,µm,False,spatial_coordinate,coordinate,,spatial_coordinate,µm,spatial_position,,identity_canonical_mapping,already_canonical,,,,False,,,,,False,,film_thickness,nm,nm,False,output,output,,film_thickness,nm,film_thickness,,identity_canonical_mapping,already_canonical,,,,False,,,,,False
10.1039_d0cp03358h,10.1039_d0cp03358h,11,b,1 s,10.1039_d0cp03358h::F11::b::0,39,03_corpus/extracted/10.1039_d0cp03358h/figure_data.json,/figures/7/panels/1/series/0,sha256:5a23969d4d381ddc2273c75e8dba133e1b89266d945f14bd6a5b540be7c4b44a,10.1039_d0cp03358h-E071,profile,profile,False,False,,spatial_coordinate,µm,µm,False,spatial_coordinate,coordinate,,spatial_coordinate,µm,spatial_position,,identity_canonical_mapping,already_canonical,,,,False,,,,,False,,film_thickness,nm,nm,False,output,output,,film_thickness,nm,film_thickness,,identity_canonical_mapping,already_canonical,,,,False,,,,,False
10.1039_d0cp03358h,10.1039_d0cp03358h,11,b,4 s,10.1039_d0cp03358h::F11::b::1,39,03_corpus/extracted/10.1039_d0cp03358h/figure_data.json,/figures/7/panels/1/series/1,sha256:5a23969d4d381ddc2273c75e8dba133e1b89266d945f14bd6a5b540be7c4b44a,10.1039_d0cp03358h-E072,profile,profile,False,False,,spatial_coordinate,µm,µm,False,spatial_coordinate,coordinate,,spatial_coordinate,µm,spatial_position,,identity_canonical_mapping,already_canonical,,,,False,,,,,False,,film_thickness,nm,nm,False,output,output,,film_thickness,nm,film_thickness,,identity_canonical_mapping,already_canonical,,,,False,,,,,False
10.1039_d0cp03358h,10.1039_d0cp03358h,11,b,10 s,10.1039_d0cp03358h::F11::b::2,40,03_corpus/extracted/10.1039_d0cp03358h/figure_data.json,/figures/7/panels/1/series/2,sha256:5a23969d4d381ddc2273c75e8dba133e1b89266d945f14bd6a5b540be7c4b44a,10.1039_d0cp03358h-E073,profile,profile,False,False,,spatial_coordinate,µm,µm,False,spatial_coordinate,coordinate,,spatial_coordinate,µm,spatial_position,,identity_canonical_mapping,already_canonical,,,,False,,,,,False,,film_thickness,nm,nm,False,output,output,,film_thickness,nm,film_thickness,,identity_canonical_mapping,already_canonical,,,,False,,,,,False
10.1039_d3dt01824e,10.1039_d3dt01824e,2,a,Si,10.1039_d3dt01824e::F2::a::0,6,03_corpus/extracted/10.1039_d3dt01824e/figure_data.json,/figures/0/panels/0/series/0,sha256:644c64abe62564b287683011f9b5029bca7c4bdd4e2b4780e6666339f438253b,,,series,False,False,,pulse_time,s,s,False,condition_sweep,condition,,pulse_time,s,pulse_time,,identity_canonical_mapping,already_canonical,,,,False,,,,,False,,growth_per_cycle,Å/cycle,Å/cycle,False,output,output,,growth_per_cycle,nm/cycle,growth_per_cycle,,growth_per_cycle_unit_conversion,converted,,,,False,,,,,False
10.1039_d3dt01824e,10.1039_d3dt01824e,2,a,SiO2,10.1039_d3dt01824e::F2::a::1,6,03_corpus/extracted/10.1039_d3dt01824e/figure_data.json,/figures/0/panels/0/series/1,sha256:644c64abe62564b287683011f9b5029bca7c4bdd4e2b4780e6666339f438253b,,,series,False,False,,pulse_time,s,s,False,condition_sweep,condition,,pulse_time,s,pulse_time,,identity_canonical_mapping,already_canonical,,,,False,,,,,False,,growth_per_cycle,Å/cycle,Å/cycle,False,output,output,,growth_per_cycle,nm/cycle,growth_per_cycle,,growth_per_cycle_unit_conversion,converted,,,,False,,,,,False
10.1039_d3dt01824e,10.1039_d3dt01824e,3,a,Si,10.1039_d3dt01824e::F3::a::0,3,03_corpus/extracted/10.1039_d3dt01824e/figure_data.json,/figures/1/panels/0/series/0,sha256:644c64abe62564b287683011f9b5029bca7c4bdd4e2b4780e6666339f438253b,,,series,False,False,,pulse_time,s,s,False,condition_sweep,condition,,pulse_time,s,pulse_time,,identity_canonical_mapping,already_canonical,,,,False,,,,,False,,growth_per_cycle,Å/cycle,Å/cycle,False,output,output,,growth_per_cycle,nm/cycle,growth_per_cycle,,growth_per_cycle_unit_conversion,converted,,,,False,,,,,False
10.1039_d3dt01824e,10.1039_d3dt01824e,3,a,SiO2,10.1039_d3dt01824e::F3::a::1,3,03_corpus/extracted/10.1039_d3dt01824e/figure_data.json,/figures/1/panels/0/series/1,sha256:644c64abe62564b287683011f9b5029bca7c4bdd4e2b4780e6666339f438253b,,,series,False,False,,pulse_time,s,s,False,condition_sweep,condition,,pulse_time,s,pulse_time,,identity_canonical_mapping,already_canonical,,,,False,,,,,False,,growth_per_cycle,Å/cycle,Å/cycle,False,output,output,,growth_per_cycle,nm/cycle,growth_per_cycle,,growth_per_cycle_unit_conversion,converted,,,,False,,,,,False
10.1039_d3dt01824e,10.1039_d3dt01824e,4,a,Si,10.1039_d3dt01824e::F4::a::0,6,03_corpus/extracted/10.1039_d3dt01824e/figure_data.json,/figures/2/panels/0/series/0,sha256:644c64abe62564b287683011f9b5029bca7c4bdd4e2b4780e6666339f438253b,10.1039_d3dt01824e-E006,multi_output,series,True,False,,deposition_temperature,°C,°C,False,condition_sweep,condition,,deposition_temperature,K,process_temperature,,temperature_unit_conversion,converted,,,,False,,,,,False,,growth_per_cycle,Å/cycle,Å/cycle,False,output,output,,growth_per_cycle,nm/cycle,growth_per_cycle,,growth_per_cycle_unit_conversion,converted,,,,False,,,,,False
10.1039_d3dt01824e,10.1039_d3dt01824e,4,a,SiO2,10.1039_d3dt01824e::F4::a::1,6,03_corpus/extracted/10.1039_d3dt01824e/figure_data.json,/figures/2/panels/0/series/1,sha256:644c64abe62564b287683011f9b5029bca7c4bdd4e2b4780e6666339f438253b,10.1039_d3dt01824e-E006,multi_output,series,True,False,,deposition_temperature,°C,°C,False,condition_sweep,condition,,deposition_temperature,K,process_temperature,,temperature_unit_conversion,converted,,,,False,,,,,False,,growth_per_cycle,Å/cycle,Å/cycle,False,output,output,,growth_per_cycle,nm/cycle,growth_per_cycle,,growth_per_cycle_unit_conversion,converted,,,,False,,,,,False
10.1039_d3dt01824e,10.1039_d3dt01824e,7,a,150 °C,10.1039_d3dt01824e::F7::a::0,37,03_corpus/extracted/10.1039_d3dt01824e/figure_data.json,/figures/3/panels/0/series/0,sha256:644c64abe62564b287683011f9b5029bca7c4bdd4e2b4780e6666339f438253b,10.1039_d3dt01824e-E006,multi_output,unresolved,True,False,,2θ,°,°,False,unknown,,,,,,,axis_semantic_resolution,unsupported,x quantity '2θ' does not resolve to any ontology QuantityKind,,,False,,,,,False,,Intensity,a.u.,a.u.,False,output,output,,,,,,axis_semantic_resolution,not_applicable,quantity 'intensity' is not a comparison target (no comparison group declares it),,,False,,,,,False
10.1039_d3dt01824e,10.1039_d3dt01824e,7,b,200 °C,10.1039_d3dt01824e::F7::b::0,37,03_corpus/extracted/10.1039_d3dt01824e/figure_data.json,/figures/3/panels/1/series/0,sha256:644c64abe62564b287683011f9b5029bca7c4bdd4e2b4780e6666339f438253b,10.1039_d3dt01824e-E007,multi_output,unresolved,True,False,,2θ,°,°,False,unknown,,,,,,,axis_semantic_resolution,unsupported,x quantity '2θ' does not resolve to any ontology QuantityKind,,,False,,,,,False,,Intensity,a.u.,a.u.,False,output,output,,,,,,axis_semantic_resolution,not_applicable,quantity 'intensity' is not a comparison target (no comparison group declares it),,,False,,,,,False
10.1039_d3dt01824e,10.1039_d3dt01824e,7,c,250 °C,10.1039_d3dt01824e::F7::c::0,34,03_corpus/extracted/10.1039_d3dt01824e/figure_data.json,/figures/3/panels/2/series/0,sha256:644c64abe62564b287683011f9b5029bca7c4bdd4e2b4780e6666339f438253b,10.1039_d3dt01824e-E008,multi_output,unresolved,True,False,,2θ,°,°,False,unknown,,,,,,,axis_semantic_resolution,unsupported,x quantity '2θ' does not resolve to any ontology QuantityKind,,,False,,,,,False,,Intensity,a.u.,a.u.,False,output,output,,,,,,axis_semantic_resolution,not_applicable,quantity 'intensity' is not a comparison target (no comparison group declares it),,,False,,,,,False
10.1039_d3dt01824e,10.1039_d3dt01824e,7,d,Er2O3,10.1039_d3dt01824e::F7::d::0,51,03_corpus/extracted/10.1039_d3dt01824e/figure_data.json,/figures/3/panels/3/series/0,sha256:644c64abe62564b287683011f9b5029bca7c4bdd4e2b4780e6666339f438253b,10.1039_d3dt01824e-E009,multi_output,unresolved,True,False,,2θ,°,°,False,unknown,,,,,,,axis_semantic_resolution,unsupported,x quantity '2θ' does not resolve to any ontology QuantityKind,,,False,,,,,False,,Intensity,a.u.,a.u.,False,output,output,,,,,,axis_semantic_resolution,not_applicable,quantity 'intensity' is not a comparison target (no comparison group declares it),,,False,,,,,False
10.1039_d3dt01824e,10.1039_d3dt01824e,8,a,ET=0 min,10.1039_d3dt01824e::F8::a::0,20,03_corpus/extracted/10.1039_d3dt01824e/figure_data.json,/figures/4/panels/0/series/0,sha256:644c64abe62564b287683011f9b5029bca7c4bdd4e2b4780e6666339f438253b,10.1039_d3dt01824e-E010,multi_output,unresolved,True,False,,Binding energy,eV,eV,False,unknown,,,,,,,axis_semantic_resolution,unsupported,x quantity 'Binding energy' does not resolve to any ontology QuantityKind,,,False,,,,,False,,Intensity,cps,cps,False,output,output,,,,,,axis_semantic_resolution,not_applicable,quantity 'intensity' is not a comparison target (no comparison group declares it),,,False,,,,,False
10.1039_d3dt01824e,10.1039_d3dt01824e,8,a,ET=2min,10.1039_d3dt01824e::F8::a::1,13,03_corpus/extracted/10.1039_d3dt01824e/figure_data.json,/figures/4/panels/0/series/1,sha256:644c64abe62564b287683011f9b5029bca7c4bdd4e2b4780e6666339f438253b,10.1039_d3dt01824e-E011,multi_output,unresolved,True,False,,Binding energy,eV,eV,False,unknown,,,,,,,axis_semantic_resolution,unsupported,x quantity 'Binding energy' does not resolve to any ontology QuantityKind,,,False,,,,,False,,Intensity,cps,cps,False,output,output,,,,,,axis_semantic_resolution,not_applicable,quantity 'intensity' is not a comparison target (no comparison group declares it),,,False,,,,,False
10.1039_d3dt01824e,10.1039_d3dt01824e,8,a,ET=5 min,10.1039_d3dt01824e::F8::a::2,12,03_corpus/extracted/10.1039_d3dt01824e/figure_data.json,/figures/4/panels/0/series/2,sha256:644c64abe62564b287683011f9b5029bca7c4bdd4e2b4780e6666339f438253b,10.1039_d3dt01824e-E012,multi_output,unresolved,True,False,,Binding energy,eV,eV,False,unknown,,,,,,,axis_semantic_resolution,unsupported,x quantity 'Binding energy' does not resolve to any ontology QuantityKind,,,False,,,,,False,,Intensity,cps,cps,False,output,output,,,,,,axis_semantic_resolution,not_applicable,quantity 'intensity' is not a comparison target (no comparison group declares it),,,False,,,,,False
10.1039_d3dt01824e,10.1039_d3dt01824e,8,a,ET=10 min,10.1039_d3dt01824e::F8::a::3,12,03_corpus/extracted/10.1039_d3dt01824e/figure_data.json,/figures/4/panels/0/series/3,sha256:644c64abe62564b287683011f9b5029bca7c4bdd4e2b4780e6666339f438253b,10.1039_d3dt01824e-E013,multi_output,unresolved,True,False,,Binding energy,eV,eV,False,unknown,,,,,,,axis_semantic_resolution,unsupported,x quantity 'Binding energy' does not resolve to any ontology QuantityKind,,,False,,,,,False,,Intensity,cps,cps,False,output,output,,,,,,axis_semantic_resolution,not_applicable,quantity 'intensity' is not a comparison target (no comparison group declares it),,,False,,,,,False
10.1039_d3dt01824e,10.1039_d3dt01824e,8,a,ET=15 min,10.1039_d3dt01824e::F8::a::4,12,03_corpus/extracted/10.1039_d3dt01824e/figure_data.json,/figures/4/panels/0/series/4,sha256:644c64abe62564b287683011f9b5029bca7c4bdd4e2b4780e6666339f438253b,10.1039_d3dt01824e-E014,multi_output,unresolved,True,False,,Binding energy,eV,eV,False,unknown,,,,,,,axis_semantic_resolution,unsupported,x quantity 'Binding energy' does not resolve to any ontology QuantityKind,,,False,,,,,False,,Intensity,cps,cps,False,output,output,,,,,,axis_semantic_resolution,not_applicable,quantity 'intensity' is not a comparison target (no comparison group declares it),,,False,,,,,False
10.1039_d3dt01824e,10.1039_d3dt01824e,8,b,ET=0min,10.1039_d3dt01824e::F8::b::0,11,03_corpus/extracted/10.1039_d3dt01824e/figure_data.json,/figures/4/panels/1/series/0,sha256:644c64abe62564b287683011f9b5029bca7c4bdd4e2b4780e6666339f438253b,10.1039_d3dt01824e-E015,multi_output,unresolved,True,False,,Binding Energy,eV,eV,False,unknown,,,,,,,axis_semantic_resolution,unsupported,x quantity 'Binding Energy' does not resolve to any ontology QuantityKind,,,False,,,,,False,,Intensity,cps,cps,False,output,output,,,,,,axis_semantic_resolution,not_applicable,quantity 'intensity' is not a comparison target (no comparison group declares it),,,False,,,,,False
10.1039_d3dt01824e,10.1039_d3dt01824e,8,b,ET=2min,10.1039_d3dt01824e::F8::b::1,9,03_corpus/extracted/10.1039_d3dt01824e/figure_data.json,/figures/4/panels/1/series/1,sha256:644c64abe62564b287683011f9b5029bca7c4bdd4e2b4780e6666339f438253b,10.1039_d3dt01824e-E016,multi_output,unresolved,True,False,,Binding Energy,eV,eV,False,unknown,,,,,,,axis_semantic_resolution,unsupported,x quantity 'Binding Energy' does not resolve to any ontology QuantityKind,,,False,,,,,False,,Intensity,cps,cps,False,output,output,,,,,,axis_semantic_resolution,not_applicable,quantity 'intensity' is not a comparison target (no comparison group declares it),,,False,,,,,False
10.1039_d3dt01824e,10.1039_d3dt01824e,8,b,ET=5min,10.1039_d3dt01824e::F8::b::2,9,03_corpus/extracted/10.1039_d3dt01824e/figure_data.json,/figures/4/panels/1/series/2,sha256:644c64abe62564b287683011f9b5029bca7c4bdd4e2b4780e6666339f438253b,10.1039_d3dt01824e-E017,multi_output,unresolved,True,False,,Binding Energy,eV,eV,False,unknown,,,,,,,axis_semantic_resolution,unsupported,x quantity 'Binding Energy' does not resolve to any ontology QuantityKind,,,False,,,,,False,,Intensity,cps,cps,False,output,output,,,,,,axis_semantic_resolution,not_applicable,quantity 'intensity' is not a comparison target (no comparison group declares it),,,False,,,,,False
10.1039_d3dt01824e,10.1039_d3dt01824e,8,b,ET=10min,10.1039_d3dt01824e::F8::b::3,9,03_corpus/extracted/10.1039_d3dt01824e/figure_data.json,/figures/4/panels/1/series/3,sha256:644c64abe62564b287683011f9b5029bca7c4bdd4e2b4780e6666339f438253b,10.1039_d3dt01824e-E018,multi_output,unresolved,True,False,,Binding Energy,eV,eV,False,unknown,,,,,,,axis_semantic_resolution,unsupported,x quantity 'Binding Energy' does not resolve to any ontology QuantityKind,,,False,,,,,False,,Intensity,cps,cps,False,output,output,,,,,,axis_semantic_resolution,not_applicable,quantity 'intensity' is not a comparison target (no comparison group declares it),,,False,,,,,False
10.1039_d3dt01824e,10.1039_d3dt01824e,8,b,ET=15min,10.1039_d3dt01824e::F8::b::4,9,03_corpus/extracted/10.1039_d3dt01824e/figure_data.json,/figures/4/panels/1/series/4,sha256:644c64abe62564b287683011f9b5029bca7c4bdd4e2b4780e6666339f438253b,10.1039_d3dt01824e-E019,multi_output,unresolved,True,False,,Binding Energy,eV,eV,False,unknown,,,,,,,axis_semantic_resolution,unsupported,x quantity 'Binding Energy' does not resolve to any ontology QuantityKind,,,False,,,,,False,,Intensity,cps,cps,False,output,output,,,,,,axis_semantic_resolution,not_applicable,quantity 'intensity' is not a comparison target (no comparison group declares it),,,False,,,,,False
10.1039_d3dt01824e,10.1039_d3dt01824e,8,c,ET=0min,10.1039_d3dt01824e::F8::c::0,12,03_corpus/extracted/10.1039_d3dt01824e/figure_data.json,/figures/4/panels/2/series/0,sha256:644c64abe62564b287683011f9b5029bca7c4bdd4e2b4780e6666339f438253b,10.1039_d3dt01824e-E020,multi_output,unresolved,True,False,,Binding Energy,eV,eV,False,unknown,,,,,,,axis_semantic_resolution,unsupported,x quantity 'Binding Energy' does not resolve to any ontology QuantityKind,,,False,,,,,False,,Intensity,cps,cps,False,output,output,,,,,,axis_semantic_resolution,not_applicable,quantity 'intensity' is not a comparison target (no comparison group declares it),,,False,,,,,False
10.1039_d3dt01824e,10.1039_d3dt01824e,8,c,ET=2min,10.1039_d3dt01824e::F8::c::1,8,03_corpus/extracted/10.1039_d3dt01824e/figure_data.json,/figures/4/panels/2/series/1,sha256:644c64abe62564b287683011f9b5029bca7c4bdd4e2b4780e6666339f438253b,10.1039_d3dt01824e-E021,multi_output,unresolved,True,False,,Binding Energy,eV,eV,False,unknown,,,,,,,axis_semantic_resolution,unsupported,x quantity 'Binding Energy' does not resolve to any ontology QuantityKind,,,False,,,,,False,,Intensity,cps,cps,False,output,output,,,,,,axis_semantic_resolution,not_applicable,quantity 'intensity' is not a comparison target (no comparison group declares it),,,False,,,,,False
10.1039_d3dt01824e,10.1039_d3dt01824e,8,c,ET=5min,10.1039_d3dt01824e::F8::c::2,8,03_corpus/extracted/10.1039_d3dt01824e/figure_data.json,/figures/4/panels/2/series/2,sha256:644c64abe62564b287683011f9b5029bca7c4bdd4e2b4780e6666339f438253b,10.1039_d3dt01824e-E022,multi_output,unresolved,True,False,,Binding Energy,eV,eV,False,unknown,,,,,,,axis_semantic_resolution,unsupported,x quantity 'Binding Energy' does not resolve to any ontology QuantityKind,,,False,,,,,False,,Intensity,cps,cps,False,output,output,,,,,,axis_semantic_resolution,not_applicable,quantity 'intensity' is not a comparison target (no comparison group declares it),,,False,,,,,False
10.1039_d3dt01824e,10.1039_d3dt01824e,8,c,ET=10min,10.1039_d3dt01824e::F8::c::3,8,03_corpus/extracted/10.1039_d3dt01824e/figure_data.json,/figures/4/panels/2/series/3,sha256:644c64abe62564b287683011f9b5029bca7c4bdd4e2b4780e6666339f438253b,10.1039_d3dt01824e-E023,multi_output,unresolved,True,False,,Binding Energy,eV,eV,False,unknown,,,,,,,axis_semantic_resolution,unsupported,x quantity 'Binding Energy' does not resolve to any ontology QuantityKind,,,False,,,,,False,,Intensity,cps,cps,False,output,output,,,,,,axis_semantic_resolution,not_applicable,quantity 'intensity' is not a comparison target (no comparison group declares it),,,False,,,,,False
10.1039_d3dt01824e,10.1039_d3dt01824e,8,c,ET=15min,10.1039_d3dt01824e::F8::c::4,8,03_corpus/extracted/10.1039_d3dt01824e/figure_data.json,/figures/4/panels/2/series/4,sha256:644c64abe62564b287683011f9b5029bca7c4bdd4e2b4780e6666339f438253b,10.1039_d3dt01824e-E024,multi_output,unresolved,True,False,,Binding Energy,eV,eV,False,unknown,,,,,,,axis_semantic_resolution,unsupported,x quantity 'Binding Energy' does not resolve to any ontology QuantityKind,,,False,,,,,False,,Intensity,cps,cps,False,output,output,,,,,,axis_semantic_resolution,not_applicable,quantity 'intensity' is not a comparison target (no comparison group declares it),,,False,,,,,False
10.1039_d3dt01824e,10.1039_d3dt01824e,9,a,C 1s,10.1039_d3dt01824e::F9::a::0,45,03_corpus/extracted/10.1039_d3dt01824e/figure_data.json,/figures/5/panels/0/series/0,sha256:644c64abe62564b287683011f9b5029bca7c4bdd4e2b4780e6666339f438253b,10.1039_d3dt01824e-E025,multi_output,unresolved,True,False,,Ar Sputter Time,s,s,False,unknown,,,,,,,axis_semantic_resolution,unsupported,x quantity 'Ar Sputter Time' does not resolve to any ontology QuantityKind,,,False,,,,,False,,Atomic %,%,%,False,unknown,,,,,,,axis_semantic_resolution,unsupported,y quantity 'Atomic %' does not resolve to any ontology QuantityKind,,,False,,,,,False
10.1039_d3dt01824e,10.1039_d3dt01824e,9,a,Er 4d5/2,10.1039_d3dt01824e::F9::a::1,73,03_corpus/extracted/10.1039_d3dt01824e/figure_data.json,/figures/5/panels/0/series/1,sha256:644c64abe62564b287683011f9b5029bca7c4bdd4e2b4780e6666339f438253b,10.1039_d3dt01824e-E026,multi_output,unresolved,True,False,,Ar Sputter Time,s,s,False,unknown,,,,,,,axis_semantic_resolution,unsupported,x quantity 'Ar Sputter Time' does not resolve to any ontology QuantityKind,,,False,,,,,False,,Atomic %,%,%,False,unknown,,,,,,,axis_semantic_resolution,unsupported,y quantity 'Atomic %' does not resolve to any ontology QuantityKind,,,False,,,,,False
10.1039_d3dt01824e,10.1039_d3dt01824e,9,a,N 1s,10.1039_d3dt01824e::F9::a::2,46,03_corpus/extracted/10.1039_d3dt01824e/figure_data.json,/figures/5/panels/0/series/2,sha256:644c64abe62564b287683011f9b5029bca7c4bdd4e2b4780e6666339f438253b,10.1039_d3dt01824e-E027,multi_output,unresolved,True,False,,Ar Sputter Time,s,s,False,unknown,,,,,,,axis_semantic_resolution,unsupported,x quantity 'Ar Sputter Time' does not resolve to any ontology QuantityKind,,,False,,,,,False,,Atomic %,%,%,False,unknown,,,,,,,axis_semantic_resolution,unsupported,y quantity 'Atomic %' does not resolve to any ontology QuantityKind,,,False,,,,,False
10.1039_d3dt01824e,10.1039_d3dt01824e,9,a,O 1s,10.1039_d3dt01824e::F9::a::3,73,03_corpus/extracted/10.1039_d3dt01824e/figure_data.json,/figures/5/panels/0/series/3,sha256:644c64abe62564b287683011f9b5029bca7c4bdd4e2b4780e6666339f438253b,10.1039_d3dt01824e-E028,multi_output,unresolved,True,False,,Ar Sputter Time,s,s,False,unknown,,,,,,,axis_semantic_resolution,unsupported,x quantity 'Ar Sputter Time' does not resolve to any ontology QuantityKind,,,False,,,,,False,,Atomic %,%,%,False,unknown,,,,,,,axis_semantic_resolution,unsupported,y quantity 'Atomic %' does not resolve to any ontology QuantityKind,,,False,,,,,False
10.1039_d3dt01824e,10.1039_d3dt01824e,9,a,Si 2s,10.1039_d3dt01824e::F9::a::4,52,03_corpus/extracted/10.1039_d3dt01824e/figure_data.json,/figures/5/panels/0/series/4,sha256:644c64abe62564b287683011f9b5029bca7c4bdd4e2b4780e6666339f438253b,10.1039_d3dt01824e-E029,multi_output,unresolved,True,False,,Ar Sputter Time,s,s,False,unknown,,,,,,,axis_semantic_resolution,unsupported,x quantity 'Ar Sputter Time' does not resolve to any ontology QuantityKind,,,False,,,,,False,,Atomic %,%,%,False,unknown,,,,,,,axis_semantic_resolution,unsupported,y quantity 'Atomic %' does not resolve to any ontology QuantityKind,,,False,,,,,False
10.1039_d3ra05217f,10.1039_d3ra05217f,1,a,1H-NMR spectrum of Y(sBuCp)3,10.1039_d3ra05217f::F1::a::0,42,03_corpus/extracted/10.1039_d3ra05217f/figure_data.json,/figures/0/panels/0/series/0,sha256:617713adefb4580e4839e79c683e22d8c207a09d46f3c539c99f4f4c74767287,,,unresolved,False,False,,PPM,ppm,ppm,False,unknown,,,,,,,axis_semantic_resolution,unsupported,x quantity 'PPM' does not resolve to any ontology QuantityKind,,,False,,,,,False,,Intensity,a.u.,a.u.,False,output,output,,,,,,axis_semantic_resolution,not_applicable,quantity 'intensity' is not a comparison target (no comparison group declares it),,,False,,,,,False
10.1039_d3ra05217f,10.1039_d3ra05217f,2,a,Y(sBuCp)3,10.1039_d3ra05217f::F2::a::0,50,03_corpus/extracted/10.1039_d3ra05217f/figure_data.json,/figures/1/panels/0/series/0,sha256:617713adefb4580e4839e79c683e22d8c207a09d46f3c539c99f4f4c74767287,10.1039_d3ra05217f-E009,multi_output,series,True,False,,deposition_temperature,°C,°C,False,condition_sweep,condition,,deposition_temperature,K,process_temperature,,temperature_unit_conversion,converted,,,,False,,,,,False,,Vapor Pressure,Torr,Torr,False,condition,condition,,,,,,axis_semantic_resolution,not_applicable,quantity 'vapor_pressure' is not a comparison target (no comparison group declares it),,,False,,,,,False
10.1039_d3ra05217f,10.1039_d3ra05217f,3,a,Y(EtCp)3,10.1039_d3ra05217f::F3::a::0,20,03_corpus/extracted/10.1039_d3ra05217f/figure_data.json,/figures/2/panels/0/series/0,sha256:617713adefb4580e4839e79c683e22d8c207a09d46f3c539c99f4f4c74767287,,,series,False,False,,temperature,°C,°C,False,condition_sweep,condition,,,,,,axis_semantic_resolution,not_applicable,quantity 'temperature' is not a comparison target (no comparison group declares it),,,False,,,,,False,,Weight,%,%,False,unknown,,,,,,,axis_semantic_resolution,unsupported,y quantity 'Weight' does not resolve to any ontology QuantityKind,,,False,,,,,False
10.1039_d3ra05217f,10.1039_d3ra05217f,3,a,Y(sBuCp)3,10.1039_d3ra05217f::F3::a::1,20,03_corpus/extracted/10.1039_d3ra05217f/figure_data.json,/figures/2/panels/0/series/1,sha256:617713adefb4580e4839e79c683e22d8c207a09d46f3c539c99f4f4c74767287,,,series,False,False,,temperature,°C,°C,False,condition_sweep,condition,,,,,,axis_semantic_resolution,not_applicable,quantity 'temperature' is not a comparison target (no comparison group declares it),,,False,,,,,False,,Weight,%,%,False,unknown,,,,,,,axis_semantic_resolution,unsupported,y quantity 'Weight' does not resolve to any ontology QuantityKind,,,False,,,,,False
10.1039_d3ra05217f,10.1039_d3ra05217f,3,a,Y(nBuCp)3,10.1039_d3ra05217f::F3::a::2,19,03_corpus/extracted/10.1039_d3ra05217f/figure_data.json,/figures/2/panels/0/series/2,sha256:617713adefb4580e4839e79c683e22d8c207a09d46f3c539c99f4f4c74767287,,,series,False,False,,temperature,°C,°C,False,condition_sweep,condition,,,,,,axis_semantic_resolution,not_applicable,quantity 'temperature' is not a comparison target (no comparison group declares it),,,False,,,,,False,,Weight,%,%,False,unknown,,,,,,,axis_semantic_resolution,unsupported,y quantity 'Weight' does not resolve to any ontology QuantityKind,,,False,,,,,False
10.1039_d3ra05217f,10.1039_d3ra05217f,3,b,Y(sBuCp)3,10.1039_d3ra05217f::F3::b::0,10,03_corpus/extracted/10.1039_d3ra05217f/figure_data.json,/figures/2/panels/1/series/0,sha256:617713adefb4580e4839e79c683e22d8c207a09d46f3c539c99f4f4c74767287,,,series,False,False,,temperature,°C,°C,False,condition_sweep,condition,,,,,,axis_semantic_resolution,not_applicable,quantity 'temperature' is not a comparison target (no comparison group declares it),,,False,,,,,False,,Heat flow,mcal/s,mcal/s,False,unknown,,,,,,,axis_semantic_resolution,unsupported,y quantity 'Heat flow' does not resolve to any ontology QuantityKind,,,False,,,,,False
10.1039_d3ra05217f,10.1039_d3ra05217f,3,b,Y(nBuCp)3,10.1039_d3ra05217f::F3::b::1,9,03_corpus/extracted/10.1039_d3ra05217f/figure_data.json,/figures/2/panels/1/series/1,sha256:617713adefb4580e4839e79c683e22d8c207a09d46f3c539c99f4f4c74767287,,,series,False,False,,temperature,°C,°C,False,condition_sweep,condition,,,,,,axis_semantic_resolution,not_applicable,quantity 'temperature' is not a comparison target (no comparison group declares it),,,False,,,,,False,,Heat flow,mcal/s,mcal/s,False,unknown,,,,,,,axis_semantic_resolution,unsupported,y quantity 'Heat flow' does not resolve to any ontology QuantityKind,,,False,,,,,False
10.1039_d3ra05217f,10.1039_d3ra05217f,3,b,Y(EtCp)3,10.1039_d3ra05217f::F3::b::2,12,03_corpus/extracted/10.1039_d3ra05217f/figure_data.json,/figures/2/panels/1/series/2,sha256:617713adefb4580e4839e79c683e22d8c207a09d46f3c539c99f4f4c74767287,,,series,False,False,,temperature,°C,°C,False,condition_sweep,condition,,,,,,axis_semantic_resolution,not_applicable,quantity 'temperature' is not a comparison target (no comparison group declares it),,,False,,,,,False,,Heat flow,mcal/s,mcal/s,False,unknown,,,,,,,axis_semantic_resolution,unsupported,y quantity 'Heat flow' does not resolve to any ontology QuantityKind,,,False,,,,,False
10.1039_d3ra05217f,10.1039_d3ra05217f,4,a,Y(sBuCp)3,10.1039_d3ra05217f::F4::a::0,3,03_corpus/extracted/10.1039_d3ra05217f/figure_data.json,/figures/3/panels/0/series/0,sha256:617713adefb4580e4839e79c683e22d8c207a09d46f3c539c99f4f4c74767287,,,unresolved,False,False,,Heating time,weeks,weeks,False,unknown,,,,,,,axis_semantic_resolution,unsupported,x quantity 'Heating time' does not resolve to any ontology QuantityKind,,,False,,,,,False,,TG residue,%,%,False,unknown,,,,,,,axis_semantic_resolution,unsupported,y quantity 'TG residue' does not resolve to any ontology QuantityKind,,,False,,,,,False
10.1039_d3ra05217f,10.1039_d3ra05217f,6,a,C1s,10.1039_d3ra05217f::F6::a::0,12,03_corpus/extracted/10.1039_d3ra05217f/figure_data.json,/figures/4/panels/0/series/0,sha256:617713adefb4580e4839e79c683e22d8c207a09d46f3c539c99f4f4c74767287,10.1039_d3ra05217f-E009,multi_output,unresolved,True,False,,Etching time,min,min,False,unknown,,,,,,,axis_semantic_resolution,unsupported,x quantity 'Etching time' does not resolve to any ontology QuantityKind,,,False,,,,,False,,Atomic %,%,%,False,unknown,,,,,,,axis_semantic_resolution,unsupported,y quantity 'Atomic %' does not resolve to any ontology QuantityKind,,,False,,,,,False
10.1039_d3ra05217f,10.1039_d3ra05217f,6,a,N1s,10.1039_d3ra05217f::F6::a::1,11,03_corpus/extracted/10.1039_d3ra05217f/figure_data.json,/figures/4/panels/0/series/1,sha256:617713adefb4580e4839e79c683e22d8c207a09d46f3c539c99f4f4c74767287,10.1039_d3ra05217f-E010,multi_output,unresolved,True,False,,Etching time,min,min,False,unknown,,,,,,,axis_semantic_resolution,unsupported,x quantity 'Etching time' does not resolve to any ontology QuantityKind,,,False,,,,,False,,Atomic %,%,%,False,unknown,,,,,,,axis_semantic_resolution,unsupported,y quantity 'Atomic %' does not resolve to any ontology QuantityKind,,,False,,,,,False
10.1039_d3ra05217f,10.1039_d3ra05217f,6,a,O1s,10.1039_d3ra05217f::F6::a::2,11,03_corpus/extracted/10.1039_d3ra05217f/figure_data.json,/figures/4/panels/0/series/2,sha256:617713adefb4580e4839e79c683e22d8c207a09d46f3c539c99f4f4c74767287,10.1039_d3ra05217f-E011,multi_output,unresolved,True,False,,Etching time,min,min,False,unknown,,,,,,,axis_semantic_resolution,unsupported,x quantity 'Etching time' does not resolve to any ontology QuantityKind,,,False,,,,,False,,Atomic %,%,%,False,unknown,,,,,,,axis_semantic_resolution,unsupported,y quantity 'Atomic %' does not resolve to any ontology QuantityKind,,,False,,,,,False
10.1039_d3ra05217f,10.1039_d3ra05217f,6,a,Si2p,10.1039_d3ra05217f::F6::a::3,11,03_corpus/extracted/10.1039_d3ra05217f/figure_data.json,/figures/4/panels/0/series/3,sha256:617713adefb4580e4839e79c683e22d8c207a09d46f3c539c99f4f4c74767287,10.1039_d3ra05217f-E012,multi_output,unresolved,True,False,,Etching time,min,min,False,unknown,,,,,,,axis_semantic_resolution,unsupported,x quantity 'Etching time' does not resolve to any ontology QuantityKind,,,False,,,,,False,,Atomic %,%,%,False,unknown,,,,,,,axis_semantic_resolution,unsupported,y quantity 'Atomic %' does not resolve to any ontology QuantityKind,,,False,,,,,False
10.1039_d3ra05217f,10.1039_d3ra05217f,6,a,Y3d,10.1039_d3ra05217f::F6::a::4,11,03_corpus/extracted/10.1039_d3ra05217f/figure_data.json,/figures/4/panels/0/series/4,sha256:617713adefb4580e4839e79c683e22d8c207a09d46f3c539c99f4f4c74767287,10.1039_d3ra05217f-E013,multi_output,unresolved,True,False,,Etching time,min,min,False,unknown,,,,,,,axis_semantic_resolution,unsupported,x quantity 'Etching time' does not resolve to any ontology QuantityKind,,,False,,,,,False,,Atomic %,%,%,False,unknown,,,,,,,axis_semantic_resolution,unsupported,y quantity 'Atomic %' does not resolve to any ontology QuantityKind,,,False,,,,,False
10.1039_d3ra05217f,10.1039_d3ra05217f,6,b,C1s,10.1039_d3ra05217f::F6::b::0,12,03_corpus/extracted/10.1039_d3ra05217f/figure_data.json,/figures/4/panels/1/series/0,sha256:617713adefb4580e4839e79c683e22d8c207a09d46f3c539c99f4f4c74767287,10.1039_d3ra05217f-E014,multi_output,unresolved,True,False,,Etching time,min,min,False,unknown,,,,,,,axis_semantic_resolution,unsupported,x quantity 'Etching time' does not resolve to any ontology QuantityKind,,,False,,,,,False,,Atomic %,%,%,False,unknown,,,,,,,axis_semantic_resolution,unsupported,y quantity 'Atomic %' does not resolve to any ontology QuantityKind,,,False,,,,,False
10.1039_d3ra05217f,10.1039_d3ra05217f,6,b,N1s,10.1039_d3ra05217f::F6::b::1,11,03_corpus/extracted/10.1039_d3ra05217f/figure_data.json,/figures/4/panels/1/series/1,sha256:617713adefb4580e4839e79c683e22d8c207a09d46f3c539c99f4f4c74767287,10.1039_d3ra05217f-E015,multi_output,unresolved,True,False,,Etching time,min,min,False,unknown,,,,,,,axis_semantic_resolution,unsupported,x quantity 'Etching time' does not resolve to any ontology QuantityKind,,,False,,,,,False,,Atomic %,%,%,False,unknown,,,,,,,axis_semantic_resolution,unsupported,y quantity 'Atomic %' does not resolve to any ontology QuantityKind,,,False,,,,,False
10.1039_d3ra05217f,10.1039_d3ra05217f,6,b,O1s,10.1039_d3ra05217f::F6::b::2,11,03_corpus/extracted/10.1039_d3ra05217f/figure_data.json,/figures/4/panels/1/series/2,sha256:617713adefb4580e4839e79c683e22d8c207a09d46f3c539c99f4f4c74767287,10.1039_d3ra05217f-E016,multi_output,unresolved,True,False,,Etching time,min,min,False,unknown,,,,,,,axis_semantic_resolution,unsupported,x quantity 'Etching time' does not resolve to any ontology QuantityKind,,,False,,,,,False,,Atomic %,%,%,False,unknown,,,,,,,axis_semantic_resolution,unsupported,y quantity 'Atomic %' does not resolve to any ontology QuantityKind,,,False,,,,,False
10.1039_d3ra05217f,10.1039_d3ra05217f,6,b,Si2p,10.1039_d3ra05217f::F6::b::3,11,03_corpus/extracted/10.1039_d3ra05217f/figure_data.json,/figures/4/panels/1/series/3,sha256:617713adefb4580e4839e79c683e22d8c207a09d46f3c539c99f4f4c74767287,10.1039_d3ra05217f-E017,multi_output,unresolved,True,False,,Etching time,min,min,False,unknown,,,,,,,axis_semantic_resolution,unsupported,x quantity 'Etching time' does not resolve to any ontology QuantityKind,,,False,,,,,False,,Atomic %,%,%,False,unknown,,,,,,,axis_semantic_resolution,unsupported,y quantity 'Atomic %' does not resolve to any ontology QuantityKind,,,False,,,,,False
10.1039_d3ra05217f,10.1039_d3ra05217f,6,b,Y3d,10.1039_d3ra05217f::F6::b::4,11,03_corpus/extracted/10.1039_d3ra05217f/figure_data.json,/figures/4/panels/1/series/4,sha256:617713adefb4580e4839e79c683e22d8c207a09d46f3c539c99f4f4c74767287,10.1039_d3ra05217f-E018,multi_output,unresolved,True,False,,Etching time,min,min,False,unknown,,,,,,,axis_semantic_resolution,unsupported,x quantity 'Etching time' does not resolve to any ontology QuantityKind,,,False,,,,,False,,Atomic %,%,%,False,unknown,,,,,,,axis_semantic_resolution,unsupported,y quantity 'Atomic %' does not resolve to any ontology QuantityKind,,,False,,,,,False
10.1039_d3ra05217f,10.1039_d3ra05217f,6,c,C1s,10.1039_d3ra05217f::F6::c::0,12,03_corpus/extracted/10.1039_d3ra05217f/figure_data.json,/figures/4/panels/2/series/0,sha256:617713adefb4580e4839e79c683e22d8c207a09d46f3c539c99f4f4c74767287,10.1039_d3ra05217f-E019,multi_output,unresolved,True,False,,Etching time,min,min,False,unknown,,,,,,,axis_semantic_resolution,unsupported,x quantity 'Etching time' does not resolve to any ontology QuantityKind,,,False,,,,,False,,Atomic %,%,%,False,unknown,,,,,,,axis_semantic_resolution,unsupported,y quantity 'Atomic %' does not resolve to any ontology QuantityKind,,,False,,,,,False
10.1039_d3ra05217f,10.1039_d3ra05217f,6,c,N1s,10.1039_d3ra05217f::F6::c::1,11,03_corpus/extracted/10.1039_d3ra05217f/figure_data.json,/figures/4/panels/2/series/1,sha256:617713adefb4580e4839e79c683e22d8c207a09d46f3c539c99f4f4c74767287,10.1039_d3ra05217f-E020,multi_output,unresolved,True,False,,Etching time,min,min,False,unknown,,,,,,,axis_semantic_resolution,unsupported,x quantity 'Etching time' does not resolve to any ontology QuantityKind,,,False,,,,,False,,Atomic %,%,%,False,unknown,,,,,,,axis_semantic_resolution,unsupported,y quantity 'Atomic %' does not resolve to any ontology QuantityKind,,,False,,,,,False
10.1039_d3ra05217f,10.1039_d3ra05217f,6,c,O1s,10.1039_d3ra05217f::F6::c::2,11,03_corpus/extracted/10.1039_d3ra05217f/figure_data.json,/figures/4/panels/2/series/2,sha256:617713adefb4580e4839e79c683e22d8c207a09d46f3c539c99f4f4c74767287,10.1039_d3ra05217f-E021,multi_output,unresolved,True,False,,Etching time,min,min,False,unknown,,,,,,,axis_semantic_resolution,unsupported,x quantity 'Etching time' does not resolve to any ontology QuantityKind,,,False,,,,,False,,Atomic %,%,%,False,unknown,,,,,,,axis_semantic_resolution,unsupported,y quantity 'Atomic %' does not resolve to any ontology QuantityKind,,,False,,,,,False
10.1039_d3ra05217f,10.1039_d3ra05217f,6,c,Si2p,10.1039_d3ra05217f::F6::c::3,11,03_corpus/extracted/10.1039_d3ra05217f/figure_data.json,/figures/4/panels/2/series/3,sha256:617713adefb4580e4839e79c683e22d8c207a09d46f3c539c99f4f4c74767287,10.1039_d3ra05217f-E022,multi_output,unresolved,True,False,,Etching time,min,min,False,unknown,,,,,,,axis_semantic_resolution,unsupported,x quantity 'Etching time' does not resolve to any ontology QuantityKind,,,False,,,,,False,,Atomic %,%,%,False,unknown,,,,,,,axis_semantic_resolution,unsupported,y quantity 'Atomic %' does not resolve to any ontology QuantityKind,,,False,,,,,False
10.1039_d3ra05217f,10.1039_d3ra05217f,6,c,Y3d,10.1039_d3ra05217f::F6::c::4,11,03_corpus/extracted/10.1039_d3ra05217f/figure_data.json,/figures/4/panels/2/series/4,sha256:617713adefb4580e4839e79c683e22d8c207a09d46f3c539c99f4f4c74767287,10.1039_d3ra05217f-E023,multi_output,unresolved,True,False,,Etching time,min,min,False,unknown,,,,,,,axis_semantic_resolution,unsupported,x quantity 'Etching time' does not resolve to any ontology QuantityKind,,,False,,,,,False,,Atomic %,%,%,False,unknown,,,,,,,axis_semantic_resolution,unsupported,y quantity 'Atomic %' does not resolve to any ontology QuantityKind,,,False,,,,,False
10.1039_d3ra05217f,10.1039_d3ra05217f,6,d,200 °C,10.1039_d3ra05217f::F6::d::0,10,03_corpus/extracted/10.1039_d3ra05217f/figure_data.json,/figures/4/panels/3/series/0,sha256:617713adefb4580e4839e79c683e22d8c207a09d46f3c539c99f4f4c74767287,10.1039_d3ra05217f-E024,multi_output,unresolved,True,False,,Binding Energy,eV,eV,False,unknown,,,,,,,axis_semantic_resolution,unsupported,x quantity 'Binding Energy' does not resolve to any ontology QuantityKind,,,False,,,,,False,,Counts/s,1/s,1/s,False,unknown,,,,,,,axis_semantic_resolution,unsupported,y quantity 'Counts/s' does not resolve to any ontology QuantityKind,,,False,,,,,False
10.1039_d3ra05217f,10.1039_d3ra05217f,6,d,250 °C,10.1039_d3ra05217f::F6::d::1,10,03_corpus/extracted/10.1039_d3ra05217f/figure_data.json,/figures/4/panels/3/series/1,sha256:617713adefb4580e4839e79c683e22d8c207a09d46f3c539c99f4f4c74767287,10.1039_d3ra05217f-E025,multi_output,unresolved,True,False,,Binding Energy,eV,eV,False,unknown,,,,,,,axis_semantic_resolution,unsupported,x quantity 'Binding Energy' does not resolve to any ontology QuantityKind,,,False,,,,,False,,Counts/s,1/s,1/s,False,unknown,,,,,,,axis_semantic_resolution,unsupported,y quantity 'Counts/s' does not resolve to any ontology QuantityKind,,,False,,,,,False
10.1039_d3ra05217f,10.1039_d3ra05217f,6,d,300 °C,10.1039_d3ra05217f::F6::d::2,10,03_corpus/extracted/10.1039_d3ra05217f/figure_data.json,/figures/4/panels/3/series/2,sha256:617713adefb4580e4839e79c683e22d8c207a09d46f3c539c99f4f4c74767287,10.1039_d3ra05217f-E026,multi_output,unresolved,True,False,,Binding Energy,eV,eV,False,unknown,,,,,,,axis_semantic_resolution,unsupported,x quantity 'Binding Energy' does not resolve to any ontology QuantityKind,,,False,,,,,False,,Counts/s,1/s,1/s,False,unknown,,,,,,,axis_semantic_resolution,unsupported,y quantity 'Counts/s' does not resolve to any ontology QuantityKind,,,False,,,,,False
10.1039_d3ra05217f,10.1039_d3ra05217f,6,e,200 °C,10.1039_d3ra05217f::F6::e::0,8,03_corpus/extracted/10.1039_d3ra05217f/figure_data.json,/figures/4/panels/4/series/0,sha256:617713adefb4580e4839e79c683e22d8c207a09d46f3c539c99f4f4c74767287,10.1039_d3ra05217f-E027,multi_output,unresolved,True,False,,Binding Energy,eV,eV,False,unknown,,,,,,,axis_semantic_resolution,unsupported,x quantity 'Binding Energy' does not resolve to any ontology QuantityKind,,,False,,,,,False,,Counts/s,1/s,1/s,False,unknown,,,,,,,axis_semantic_resolution,unsupported,y quantity 'Counts/s' does not resolve to any ontology QuantityKind,,,False,,,,,False
10.1039_d3ra05217f,10.1039_d3ra05217f,6,e,250 °C,10.1039_d3ra05217f::F6::e::1,8,03_corpus/extracted/10.1039_d3ra05217f/figure_data.json,/figures/4/panels/4/series/1,sha256:617713adefb4580e4839e79c683e22d8c207a09d46f3c539c99f4f4c74767287,10.1039_d3ra05217f-E028,multi_output,unresolved,True,False,,Binding Energy,eV,eV,False,unknown,,,,,,,axis_semantic_resolution,unsupported,x quantity 'Binding Energy' does not resolve to any ontology QuantityKind,,,False,,,,,False,,Counts/s,1/s,1/s,False,unknown,,,,,,,axis_semantic_resolution,unsupported,y quantity 'Counts/s' does not resolve to any ontology QuantityKind,,,False,,,,,False
10.1039_d3ra05217f,10.1039_d3ra05217f,6,e,300 °C,10.1039_d3ra05217f::F6::e::2,8,03_corpus/extracted/10.1039_d3ra05217f/figure_data.json,/figures/4/panels/4/series/2,sha256:617713adefb4580e4839e79c683e22d8c207a09d46f3c539c99f4f4c74767287,10.1039_d3ra05217f-E029,multi_output,unresolved,True,False,,Binding Energy,eV,eV,False,unknown,,,,,,,axis_semantic_resolution,unsupported,x quantity 'Binding Energy' does not resolve to any ontology QuantityKind,,,False,,,,,False,,Counts/s,1/s,1/s,False,unknown,,,,,,,axis_semantic_resolution,unsupported,y quantity 'Counts/s' does not resolve to any ontology QuantityKind,,,False,,,,,False
10.1039_d3ra05217f,10.1039_d3ra05217f,6,f,200 °C,10.1039_d3ra05217f::F6::f::0,6,03_corpus/extracted/10.1039_d3ra05217f/figure_data.json,/figures/4/panels/5/series/0,sha256:617713adefb4580e4839e79c683e22d8c207a09d46f3c539c99f4f4c74767287,10.1039_d3ra05217f-E030,multi_output,unresolved,True,False,,Binding Energy,eV,eV,False,unknown,,,,,,,axis_semantic_resolution,unsupported,x quantity 'Binding Energy' does not resolve to any ontology QuantityKind,,,False,,,,,False,,Counts/s,1/s,1/s,False,unknown,,,,,,,axis_semantic_resolution,unsupported,y quantity 'Counts/s' does not resolve to any ontology QuantityKind,,,False,,,,,False
10.1039_d3ra05217f,10.1039_d3ra05217f,6,f,250 °C,10.1039_d3ra05217f::F6::f::1,6,03_corpus/extracted/10.1039_d3ra05217f/figure_data.json,/figures/4/panels/5/series/1,sha256:617713adefb4580e4839e79c683e22d8c207a09d46f3c539c99f4f4c74767287,10.1039_d3ra05217f-E031,multi_output,unresolved,True,False,,Binding Energy,eV,eV,False,unknown,,,,,,,axis_semantic_resolution,unsupported,x quantity 'Binding Energy' does not resolve to any ontology QuantityKind,,,False,,,,,False,,Counts/s,1/s,1/s,False,unknown,,,,,,,axis_semantic_resolution,unsupported,y quantity 'Counts/s' does not resolve to any ontology QuantityKind,,,False,,,,,False
10.1039_d3ra05217f,10.1039_d3ra05217f,6,f,300 °C,10.1039_d3ra05217f::F6::f::2,6,03_corpus/extracted/10.1039_d3ra05217f/figure_data.json,/figures/4/panels/5/series/2,sha256:617713adefb4580e4839e79c683e22d8c207a09d46f3c539c99f4f4c74767287,10.1039_d3ra05217f-E032,multi_output,unresolved,True,False,,Binding Energy,eV,eV,False,unknown,,,,,,,axis_semantic_resolution,unsupported,x quantity 'Binding Energy' does not resolve to any ontology QuantityKind,,,False,,,,,False,,Counts/s,1/s,1/s,False,unknown,,,,,,,axis_semantic_resolution,unsupported,y quantity 'Counts/s' does not resolve to any ontology QuantityKind,,,False,,,,,False
10.1039_d3ra05217f,10.1039_d3ra05217f,7,c,Y2O3,10.1039_d3ra05217f::F7::c::0,55,03_corpus/extracted/10.1039_d3ra05217f/figure_data.json,/figures/5/panels/0/series/0,sha256:617713adefb4580e4839e79c683e22d8c207a09d46f3c539c99f4f4c74767287,10.1039_d3ra05217f-E033,multi_output,unresolved,True,False,,2θ,degree,degree,False,unknown,,,,,,,axis_semantic_resolution,unsupported,x quantity '2θ' does not resolve to any ontology QuantityKind,,,False,,,,,False,,Intensity,arb. units,arb. units,False,output,output,,,,,,axis_semantic_resolution,not_applicable,quantity 'intensity' is not a comparison target (no comparison group declares it),,,False,,,,,False
10.1039_d3ra05217f,10.1039_d3ra05217f,8,a,,10.1039_d3ra05217f::F8::a::0,50,03_corpus/extracted/10.1039_d3ra05217f/figure_data.json,/figures/6/panels/0/series/0,sha256:617713adefb4580e4839e79c683e22d8c207a09d46f3c539c99f4f4c74767287,,,series,False,False,,Bias voltage,V,V,False,condition_sweep,condition,,,,,,axis_semantic_resolution,not_applicable,quantity 'bias_voltage' is not a comparison target (no comparison group declares it),,,False,,,,,False,,Capacitance,pF,pF,False,output,output,,,,,,axis_semantic_resolution,not_applicable,quantity 'capacitance' is not a comparison target (no comparison group declares it),,,False,,,,,False
10.1039_d3ra05217f,10.1039_d3ra05217f,8,b,,10.1039_d3ra05217f::F8::b::0,40,03_corpus/extracted/10.1039_d3ra05217f/figure_data.json,/figures/6/panels/1/series/0,sha256:617713adefb4580e4839e79c683e22d8c207a09d46f3c539c99f4f4c74767287,,,correlation,False,False,,Field,MV/cm,MV/cm,False,output,output,,,,,,axis_semantic_resolution,not_applicable,quantity 'electric_field' is not a comparison target (no comparison group declares it),,,False,,,,,False,,Current density,A/cm^2,A/cm^2,False,output,output,,,,,,axis_semantic_resolution,not_applicable,quantity 'current_density' is not a comparison target (no comparison group declares it),,,False,,,,,False
10.1063_1.4867469,10.1063_1.4867469,1,c,STO-buffered Si(001),10.1063_1.4867469::F1::c::0,32,03_corpus/extracted/10.1063_1.4867469/figure_data.json,/figures/0/panels/0/series/0,sha256:c8036700f4d2c8387d4f3eaf99b89ae8dd3633cecf6bf8c23dc3e6a7101581e8,10.1063_1.4867469-E000,multi_output,unresolved,True,False,,binding_energy,eV,eV,False,unknown,,,,,,,axis_semantic_resolution,unsupported,x quantity 'binding_energy' does not resolve to any ontology QuantityKind,,,False,,,,,False,,Counts,arb. unit,arb. unit,False,unknown,,,,,,,axis_semantic_resolution,unsupported,y quantity 'Counts' does not resolve to any ontology QuantityKind,,,False,,,,,False
10.1063_1.4867469,10.1063_1.4867469,1,c,3 nm BTO as-deposited,10.1063_1.4867469::F1::c::1,30,03_corpus/extracted/10.1063_1.4867469/figure_data.json,/figures/0/panels/0/series/1,sha256:c8036700f4d2c8387d4f3eaf99b89ae8dd3633cecf6bf8c23dc3e6a7101581e8,10.1063_1.4867469-E001,multi_output,unresolved,True,False,,binding_energy,eV,eV,False,unknown,,,,,,,axis_semantic_resolution,unsupported,x quantity 'binding_energy' does not resolve to any ontology QuantityKind,,,False,,,,,False,,Counts,arb. unit,arb. unit,False,unknown,,,,,,,axis_semantic_resolution,unsupported,y quantity 'Counts' does not resolve to any ontology QuantityKind,,,False,,,,,False
10.1063_1.4867469,10.1063_1.4867469,1,c,3 nm BTO vacuum annealed,10.1063_1.4867469::F1::c::2,30,03_corpus/extracted/10.1063_1.4867469/figure_data.json,/figures/0/panels/0/series/2,sha256:c8036700f4d2c8387d4f3eaf99b89ae8dd3633cecf6bf8c23dc3e6a7101581e8,10.1063_1.4867469-E002,multi_output,unresolved,True,False,,binding_energy,eV,eV,False,unknown,,,,,,,axis_semantic_resolution,unsupported,x quantity 'binding_energy' does not resolve to any ontology QuantityKind,,,False,,,,,False,,Counts,arb. unit,arb. unit,False,unknown,,,,,,,axis_semantic_resolution,unsupported,y quantity 'Counts' does not resolve to any ontology QuantityKind,,,False,,,,,False
10.1063_1.4867469,10.1063_1.4867469,2,a,BTO/STO/Si,10.1063_1.4867469::F2::a::0,46,03_corpus/extracted/10.1063_1.4867469/figure_data.json,/figures/1/panels/0/series/0,sha256:c8036700f4d2c8387d4f3eaf99b89ae8dd3633cecf6bf8c23dc3e6a7101581e8,10.1063_1.4867469-E003,multi_output,unresolved,True,False,,2θ,deg.,deg.,False,unknown,,,,,,,axis_semantic_resolution,unsupported,x quantity '2θ' does not resolve to any ontology QuantityKind,,,False,,,,,False,,Intensity,arb. unit,arb. unit,False,output,output,,,,,,axis_semantic_resolution,not_applicable,quantity 'intensity' is not a comparison target (no comparison group declares it),,,False,,,,,False
10.1063_1.4867469,10.1063_1.4867469,4,a,-1.7 to 1.7 V,10.1063_1.4867469::F4::a::0,37,03_corpus/extracted/10.1063_1.4867469/figure_data.json,/figures/2/panels/0/series/0,sha256:c8036700f4d2c8387d4f3eaf99b89ae8dd3633cecf6bf8c23dc3e6a7101581e8,,,correlation,False,False,,Voltage,V,V,False,output,output,,,,,,axis_semantic_resolution,not_applicable,quantity 'voltage' is not a comparison target (no comparison group declares it),,,False,,,,,False,,C/A,µF/cm²,µF/cm²,False,unknown,,,,,,,axis_semantic_resolution,unsupported,y quantity 'C/A' does not resolve to any ontology QuantityKind,,,False,,,,,False
10.1063_1.4867469,10.1063_1.4867469,4,a,1.7 to -1.7 V,10.1063_1.4867469::F4::a::1,37,03_corpus/extracted/10.1063_1.4867469/figure_data.json,/figures/2/panels/0/series/1,sha256:c8036700f4d2c8387d4f3eaf99b89ae8dd3633cecf6bf8c23dc3e6a7101581e8,,,correlation,False,False,,Voltage,V,V,False,output,output,,,,,,axis_semantic_resolution,not_applicable,quantity 'voltage' is not a comparison target (no comparison group declares it),,,False,,,,,False,,C/A,µF/cm²,µF/cm²,False,unknown,,,,,,,axis_semantic_resolution,unsupported,y quantity 'C/A' does not resolve to any ontology QuantityKind,,,False,,,,,False
10.1063_1.5028178,10.1063_1.5028178,2,a,0.1 s,10.1063_1.5028178::F2::a::0,46,03_corpus/extracted/10.1063_1.5028178/figure_data.json,/figures/0/panels/0/series/0,sha256:af2d40025d6501aaf12e067b33b447703d2b4e20af1953d8bb833750a6d77c1b,,,profile,False,False,,spatial_coordinate,μm,μm,False,spatial_coordinate,coordinate,,spatial_coordinate,µm,spatial_position,,identity_canonical_mapping,already_canonical,,,,False,,,,,False,,Pressure p_A,Pa,Pa,False,unknown,,,,,,,axis_semantic_resolution,unsupported,y quantity 'Pressure p_A' does not resolve to any ontology QuantityKind,,,False,,,,,False
10.1063_1.5028178,10.1063_1.5028178,2,a,0.05 s,10.1063_1.5028178::F2::a::1,36,03_corpus/extracted/10.1063_1.5028178/figure_data.json,/figures/0/panels/0/series/1,sha256:af2d40025d6501aaf12e067b33b447703d2b4e20af1953d8bb833750a6d77c1b,,,profile,False,False,,spatial_coordinate,μm,μm,False,spatial_coordinate,coordinate,,spatial_coordinate,µm,spatial_position,,identity_canonical_mapping,already_canonical,,,,False,,,,,False,,Pressure p_A,Pa,Pa,False,unknown,,,,,,,axis_semantic_resolution,unsupported,y quantity 'Pressure p_A' does not resolve to any ontology QuantityKind,,,False,,,,,False
10.1063_1.5028178,10.1063_1.5028178,2,a,0.02 s,10.1063_1.5028178::F2::a::2,30,03_corpus/extracted/10.1063_1.5028178/figure_data.json,/figures/0/panels/0/series/2,sha256:af2d40025d6501aaf12e067b33b447703d2b4e20af1953d8bb833750a6d77c1b,,,profile,False,False,,spatial_coordinate,μm,μm,False,spatial_coordinate,coordinate,,spatial_coordinate,µm,spatial_position,,identity_canonical_mapping,already_canonical,,,,False,,,,,False,,Pressure p_A,Pa,Pa,False,unknown,,,,,,,axis_semantic_resolution,unsupported,y quantity 'Pressure p_A' does not resolve to any ontology QuantityKind,,,False,,,,,False
10.1063_1.5028178,10.1063_1.5028178,2,a,0.01 s,10.1063_1.5028178::F2::a::3,26,03_corpus/extracted/10.1063_1.5028178/figure_data.json,/figures/0/panels/0/series/3,sha256:af2d40025d6501aaf12e067b33b447703d2b4e20af1953d8bb833750a6d77c1b,,,profile,False,False,,spatial_coordinate,μm,μm,False,spatial_coordinate,coordinate,,spatial_coordinate,µm,spatial_position,,identity_canonical_mapping,already_canonical,,,,False,,,,,False,,Pressure p_A,Pa,Pa,False,unknown,,,,,,,axis_semantic_resolution,unsupported,y quantity 'Pressure p_A' does not resolve to any ontology QuantityKind,,,False,,,,,False
10.1063_1.5028178,10.1063_1.5028178,3,a,0.01 s,10.1063_1.5028178::F3::a::0,22,03_corpus/extracted/10.1063_1.5028178/figure_data.json,/figures/1/panels/0/series/0,sha256:af2d40025d6501aaf12e067b33b447703d2b4e20af1953d8bb833750a6d77c1b,,,profile,False,False,,spatial_coordinate,μm,μm,False,spatial_coordinate,coordinate,,spatial_coordinate,µm,spatial_position,,identity_canonical_mapping,already_canonical,,,,False,,,,,False,,surface_coverage,,,False,output,output,,surface_coverage,1,surface_coverage,,identity_canonical_mapping,already_canonical,,,,False,,,,,False
10.1063_1.5028178,10.1063_1.5028178,3,a,0.02 s,10.1063_1.5028178::F3::a::1,21,03_corpus/extracted/10.1063_1.5028178/figure_data.json,/figures/1/panels/0/series/1,sha256:af2d40025d6501aaf12e067b33b447703d2b4e20af1953d8bb833750a6d77c1b,,,profile,False,False,,spatial_coordinate,μm,μm,False,spatial_coordinate,coordinate,,spatial_coordinate,µm,spatial_position,,identity_canonical_mapping,already_canonical,,,,False,,,,,False,,surface_coverage,,,False,output,output,,surface_coverage,1,surface_coverage,,identity_canonical_mapping,already_canonical,,,,False,,,,,False
10.1063_1.5028178,10.1063_1.5028178,3,a,0.05 s,10.1063_1.5028178::F3::a::2,21,03_corpus/extracted/10.1063_1.5028178/figure_data.json,/figures/1/panels/0/series/2,sha256:af2d40025d6501aaf12e067b33b447703d2b4e20af1953d8bb833750a6d77c1b,,,profile,False,False,,spatial_coordinate,μm,μm,False,spatial_coordinate,coordinate,,spatial_coordinate,µm,spatial_position,,identity_canonical_mapping,already_canonical,,,,False,,,,,False,,surface_coverage,,,False,output,output,,surface_coverage,1,surface_coverage,,identity_canonical_mapping,already_canonical,,,,False,,,,,False
10.1063_1.5028178,10.1063_1.5028178,3,a,0.1 s,10.1063_1.5028178::F3::a::3,19,03_corpus/extracted/10.1063_1.5028178/figure_data.json,/figures/1/panels/0/series/3,sha256:af2d40025d6501aaf12e067b33b447703d2b4e20af1953d8bb833750a6d77c1b,,,profile,False,False,,spatial_coordinate,μm,μm,False,spatial_coordinate,coordinate,,spatial_coordinate,µm,spatial_position,,identity_canonical_mapping,already_canonical,,,,False,,,,,False,,surface_coverage,,,False,output,output,,surface_coverage,1,surface_coverage,,identity_canonical_mapping,already_canonical,,,,False,,,,,False
10.1063_1.5028178,10.1063_1.5028178,4,a,H= 2 µm,10.1063_1.5028178::F4::a::0,25,03_corpus/extracted/10.1063_1.5028178/figure_data.json,/figures/2/panels/0/series/0,sha256:af2d40025d6501aaf12e067b33b447703d2b4e20af1953d8bb833750a6d77c1b,,,profile,False,False,,spatial_coordinate,µm,µm,False,spatial_coordinate,coordinate,,spatial_coordinate,µm,spatial_position,,identity_canonical_mapping,already_canonical,,,,False,,,,,False,,film_thickness,nm,nm,False,output,output,,film_thickness,nm,film_thickness,,identity_canonical_mapping,already_canonical,,,,False,,,,,False
10.1063_1.5028178,10.1063_1.5028178,4,a,1 µm,10.1063_1.5028178::F4::a::1,16,03_corpus/extracted/10.1063_1.5028178/figure_data.json,/figures/2/panels/0/series/1,sha256:af2d40025d6501aaf12e067b33b447703d2b4e20af1953d8bb833750a6d77c1b,,,profile,False,False,,spatial_coordinate,µm,µm,False,spatial_coordinate,coordinate,,spatial_coordinate,µm,spatial_position,,identity_canonical_mapping,already_canonical,,,,False,,,,,False,,film_thickness,nm,nm,False,output,output,,film_thickness,nm,film_thickness,,identity_canonical_mapping,already_canonical,,,,False,,,,,False
10.1063_1.5028178,10.1063_1.5028178,4,a,0.5 µm,10.1063_1.5028178::F4::a::2,14,03_corpus/extracted/10.1063_1.5028178/figure_data.json,/figures/2/panels/0/series/2,sha256:af2d40025d6501aaf12e067b33b447703d2b4e20af1953d8bb833750a6d77c1b,,,profile,False,False,,spatial_coordinate,µm,µm,False,spatial_coordinate,coordinate,,spatial_coordinate,µm,spatial_position,,identity_canonical_mapping,already_canonical,,,,False,,,,,False,,film_thickness,nm,nm,False,output,output,,film_thickness,nm,film_thickness,,identity_canonical_mapping,already_canonical,,,,False,,,,,False
10.1063_1.5028178,10.1063_1.5028178,4,a,0.2 µm,10.1063_1.5028178::F4::a::3,13,03_corpus/extracted/10.1063_1.5028178/figure_data.json,/figures/2/panels/0/series/3,sha256:af2d40025d6501aaf12e067b33b447703d2b4e20af1953d8bb833750a6d77c1b,,,profile,False,False,,spatial_coordinate,µm,µm,False,spatial_coordinate,coordinate,,spatial_coordinate,µm,spatial_position,,identity_canonical_mapping,already_canonical,,,,False,,,,,False,,film_thickness,nm,nm,False,output,output,,film_thickness,nm,film_thickness,,identity_canonical_mapping,already_canonical,,,,False,,,,,False
10.1063_1.5028178,10.1063_1.5028178,5,a,Gordon model,10.1063_1.5028178::F5::a::0,25,03_corpus/extracted/10.1063_1.5028178/figure_data.json,/figures/3/panels/0/series/0,sha256:af2d40025d6501aaf12e067b33b447703d2b4e20af1953d8bb833750a6d77c1b,,,series,False,False,,pulse_time,s,s,False,condition_sweep,condition,,pulse_time,s,pulse_time,,identity_canonical_mapping,already_canonical,,,,False,,,,,False,,penetration_depth,um,um,False,output,output,,penetration_depth,µm,penetration_depth,,identity_canonical_mapping,already_canonical,,,,False,,,,,False
10.1063_1.5028178,10.1063_1.5028178,5,a,Approximation,10.1063_1.5028178::F5::a::1,23,03_corpus/extracted/10.1063_1.5028178/figure_data.json,/figures/3/panels/0/series/1,sha256:af2d40025d6501aaf12e067b33b447703d2b4e20af1953d8bb833750a6d77c1b,,,series,False,False,,pulse_time,s,s,False,condition_sweep,condition,,pulse_time,s,pulse_time,,identity_canonical_mapping,already_canonical,,,,False,,,,,False,,penetration_depth,um,um,False,output,output,,penetration_depth,µm,penetration_depth,,identity_canonical_mapping,already_canonical,,,,False,,,,,False
10.1063_1.5028178,10.1063_1.5028178,5,a,Numerical,10.1063_1.5028178::F5::a::2,10,03_corpus/extracted/10.1063_1.5028178/figure_data.json,/figures/3/panels/0/series/2,sha256:af2d40025d6501aaf12e067b33b447703d2b4e20af1953d8bb833750a6d77c1b,,,series,False,False,,pulse_time,s,s,False,condition_sweep,condition,,pulse_time,s,pulse_time,,identity_canonical_mapping,already_canonical,,,,False,,,,,False,,penetration_depth,um,um,False,output,output,,penetration_depth,µm,penetration_depth,,identity_canonical_mapping,already_canonical,,,,False,,,,,False
10.1063_1.5028178,10.1063_1.5028178,6,a,Fitting result,10.1063_1.5028178::F6::a::0,27,03_corpus/extracted/10.1063_1.5028178/figure_data.json,/figures/4/panels/0/series/0,sha256:af2d40025d6501aaf12e067b33b447703d2b4e20af1953d8bb833750a6d77c1b,10.1063_1.5028178-E015,profile,profile,False,False,,spatial_coordinate,μm,μm,False,spatial_coordinate,coordinate,,spatial_coordinate,µm,spatial_position,,identity_canonical_mapping,already_canonical,,,,False,,,,,False,,film_thickness,nm,nm,False,output,output,,film_thickness,nm,film_thickness,,identity_canonical_mapping,already_canonical,,,,False,,,,,False
10.1063_1.5028178,10.1063_1.5028178,6,a,Measured,10.1063_1.5028178::F6::a::1,63,03_corpus/extracted/10.1063_1.5028178/figure_data.json,/figures/4/panels/0/series/1,sha256:af2d40025d6501aaf12e067b33b447703d2b4e20af1953d8bb833750a6d77c1b,10.1063_1.5028178-E016,profile,profile,False,False,,spatial_coordinate,μm,μm,False,spatial_coordinate,coordinate,,spatial_coordinate,µm,spatial_position,,identity_canonical_mapping,already_canonical,,,,False,,,,,False,,film_thickness,nm,nm,False,output,output,,film_thickness,nm,film_thickness,,identity_canonical_mapping,already_canonical,,,,False,,,,,False
10.1063_1.5028178,10.1063_1.5028178,7,a,Fitting result,10.1063_1.5028178::F7::a::0,24,03_corpus/extracted/10.1063_1.5028178/figure_data.json,/figures/5/panels/0/series/0,sha256:af2d40025d6501aaf12e067b33b447703d2b4e20af1953d8bb833750a6d77c1b,10.1063_1.5028178-E017,profile,profile,False,False,,spatial_coordinate,μm,μm,False,spatial_coordinate,coordinate,,spatial_coordinate,µm,spatial_position,,identity_canonical_mapping,already_canonical,,,,False,,,,,False,,film_thickness,nm,nm,False,output,output,,film_thickness,nm,film_thickness,,identity_canonical_mapping,already_canonical,,,,False,,,,,False
10.1063_1.5028178,10.1063_1.5028178,7,a,Measured,10.1063_1.5028178::F7::a::1,35,03_corpus/extracted/10.1063_1.5028178/figure_data.json,/figures/5/panels/0/series/1,sha256:af2d40025d6501aaf12e067b33b447703d2b4e20af1953d8bb833750a6d77c1b,10.1063_1.5028178-E018,profile,profile,False,False,,spatial_coordinate,μm,μm,False,spatial_coordinate,coordinate,,spatial_coordinate,µm,spatial_position,,identity_canonical_mapping,already_canonical,,,,False,,,,,False,,film_thickness,nm,nm,False,output,output,,film_thickness,nm,film_thickness,,identity_canonical_mapping,already_canonical,,,,False,,,,,False
10.1116_1.4892385,10.1116_1.4892385,2,a,10^22 m^-3,10.1116_1.4892385::F2::a::0,24,03_corpus/extracted/10.1116_1.4892385/figure_data.json,/figures/0/panels/0/series/0,sha256:ca0c77da493e0d7b32a6a419749956f37b2b35cf7f43772c66785278d455d631,,,profile,False,False,,spatial_coordinate,μm,μm,False,spatial_coordinate,coordinate,,spatial_coordinate,µm,spatial_position,,identity_canonical_mapping,already_canonical,,,,False,,,,,False,,surface_coverage,,,False,output,output,,surface_coverage,1,surface_coverage,,identity_canonical_mapping,already_canonical,,,,False,,,,,False
10.1116_1.4892385,10.1116_1.4892385,2,a,4·10^22 m^-3,10.1116_1.4892385::F2::a::1,21,03_corpus/extracted/10.1116_1.4892385/figure_data.json,/figures/0/panels/0/series/1,sha256:ca0c77da493e0d7b32a6a419749956f37b2b35cf7f43772c66785278d455d631,,,profile,False,False,,spatial_coordinate,μm,μm,False,spatial_coordinate,coordinate,,spatial_coordinate,µm,spatial_position,,identity_canonical_mapping,already_canonical,,,,False,,,,,False,,surface_coverage,,,False,output,output,,surface_coverage,1,surface_coverage,,identity_canonical_mapping,already_canonical,,,,False,,,,,False
10.1116_1.4892385,10.1116_1.4892385,2,a,10^23 m^-3,10.1116_1.4892385::F2::a::2,22,03_corpus/extracted/10.1116_1.4892385/figure_data.json,/figures/0/panels/0/series/2,sha256:ca0c77da493e0d7b32a6a419749956f37b2b35cf7f43772c66785278d455d631,,,profile,False,False,,spatial_coordinate,μm,μm,False,spatial_coordinate,coordinate,,spatial_coordinate,µm,spatial_position,,identity_canonical_mapping,already_canonical,,,,False,,,,,False,,surface_coverage,,,False,output,output,,surface_coverage,1,surface_coverage,,identity_canonical_mapping,already_canonical,,,,False,,,,,False
10.1116_1.4892385,10.1116_1.4892385,5,a,measured ZrO₂ layer thickness,10.1116_1.4892385::F5::a::0,17,03_corpus/extracted/10.1116_1.4892385/figure_data.json,/figures/1/panels/0/series/0,sha256:ca0c77da493e0d7b32a6a419749956f37b2b35cf7f43772c66785278d455d631,10.1116_1.4892385-E003,profile,profile,False,False,,spatial_coordinate,μm,μm,False,spatial_coordinate,coordinate,,spatial_coordinate,µm,spatial_position,,identity_canonical_mapping,already_canonical,,,,False,,,,,False,,film_thickness,μm,μm,False,output,output,,film_thickness,nm,film_thickness,,length_unit_conversion,converted,,,,False,,,,,False
10.1116_1.4892385,10.1116_1.4892385,5,a,"calculated coating profile for n_P(t,z=0) = 1.0 · 10²⁰ m⁻³ and β₀ = 2 · 10⁻⁴",10.1116_1.4892385::F5::a::1,51,03_corpus/extracted/10.1116_1.4892385/figure_data.json,/figures/1/panels/0/series/1,sha256:ca0c77da493e0d7b32a6a419749956f37b2b35cf7f43772c66785278d455d631,10.1116_1.4892385-E003,profile,profile,False,False,,spatial_coordinate,μm,μm,False,spatial_coordinate,coordinate,,spatial_coordinate,µm,spatial_position,,identity_canonical_mapping,already_canonical,,,,False,,,,,False,,film_thickness,μm,μm,False,output,output,,film_thickness,nm,film_thickness,,length_unit_conversion,converted,,,,False,,,,,False
10.1116_1.4892385,10.1116_1.4892385,5,a,"calculated coating profile for n_P(t,z=0) = 2.9 · 10²⁰ m⁻³ and β₀ = 2 · 10⁻⁴",10.1116_1.4892385::F5::a::2,41,03_corpus/extracted/10.1116_1.4892385/figure_data.json,/figures/1/panels/0/series/2,sha256:ca0c77da493e0d7b32a6a419749956f37b2b35cf7f43772c66785278d455d631,10.1116_1.4892385-E003,profile,profile,False,False,,spatial_coordinate,μm,μm,False,spatial_coordinate,coordinate,,spatial_coordinate,µm,spatial_position,,identity_canonical_mapping,already_canonical,,,,False,,,,,False,,film_thickness,μm,μm,False,output,output,,film_thickness,nm,film_thickness,,length_unit_conversion,converted,,,,False,,,,,False
10.1116_1.4938104,10.1116_1.4938104,4,d,"Cotton Fibers, 38 °C",10.1116_1.4938104::F4::d::0,16,03_corpus/extracted/10.1116_1.4938104/figure_data.json,/figures/0/panels/0/series/0,sha256:27a9ff290ec1f5af084a0decfcca8fe94c7a781603a3883c323e76a793b94db4,,,series,False,False,Number of ALD Cycles,cycle_number,,,False,condition_sweep,condition,,,,,,axis_semantic_resolution,unsupported,"unit '' is not a recognised, convertible unit (arbitrary/uncalibrated or unparseable)",,,False,,,,,False,Water Contact Angle,Water Contact Angle,°,°,False,unknown,,,,,,,axis_semantic_resolution,unsupported,y quantity 'Water Contact Angle' does not resolve to any ontology QuantityKind,,,False,,,,,False
10.1116_1.4938104,10.1116_1.4938104,4,d,"Cotton Fibers, 60 °C",10.1116_1.4938104::F4::d::1,5,03_corpus/extracted/10.1116_1.4938104/figure_data.json,/figures/0/panels/0/series/1,sha256:27a9ff290ec1f5af084a0decfcca8fe94c7a781603a3883c323e76a793b94db4,,,series,False,False,Number of ALD Cycles,cycle_number,,,False,condition_sweep,condition,,,,,,axis_semantic_resolution,unsupported,"unit '' is not a recognised, convertible unit (arbitrary/uncalibrated or unparseable)",,,False,,,,,False,Water Contact Angle,Water Contact Angle,°,°,False,unknown,,,,,,,axis_semantic_resolution,unsupported,y quantity 'Water Contact Angle' does not resolve to any ontology QuantityKind,,,False,,,,,False
10.1116_1.4938104,10.1116_1.4938104,4,d,"Cotton Fibers, 90 °C",10.1116_1.4938104::F4::d::2,3,03_corpus/extracted/10.1116_1.4938104/figure_data.json,/figures/0/panels/0/series/2,sha256:27a9ff290ec1f5af084a0decfcca8fe94c7a781603a3883c323e76a793b94db4,,,series,False,False,Number of ALD Cycles,cycle_number,,,False,condition_sweep,condition,,,,,,axis_semantic_resolution,unsupported,"unit '' is not a recognised, convertible unit (arbitrary/uncalibrated or unparseable)",,,False,,,,,False,Water Contact Angle,Water Contact Angle,°,°,False,unknown,,,,,,,axis_semantic_resolution,unsupported,y quantity 'Water Contact Angle' does not resolve to any ontology QuantityKind,,,False,,,,,False
10.1116_1.4938104,10.1116_1.4938104,4,d,Cellulose Films,10.1116_1.4938104::F4::d::3,7,03_corpus/extracted/10.1116_1.4938104/figure_data.json,/figures/0/panels/0/series/3,sha256:27a9ff290ec1f5af084a0decfcca8fe94c7a781603a3883c323e76a793b94db4,,,series,False,False,Number of ALD Cycles,cycle_number,,,False,condition_sweep,condition,,,,,,axis_semantic_resolution,unsupported,"unit '' is not a recognised, convertible unit (arbitrary/uncalibrated or unparseable)",,,False,,,,,False,Water Contact Angle,Water Contact Angle,°,°,False,unknown,,,,,,,axis_semantic_resolution,unsupported,y quantity 'Water Contact Angle' does not resolve to any ontology QuantityKind,,,False,,,,,False
10.1116_1.4938104,10.1116_1.4938104,7,a,Untreated PA-6,10.1116_1.4938104::F7::a::0,24,03_corpus/extracted/10.1116_1.4938104/figure_data.json,/figures/2/panels/0/series/0,sha256:27a9ff290ec1f5af084a0decfcca8fe94c7a781603a3883c323e76a793b94db4,,,unresolved,False,False,,wavenumber,cm^-1,cm^-1,False,unknown,,,,,,,axis_semantic_resolution,unsupported,x quantity 'wavenumber' does not resolve to any ontology QuantityKind,,,False,,,,,False,,absorbance,a.u.,a.u.,False,unknown,,,,,,,axis_semantic_resolution,unsupported,y quantity 'absorbance' does not resolve to any ontology QuantityKind,,,False,,,,,False
10.1116_1.4938104,10.1116_1.4938104,7,a,25 cycles ZnO,10.1116_1.4938104::F7::a::1,13,03_corpus/extracted/10.1116_1.4938104/figure_data.json,/figures/2/panels/0/series/1,sha256:27a9ff290ec1f5af084a0decfcca8fe94c7a781603a3883c323e76a793b94db4,,,unresolved,False,False,,wavenumber,cm^-1,cm^-1,False,unknown,,,,,,,axis_semantic_resolution,unsupported,x quantity 'wavenumber' does not resolve to any ontology QuantityKind,,,False,,,,,False,,absorbance,a.u.,a.u.,False,unknown,,,,,,,axis_semantic_resolution,unsupported,y quantity 'absorbance' does not resolve to any ontology QuantityKind,,,False,,,,,False
10.1116_1.4938104,10.1116_1.4938104,7,a,25 cycles ZnO+ 75 cycles Gly/TMA,10.1116_1.4938104::F7::a::2,20,03_corpus/extracted/10.1116_1.4938104/figure_data.json,/figures/2/panels/0/series/2,sha256:27a9ff290ec1f5af084a0decfcca8fe94c7a781603a3883c323e76a793b94db4,,,unresolved,False,False,,wavenumber,cm^-1,cm^-1,False,unknown,,,,,,,axis_semantic_resolution,unsupported,x quantity 'wavenumber' does not resolve to any ontology QuantityKind,,,False,,,,,False,,absorbance,a.u.,a.u.,False,unknown,,,,,,,axis_semantic_resolution,unsupported,y quantity 'absorbance' does not resolve to any ontology QuantityKind,,,False,,,,,False
10.1116_1.4938104,10.1116_1.4938104,7,a,25 cycles ZnO+ 75 cycles Gly/TMA+ 25 cycles Al2O3,10.1116_1.4938104::F7::a::3,20,03_corpus/extracted/10.1116_1.4938104/figure_data.json,/figures/2/panels/0/series/3,sha256:27a9ff290ec1f5af084a0decfcca8fe94c7a781603a3883c323e76a793b94db4,,,unresolved,False,False,,wavenumber,cm^-1,cm^-1,False,unknown,,,,,,,axis_semantic_resolution,unsupported,x quantity 'wavenumber' does not resolve to any ontology QuantityKind,,,False,,,,,False,,absorbance,a.u.,a.u.,False,unknown,,,,,,,axis_semantic_resolution,unsupported,y quantity 'absorbance' does not resolve to any ontology QuantityKind,,,False,,,,,False
10.1116_1.4938104,10.1116_1.4938104,12,b,paper,10.1116_1.4938104::F12::b::0,10,03_corpus/extracted/10.1116_1.4938104/figure_data.json,/figures/5/panels/0/series/0,sha256:27a9ff290ec1f5af084a0decfcca8fe94c7a781603a3883c323e76a793b94db4,,,series,False,False,UV irradiation time (h),exposure,h,h,False,condition_sweep,condition,,,,,,time_unit_conversion,invalid,"declared unit 'h' has dimension time but the quantity's comparison group 'exposure' is exposure — the printed unit and the quantity disagree, so no conversion is safe (needs manual review)",,,False,,,,,False,C/C₀,C/C0,,,False,unknown,,,,,,,axis_semantic_resolution,unsupported,y quantity 'C/C0' does not resolve to any ontology QuantityKind,,,False,,,,,False
10.1116_1.4938104,10.1116_1.4938104,12,b,TiO2/cellulose,10.1116_1.4938104::F12::b::1,11,03_corpus/extracted/10.1116_1.4938104/figure_data.json,/figures/5/panels/0/series/1,sha256:27a9ff290ec1f5af084a0decfcca8fe94c7a781603a3883c323e76a793b94db4,,,series,False,False,UV irradiation time (h),exposure,h,h,False,condition_sweep,condition,,,,,,time_unit_conversion,invalid,"declared unit 'h' has dimension time but the quantity's comparison group 'exposure' is exposure — the printed unit and the quantity disagree, so no conversion is safe (needs manual review)",,,False,,,,,False,C/C₀,C/C0,,,False,unknown,,,,,,,axis_semantic_resolution,unsupported,y quantity 'C/C0' does not resolve to any ontology QuantityKind,,,False,,,,,False
10.1116_1.4938104,10.1116_1.4938104,12,b,Ag/TiO2/cellulose,10.1116_1.4938104::F12::b::2,11,03_corpus/extracted/10.1116_1.4938104/figure_data.json,/figures/5/panels/0/series/2,sha256:27a9ff290ec1f5af084a0decfcca8fe94c7a781603a3883c323e76a793b94db4,,,series,False,False,UV irradiation time (h),exposure,h,h,False,condition_sweep,condition,,,,,,time_unit_conversion,invalid,"declared unit 'h' has dimension time but the quantity's comparison group 'exposure' is exposure — the printed unit and the quantity disagree, so no conversion is safe (needs manual review)",,,False,,,,,False,C/C₀,C/C0,,,False,unknown,,,,,,,axis_semantic_resolution,unsupported,y quantity 'C/C0' does not resolve to any ontology QuantityKind,,,False,,,,,False
10.1116_1.4938104,10.1116_1.4938104,12,b,Ir/TiO2/cellulose,10.1116_1.4938104::F12::b::3,11,03_corpus/extracted/10.1116_1.4938104/figure_data.json,/figures/5/panels/0/series/3,sha256:27a9ff290ec1f5af084a0decfcca8fe94c7a781603a3883c323e76a793b94db4,,,series,False,False,UV irradiation time (h),exposure,h,h,False,condition_sweep,condition,,,,,,time_unit_conversion,invalid,"declared unit 'h' has dimension time but the quantity's comparison group 'exposure' is exposure — the printed unit and the quantity disagree, so no conversion is safe (needs manual review)",,,False,,,,,False,C/C₀,C/C0,,,False,unknown,,,,,,,axis_semantic_resolution,unsupported,y quantity 'C/C0' does not resolve to any ontology QuantityKind,,,False,,,,,False
10.1116_6.0002154,10.1116_6.0002154,3,a,,10.1116_6.0002154::F3::a::0,29,03_corpus/extracted/10.1116_6.0002154/figure_data.json,/figures/0/panels/0/series/0,sha256:38119b86ffb95d4caed39375e8b352b899712ca830140189ee5e1fe05bd6aa88,,,series,False,False,,Temperature,°C,°C,False,condition_sweep,condition,,,,,,axis_semantic_resolution,not_applicable,quantity 'temperature' is not a comparison target (no comparison group declares it),,,False,,,,,False,,Weight,%,%,False,unknown,,,,,,,axis_semantic_resolution,unsupported,y quantity 'Weight' does not resolve to any ontology QuantityKind,,,False,,,,,False
10.1116_6.0002154,10.1116_6.0002154,3,b,,10.1116_6.0002154::F3::b::0,17,03_corpus/extracted/10.1116_6.0002154/figure_data.json,/figures/0/panels/1/series/0,sha256:38119b86ffb95d4caed39375e8b352b899712ca830140189ee5e1fe05bd6aa88,,,series,False,False,,Temperature,°C,°C,False,condition_sweep,condition,,,,,,axis_semantic_resolution,not_applicable,quantity 'temperature' is not a comparison target (no comparison group declares it),,,False,,,,,False,,partial_pressure,torr,torr,False,condition,condition,,,,,,axis_semantic_resolution,not_applicable,quantity 'partial_pressure' is not a comparison target (no comparison group declares it),,,False,,,,,False
10.1116_6.0002154,10.1116_6.0002154,4,a,Mo,10.1116_6.0002154::F4::a::0,22,03_corpus/extracted/10.1116_6.0002154/figure_data.json,/figures/1/panels/0/series/0,sha256:38119b86ffb95d4caed39375e8b352b899712ca830140189ee5e1fe05bd6aa88,,,unresolved,False,False,,Sputtering time,min,min,False,unknown,,,,,,,axis_semantic_resolution,unsupported,x quantity 'Sputtering time' does not resolve to any ontology QuantityKind,,,False,,,,,False,,Atomic concentration,%,%,False,condition,condition,,,,,,axis_semantic_resolution,not_applicable,quantity 'atomic_concentration' is not a comparison target (no comparison group declares it),,,False,,,,,False
10.1116_6.0002154,10.1116_6.0002154,4,a,O,10.1116_6.0002154::F4::a::1,23,03_corpus/extracted/10.1116_6.0002154/figure_data.json,/figures/1/panels/0/series/1,sha256:38119b86ffb95d4caed39375e8b352b899712ca830140189ee5e1fe05bd6aa88,,,unresolved,False,False,,Sputtering time,min,min,False,unknown,,,,,,,axis_semantic_resolution,unsupported,x quantity 'Sputtering time' does not resolve to any ontology QuantityKind,,,False,,,,,False,,Atomic concentration,%,%,False,condition,condition,,,,,,axis_semantic_resolution,not_applicable,quantity 'atomic_concentration' is not a comparison target (no comparison group declares it),,,False,,,,,False
10.1116_6.0002154,10.1116_6.0002154,4,a,N,10.1116_6.0002154::F4::a::2,22,03_corpus/extracted/10.1116_6.0002154/figure_data.json,/figures/1/panels/0/series/2,sha256:38119b86ffb95d4caed39375e8b352b899712ca830140189ee5e1fe05bd6aa88,,,unresolved,False,False,,Sputtering time,min,min,False,unknown,,,,,,,axis_semantic_resolution,unsupported,x quantity 'Sputtering time' does not resolve to any ontology QuantityKind,,,False,,,,,False,,Atomic concentration,%,%,False,condition,condition,,,,,,axis_semantic_resolution,not_applicable,quantity 'atomic_concentration' is not a comparison target (no comparison group declares it),,,False,,,,,False
10.1116_6.0002154,10.1116_6.0002154,4,a,Si,10.1116_6.0002154::F4::a::3,14,03_corpus/extracted/10.1116_6.0002154/figure_data.json,/figures/1/panels/0/series/3,sha256:38119b86ffb95d4caed39375e8b352b899712ca830140189ee5e1fe05bd6aa88,,,unresolved,False,False,,Sputtering time,min,min,False,unknown,,,,,,,axis_semantic_resolution,unsupported,x quantity 'Sputtering time' does not resolve to any ontology QuantityKind,,,False,,,,,False,,Atomic concentration,%,%,False,condition,condition,,,,,,axis_semantic_resolution,not_applicable,quantity 'atomic_concentration' is not a comparison target (no comparison group declares it),,,False,,,,,False
10.1116_6.0002154,10.1116_6.0002154,4,a,C,10.1116_6.0002154::F4::a::4,18,03_corpus/extracted/10.1116_6.0002154/figure_data.json,/figures/1/panels/0/series/4,sha256:38119b86ffb95d4caed39375e8b352b899712ca830140189ee5e1fe05bd6aa88,,,unresolved,False,False,,Sputtering time,min,min,False,unknown,,,,,,,axis_semantic_resolution,unsupported,x quantity 'Sputtering time' does not resolve to any ontology QuantityKind,,,False,,,,,False,,Atomic concentration,%,%,False,condition,condition,,,,,,axis_semantic_resolution,not_applicable,quantity 'atomic_concentration' is not a comparison target (no comparison group declares it),,,False,,,,,False
10.1116_6.0002154,10.1116_6.0002154,4,b,Mo,10.1116_6.0002154::F4::b::0,25,03_corpus/extracted/10.1116_6.0002154/figure_data.json,/figures/1/panels/1/series/0,sha256:38119b86ffb95d4caed39375e8b352b899712ca830140189ee5e1fe05bd6aa88,,,unresolved,False,False,,Sputtering time,min,min,False,unknown,,,,,,,axis_semantic_resolution,unsupported,x quantity 'Sputtering time' does not resolve to any ontology QuantityKind,,,False,,,,,False,,Atomic concentration,%,%,False,condition,condition,,,,,,axis_semantic_resolution,not_applicable,quantity 'atomic_concentration' is not a comparison target (no comparison group declares it),,,False,,,,,False
10.1116_6.0002154,10.1116_6.0002154,4,b,O,10.1116_6.0002154::F4::b::1,25,03_corpus/extracted/10.1116_6.0002154/figure_data.json,/figures/1/panels/1/series/1,sha256:38119b86ffb95d4caed39375e8b352b899712ca830140189ee5e1fe05bd6aa88,,,unresolved,False,False,,Sputtering time,min,min,False,unknown,,,,,,,axis_semantic_resolution,unsupported,x quantity 'Sputtering time' does not resolve to any ontology QuantityKind,,,False,,,,,False,,Atomic concentration,%,%,False,condition,condition,,,,,,axis_semantic_resolution,not_applicable,quantity 'atomic_concentration' is not a comparison target (no comparison group declares it),,,False,,,,,False
10.1116_6.0002154,10.1116_6.0002154,4,b,N,10.1116_6.0002154::F4::b::2,25,03_corpus/extracted/10.1116_6.0002154/figure_data.json,/figures/1/panels/1/series/2,sha256:38119b86ffb95d4caed39375e8b352b899712ca830140189ee5e1fe05bd6aa88,,,unresolved,False,False,,Sputtering time,min,min,False,unknown,,,,,,,axis_semantic_resolution,unsupported,x quantity 'Sputtering time' does not resolve to any ontology QuantityKind,,,False,,,,,False,,Atomic concentration,%,%,False,condition,condition,,,,,,axis_semantic_resolution,not_applicable,quantity 'atomic_concentration' is not a comparison target (no comparison group declares it),,,False,,,,,False
10.1116_6.0002154,10.1116_6.0002154,4,b,Si,10.1116_6.0002154::F4::b::3,13,03_corpus/extracted/10.1116_6.0002154/figure_data.json,/figures/1/panels/1/series/3,sha256:38119b86ffb95d4caed39375e8b352b899712ca830140189ee5e1fe05bd6aa88,,,unresolved,False,False,,Sputtering time,min,min,False,unknown,,,,,,,axis_semantic_resolution,unsupported,x quantity 'Sputtering time' does not resolve to any ontology QuantityKind,,,False,,,,,False,,Atomic concentration,%,%,False,condition,condition,,,,,,axis_semantic_resolution,not_applicable,quantity 'atomic_concentration' is not a comparison target (no comparison group declares it),,,False,,,,,False
10.1116_6.0002154,10.1116_6.0002154,4,b,C,10.1116_6.0002154::F4::b::4,22,03_corpus/extracted/10.1116_6.0002154/figure_data.json,/figures/1/panels/1/series/4,sha256:38119b86ffb95d4caed39375e8b352b899712ca830140189ee5e1fe05bd6aa88,,,unresolved,False,False,,Sputtering time,min,min,False,unknown,,,,,,,axis_semantic_resolution,unsupported,x quantity 'Sputtering time' does not resolve to any ontology QuantityKind,,,False,,,,,False,,Atomic concentration,%,%,False,condition,condition,,,,,,axis_semantic_resolution,not_applicable,quantity 'atomic_concentration' is not a comparison target (no comparison group declares it),,,False,,,,,False
10.1116_6.0002154,10.1116_6.0002154,4,c,Mo,10.1116_6.0002154::F4::c::0,25,03_corpus/extracted/10.1116_6.0002154/figure_data.json,/figures/1/panels/2/series/0,sha256:38119b86ffb95d4caed39375e8b352b899712ca830140189ee5e1fe05bd6aa88,,,unresolved,False,False,,Sputtering time,min,min,False,unknown,,,,,,,axis_semantic_resolution,unsupported,x quantity 'Sputtering time' does not resolve to any ontology QuantityKind,,,False,,,,,False,,Atomic concentration,%,%,False,condition,condition,,,,,,axis_semantic_resolution,not_applicable,quantity 'atomic_concentration' is not a comparison target (no comparison group declares it),,,False,,,,,False
10.1116_6.0002154,10.1116_6.0002154,4,c,O,10.1116_6.0002154::F4::c::1,25,03_corpus/extracted/10.1116_6.0002154/figure_data.json,/figures/1/panels/2/series/1,sha256:38119b86ffb95d4caed39375e8b352b899712ca830140189ee5e1fe05bd6aa88,,,unresolved,False,False,,Sputtering time,min,min,False,unknown,,,,,,,axis_semantic_resolution,unsupported,x quantity 'Sputtering time' does not resolve to any ontology QuantityKind,,,False,,,,,False,,Atomic concentration,%,%,False,condition,condition,,,,,,axis_semantic_resolution,not_applicable,quantity 'atomic_concentration' is not a comparison target (no comparison group declares it),,,False,,,,,False
10.1116_6.0002154,10.1116_6.0002154,4,c,N,10.1116_6.0002154::F4::c::2,26,03_corpus/extracted/10.1116_6.0002154/figure_data.json,/figures/1/panels/2/series/2,sha256:38119b86ffb95d4caed39375e8b352b899712ca830140189ee5e1fe05bd6aa88,,,unresolved,False,False,,Sputtering time,min,min,False,unknown,,,,,,,axis_semantic_resolution,unsupported,x quantity 'Sputtering time' does not resolve to any ontology QuantityKind,,,False,,,,,False,,Atomic concentration,%,%,False,condition,condition,,,,,,axis_semantic_resolution,not_applicable,quantity 'atomic_concentration' is not a comparison target (no comparison group declares it),,,False,,,,,False
10.1116_6.0002154,10.1116_6.0002154,4,c,Si,10.1116_6.0002154::F4::c::3,13,03_corpus/extracted/10.1116_6.0002154/figure_data.json,/figures/1/panels/2/series/3,sha256:38119b86ffb95d4caed39375e8b352b899712ca830140189ee5e1fe05bd6aa88,,,unresolved,False,False,,Sputtering time,min,min,False,unknown,,,,,,,axis_semantic_resolution,unsupported,x quantity 'Sputtering time' does not resolve to any ontology QuantityKind,,,False,,,,,False,,Atomic concentration,%,%,False,condition,condition,,,,,,axis_semantic_resolution,not_applicable,quantity 'atomic_concentration' is not a comparison target (no comparison group declares it),,,False,,,,,False
10.1116_6.0002154,10.1116_6.0002154,4,c,C,10.1116_6.0002154::F4::c::4,20,03_corpus/extracted/10.1116_6.0002154/figure_data.json,/figures/1/panels/2/series/4,sha256:38119b86ffb95d4caed39375e8b352b899712ca830140189ee5e1fe05bd6aa88,,,unresolved,False,False,,Sputtering time,min,min,False,unknown,,,,,,,axis_semantic_resolution,unsupported,x quantity 'Sputtering time' does not resolve to any ontology QuantityKind,,,False,,,,,False,,Atomic concentration,%,%,False,condition,condition,,,,,,axis_semantic_resolution,not_applicable,quantity 'atomic_concentration' is not a comparison target (no comparison group declares it),,,False,,,,,False
10.1116_6.0002154,10.1116_6.0002154,5,a,Raw,10.1116_6.0002154::F5::a::0,45,03_corpus/extracted/10.1116_6.0002154/figure_data.json,/figures/2/panels/0/series/0,sha256:38119b86ffb95d4caed39375e8b352b899712ca830140189ee5e1fe05bd6aa88,,,unresolved,False,False,,Grazing angle (2Θ),deg,deg,False,unknown,,,,,,,axis_semantic_resolution,unsupported,x quantity 'Grazing angle (2Θ)' does not resolve to any ontology QuantityKind,,,False,,,,,False,,Intensity (Arb. unit),a.u.,a.u.,False,unknown,,,,,,,axis_semantic_resolution,unsupported,y quantity 'Intensity (Arb. unit)' does not resolve to any ontology QuantityKind,,,False,,,,,False
10.1116_6.0002154,10.1116_6.0002154,5,a,Fit,10.1116_6.0002154::F5::a::1,43,03_corpus/extracted/10.1116_6.0002154/figure_data.json,/figures/2/panels/0/series/1,sha256:38119b86ffb95d4caed39375e8b352b899712ca830140189ee5e1fe05bd6aa88,,,unresolved,False,False,,Grazing angle (2Θ),deg,deg,False,unknown,,,,,,,axis_semantic_resolution,unsupported,x quantity 'Grazing angle (2Θ)' does not resolve to any ontology QuantityKind,,,False,,,,,False,,Intensity (Arb. unit),a.u.,a.u.,False,unknown,,,,,,,axis_semantic_resolution,unsupported,y quantity 'Intensity (Arb. unit)' does not resolve to any ontology QuantityKind,,,False,,,,,False
10.1116_6.0002154,10.1116_6.0002154,5,b,Thin film thickness,10.1116_6.0002154::F5::b::0,6,03_corpus/extracted/10.1116_6.0002154/figure_data.json,/figures/2/panels/1/series/0,sha256:38119b86ffb95d4caed39375e8b352b899712ca830140189ee5e1fe05bd6aa88,,,series,False,False,,cycle_number,cycles,cycles,False,condition_sweep,condition,,cycle_number,cycle,cycle_count,,identity_canonical_mapping,already_canonical,,,,False,,,,,False,,film_thickness,nm,nm,False,output,output,,film_thickness,nm,film_thickness,,identity_canonical_mapping,already_canonical,,,,False,,,,,False
10.1116_6.0002154,10.1116_6.0002154,6,a,Mo3d,10.1116_6.0002154::F6::a::0,32,03_corpus/extracted/10.1116_6.0002154/figure_data.json,/figures/3/panels/0/series/0,sha256:38119b86ffb95d4caed39375e8b352b899712ca830140189ee5e1fe05bd6aa88,10.1116_6.0002154-E020,multi_output,unresolved,True,False,,Binding energy,eV,eV,False,unknown,,,,,,,axis_semantic_resolution,unsupported,x quantity 'Binding energy' does not resolve to any ontology QuantityKind,,,False,,,,,False,,Intensity,Arb. unit,Arb. unit,False,output,output,,,,,,axis_semantic_resolution,not_applicable,quantity 'intensity' is not a comparison target (no comparison group declares it),,,False,,,,,False
10.1116_6.0002154,10.1116_6.0002154,6,b,N1s and Mo3p,10.1116_6.0002154::F6::b::0,27,03_corpus/extracted/10.1116_6.0002154/figure_data.json,/figures/3/panels/1/series/0,sha256:38119b86ffb95d4caed39375e8b352b899712ca830140189ee5e1fe05bd6aa88,10.1116_6.0002154-E021,multi_output,unresolved,True,False,,Binding energy,eV,eV,False,unknown,,,,,,,axis_semantic_resolution,unsupported,x quantity 'Binding energy' does not resolve to any ontology QuantityKind,,,False,,,,,False,,Intensity,Arb. unit,Arb. unit,False,output,output,,,,,,axis_semantic_resolution,not_applicable,quantity 'intensity' is not a comparison target (no comparison group declares it),,,False,,,,,False
10.1116_6.0002154,10.1116_6.0002154,7,a,Mo2N,10.1116_6.0002154::F7::a::0,48,03_corpus/extracted/10.1116_6.0002154/figure_data.json,/figures/4/panels/0/series/0,sha256:38119b86ffb95d4caed39375e8b352b899712ca830140189ee5e1fe05bd6aa88,,,unresolved,False,False,,2 Θ,degree,degree,False,unknown,,,,,,,axis_semantic_resolution,unsupported,x quantity '2 Θ' does not resolve to any ontology QuantityKind,,,False,,,,,False,,Intensity,a.u.,a.u.,False,output,output,,,,,,axis_semantic_resolution,not_applicable,quantity 'intensity' is not a comparison target (no comparison group declares it),,,False,,,,,False
10.1116_6.0002154,10.1116_6.0002154,9,b,(a) As-dep,10.1116_6.0002154::F9::b::0,35,03_corpus/extracted/10.1116_6.0002154/figure_data.json,/figures/5/panels/0/series/0,sha256:38119b86ffb95d4caed39375e8b352b899712ca830140189ee5e1fe05bd6aa88,10.1116_6.0002154-E023,multi_output,unresolved,True,False,,2Θ,degree,degree,False,unknown,,,,,,,axis_semantic_resolution,unsupported,x quantity '2Θ' does not resolve to any ontology QuantityKind,,,False,,,,,False,,Intensity,arb. unit,arb. unit,False,output,output,,,,,,axis_semantic_resolution,not_applicable,quantity 'intensity' is not a comparison target (no comparison group declares it),,,False,,,,,False
10.1116_6.0002154,10.1116_6.0002154,9,b,(b) 500°C anneal,10.1116_6.0002154::F9::b::1,35,03_corpus/extracted/10.1116_6.0002154/figure_data.json,/figures/5/panels/0/series/1,sha256:38119b86ffb95d4caed39375e8b352b899712ca830140189ee5e1fe05bd6aa88,10.1116_6.0002154-E024,multi_output,unresolved,True,False,,2Θ,degree,degree,False,unknown,,,,,,,axis_semantic_resolution,unsupported,x quantity '2Θ' does not resolve to any ontology QuantityKind,,,False,,,,,False,,Intensity,arb. unit,arb. unit,False,output,output,,,,,,axis_semantic_resolution,not_applicable,quantity 'intensity' is not a comparison target (no comparison group declares it),,,False,,,,,False
10.1116_6.0002154,10.1116_6.0002154,9,b,(c) 600°C anneal,10.1116_6.0002154::F9::b::2,35,03_corpus/extracted/10.1116_6.0002154/figure_data.json,/figures/5/panels/0/series/2,sha256:38119b86ffb95d4caed39375e8b352b899712ca830140189ee5e1fe05bd6aa88,10.1116_6.0002154-E025,multi_output,unresolved,True,False,,2Θ,degree,degree,False,unknown,,,,,,,axis_semantic_resolution,unsupported,x quantity '2Θ' does not resolve to any ontology QuantityKind,,,False,,,,,False,,Intensity,arb. unit,arb. unit,False,output,output,,,,,,axis_semantic_resolution,not_applicable,quantity 'intensity' is not a comparison target (no comparison group declares it),,,False,,,,,False
10.1116_6.0002436,10.1116_6.0002436,1,a,Average GPC,10.1116_6.0002436::F1::a::0,7,03_corpus/extracted/10.1116_6.0002436/figure_data.json,/figures/0/panels/0/series/0,sha256:a5488c58b70f116f70198792f773d322bf5b7353a32c673224fc2e0c670ffdd0,,,series,False,False,,pulse_time,s,s,False,condition_sweep,condition,,pulse_time,s,pulse_time,,identity_canonical_mapping,already_canonical,,,,False,,,,,False,,growth_per_cycle,Å/cycle,Å/cycle,False,output,output,,growth_per_cycle,nm/cycle,growth_per_cycle,,growth_per_cycle_unit_conversion,converted,,,,False,,,,,False
10.1116_6.0002436,10.1116_6.0002436,1,b,SUP,10.1116_6.0002436::F1::b::0,7,03_corpus/extracted/10.1116_6.0002436/figure_data.json,/figures/0/panels/1/series/0,sha256:a5488c58b70f116f70198792f773d322bf5b7353a32c673224fc2e0c670ffdd0,,,series,False,False,,pulse_time,s,s,False,condition_sweep,condition,,pulse_time,s,pulse_time,,identity_canonical_mapping,already_canonical,,,,False,,,,,False,,SUP,%,%,False,unknown,,,,,,,axis_semantic_resolution,unsupported,y quantity 'SUP' does not resolve to any ontology QuantityKind,,,False,,,,,False
10.1116_6.0002436,10.1116_6.0002436,2,a,Average GPC,10.1116_6.0002436::F2::a::0,8,03_corpus/extracted/10.1116_6.0002436/figure_data.json,/figures/1/panels/0/series/0,sha256:a5488c58b70f116f70198792f773d322bf5b7353a32c673224fc2e0c670ffdd0,,,series,False,False,,deposition_temperature,°C,°C,False,condition_sweep,condition,,deposition_temperature,K,process_temperature,,temperature_unit_conversion,converted,,,,False,,,,,False,,growth_per_cycle,Å/cycle,Å/cycle,False,output,output,,growth_per_cycle,nm/cycle,growth_per_cycle,,growth_per_cycle_unit_conversion,converted,,,,False,,,,,False
10.1116_6.0002436,10.1116_6.0002436,2,a,Inlet GPC,10.1116_6.0002436::F2::a::1,8,03_corpus/extracted/10.1116_6.0002436/figure_data.json,/figures/1/panels/0/series/1,sha256:a5488c58b70f116f70198792f773d322bf5b7353a32c673224fc2e0c670ffdd0,,,series,False,False,,deposition_temperature,°C,°C,False,condition_sweep,condition,,deposition_temperature,K,process_temperature,,temperature_unit_conversion,converted,,,,False,,,,,False,,growth_per_cycle,Å/cycle,Å/cycle,False,output,output,,growth_per_cycle,nm/cycle,growth_per_cycle,,growth_per_cycle_unit_conversion,converted,,,,False,,,,,False
10.1116_6.0002436,10.1116_6.0002436,2,a,Middle GPC,10.1116_6.0002436::F2::a::2,8,03_corpus/extracted/10.1116_6.0002436/figure_data.json,/figures/1/panels/0/series/2,sha256:a5488c58b70f116f70198792f773d322bf5b7353a32c673224fc2e0c670ffdd0,,,series,False,False,,deposition_temperature,°C,°C,False,condition_sweep,condition,,deposition_temperature,K,process_temperature,,temperature_unit_conversion,converted,,,,False,,,,,False,,growth_per_cycle,Å/cycle,Å/cycle,False,output,output,,growth_per_cycle,nm/cycle,growth_per_cycle,,growth_per_cycle_unit_conversion,converted,,,,False,,,,,False
10.1116_6.0002436,10.1116_6.0002436,2,a,Outlet GPC,10.1116_6.0002436::F2::a::3,8,03_corpus/extracted/10.1116_6.0002436/figure_data.json,/figures/1/panels/0/series/3,sha256:a5488c58b70f116f70198792f773d322bf5b7353a32c673224fc2e0c670ffdd0,,,series,False,False,,deposition_temperature,°C,°C,False,condition_sweep,condition,,deposition_temperature,K,process_temperature,,temperature_unit_conversion,converted,,,,False,,,,,False,,growth_per_cycle,Å/cycle,Å/cycle,False,output,output,,growth_per_cycle,nm/cycle,growth_per_cycle,,growth_per_cycle_unit_conversion,converted,,,,False,,,,,False
10.1116_6.0002436,10.1116_6.0002436,2,b,SUP,10.1116_6.0002436::F2::b::0,8,03_corpus/extracted/10.1116_6.0002436/figure_data.json,/figures/1/panels/1/series/0,sha256:a5488c58b70f116f70198792f773d322bf5b7353a32c673224fc2e0c670ffdd0,,,series,False,False,,deposition_temperature,°C,°C,False,condition_sweep,condition,,deposition_temperature,K,process_temperature,,temperature_unit_conversion,converted,,,,False,,,,,False,,SUP,%,%,False,unknown,,,,,,,axis_semantic_resolution,unsupported,y quantity 'SUP' does not resolve to any ontology QuantityKind,,,False,,,,,False
10.1116_6.0002436,10.1116_6.0002436,3,a,"200 °C, 350 °C Annealed",10.1116_6.0002436::F3::a::0,41,03_corpus/extracted/10.1116_6.0002436/figure_data.json,/figures/2/panels/0/series/0,sha256:a5488c58b70f116f70198792f773d322bf5b7353a32c673224fc2e0c670ffdd0,10.1116_6.0002436-E007,multi_output,unresolved,True,False,,2Θ,Degrees,Degrees,False,unknown,,,,,,,axis_semantic_resolution,unsupported,x quantity '2Θ' does not resolve to any ontology QuantityKind,,,False,,,,,False,,Relative Intensity,a.u.,a.u.,False,unknown,,,,,,,axis_semantic_resolution,unsupported,y quantity 'Relative Intensity' does not resolve to any ontology QuantityKind,,,False,,,,,False
10.1116_6.0002436,10.1116_6.0002436,3,a,As-Deposited 200 °C,10.1116_6.0002436::F3::a::1,21,03_corpus/extracted/10.1116_6.0002436/figure_data.json,/figures/2/panels/0/series/1,sha256:a5488c58b70f116f70198792f773d322bf5b7353a32c673224fc2e0c670ffdd0,10.1116_6.0002436-E008,multi_output,unresolved,True,False,,2Θ,Degrees,Degrees,False,unknown,,,,,,,axis_semantic_resolution,unsupported,x quantity '2Θ' does not resolve to any ontology QuantityKind,,,False,,,,,False,,Relative Intensity,a.u.,a.u.,False,unknown,,,,,,,axis_semantic_resolution,unsupported,y quantity 'Relative Intensity' does not resolve to any ontology QuantityKind,,,False,,,,,False
10.1116_6.0002436,10.1116_6.0002436,3,a,As-Deposited 150 °C,10.1116_6.0002436::F3::a::2,21,03_corpus/extracted/10.1116_6.0002436/figure_data.json,/figures/2/panels/0/series/2,sha256:a5488c58b70f116f70198792f773d322bf5b7353a32c673224fc2e0c670ffdd0,10.1116_6.0002436-E009,multi_output,unresolved,True,False,,2Θ,Degrees,Degrees,False,unknown,,,,,,,axis_semantic_resolution,unsupported,x quantity '2Θ' does not resolve to any ontology QuantityKind,,,False,,,,,False,,Relative Intensity,a.u.,a.u.,False,unknown,,,,,,,axis_semantic_resolution,unsupported,y quantity 'Relative Intensity' does not resolve to any ontology QuantityKind,,,False,,,,,False
10.1116_6.0002436,10.1116_6.0002436,3,a,As-Deposited 100 °C,10.1116_6.0002436::F3::a::3,21,03_corpus/extracted/10.1116_6.0002436/figure_data.json,/figures/2/panels/0/series/3,sha256:a5488c58b70f116f70198792f773d322bf5b7353a32c673224fc2e0c670ffdd0,10.1116_6.0002436-E010,multi_output,unresolved,True,False,,2Θ,Degrees,Degrees,False,unknown,,,,,,,axis_semantic_resolution,unsupported,x quantity '2Θ' does not resolve to any ontology QuantityKind,,,False,,,,,False,,Relative Intensity,a.u.,a.u.,False,unknown,,,,,,,axis_semantic_resolution,unsupported,y quantity 'Relative Intensity' does not resolve to any ontology QuantityKind,,,False,,,,,False
10.1116_6.0002436,10.1116_6.0002436,4,a,100°C,10.1116_6.0002436::F4::a::0,24,03_corpus/extracted/10.1116_6.0002436/figure_data.json,/figures/3/panels/0/series/0,sha256:a5488c58b70f116f70198792f773d322bf5b7353a32c673224fc2e0c670ffdd0,10.1116_6.0002436-E011,multi_output,unresolved,True,False,,Binding Energy,eV,eV,False,unknown,,,,,,,axis_semantic_resolution,unsupported,x quantity 'Binding Energy' does not resolve to any ontology QuantityKind,,,False,,,,,False,,Counts/s (A.U.),a.u.,a.u.,False,unknown,,,,,,,axis_semantic_resolution,unsupported,y quantity 'Counts/s (A.U.)' does not resolve to any ontology QuantityKind,,,False,,,,,False
10.1116_6.0002436,10.1116_6.0002436,4,a,150°C,10.1116_6.0002436::F4::a::1,24,03_corpus/extracted/10.1116_6.0002436/figure_data.json,/figures/3/panels/0/series/1,sha256:a5488c58b70f116f70198792f773d322bf5b7353a32c673224fc2e0c670ffdd0,10.1116_6.0002436-E012,multi_output,unresolved,True,False,,Binding Energy,eV,eV,False,unknown,,,,,,,axis_semantic_resolution,unsupported,x quantity 'Binding Energy' does not resolve to any ontology QuantityKind,,,False,,,,,False,,Counts/s (A.U.),a.u.,a.u.,False,unknown,,,,,,,axis_semantic_resolution,unsupported,y quantity 'Counts/s (A.U.)' does not resolve to any ontology QuantityKind,,,False,,,,,False
10.1116_6.0002436,10.1116_6.0002436,4,a,200°C,10.1116_6.0002436::F4::a::2,24,03_corpus/extracted/10.1116_6.0002436/figure_data.json,/figures/3/panels/0/series/2,sha256:a5488c58b70f116f70198792f773d322bf5b7353a32c673224fc2e0c670ffdd0,10.1116_6.0002436-E013,multi_output,unresolved,True,False,,Binding Energy,eV,eV,False,unknown,,,,,,,axis_semantic_resolution,unsupported,x quantity 'Binding Energy' does not resolve to any ontology QuantityKind,,,False,,,,,False,,Counts/s (A.U.),a.u.,a.u.,False,unknown,,,,,,,axis_semantic_resolution,unsupported,y quantity 'Counts/s (A.U.)' does not resolve to any ontology QuantityKind,,,False,,,,,False
10.1116_6.0002436,10.1116_6.0002436,4,a,200°C Annealed,10.1116_6.0002436::F4::a::3,24,03_corpus/extracted/10.1116_6.0002436/figure_data.json,/figures/3/panels/0/series/3,sha256:a5488c58b70f116f70198792f773d322bf5b7353a32c673224fc2e0c670ffdd0,10.1116_6.0002436-E014,multi_output,unresolved,True,False,,Binding Energy,eV,eV,False,unknown,,,,,,,axis_semantic_resolution,unsupported,x quantity 'Binding Energy' does not resolve to any ontology QuantityKind,,,False,,,,,False,,Counts/s (A.U.),a.u.,a.u.,False,unknown,,,,,,,axis_semantic_resolution,unsupported,y quantity 'Counts/s (A.U.)' does not resolve to any ontology QuantityKind,,,False,,,,,False
10.1116_6.0002436,10.1116_6.0002436,5,a,100°C (O 1s A),10.1116_6.0002436::F5::a::0,19,03_corpus/extracted/10.1116_6.0002436/figure_data.json,/figures/4/panels/0/series/0,sha256:a5488c58b70f116f70198792f773d322bf5b7353a32c673224fc2e0c670ffdd0,10.1116_6.0002436-E015,multi_output,unresolved,True,False,,Binding Energy,eV,eV,False,unknown,,,,,,,axis_semantic_resolution,unsupported,x quantity 'Binding Energy' does not resolve to any ontology QuantityKind,,,False,,,,,False,,Counts/s,a.u.,a.u.,False,unknown,,,,,,,axis_semantic_resolution,unsupported,y quantity 'Counts/s' does not resolve to any ontology QuantityKind,,,False,,,,,False
10.1116_6.0002436,10.1116_6.0002436,5,a,100°C (O 1s C),10.1116_6.0002436::F5::a::1,10,03_corpus/extracted/10.1116_6.0002436/figure_data.json,/figures/4/panels/0/series/1,sha256:a5488c58b70f116f70198792f773d322bf5b7353a32c673224fc2e0c670ffdd0,10.1116_6.0002436-E016,multi_output,unresolved,True,False,,Binding Energy,eV,eV,False,unknown,,,,,,,axis_semantic_resolution,unsupported,x quantity 'Binding Energy' does not resolve to any ontology QuantityKind,,,False,,,,,False,,Counts/s,a.u.,a.u.,False,unknown,,,,,,,axis_semantic_resolution,unsupported,y quantity 'Counts/s' does not resolve to any ontology QuantityKind,,,False,,,,,False
10.1116_6.0002436,10.1116_6.0002436,5,a,100°C (Total),10.1116_6.0002436::F5::a::2,15,03_corpus/extracted/10.1116_6.0002436/figure_data.json,/figures/4/panels/0/series/2,sha256:a5488c58b70f116f70198792f773d322bf5b7353a32c673224fc2e0c670ffdd0,10.1116_6.0002436-E017,multi_output,unresolved,True,False,,Binding Energy,eV,eV,False,unknown,,,,,,,axis_semantic_resolution,unsupported,x quantity 'Binding Energy' does not resolve to any ontology QuantityKind,,,False,,,,,False,,Counts/s,a.u.,a.u.,False,unknown,,,,,,,axis_semantic_resolution,unsupported,y quantity 'Counts/s' does not resolve to any ontology QuantityKind,,,False,,,,,False
10.1116_6.0002436,10.1116_6.0002436,5,a,150°C (O 1s A),10.1116_6.0002436::F5::a::3,16,03_corpus/extracted/10.1116_6.0002436/figure_data.json,/figures/4/panels/0/series/3,sha256:a5488c58b70f116f70198792f773d322bf5b7353a32c673224fc2e0c670ffdd0,10.1116_6.0002436-E018,multi_output,unresolved,True,False,,Binding Energy,eV,eV,False,unknown,,,,,,,axis_semantic_resolution,unsupported,x quantity 'Binding Energy' does not resolve to any ontology QuantityKind,,,False,,,,,False,,Counts/s,a.u.,a.u.,False,unknown,,,,,,,axis_semantic_resolution,unsupported,y quantity 'Counts/s' does not resolve to any ontology QuantityKind,,,False,,,,,False
10.1116_6.0002436,10.1116_6.0002436,5,a,150°C (O 1s C),10.1116_6.0002436::F5::a::4,8,03_corpus/extracted/10.1116_6.0002436/figure_data.json,/figures/4/panels/0/series/4,sha256:a5488c58b70f116f70198792f773d322bf5b7353a32c673224fc2e0c670ffdd0,10.1116_6.0002436-E019,multi_output,unresolved,True,False,,Binding Energy,eV,eV,False,unknown,,,,,,,axis_semantic_resolution,unsupported,x quantity 'Binding Energy' does not resolve to any ontology QuantityKind,,,False,,,,,False,,Counts/s,a.u.,a.u.,False,unknown,,,,,,,axis_semantic_resolution,unsupported,y quantity 'Counts/s' does not resolve to any ontology QuantityKind,,,False,,,,,False
10.1116_6.0002436,10.1116_6.0002436,5,a,150°C (Total),10.1116_6.0002436::F5::a::5,13,03_corpus/extracted/10.1116_6.0002436/figure_data.json,/figures/4/panels/0/series/5,sha256:a5488c58b70f116f70198792f773d322bf5b7353a32c673224fc2e0c670ffdd0,10.1116_6.0002436-E020,multi_output,unresolved,True,False,,Binding Energy,eV,eV,False,unknown,,,,,,,axis_semantic_resolution,unsupported,x quantity 'Binding Energy' does not resolve to any ontology QuantityKind,,,False,,,,,False,,Counts/s,a.u.,a.u.,False,unknown,,,,,,,axis_semantic_resolution,unsupported,y quantity 'Counts/s' does not resolve to any ontology QuantityKind,,,False,,,,,False
10.1116_6.0002436,10.1116_6.0002436,5,a,200°C (O 1s A),10.1116_6.0002436::F5::a::6,15,03_corpus/extracted/10.1116_6.0002436/figure_data.json,/figures/4/panels/0/series/6,sha256:a5488c58b70f116f70198792f773d322bf5b7353a32c673224fc2e0c670ffdd0,10.1116_6.0002436-E021,multi_output,unresolved,True,False,,Binding Energy,eV,eV,False,unknown,,,,,,,axis_semantic_resolution,unsupported,x quantity 'Binding Energy' does not resolve to any ontology QuantityKind,,,False,,,,,False,,Counts/s,a.u.,a.u.,False,unknown,,,,,,,axis_semantic_resolution,unsupported,y quantity 'Counts/s' does not resolve to any ontology QuantityKind,,,False,,,,,False
10.1116_6.0002436,10.1116_6.0002436,5,a,200°C (O 1s C),10.1116_6.0002436::F5::a::7,7,03_corpus/extracted/10.1116_6.0002436/figure_data.json,/figures/4/panels/0/series/7,sha256:a5488c58b70f116f70198792f773d322bf5b7353a32c673224fc2e0c670ffdd0,10.1116_6.0002436-E022,multi_output,unresolved,True,False,,Binding Energy,eV,eV,False,unknown,,,,,,,axis_semantic_resolution,unsupported,x quantity 'Binding Energy' does not resolve to any ontology QuantityKind,,,False,,,,,False,,Counts/s,a.u.,a.u.,False,unknown,,,,,,,axis_semantic_resolution,unsupported,y quantity 'Counts/s' does not resolve to any ontology QuantityKind,,,False,,,,,False
10.1116_6.0002436,10.1116_6.0002436,5,a,200°C (Total),10.1116_6.0002436::F5::a::8,13,03_corpus/extracted/10.1116_6.0002436/figure_data.json,/figures/4/panels/0/series/8,sha256:a5488c58b70f116f70198792f773d322bf5b7353a32c673224fc2e0c670ffdd0,10.1116_6.0002436-E023,multi_output,unresolved,True,False,,Binding Energy,eV,eV,False,unknown,,,,,,,axis_semantic_resolution,unsupported,x quantity 'Binding Energy' does not resolve to any ontology QuantityKind,,,False,,,,,False,,Counts/s,a.u.,a.u.,False,unknown,,,,,,,axis_semantic_resolution,unsupported,y quantity 'Counts/s' does not resolve to any ontology QuantityKind,,,False,,,,,False
10.1116_6.0002436,10.1116_6.0002436,5,a,200°C Annealed (O 1s A),10.1116_6.0002436::F5::a::9,14,03_corpus/extracted/10.1116_6.0002436/figure_data.json,/figures/4/panels/0/series/9,sha256:a5488c58b70f116f70198792f773d322bf5b7353a32c673224fc2e0c670ffdd0,10.1116_6.0002436-E024,multi_output,unresolved,True,False,,Binding Energy,eV,eV,False,unknown,,,,,,,axis_semantic_resolution,unsupported,x quantity 'Binding Energy' does not resolve to any ontology QuantityKind,,,False,,,,,False,,Counts/s,a.u.,a.u.,False,unknown,,,,,,,axis_semantic_resolution,unsupported,y quantity 'Counts/s' does not resolve to any ontology QuantityKind,,,False,,,,,False
10.1116_6.0002436,10.1116_6.0002436,5,a,200°C Annealed (O 1s C),10.1116_6.0002436::F5::a::10,10,03_corpus/extracted/10.1116_6.0002436/figure_data.json,/figures/4/panels/0/series/10,sha256:a5488c58b70f116f70198792f773d322bf5b7353a32c673224fc2e0c670ffdd0,10.1116_6.0002436-E025,multi_output,unresolved,True,False,,Binding Energy,eV,eV,False,unknown,,,,,,,axis_semantic_resolution,unsupported,x quantity 'Binding Energy' does not resolve to any ontology QuantityKind,,,False,,,,,False,,Counts/s,a.u.,a.u.,False,unknown,,,,,,,axis_semantic_resolution,unsupported,y quantity 'Counts/s' does not resolve to any ontology QuantityKind,,,False,,,,,False
10.1116_6.0002436,10.1116_6.0002436,5,a,200°C Annealed (Total),10.1116_6.0002436::F5::a::11,14,03_corpus/extracted/10.1116_6.0002436/figure_data.json,/figures/4/panels/0/series/11,sha256:a5488c58b70f116f70198792f773d322bf5b7353a32c673224fc2e0c670ffdd0,10.1116_6.0002436-E026,multi_output,unresolved,True,False,,Binding Energy,eV,eV,False,unknown,,,,,,,axis_semantic_resolution,unsupported,x quantity 'Binding Energy' does not resolve to any ontology QuantityKind,,,False,,,,,False,,Counts/s,a.u.,a.u.,False,unknown,,,,,,,axis_semantic_resolution,unsupported,y quantity 'Counts/s' does not resolve to any ontology QuantityKind,,,False,,,,,False
10.1116_6.0002436,10.1116_6.0002436,6,a,iPrCp-Mo As dep,10.1116_6.0002436::F6::a::0,27,03_corpus/extracted/10.1116_6.0002436/figure_data.json,/figures/5/panels/0/series/0,sha256:a5488c58b70f116f70198792f773d322bf5b7353a32c673224fc2e0c670ffdd0,10.1116_6.0002436-E027,multi_output,unresolved,True,False,,wavenumber,cm^-1,cm^-1,False,unknown,,,,,,,axis_semantic_resolution,unsupported,x quantity 'wavenumber' does not resolve to any ontology QuantityKind,,,False,,,,,False,,Absorbance,a.u.,a.u.,False,unknown,,,,,,,axis_semantic_resolution,unsupported,y quantity 'Absorbance' does not resolve to any ontology QuantityKind,,,False,,,,,False
10.1116_6.0002436,10.1116_6.0002436,6,a,iPrCp-Mo After anneal,10.1116_6.0002436::F6::a::1,16,03_corpus/extracted/10.1116_6.0002436/figure_data.json,/figures/5/panels/0/series/1,sha256:a5488c58b70f116f70198792f773d322bf5b7353a32c673224fc2e0c670ffdd0,10.1116_6.0002436-E028,multi_output,unresolved,True,False,,wavenumber,cm^-1,cm^-1,False,unknown,,,,,,,axis_semantic_resolution,unsupported,x quantity 'wavenumber' does not resolve to any ontology QuantityKind,,,False,,,,,False,,Absorbance,a.u.,a.u.,False,unknown,,,,,,,axis_semantic_resolution,unsupported,y quantity 'Absorbance' does not resolve to any ontology QuantityKind,,,False,,,,,False
10.1116_6.0002436,10.1116_6.0002436,6,a,tBuN-Mo As dep,10.1116_6.0002436::F6::a::2,19,03_corpus/extracted/10.1116_6.0002436/figure_data.json,/figures/5/panels/0/series/2,sha256:a5488c58b70f116f70198792f773d322bf5b7353a32c673224fc2e0c670ffdd0,10.1116_6.0002436-E029,multi_output,unresolved,True,False,,wavenumber,cm^-1,cm^-1,False,unknown,,,,,,,axis_semantic_resolution,unsupported,x quantity 'wavenumber' does not resolve to any ontology QuantityKind,,,False,,,,,False,,Absorbance,a.u.,a.u.,False,unknown,,,,,,,axis_semantic_resolution,unsupported,y quantity 'Absorbance' does not resolve to any ontology QuantityKind,,,False,,,,,False
10.1116_6.0002436,10.1116_6.0002436,6,a,tBuN-Mo After anneal,10.1116_6.0002436::F6::a::3,18,03_corpus/extracted/10.1116_6.0002436/figure_data.json,/figures/5/panels/0/series/3,sha256:a5488c58b70f116f70198792f773d322bf5b7353a32c673224fc2e0c670ffdd0,10.1116_6.0002436-E030,multi_output,unresolved,True,False,,wavenumber,cm^-1,cm^-1,False,unknown,,,,,,,axis_semantic_resolution,unsupported,x quantity 'wavenumber' does not resolve to any ontology QuantityKind,,,False,,,,,False,,Absorbance,a.u.,a.u.,False,unknown,,,,,,,axis_semantic_resolution,unsupported,y quantity 'Absorbance' does not resolve to any ontology QuantityKind,,,False,,,,,False
10.1116_6.0002436,10.1116_6.0002436,6,b,iPrCp-Mo As dep,10.1116_6.0002436::F6::b::0,11,03_corpus/extracted/10.1116_6.0002436/figure_data.json,/figures/5/panels/1/series/0,sha256:a5488c58b70f116f70198792f773d322bf5b7353a32c673224fc2e0c670ffdd0,10.1116_6.0002436-E031,multi_output,unresolved,True,False,,wavenumber,cm^-1,cm^-1,False,unknown,,,,,,,axis_semantic_resolution,unsupported,x quantity 'wavenumber' does not resolve to any ontology QuantityKind,,,False,,,,,False,,Absorbance,a.u.,a.u.,False,unknown,,,,,,,axis_semantic_resolution,unsupported,y quantity 'Absorbance' does not resolve to any ontology QuantityKind,,,False,,,,,False
10.1116_6.0002436,10.1116_6.0002436,6,b,iPrCp-Mo After anneal,10.1116_6.0002436::F6::b::1,12,03_corpus/extracted/10.1116_6.0002436/figure_data.json,/figures/5/panels/1/series/1,sha256:a5488c58b70f116f70198792f773d322bf5b7353a32c673224fc2e0c670ffdd0,10.1116_6.0002436-E032,multi_output,unresolved,True,False,,wavenumber,cm^-1,cm^-1,False,unknown,,,,,,,axis_semantic_resolution,unsupported,x quantity 'wavenumber' does not resolve to any ontology QuantityKind,,,False,,,,,False,,Absorbance,a.u.,a.u.,False,unknown,,,,,,,axis_semantic_resolution,unsupported,y quantity 'Absorbance' does not resolve to any ontology QuantityKind,,,False,,,,,False
10.1116_6.0002436,10.1116_6.0002436,6,b,tBuN-Mo As dep,10.1116_6.0002436::F6::b::2,9,03_corpus/extracted/10.1116_6.0002436/figure_data.json,/figures/5/panels/1/series/2,sha256:a5488c58b70f116f70198792f773d322bf5b7353a32c673224fc2e0c670ffdd0,10.1116_6.0002436-E033,multi_output,unresolved,True,False,,wavenumber,cm^-1,cm^-1,False,unknown,,,,,,,axis_semantic_resolution,unsupported,x quantity 'wavenumber' does not resolve to any ontology QuantityKind,,,False,,,,,False,,Absorbance,a.u.,a.u.,False,unknown,,,,,,,axis_semantic_resolution,unsupported,y quantity 'Absorbance' does not resolve to any ontology QuantityKind,,,False,,,,,False
10.1116_6.0002436,10.1116_6.0002436,6,b,tBuN-Mo After anneal,10.1116_6.0002436::F6::b::3,12,03_corpus/extracted/10.1116_6.0002436/figure_data.json,/figures/5/panels/1/series/3,sha256:a5488c58b70f116f70198792f773d322bf5b7353a32c673224fc2e0c670ffdd0,10.1116_6.0002436-E034,multi_output,unresolved,True,False,,wavenumber,cm^-1,cm^-1,False,unknown,,,,,,,axis_semantic_resolution,unsupported,x quantity 'wavenumber' does not resolve to any ontology QuantityKind,,,False,,,,,False,,Absorbance,a.u.,a.u.,False,unknown,,,,,,,axis_semantic_resolution,unsupported,y quantity 'Absorbance' does not resolve to any ontology QuantityKind,,,False,,,,,False
10.1116_6.0002804,10.1116_6.0002804,1,a,,10.1116_6.0002804::F1::a::0,6,03_corpus/extracted/10.1116_6.0002804/figure_data.json,/figures/0/panels/0/series/0,sha256:2c1e4df5fe05c5a8b15ad85252c3a2330535366203c524e300c4dd101411009f,,,series,False,False,,pulse_time,s,s,False,condition_sweep,condition,,pulse_time,s,pulse_time,,identity_canonical_mapping,already_canonical,,,,False,,,,,False,,growth_per_cycle,nm/cycle,nm/cycle,False,output,output,,growth_per_cycle,nm/cycle,growth_per_cycle,,identity_canonical_mapping,already_canonical,,,,False,,,,,False
10.1116_6.0002804,10.1116_6.0002804,1,b,,10.1116_6.0002804::F1::b::0,11,03_corpus/extracted/10.1116_6.0002804/figure_data.json,/figures/0/panels/1/series/0,sha256:2c1e4df5fe05c5a8b15ad85252c3a2330535366203c524e300c4dd101411009f,,,series,False,False,,pulse_time,s,s,False,condition_sweep,condition,,pulse_time,s,pulse_time,,identity_canonical_mapping,already_canonical,,,,False,,,,,False,,growth_per_cycle,nm/cycle,nm/cycle,False,output,output,,growth_per_cycle,nm/cycle,growth_per_cycle,,identity_canonical_mapping,already_canonical,,,,False,,,,,False
10.1116_6.0002804,10.1116_6.0002804,1,c,,10.1116_6.0002804::F1::c::0,8,03_corpus/extracted/10.1116_6.0002804/figure_data.json,/figures/0/panels/2/series/0,sha256:2c1e4df5fe05c5a8b15ad85252c3a2330535366203c524e300c4dd101411009f,,,series,False,False,,purge_time,s,s,False,condition_sweep,condition,,,,,,axis_semantic_resolution,not_applicable,quantity 'purge_time' is not a comparison target (no comparison group declares it),,,False,,,,,False,,growth_per_cycle,nm/cycle,nm/cycle,False,output,output,,growth_per_cycle,nm/cycle,growth_per_cycle,,identity_canonical_mapping,already_canonical,,,,False,,,,,False
10.1116_6.0002804,10.1116_6.0002804,1,d,,10.1116_6.0002804::F1::d::0,8,03_corpus/extracted/10.1116_6.0002804/figure_data.json,/figures/0/panels/3/series/0,sha256:2c1e4df5fe05c5a8b15ad85252c3a2330535366203c524e300c4dd101411009f,,,series,False,False,,purge_time,s,s,False,condition_sweep,condition,,,,,,axis_semantic_resolution,not_applicable,quantity 'purge_time' is not a comparison target (no comparison group declares it),,,False,,,,,False,,growth_per_cycle,nm/cycle,nm/cycle,False,output,output,,growth_per_cycle,nm/cycle,growth_per_cycle,,identity_canonical_mapping,already_canonical,,,,False,,,,,False
10.1116_6.0002804,10.1116_6.0002804,1,e,,10.1116_6.0002804::F1::e::0,17,03_corpus/extracted/10.1116_6.0002804/figure_data.json,/figures/0/panels/4/series/0,sha256:2c1e4df5fe05c5a8b15ad85252c3a2330535366203c524e300c4dd101411009f,,,unresolved,False,False,,Hot-wire temperature,°C,°C,False,unknown,,,,,,,axis_semantic_resolution,unsupported,x quantity 'Hot-wire temperature' does not resolve to any ontology QuantityKind,,,False,,,,,False,,growth_per_cycle,nm/cycle,nm/cycle,False,output,output,,growth_per_cycle,nm/cycle,growth_per_cycle,,identity_canonical_mapping,already_canonical,,,,False,,,,,False
10.1116_6.0002804,10.1116_6.0002804,2,a,CVD SE,10.1116_6.0002804::F2::a::0,3,03_corpus/extracted/10.1116_6.0002804/figure_data.json,/figures/1/panels/0/series/0,sha256:2c1e4df5fe05c5a8b15ad85252c3a2330535366203c524e300c4dd101411009f,,,series,False,False,,deposition_temperature,°C,°C,False,condition_sweep,condition,,deposition_temperature,K,process_temperature,,temperature_unit_conversion,converted,,,,False,,,,,False,,growth_per_cycle,nm/cycle,nm/cycle,False,output,output,,growth_per_cycle,nm/cycle,growth_per_cycle,,identity_canonical_mapping,already_canonical,,,,False,,,,,False
10.1116_6.0002804,10.1116_6.0002804,2,a,CVD XRR,10.1116_6.0002804::F2::a::1,3,03_corpus/extracted/10.1116_6.0002804/figure_data.json,/figures/1/panels/0/series/1,sha256:2c1e4df5fe05c5a8b15ad85252c3a2330535366203c524e300c4dd101411009f,,,series,False,False,,deposition_temperature,°C,°C,False,condition_sweep,condition,,deposition_temperature,K,process_temperature,,temperature_unit_conversion,converted,,,,False,,,,,False,,growth_per_cycle,nm/cycle,nm/cycle,False,output,output,,growth_per_cycle,nm/cycle,growth_per_cycle,,identity_canonical_mapping,already_canonical,,,,False,,,,,False
10.1116_6.0002804,10.1116_6.0002804,2,a,ALD SE,10.1116_6.0002804::F2::a::2,7,03_corpus/extracted/10.1116_6.0002804/figure_data.json,/figures/1/panels/0/series/2,sha256:2c1e4df5fe05c5a8b15ad85252c3a2330535366203c524e300c4dd101411009f,,,series,False,False,,deposition_temperature,°C,°C,False,condition_sweep,condition,,deposition_temperature,K,process_temperature,,temperature_unit_conversion,converted,,,,False,,,,,False,,growth_per_cycle,nm/cycle,nm/cycle,False,output,output,,growth_per_cycle,nm/cycle,growth_per_cycle,,identity_canonical_mapping,already_canonical,,,,False,,,,,False
10.1116_6.0002804,10.1116_6.0002804,2,a,ALD XRR,10.1116_6.0002804::F2::a::3,4,03_corpus/extracted/10.1116_6.0002804/figure_data.json,/figures/1/panels/0/series/3,sha256:2c1e4df5fe05c5a8b15ad85252c3a2330535366203c524e300c4dd101411009f,,,series,False,False,,deposition_temperature,°C,°C,False,condition_sweep,condition,,deposition_temperature,K,process_temperature,,temperature_unit_conversion,converted,,,,False,,,,,False,,growth_per_cycle,nm/cycle,nm/cycle,False,output,output,,growth_per_cycle,nm/cycle,growth_per_cycle,,identity_canonical_mapping,already_canonical,,,,False,,,,,False
10.1116_6.0002804,10.1116_6.0002804,3,a,Thickness,10.1116_6.0002804::F3::a::0,18,03_corpus/extracted/10.1116_6.0002804/figure_data.json,/figures/2/panels/0/series/0,sha256:2c1e4df5fe05c5a8b15ad85252c3a2330535366203c524e300c4dd101411009f,,,series,False,False,,cycle_number,cycles,cycles,False,condition_sweep,condition,,cycle_number,cycle,cycle_count,,identity_canonical_mapping,already_canonical,,,,False,,,,,False,,film_thickness,nm,nm,False,output,output,,film_thickness,nm,film_thickness,,identity_canonical_mapping,already_canonical,,,,False,,,,,False
10.1116_6.0002804,10.1116_6.0002804,4,a,HCl,10.1116_6.0002804::F4::a::0,44,03_corpus/extracted/10.1116_6.0002804/figure_data.json,/figures/3/panels/0/series/0,sha256:2c1e4df5fe05c5a8b15ad85252c3a2330535366203c524e300c4dd101411009f,,,profile,False,False,,Time,sec,sec,False,coordinate,coordinate,,,,,,axis_semantic_resolution,not_applicable,quantity 'time' is not a comparison target (no comparison group declares it),,,False,,,,,False,,Pressure,mbar,mbar,False,condition,condition,,,,,,axis_semantic_resolution,not_applicable,quantity 'generic_pressure' is not a comparison target (no comparison group declares it),,,False,,,,,False
10.1116_6.0002804,10.1116_6.0002804,4,b,H2O,10.1116_6.0002804::F4::b::0,39,03_corpus/extracted/10.1116_6.0002804/figure_data.json,/figures/3/panels/1/series/0,sha256:2c1e4df5fe05c5a8b15ad85252c3a2330535366203c524e300c4dd101411009f,,,profile,False,False,,Time,sec,sec,False,coordinate,coordinate,,,,,,axis_semantic_resolution,not_applicable,quantity 'time' is not a comparison target (no comparison group declares it),,,False,,,,,False,,Pressure,mbar,mbar,False,condition,condition,,,,,,axis_semantic_resolution,not_applicable,quantity 'generic_pressure' is not a comparison target (no comparison group declares it),,,False,,,,,False
10.1116_6.0002804,10.1116_6.0002804,5,a (left),Mo,10.1116_6.0002804::F5::a (left)::0,45,03_corpus/extracted/10.1116_6.0002804/figure_data.json,/figures/4/panels/0/series/0,sha256:2c1e4df5fe05c5a8b15ad85252c3a2330535366203c524e300c4dd101411009f,,,profile,False,False,,spatial_coordinate,10^15 at/cm^2,10^15 at/cm^2,False,spatial_coordinate,coordinate,,,,,,axis_semantic_resolution,unsupported,"unit '10^15 at/cm^2' is not a recognised, convertible unit (arbitrary/uncalibrated or unparseable)",,,False,,,,,False,,Composition (at%),at%,at%,False,unknown,,,,,,,axis_semantic_resolution,unsupported,y quantity 'Composition (at%)' does not resolve to any ontology QuantityKind,,,False,,,,,False
10.1116_6.0002804,10.1116_6.0002804,5,a (left),O,10.1116_6.0002804::F5::a (left)::1,44,03_corpus/extracted/10.1116_6.0002804/figure_data.json,/figures/4/panels/0/series/1,sha256:2c1e4df5fe05c5a8b15ad85252c3a2330535366203c524e300c4dd101411009f,,,profile,False,False,,spatial_coordinate,10^15 at/cm^2,10^15 at/cm^2,False,spatial_coordinate,coordinate,,,,,,axis_semantic_resolution,unsupported,"unit '10^15 at/cm^2' is not a recognised, convertible unit (arbitrary/uncalibrated or unparseable)",,,False,,,,,False,,Composition (at%),at%,at%,False,unknown,,,,,,,axis_semantic_resolution,unsupported,y quantity 'Composition (at%)' does not resolve to any ontology QuantityKind,,,False,,,,,False
10.1116_6.0002804,10.1116_6.0002804,5,a (left),Si,10.1116_6.0002804::F5::a (left)::2,45,03_corpus/extracted/10.1116_6.0002804/figure_data.json,/figures/4/panels/0/series/2,sha256:2c1e4df5fe05c5a8b15ad85252c3a2330535366203c524e300c4dd101411009f,,,profile,False,False,,spatial_coordinate,10^15 at/cm^2,10^15 at/cm^2,False,spatial_coordinate,coordinate,,,,,,axis_semantic_resolution,unsupported,"unit '10^15 at/cm^2' is not a recognised, convertible unit (arbitrary/uncalibrated or unparseable)",,,False,,,,,False,,Composition (at%),at%,at%,False,unknown,,,,,,,axis_semantic_resolution,unsupported,y quantity 'Composition (at%)' does not resolve to any ontology QuantityKind,,,False,,,,,False
10.1116_6.0002804,10.1116_6.0002804,5,b (left),Mo,10.1116_6.0002804::F5::b (left)::0,4,03_corpus/extracted/10.1116_6.0002804/figure_data.json,/figures/4/panels/1/series/0,sha256:2c1e4df5fe05c5a8b15ad85252c3a2330535366203c524e300c4dd101411009f,,,series,False,False,,deposition_temperature,°C,°C,False,condition_sweep,condition,,deposition_temperature,K,process_temperature,,temperature_unit_conversion,converted,,,,False,,,,,False,,Composition (at%),at%,at%,False,unknown,,,,,,,axis_semantic_resolution,unsupported,y quantity 'Composition (at%)' does not resolve to any ontology QuantityKind,,,False,,,,,False
10.1116_6.0002804,10.1116_6.0002804,5,b (left),O,10.1116_6.0002804::F5::b (left)::1,4,03_corpus/extracted/10.1116_6.0002804/figure_data.json,/figures/4/panels/1/series/1,sha256:2c1e4df5fe05c5a8b15ad85252c3a2330535366203c524e300c4dd101411009f,,,series,False,False,,deposition_temperature,°C,°C,False,condition_sweep,condition,,deposition_temperature,K,process_temperature,,temperature_unit_conversion,converted,,,,False,,,,,False,,Composition (at%),at%,at%,False,unknown,,,,,,,axis_semantic_resolution,unsupported,y quantity 'Composition (at%)' does not resolve to any ontology QuantityKind,,,False,,,,,False
10.1116_6.0002804,10.1116_6.0002804,5,b (left),Cl,10.1116_6.0002804::F5::b (left)::2,1,03_corpus/extracted/10.1116_6.0002804/figure_data.json,/figures/4/panels/1/series/2,sha256:2c1e4df5fe05c5a8b15ad85252c3a2330535366203c524e300c4dd101411009f,,,single,False,False,,deposition_temperature,°C,°C,False,condition_sweep,condition,,deposition_temperature,K,process_temperature,,temperature_unit_conversion,converted,,,,False,,,,,False,,Composition (at%),at%,at%,False,unknown,,,,,,,axis_semantic_resolution,unsupported,y quantity 'Composition (at%)' does not resolve to any ontology QuantityKind,,,False,,,,,False
10.1116_6.0002804,10.1116_6.0002804,5,b (left),C,10.1116_6.0002804::F5::b (left)::3,2,03_corpus/extracted/10.1116_6.0002804/figure_data.json,/figures/4/panels/1/series/3,sha256:2c1e4df5fe05c5a8b15ad85252c3a2330535366203c524e300c4dd101411009f,,,series,False,False,,deposition_temperature,°C,°C,False,condition_sweep,condition,,deposition_temperature,K,process_temperature,,temperature_unit_conversion,converted,,,,False,,,,,False,,Composition (at%),at%,at%,False,unknown,,,,,,,axis_semantic_resolution,unsupported,y quantity 'Composition (at%)' does not resolve to any ontology QuantityKind,,,False,,,,,False
10.1116_6.0002804,10.1116_6.0002804,5,b (left),N,10.1116_6.0002804::F5::b (left)::4,4,03_corpus/extracted/10.1116_6.0002804/figure_data.json,/figures/4/panels/1/series/4,sha256:2c1e4df5fe05c5a8b15ad85252c3a2330535366203c524e300c4dd101411009f,,,series,False,False,,deposition_temperature,°C,°C,False,condition_sweep,condition,,deposition_temperature,K,process_temperature,,temperature_unit_conversion,converted,,,,False,,,,,False,,Composition (at%),at%,at%,False,unknown,,,,,,,axis_semantic_resolution,unsupported,y quantity 'Composition (at%)' does not resolve to any ontology QuantityKind,,,False,,,,,False
10.1116_6.0002804,10.1116_6.0002804,5,b (left),H,10.1116_6.0002804::F5::b (left)::5,4,03_corpus/extracted/10.1116_6.0002804/figure_data.json,/figures/4/panels/1/series/5,sha256:2c1e4df5fe05c5a8b15ad85252c3a2330535366203c524e300c4dd101411009f,,,series,False,False,,deposition_temperature,°C,°C,False,condition_sweep,condition,,deposition_temperature,K,process_temperature,,temperature_unit_conversion,converted,,,,False,,,,,False,,Composition (at%),at%,at%,False,unknown,,,,,,,axis_semantic_resolution,unsupported,y quantity 'Composition (at%)' does not resolve to any ontology QuantityKind,,,False,,,,,False
10.1116_6.0002804,10.1116_6.0002804,5,a (right),O,10.1116_6.0002804::F5::a (right)::0,16,03_corpus/extracted/10.1116_6.0002804/figure_data.json,/figures/4/panels/2/series/0,sha256:2c1e4df5fe05c5a8b15ad85252c3a2330535366203c524e300c4dd101411009f,,,profile,False,False,,spatial_coordinate,nm,nm,False,spatial_coordinate,coordinate,,spatial_coordinate,µm,spatial_position,,length_unit_conversion,converted,,,,False,,,,,False,,Concentration (atoms/cm^3),atoms/cm^3,atoms/cm^3,False,unknown,,,,,,,axis_semantic_resolution,unsupported,y quantity 'Concentration (atoms/cm^3)' does not resolve to any ontology QuantityKind,,,False,,,,,False
10.1116_6.0002804,10.1116_6.0002804,5,a (right),Si,10.1116_6.0002804::F5::a (right)::1,11,03_corpus/extracted/10.1116_6.0002804/figure_data.json,/figures/4/panels/2/series/1,sha256:2c1e4df5fe05c5a8b15ad85252c3a2330535366203c524e300c4dd101411009f,,,profile,False,False,,spatial_coordinate,nm,nm,False,spatial_coordinate,coordinate,,spatial_coordinate,µm,spatial_position,,length_unit_conversion,converted,,,,False,,,,,False,,Concentration (atoms/cm^3),atoms/cm^3,atoms/cm^3,False,unknown,,,,,,,axis_semantic_resolution,unsupported,y quantity 'Concentration (atoms/cm^3)' does not resolve to any ontology QuantityKind,,,False,,,,,False
10.1116_6.0002804,10.1116_6.0002804,5,a (right),Cl,10.1116_6.0002804::F5::a (right)::2,12,03_corpus/extracted/10.1116_6.0002804/figure_data.json,/figures/4/panels/2/series/2,sha256:2c1e4df5fe05c5a8b15ad85252c3a2330535366203c524e300c4dd101411009f,,,profile,False,False,,spatial_coordinate,nm,nm,False,spatial_coordinate,coordinate,,spatial_coordinate,µm,spatial_position,,length_unit_conversion,converted,,,,False,,,,,False,,Concentration (atoms/cm^3),atoms/cm^3,atoms/cm^3,False,unknown,,,,,,,axis_semantic_resolution,unsupported,y quantity 'Concentration (atoms/cm^3)' does not resolve to any ontology QuantityKind,,,False,,,,,False
10.1116_6.0002804,10.1116_6.0002804,5,a (right),C,10.1116_6.0002804::F5::a (right)::3,12,03_corpus/extracted/10.1116_6.0002804/figure_data.json,/figures/4/panels/2/series/3,sha256:2c1e4df5fe05c5a8b15ad85252c3a2330535366203c524e300c4dd101411009f,,,profile,False,False,,spatial_coordinate,nm,nm,False,spatial_coordinate,coordinate,,spatial_coordinate,µm,spatial_position,,length_unit_conversion,converted,,,,False,,,,,False,,Concentration (atoms/cm^3),atoms/cm^3,atoms/cm^3,False,unknown,,,,,,,axis_semantic_resolution,unsupported,y quantity 'Concentration (atoms/cm^3)' does not resolve to any ontology QuantityKind,,,False,,,,,False
10.1116_6.0002804,10.1116_6.0002804,5,a (right),N,10.1116_6.0002804::F5::a (right)::4,12,03_corpus/extracted/10.1116_6.0002804/figure_data.json,/figures/4/panels/2/series/4,sha256:2c1e4df5fe05c5a8b15ad85252c3a2330535366203c524e300c4dd101411009f,,,profile,False,False,,spatial_coordinate,nm,nm,False,spatial_coordinate,coordinate,,spatial_coordinate,µm,spatial_position,,length_unit_conversion,converted,,,,False,,,,,False,,Concentration (atoms/cm^3),atoms/cm^3,atoms/cm^3,False,unknown,,,,,,,axis_semantic_resolution,unsupported,y quantity 'Concentration (atoms/cm^3)' does not resolve to any ontology QuantityKind,,,False,,,,,False
10.1116_6.0002804,10.1116_6.0002804,5,b (right),O,10.1116_6.0002804::F5::b (right)::0,3,03_corpus/extracted/10.1116_6.0002804/figure_data.json,/figures/4/panels/3/series/0,sha256:2c1e4df5fe05c5a8b15ad85252c3a2330535366203c524e300c4dd101411009f,,,series,False,False,,deposition_temperature,°C,°C,False,condition_sweep,condition,,deposition_temperature,K,process_temperature,,temperature_unit_conversion,converted,,,,False,,,,,False,,Concentration (atoms/cm^3),atoms/cm^3,atoms/cm^3,False,unknown,,,,,,,axis_semantic_resolution,unsupported,y quantity 'Concentration (atoms/cm^3)' does not resolve to any ontology QuantityKind,,,False,,,,,False
10.1116_6.0002804,10.1116_6.0002804,5,b (right),Si,10.1116_6.0002804::F5::b (right)::1,3,03_corpus/extracted/10.1116_6.0002804/figure_data.json,/figures/4/panels/3/series/1,sha256:2c1e4df5fe05c5a8b15ad85252c3a2330535366203c524e300c4dd101411009f,,,series,False,False,,deposition_temperature,°C,°C,False,condition_sweep,condition,,deposition_temperature,K,process_temperature,,temperature_unit_conversion,converted,,,,False,,,,,False,,Concentration (atoms/cm^3),atoms/cm^3,atoms/cm^3,False,unknown,,,,,,,axis_semantic_resolution,unsupported,y quantity 'Concentration (atoms/cm^3)' does not resolve to any ontology QuantityKind,,,False,,,,,False
10.1116_6.0002804,10.1116_6.0002804,5,b (right),Cl,10.1116_6.0002804::F5::b (right)::2,3,03_corpus/extracted/10.1116_6.0002804/figure_data.json,/figures/4/panels/3/series/2,sha256:2c1e4df5fe05c5a8b15ad85252c3a2330535366203c524e300c4dd101411009f,,,series,False,False,,deposition_temperature,°C,°C,False,condition_sweep,condition,,deposition_temperature,K,process_temperature,,temperature_unit_conversion,converted,,,,False,,,,,False,,Concentration (atoms/cm^3),atoms/cm^3,atoms/cm^3,False,unknown,,,,,,,axis_semantic_resolution,unsupported,y quantity 'Concentration (atoms/cm^3)' does not resolve to any ontology QuantityKind,,,False,,,,,False
10.1116_6.0002804,10.1116_6.0002804,5,b (right),C,10.1116_6.0002804::F5::b (right)::3,3,03_corpus/extracted/10.1116_6.0002804/figure_data.json,/figures/4/panels/3/series/3,sha256:2c1e4df5fe05c5a8b15ad85252c3a2330535366203c524e300c4dd101411009f,,,series,False,False,,deposition_temperature,°C,°C,False,condition_sweep,condition,,deposition_temperature,K,process_temperature,,temperature_unit_conversion,converted,,,,False,,,,,False,,Concentration (atoms/cm^3),atoms/cm^3,atoms/cm^3,False,unknown,,,,,,,axis_semantic_resolution,unsupported,y quantity 'Concentration (atoms/cm^3)' does not resolve to any ontology QuantityKind,,,False,,,,,False
10.1116_6.0002804,10.1116_6.0002804,5,b (right),N,10.1116_6.0002804::F5::b (right)::4,3,03_corpus/extracted/10.1116_6.0002804/figure_data.json,/figures/4/panels/3/series/4,sha256:2c1e4df5fe05c5a8b15ad85252c3a2330535366203c524e300c4dd101411009f,,,series,False,False,,deposition_temperature,°C,°C,False,condition_sweep,condition,,deposition_temperature,K,process_temperature,,temperature_unit_conversion,converted,,,,False,,,,,False,,Concentration (atoms/cm^3),atoms/cm^3,atoms/cm^3,False,unknown,,,,,,,axis_semantic_resolution,unsupported,y quantity 'Concentration (atoms/cm^3)' does not resolve to any ontology QuantityKind,,,False,,,,,False
10.1116_6.0002804,10.1116_6.0002804,7,a,ALD,10.1116_6.0002804::F7::a::0,6,03_corpus/extracted/10.1116_6.0002804/figure_data.json,/figures/5/panels/0/series/0,sha256:2c1e4df5fe05c5a8b15ad85252c3a2330535366203c524e300c4dd101411009f,,,correlation,False,False,,film_thickness,nm,nm,False,output,output,,film_thickness,nm,film_thickness,,identity_canonical_mapping,already_canonical,,,,False,,,,,False,,resistivity,µΩcm,µΩcm,False,output,output,,,,,,axis_semantic_resolution,not_applicable,quantity 'resistivity' is not a comparison target (no comparison group declares it),,,False,,,,,False
10.1116_6.0002804,10.1116_6.0002804,7,b,ALD,10.1116_6.0002804::F7::b::0,4,03_corpus/extracted/10.1116_6.0002804/figure_data.json,/figures/5/panels/1/series/0,sha256:2c1e4df5fe05c5a8b15ad85252c3a2330535366203c524e300c4dd101411009f,,,series,False,False,,deposition_temperature,°C,°C,False,condition_sweep,condition,,deposition_temperature,K,process_temperature,,temperature_unit_conversion,converted,,,,False,,,,,False,,resistivity,µΩcm,µΩcm,False,output,output,,,,,,axis_semantic_resolution,not_applicable,quantity 'resistivity' is not a comparison target (no comparison group declares it),,,False,,,,,False
10.1116_6.0002804,10.1116_6.0002804,7,b,CVD,10.1116_6.0002804::F7::b::1,3,03_corpus/extracted/10.1116_6.0002804/figure_data.json,/figures/5/panels/1/series/1,sha256:2c1e4df5fe05c5a8b15ad85252c3a2330535366203c524e300c4dd101411009f,,,series,False,False,,deposition_temperature,°C,°C,False,condition_sweep,condition,,deposition_temperature,K,process_temperature,,temperature_unit_conversion,converted,,,,False,,,,,False,,resistivity,µΩcm,µΩcm,False,output,output,,,,,,axis_semantic_resolution,not_applicable,quantity 'resistivity' is not a comparison target (no comparison group declares it),,,False,,,,,False
10.1186_s11671-015-0872-9,10.1186_s11671-015-0872-9,3,a,XRD profile,10.1186_s11671-015-0872-9::F3::a::0,51,03_corpus/extracted/10.1186_s11671-015-0872-9/figure_data.json,/figures/0/panels/0/series/0,sha256:ff8425f3f8a8c134c997f373020784e0e06966a6a5c19ee2532f8dbcaddc3fd0,,,unresolved,False,False,,2 Theta,degree,degree,False,unknown,,,,,,,axis_semantic_resolution,unsupported,x quantity '2 Theta' does not resolve to any ontology QuantityKind,,,False,,,,,False,,Intensity,a. u.,a. u.,False,output,output,,,,,,axis_semantic_resolution,not_applicable,quantity 'intensity' is not a comparison target (no comparison group declares it),,,False,,,,,False
10.3762_bjnano.14.89,10.3762_bjnano.14.89,1,a,,10.3762_bjnano.14.89::F1::a::0,6,03_corpus/extracted/10.3762_bjnano.14.89/figure_data.json,/figures/0/panels/0/series/0,sha256:bdbd91006d93d6ddb975c342cc377579d49af91e2070e7d75c17c8674c2beeee,10.3762_bjnano.14.89-E000,trace,unresolved,True,False,,evaporator_temperature,°C,°C,False,unknown,,,,,,,axis_semantic_resolution,unsupported,x quantity 'evaporator_temperature' does not resolve to any ontology QuantityKind,,,False,,,,,False,,growth_per_cycle,nm/cycle,nm/cycle,False,output,output,,growth_per_cycle,nm/cycle,growth_per_cycle,,identity_canonical_mapping,already_canonical,,,,False,,,,,False
10.3762_bjnano.14.89,10.3762_bjnano.14.89,2,a,4-2-2-5 s,10.3762_bjnano.14.89::F2::a::0,36,03_corpus/extracted/10.3762_bjnano.14.89/figure_data.json,/figures/1/panels/0/series/0,sha256:bdbd91006d93d6ddb975c342cc377579d49af91e2070e7d75c17c8674c2beeee,10.3762_bjnano.14.89-E001,trace,profile,True,False,,Time,s,s,False,coordinate,coordinate,,,,,,axis_semantic_resolution,not_applicable,quantity 'time' is not a comparison target (no comparison group declares it),,,False,,,,,False,,Mass sensor signal,a.u.,a.u.,False,unknown,,,,,,,axis_semantic_resolution,unsupported,y quantity 'Mass sensor signal' does not resolve to any ontology QuantityKind,,,False,,,,,False
10.3762_bjnano.14.89,10.3762_bjnano.14.89,2,a,2-2-2-5 s,10.3762_bjnano.14.89::F2::a::1,30,03_corpus/extracted/10.3762_bjnano.14.89/figure_data.json,/figures/1/panels/0/series/1,sha256:bdbd91006d93d6ddb975c342cc377579d49af91e2070e7d75c17c8674c2beeee,10.3762_bjnano.14.89-E002,trace,profile,True,False,,Time,s,s,False,coordinate,coordinate,,,,,,axis_semantic_resolution,not_applicable,quantity 'time' is not a comparison target (no comparison group declares it),,,False,,,,,False,,Mass sensor signal,a.u.,a.u.,False,unknown,,,,,,,axis_semantic_resolution,unsupported,y quantity 'Mass sensor signal' does not resolve to any ontology QuantityKind,,,False,,,,,False
10.3762_bjnano.14.89,10.3762_bjnano.14.89,2,b,4-2-2-5 s,10.3762_bjnano.14.89::F2::b::0,66,03_corpus/extracted/10.3762_bjnano.14.89/figure_data.json,/figures/1/panels/1/series/0,sha256:bdbd91006d93d6ddb975c342cc377579d49af91e2070e7d75c17c8674c2beeee,10.3762_bjnano.14.89-E003,trace,profile,True,False,,Time,s,s,False,coordinate,coordinate,,,,,,axis_semantic_resolution,not_applicable,quantity 'time' is not a comparison target (no comparison group declares it),,,False,,,,,False,,Mass sensor signal,a.u.,a.u.,False,unknown,,,,,,,axis_semantic_resolution,unsupported,y quantity 'Mass sensor signal' does not resolve to any ontology QuantityKind,,,False,,,,,False
10.3762_bjnano.14.89,10.3762_bjnano.14.89,2,b,2-2-2-5 s,10.3762_bjnano.14.89::F2::b::1,61,03_corpus/extracted/10.3762_bjnano.14.89/figure_data.json,/figures/1/panels/1/series/1,sha256:bdbd91006d93d6ddb975c342cc377579d49af91e2070e7d75c17c8674c2beeee,10.3762_bjnano.14.89-E004,trace,profile,True,False,,Time,s,s,False,coordinate,coordinate,,,,,,axis_semantic_resolution,not_applicable,quantity 'time' is not a comparison target (no comparison group declares it),,,False,,,,,False,,Mass sensor signal,a.u.,a.u.,False,unknown,,,,,,,axis_semantic_resolution,unsupported,y quantity 'Mass sensor signal' does not resolve to any ontology QuantityKind,,,False,,,,,False
10.3762_bjnano.14.89,10.3762_bjnano.14.89,3,a,,10.3762_bjnano.14.89::F3::a::0,5,03_corpus/extracted/10.3762_bjnano.14.89/figure_data.json,/figures/2/panels/0/series/0,sha256:bdbd91006d93d6ddb975c342cc377579d49af91e2070e7d75c17c8674c2beeee,10.3762_bjnano.14.89-E005,trace,series,True,False,Number of ALD cycles,pulse_time,s,s,False,condition_sweep,condition,,pulse_time,s,pulse_time,,identity_canonical_mapping,already_canonical,,,,False,,,,,False,"Growth per cycle, nm/cycle",Average frequency change,Hz/cycle,Hz/cycle,False,unknown,,,,,,,axis_semantic_resolution,unsupported,y quantity 'Average frequency change' does not resolve to any ontology QuantityKind,,,False,,,,,False
10.3762_bjnano.14.89,10.3762_bjnano.14.89,4,a,SnO2,10.3762_bjnano.14.89::F4::a::0,7,03_corpus/extracted/10.3762_bjnano.14.89/figure_data.json,/figures/3/panels/0/series/0,sha256:bdbd91006d93d6ddb975c342cc377579d49af91e2070e7d75c17c8674c2beeee,,,series,False,False,Number of ALD cycles,cycle_number,,,False,condition_sweep,condition,,,,,,axis_semantic_resolution,unsupported,"unit '' is not a recognised, convertible unit (arbitrary/uncalibrated or unparseable)",,,False,,,,,False,"Growth per cycle, nm/cycle",growth_per_cycle,nm/cycle,nm/cycle,False,output,output,,growth_per_cycle,nm/cycle,growth_per_cycle,,identity_canonical_mapping,already_canonical,,,,False,,,,,False
10.3762_bjnano.14.89,10.3762_bjnano.14.89,5,a,SnO2,10.3762_bjnano.14.89::F5::a::0,13,03_corpus/extracted/10.3762_bjnano.14.89/figure_data.json,/figures/4/panels/0/series/0,sha256:bdbd91006d93d6ddb975c342cc377579d49af91e2070e7d75c17c8674c2beeee,,,series,False,False,,deposition_temperature,°C,°C,False,condition_sweep,condition,,deposition_temperature,K,process_temperature,,temperature_unit_conversion,converted,,,,False,,,,,False,,growth_per_cycle,nm/cycle,nm/cycle,False,output,output,,growth_per_cycle,nm/cycle,growth_per_cycle,,identity_canonical_mapping,already_canonical,,,,False,,,,,False
10.3762_bjnano.14.89,10.3762_bjnano.14.89,6,a,SnOx,10.3762_bjnano.14.89::F6::a::0,13,03_corpus/extracted/10.3762_bjnano.14.89/figure_data.json,/figures/5/panels/0/series/0,sha256:bdbd91006d93d6ddb975c342cc377579d49af91e2070e7d75c17c8674c2beeee,,,series,False,False,,deposition_temperature,°C,°C,False,condition_sweep,condition,,deposition_temperature,K,process_temperature,,temperature_unit_conversion,converted,,,,False,,,,,False,,"Oxygen content x, atomic ratio",,,False,unknown,,,,,,,axis_semantic_resolution,unsupported,"y quantity 'Oxygen content x, atomic ratio' does not resolve to any ontology QuantityKind",,,False,,,,,False
10.3762_bjnano.14.89,10.3762_bjnano.14.89,7,a,,10.3762_bjnano.14.89::F7::a::0,13,03_corpus/extracted/10.3762_bjnano.14.89/figure_data.json,/figures/6/panels/0/series/0,sha256:bdbd91006d93d6ddb975c342cc377579d49af91e2070e7d75c17c8674c2beeee,10.3762_bjnano.14.89-E010,multi_output,series,True,False,,deposition_temperature,°C,°C,False,condition_sweep,condition,,deposition_temperature,K,process_temperature,,temperature_unit_conversion,converted,,,,False,,,,,False,,impurity_content,atom %,atom %,False,output,output,,,,,,axis_semantic_resolution,not_applicable,quantity 'impurity_content' is not a comparison target (no comparison group declares it),,,False,,,,,False
10.3762_bjnano.14.89,10.3762_bjnano.14.89,8,a,600 °C,10.3762_bjnano.14.89::F8::a::0,43,03_corpus/extracted/10.3762_bjnano.14.89/figure_data.json,/figures/7/panels/0/series/0,sha256:bdbd91006d93d6ddb975c342cc377579d49af91e2070e7d75c17c8674c2beeee,10.3762_bjnano.14.89-E010,multi_output,unresolved,True,False,,2Θ,degree,degree,False,unknown,,,,,,,axis_semantic_resolution,unsupported,x quantity '2Θ' does not resolve to any ontology QuantityKind,,,False,,,,,False,,Intensity,a.u.,a.u.,False,output,output,,,,,,axis_semantic_resolution,not_applicable,quantity 'intensity' is not a comparison target (no comparison group declares it),,,False,,,,,False
10.3762_bjnano.14.89,10.3762_bjnano.14.89,8,a,400 °C,10.3762_bjnano.14.89::F8::a::1,34,03_corpus/extracted/10.3762_bjnano.14.89/figure_data.json,/figures/7/panels/0/series/1,sha256:bdbd91006d93d6ddb975c342cc377579d49af91e2070e7d75c17c8674c2beeee,10.3762_bjnano.14.89-E011,multi_output,unresolved,True,False,,2Θ,degree,degree,False,unknown,,,,,,,axis_semantic_resolution,unsupported,x quantity '2Θ' does not resolve to any ontology QuantityKind,,,False,,,,,False,,Intensity,a.u.,a.u.,False,output,output,,,,,,axis_semantic_resolution,not_applicable,quantity 'intensity' is not a comparison target (no comparison group declares it),,,False,,,,,False
10.3762_bjnano.14.89,10.3762_bjnano.14.89,8,a,300 °C,10.3762_bjnano.14.89::F8::a::2,17,03_corpus/extracted/10.3762_bjnano.14.89/figure_data.json,/figures/7/panels/0/series/2,sha256:bdbd91006d93d6ddb975c342cc377579d49af91e2070e7d75c17c8674c2beeee,10.3762_bjnano.14.89-E012,multi_output,unresolved,True,False,,2Θ,degree,degree,False,unknown,,,,,,,axis_semantic_resolution,unsupported,x quantity '2Θ' does not resolve to any ontology QuantityKind,,,False,,,,,False,,Intensity,a.u.,a.u.,False,output,output,,,,,,axis_semantic_resolution,not_applicable,quantity 'intensity' is not a comparison target (no comparison group declares it),,,False,,,,,False
10.3762_bjnano.14.89,10.3762_bjnano.14.89,8,a,250 °C,10.3762_bjnano.14.89::F8::a::3,11,03_corpus/extracted/10.3762_bjnano.14.89/figure_data.json,/figures/7/panels/0/series/3,sha256:bdbd91006d93d6ddb975c342cc377579d49af91e2070e7d75c17c8674c2beeee,10.3762_bjnano.14.89-E013,multi_output,unresolved,True,False,,2Θ,degree,degree,False,unknown,,,,,,,axis_semantic_resolution,unsupported,x quantity '2Θ' does not resolve to any ontology QuantityKind,,,False,,,,,False,,Intensity,a.u.,a.u.,False,output,output,,,,,,axis_semantic_resolution,not_applicable,quantity 'intensity' is not a comparison target (no comparison group declares it),,,False,,,,,False
10.3762_bjnano.14.89,10.3762_bjnano.14.89,8,a,225 °C,10.3762_bjnano.14.89::F8::a::4,9,03_corpus/extracted/10.3762_bjnano.14.89/figure_data.json,/figures/7/panels/0/series/4,sha256:bdbd91006d93d6ddb975c342cc377579d49af91e2070e7d75c17c8674c2beeee,10.3762_bjnano.14.89-E014,multi_output,unresolved,True,False,,2Θ,degree,degree,False,unknown,,,,,,,axis_semantic_resolution,unsupported,x quantity '2Θ' does not resolve to any ontology QuantityKind,,,False,,,,,False,,Intensity,a.u.,a.u.,False,output,output,,,,,,axis_semantic_resolution,not_applicable,quantity 'intensity' is not a comparison target (no comparison group declares it),,,False,,,,,False
10.3762_bjnano.14.89,10.3762_bjnano.14.89,9,a,SnO2,10.3762_bjnano.14.89::F9::a::0,10,03_corpus/extracted/10.3762_bjnano.14.89/figure_data.json,/figures/8/panels/0/series/0,sha256:bdbd91006d93d6ddb975c342cc377579d49af91e2070e7d75c17c8674c2beeee,10.3762_bjnano.14.89-E015,multi_output,correlation,True,False,,Wavelength,nm,nm,False,output,output,,,,,,axis_semantic_resolution,not_applicable,quantity 'wavelength' is not a comparison target (no comparison group declares it),,,False,,,,,False,,refractive_index,,,False,output,output,,,,,,axis_semantic_resolution,not_applicable,quantity 'refractive_index' is not a comparison target (no comparison group declares it),,,False,,,,,False
10.3762_bjnano.14.89,10.3762_bjnano.14.89,10,a,300 °C,10.3762_bjnano.14.89::F10::a::0,25,03_corpus/extracted/10.3762_bjnano.14.89/figure_data.json,/figures/9/panels/0/series/0,sha256:bdbd91006d93d6ddb975c342cc377579d49af91e2070e7d75c17c8674c2beeee,10.3762_bjnano.14.89-E016,multi_output,unresolved,True,False,,binding energy,eV,eV,False,unknown,,,,,,,axis_semantic_resolution,unsupported,x quantity 'binding energy' does not resolve to any ontology QuantityKind,,,False,,,,,False,,Intensity,a.u.,a.u.,False,output,output,,,,,,axis_semantic_resolution,not_applicable,quantity 'intensity' is not a comparison target (no comparison group declares it),,,False,,,,,False
10.3762_bjnano.14.89,10.3762_bjnano.14.89,10,a,500 °C,10.3762_bjnano.14.89::F10::a::1,25,03_corpus/extracted/10.3762_bjnano.14.89/figure_data.json,/figures/9/panels/0/series/1,sha256:bdbd91006d93d6ddb975c342cc377579d49af91e2070e7d75c17c8674c2beeee,10.3762_bjnano.14.89-E017,multi_output,unresolved,True,False,,binding energy,eV,eV,False,unknown,,,,,,,axis_semantic_resolution,unsupported,x quantity 'binding energy' does not resolve to any ontology QuantityKind,,,False,,,,,False,,Intensity,a.u.,a.u.,False,output,output,,,,,,axis_semantic_resolution,not_applicable,quantity 'intensity' is not a comparison target (no comparison group declares it),,,False,,,,,False
10.3762_bjnano.14.89,10.3762_bjnano.14.89,10,b,300 °C,10.3762_bjnano.14.89::F10::b::0,11,03_corpus/extracted/10.3762_bjnano.14.89/figure_data.json,/figures/9/panels/1/series/0,sha256:bdbd91006d93d6ddb975c342cc377579d49af91e2070e7d75c17c8674c2beeee,10.3762_bjnano.14.89-E018,multi_output,unresolved,True,False,,binding energy,eV,eV,False,unknown,,,,,,,axis_semantic_resolution,unsupported,x quantity 'binding energy' does not resolve to any ontology QuantityKind,,,False,,,,,False,,Intensity,a.u.,a.u.,False,output,output,,,,,,axis_semantic_resolution,not_applicable,quantity 'intensity' is not a comparison target (no comparison group declares it),,,False,,,,,False
10.3762_bjnano.14.89,10.3762_bjnano.14.89,10,b,500 °C,10.3762_bjnano.14.89::F10::b::1,12,03_corpus/extracted/10.3762_bjnano.14.89/figure_data.json,/figures/9/panels/1/series/1,sha256:bdbd91006d93d6ddb975c342cc377579d49af91e2070e7d75c17c8674c2beeee,10.3762_bjnano.14.89-E019,multi_output,unresolved,True,False,,binding energy,eV,eV,False,unknown,,,,,,,axis_semantic_resolution,unsupported,x quantity 'binding energy' does not resolve to any ontology QuantityKind,,,False,,,,,False,,Intensity,a.u.,a.u.,False,output,output,,,,,,axis_semantic_resolution,not_applicable,quantity 'intensity' is not a comparison target (no comparison group declares it),,,False,,,,,False
10.3762_bjnano.14.89,10.3762_bjnano.14.89,10,c,300 °C,10.3762_bjnano.14.89::F10::c::0,20,03_corpus/extracted/10.3762_bjnano.14.89/figure_data.json,/figures/9/panels/2/series/0,sha256:bdbd91006d93d6ddb975c342cc377579d49af91e2070e7d75c17c8674c2beeee,10.3762_bjnano.14.89-E020,multi_output,unresolved,True,False,,binding energy,eV,eV,False,unknown,,,,,,,axis_semantic_resolution,unsupported,x quantity 'binding energy' does not resolve to any ontology QuantityKind,,,False,,,,,False,,Intensity,a.u.,a.u.,False,output,output,,,,,,axis_semantic_resolution,not_applicable,quantity 'intensity' is not a comparison target (no comparison group declares it),,,False,,,,,False
10.3762_bjnano.14.89,10.3762_bjnano.14.89,10,c,500 °C,10.3762_bjnano.14.89::F10::c::1,20,03_corpus/extracted/10.3762_bjnano.14.89/figure_data.json,/figures/9/panels/2/series/1,sha256:bdbd91006d93d6ddb975c342cc377579d49af91e2070e7d75c17c8674c2beeee,10.3762_bjnano.14.89-E021,multi_output,unresolved,True,False,,binding energy,eV,eV,False,unknown,,,,,,,axis_semantic_resolution,unsupported,x quantity 'binding energy' does not resolve to any ontology QuantityKind,,,False,,,,,False,,Intensity,a.u.,a.u.,False,output,output,,,,,,axis_semantic_resolution,not_applicable,quantity 'intensity' is not a comparison target (no comparison group declares it),,,False,,,,,False
10.3762_bjnano.14.89,10.3762_bjnano.14.89,11,a,300 °C,10.3762_bjnano.14.89::F11::a::0,32,03_corpus/extracted/10.3762_bjnano.14.89/figure_data.json,/figures/10/panels/0/series/0,sha256:bdbd91006d93d6ddb975c342cc377579d49af91e2070e7d75c17c8674c2beeee,,,unresolved,False,False,,photon energy,eV,eV,False,unknown,,,,,,,axis_semantic_resolution,unsupported,x quantity 'photon energy' does not resolve to any ontology QuantityKind,,,False,,,,,False,,TEY,a.u.,a.u.,False,unknown,,,,,,,axis_semantic_resolution,unsupported,y quantity 'TEY' does not resolve to any ontology QuantityKind,,,False,,,,,False
10.3762_bjnano.14.89,10.3762_bjnano.14.89,11,a,500 °C,10.3762_bjnano.14.89::F11::a::1,32,03_corpus/extracted/10.3762_bjnano.14.89/figure_data.json,/figures/10/panels/0/series/1,sha256:bdbd91006d93d6ddb975c342cc377579d49af91e2070e7d75c17c8674c2beeee,,,unresolved,False,False,,photon energy,eV,eV,False,unknown,,,,,,,axis_semantic_resolution,unsupported,x quantity 'photon energy' does not resolve to any ontology QuantityKind,,,False,,,,,False,,TEY,a.u.,a.u.,False,unknown,,,,,,,axis_semantic_resolution,unsupported,y quantity 'TEY' does not resolve to any ontology QuantityKind,,,False,,,,,False
10.3762_bjnano.14.89,10.3762_bjnano.14.89,11,b,300 °C,10.3762_bjnano.14.89::F11::b::0,31,03_corpus/extracted/10.3762_bjnano.14.89/figure_data.json,/figures/10/panels/1/series/0,sha256:bdbd91006d93d6ddb975c342cc377579d49af91e2070e7d75c17c8674c2beeee,,,unresolved,False,False,,photon energy,eV,eV,False,unknown,,,,,,,axis_semantic_resolution,unsupported,x quantity 'photon energy' does not resolve to any ontology QuantityKind,,,False,,,,,False,,TEY,a.u.,a.u.,False,unknown,,,,,,,axis_semantic_resolution,unsupported,y quantity 'TEY' does not resolve to any ontology QuantityKind,,,False,,,,,False
10.3762_bjnano.14.89,10.3762_bjnano.14.89,11,b,500 °C,10.3762_bjnano.14.89::F11::b::1,31,03_corpus/extracted/10.3762_bjnano.14.89/figure_data.json,/figures/10/panels/1/series/1,sha256:bdbd91006d93d6ddb975c342cc377579d49af91e2070e7d75c17c8674c2beeee,,,unresolved,False,False,,photon energy,eV,eV,False,unknown,,,,,,,axis_semantic_resolution,unsupported,x quantity 'photon energy' does not resolve to any ontology QuantityKind,,,False,,,,,False,,TEY,a.u.,a.u.,False,unknown,,,,,,,axis_semantic_resolution,unsupported,y quantity 'TEY' does not resolve to any ontology QuantityKind,,,False,,,,,False
10.3762_bjnano.5.25,10.3762_bjnano.5.25,3,a,5ms,10.3762_bjnano.5.25::F3::a::0,13,03_corpus/extracted/10.3762_bjnano.5.25/figure_data.json,/figures/0/panels/0/series/0,sha256:c920df79fa380944d4f777835c9388675e065578e089fb8ce02e759c64756b3f,,,profile,False,False,"depth, x (µm)",spatial_coordinate,µm,µm,False,spatial_coordinate,coordinate,,spatial_coordinate,µm,spatial_position,,identity_canonical_mapping,already_canonical,,,,False,,,,,False,Normalized Concentration,Normalized Concentration,,,False,unknown,,,,,,,axis_semantic_resolution,unsupported,y quantity 'Normalized Concentration' does not resolve to any ontology QuantityKind,,,False,,,,,False
10.3762_bjnano.5.25,10.3762_bjnano.5.25,3,a,45ms,10.3762_bjnano.5.25::F3::a::1,13,03_corpus/extracted/10.3762_bjnano.5.25/figure_data.json,/figures/0/panels/0/series/1,sha256:c920df79fa380944d4f777835c9388675e065578e089fb8ce02e759c64756b3f,,,profile,False,False,"depth, x (µm)",spatial_coordinate,µm,µm,False,spatial_coordinate,coordinate,,spatial_coordinate,µm,spatial_position,,identity_canonical_mapping,already_canonical,,,,False,,,,,False,Normalized Concentration,Normalized Concentration,,,False,unknown,,,,,,,axis_semantic_resolution,unsupported,y quantity 'Normalized Concentration' does not resolve to any ontology QuantityKind,,,False,,,,,False
10.3762_bjnano.5.25,10.3762_bjnano.5.25,3,b,1,10.3762_bjnano.5.25::F3::b::0,8,03_corpus/extracted/10.3762_bjnano.5.25/figure_data.json,/figures/0/panels/1/series/0,sha256:c920df79fa380944d4f777835c9388675e065578e089fb8ce02e759c64756b3f,,,profile,False,False,"depth, x (µm)",spatial_coordinate,µm,µm,False,spatial_coordinate,coordinate,,spatial_coordinate,µm,spatial_position,,identity_canonical_mapping,already_canonical,,,,False,,,,,False,Deposition per cycle (nm),growth_per_cycle,nm,nm/cycle,True,output,output,,growth_per_cycle,nm/cycle,growth_per_cycle,,identity_canonical_mapping,already_canonical,,,,False,axis_label,Deposition per cycle (nm),per_cycle_division_printed_in_axis_label,0.9,False
10.3762_bjnano.5.25,10.3762_bjnano.5.25,3,b,10^-4,10.3762_bjnano.5.25::F3::b::1,11,03_corpus/extracted/10.3762_bjnano.5.25/figure_data.json,/figures/0/panels/1/series/1,sha256:c920df79fa380944d4f777835c9388675e065578e089fb8ce02e759c64756b3f,,,profile,False,False,"depth, x (µm)",spatial_coordinate,µm,µm,False,spatial_coordinate,coordinate,,spatial_coordinate,µm,spatial_position,,identity_canonical_mapping,already_canonical,,,,False,,,,,False,Deposition per cycle (nm),growth_per_cycle,nm,nm/cycle,True,output,output,,growth_per_cycle,nm/cycle,growth_per_cycle,,identity_canonical_mapping,already_canonical,,,,False,axis_label,Deposition per cycle (nm),per_cycle_division_printed_in_axis_label,0.9,False
10.3762_bjnano.5.25,10.3762_bjnano.5.25,3,c,10ms,10.3762_bjnano.5.25::F3::c::0,7,03_corpus/extracted/10.3762_bjnano.5.25/figure_data.json,/figures/0/panels/2/series/0,sha256:c920df79fa380944d4f777835c9388675e065578e089fb8ce02e759c64756b3f,,,profile,False,False,"depth, x (µm)",spatial_coordinate,µm,µm,False,spatial_coordinate,coordinate,,spatial_coordinate,µm,spatial_position,,identity_canonical_mapping,already_canonical,,,,False,,,,,False,Deposition per cycle (nm),growth_per_cycle,nm,nm/cycle,True,output,output,,growth_per_cycle,nm/cycle,growth_per_cycle,,identity_canonical_mapping,already_canonical,,,,False,axis_label,Deposition per cycle (nm),per_cycle_division_printed_in_axis_label,0.9,False
10.3762_bjnano.5.25,10.3762_bjnano.5.25,3,c,20ms,10.3762_bjnano.5.25::F3::c::1,7,03_corpus/extracted/10.3762_bjnano.5.25/figure_data.json,/figures/0/panels/2/series/1,sha256:c920df79fa380944d4f777835c9388675e065578e089fb8ce02e759c64756b3f,,,profile,False,False,"depth, x (µm)",spatial_coordinate,µm,µm,False,spatial_coordinate,coordinate,,spatial_coordinate,µm,spatial_position,,identity_canonical_mapping,already_canonical,,,,False,,,,,False,Deposition per cycle (nm),growth_per_cycle,nm,nm/cycle,True,output,output,,growth_per_cycle,nm/cycle,growth_per_cycle,,identity_canonical_mapping,already_canonical,,,,False,axis_label,Deposition per cycle (nm),per_cycle_division_printed_in_axis_label,0.9,False
10.3762_bjnano.5.25,10.3762_bjnano.5.25,3,c,50ms,10.3762_bjnano.5.25::F3::c::2,7,03_corpus/extracted/10.3762_bjnano.5.25/figure_data.json,/figures/0/panels/2/series/2,sha256:c920df79fa380944d4f777835c9388675e065578e089fb8ce02e759c64756b3f,,,profile,False,False,"depth, x (µm)",spatial_coordinate,µm,µm,False,spatial_coordinate,coordinate,,spatial_coordinate,µm,spatial_position,,identity_canonical_mapping,already_canonical,,,,False,,,,,False,Deposition per cycle (nm),growth_per_cycle,nm,nm/cycle,True,output,output,,growth_per_cycle,nm/cycle,growth_per_cycle,,identity_canonical_mapping,already_canonical,,,,False,axis_label,Deposition per cycle (nm),per_cycle_division_printed_in_axis_label,0.9,False
10.3762_bjnano.5.25,10.3762_bjnano.5.25,3,c,75ms,10.3762_bjnano.5.25::F3::c::3,7,03_corpus/extracted/10.3762_bjnano.5.25/figure_data.json,/figures/0/panels/2/series/3,sha256:c920df79fa380944d4f777835c9388675e065578e089fb8ce02e759c64756b3f,,,profile,False,False,"depth, x (µm)",spatial_coordinate,µm,µm,False,spatial_coordinate,coordinate,,spatial_coordinate,µm,spatial_position,,identity_canonical_mapping,already_canonical,,,,False,,,,,False,Deposition per cycle (nm),growth_per_cycle,nm,nm/cycle,True,output,output,,growth_per_cycle,nm/cycle,growth_per_cycle,,identity_canonical_mapping,already_canonical,,,,False,axis_label,Deposition per cycle (nm),per_cycle_division_printed_in_axis_label,0.9,False
10.3762_bjnano.5.25,10.3762_bjnano.5.25,3,c,100ms,10.3762_bjnano.5.25::F3::c::4,7,03_corpus/extracted/10.3762_bjnano.5.25/figure_data.json,/figures/0/panels/2/series/4,sha256:c920df79fa380944d4f777835c9388675e065578e089fb8ce02e759c64756b3f,,,profile,False,False,"depth, x (µm)",spatial_coordinate,µm,µm,False,spatial_coordinate,coordinate,,spatial_coordinate,µm,spatial_position,,identity_canonical_mapping,already_canonical,,,,False,,,,,False,Deposition per cycle (nm),growth_per_cycle,nm,nm/cycle,True,output,output,,growth_per_cycle,nm/cycle,growth_per_cycle,,identity_canonical_mapping,already_canonical,,,,False,axis_label,Deposition per cycle (nm),per_cycle_division_printed_in_axis_label,0.9,False
10.3762_bjnano.5.25,10.3762_bjnano.5.25,3,d,x_p ∝ √(n_chamber),10.3762_bjnano.5.25::F3::d::0,5,03_corpus/extracted/10.3762_bjnano.5.25/figure_data.json,/figures/0/panels/3/series/0,sha256:c920df79fa380944d4f777835c9388675e065578e089fb8ce02e759c64756b3f,,,profile,False,False,"D_k (cm^2/s), n_chamber/10^-10 (cm^-3), time (ms), radius (nm)",spatial_coordinate,,nm,True,spatial_coordinate,coordinate,,spatial_coordinate,µm,spatial_position,,length_unit_conversion,converted,,,,False,axis_label,"D_k (cm^2/s), n_chamber/10^-10 (cm^-3), time (ms), radius (nm)",unit_printed_in_axis_label,0.9,False,"Penetration depth, x (µm)",penetration_depth,µm,µm,False,output,output,,penetration_depth,µm,penetration_depth,,identity_canonical_mapping,already_canonical,,,,False,,,,,False
10.3762_bjnano.5.25,10.3762_bjnano.5.25,3,d,x_p ∝ √t,10.3762_bjnano.5.25::F3::d::1,5,03_corpus/extracted/10.3762_bjnano.5.25/figure_data.json,/figures/0/panels/3/series/1,sha256:c920df79fa380944d4f777835c9388675e065578e089fb8ce02e759c64756b3f,,,profile,False,False,"D_k (cm^2/s), n_chamber/10^-10 (cm^-3), time (ms), radius (nm)",spatial_coordinate,,nm,True,spatial_coordinate,coordinate,,spatial_coordinate,µm,spatial_position,,length_unit_conversion,converted,,,,False,axis_label,"D_k (cm^2/s), n_chamber/10^-10 (cm^-3), time (ms), radius (nm)",unit_printed_in_axis_label,0.9,False,"Penetration depth, x (µm)",penetration_depth,µm,µm,False,output,output,,penetration_depth,µm,penetration_depth,,identity_canonical_mapping,already_canonical,,,,False,,,,,False
10.3762_bjnano.5.25,10.3762_bjnano.5.25,3,d,x_p ∝ √(D_k),10.3762_bjnano.5.25::F3::d::2,5,03_corpus/extracted/10.3762_bjnano.5.25/figure_data.json,/figures/0/panels/3/series/2,sha256:c920df79fa380944d4f777835c9388675e065578e089fb8ce02e759c64756b3f,,,profile,False,False,"D_k (cm^2/s), n_chamber/10^-10 (cm^-3), time (ms), radius (nm)",spatial_coordinate,,nm,True,spatial_coordinate,coordinate,,spatial_coordinate,µm,spatial_position,,length_unit_conversion,converted,,,,False,axis_label,"D_k (cm^2/s), n_chamber/10^-10 (cm^-3), time (ms), radius (nm)",unit_printed_in_axis_label,0.9,False,"Penetration depth, x (µm)",penetration_depth,µm,µm,False,output,output,,penetration_depth,µm,penetration_depth,,identity_canonical_mapping,already_canonical,,,,False,,,,,False
10.3762_bjnano.5.25,10.3762_bjnano.5.25,3,d,x_p ∝ f(r),10.3762_bjnano.5.25::F3::d::3,7,03_corpus/extracted/10.3762_bjnano.5.25/figure_data.json,/figures/0/panels/3/series/3,sha256:c920df79fa380944d4f777835c9388675e065578e089fb8ce02e759c64756b3f,,,profile,False,False,"D_k (cm^2/s), n_chamber/10^-10 (cm^-3), time (ms), radius (nm)",spatial_coordinate,,nm,True,spatial_coordinate,coordinate,,spatial_coordinate,µm,spatial_position,,length_unit_conversion,converted,,,,False,axis_label,"D_k (cm^2/s), n_chamber/10^-10 (cm^-3), time (ms), radius (nm)",unit_printed_in_axis_label,0.9,False,"Penetration depth, x (µm)",penetration_depth,µm,µm,False,output,output,,penetration_depth,µm,penetration_depth,,identity_canonical_mapping,already_canonical,,,,False,,,,,False
10.3762_bjnano.5.25,10.3762_bjnano.5.25,4,a,,10.3762_bjnano.5.25::F4::a::0,6,03_corpus/extracted/10.3762_bjnano.5.25/figure_data.json,/figures/1/panels/0/series/0,sha256:c920df79fa380944d4f777835c9388675e065578e089fb8ce02e759c64756b3f,,,unresolved,False,False,,Precursor surface adsorption density,nm^-2,nm^-2,False,unknown,,,,,,,axis_semantic_resolution,unsupported,x quantity 'Precursor surface adsorption density' does not resolve to any ontology QuantityKind,,,False,,,,,False,,penetration_depth,µm,µm,False,output,output,,penetration_depth,µm,penetration_depth,,identity_canonical_mapping,already_canonical,,,,False,,,,,False
10.3762_bjnano.5.25,10.3762_bjnano.5.25,5,a,10 cycles,10.3762_bjnano.5.25::F5::a::0,13,03_corpus/extracted/10.3762_bjnano.5.25/figure_data.json,/figures/2/panels/0/series/0,sha256:c920df79fa380944d4f777835c9388675e065578e089fb8ce02e759c64756b3f,,,profile,False,False,,spatial_coordinate,µm,µm,False,spatial_coordinate,coordinate,,spatial_coordinate,µm,spatial_position,,identity_canonical_mapping,already_canonical,,,,False,,,,,False,,film_thickness,nm,nm,False,output,output,,film_thickness,nm,film_thickness,,identity_canonical_mapping,already_canonical,,,,False,,,,,False
10.3762_bjnano.5.25,10.3762_bjnano.5.25,5,a,20 cycles,10.3762_bjnano.5.25::F5::a::1,13,03_corpus/extracted/10.3762_bjnano.5.25/figure_data.json,/figures/2/panels/0/series/1,sha256:c920df79fa380944d4f777835c9388675e065578e089fb8ce02e759c64756b3f,,,profile,False,False,,spatial_coordinate,µm,µm,False,spatial_coordinate,coordinate,,spatial_coordinate,µm,spatial_position,,identity_canonical_mapping,already_canonical,,,,False,,,,,False,,film_thickness,nm,nm,False,output,output,,film_thickness,nm,film_thickness,,identity_canonical_mapping,already_canonical,,,,False,,,,,False
10.3762_bjnano.5.25,10.3762_bjnano.5.25,5,a,30 cycles,10.3762_bjnano.5.25::F5::a::2,14,03_corpus/extracted/10.3762_bjnano.5.25/figure_data.json,/figures/2/panels/0/series/2,sha256:c920df79fa380944d4f777835c9388675e065578e089fb8ce02e759c64756b3f,,,profile,False,False,,spatial_coordinate,µm,µm,False,spatial_coordinate,coordinate,,spatial_coordinate,µm,spatial_position,,identity_canonical_mapping,already_canonical,,,,False,,,,,False,,film_thickness,nm,nm,False,output,output,,film_thickness,nm,film_thickness,,identity_canonical_mapping,already_canonical,,,,False,,,,,False
10.3762_bjnano.5.25,10.3762_bjnano.5.25,5,a,40 cycles,10.3762_bjnano.5.25::F5::a::3,14,03_corpus/extracted/10.3762_bjnano.5.25/figure_data.json,/figures/2/panels/0/series/3,sha256:c920df79fa380944d4f777835c9388675e065578e089fb8ce02e759c64756b3f,,,profile,False,False,,spatial_coordinate,µm,µm,False,spatial_coordinate,coordinate,,spatial_coordinate,µm,spatial_position,,identity_canonical_mapping,already_canonical,,,,False,,,,,False,,film_thickness,nm,nm,False,output,output,,film_thickness,nm,film_thickness,,identity_canonical_mapping,already_canonical,,,,False,,,,,False
10.3762_bjnano.5.25,10.3762_bjnano.5.25,5,a,50 cycles,10.3762_bjnano.5.25::F5::a::4,15,03_corpus/extracted/10.3762_bjnano.5.25/figure_data.json,/figures/2/panels/0/series/4,sha256:c920df79fa380944d4f777835c9388675e065578e089fb8ce02e759c64756b3f,,,profile,False,False,,spatial_coordinate,µm,µm,False,spatial_coordinate,coordinate,,spatial_coordinate,µm,spatial_position,,identity_canonical_mapping,already_canonical,,,,False,,,,,False,,film_thickness,nm,nm,False,output,output,,film_thickness,nm,film_thickness,,identity_canonical_mapping,already_canonical,,,,False,,,,,False
10.3762_bjnano.5.25,10.3762_bjnano.5.25,5,a,60 cycles,10.3762_bjnano.5.25::F5::a::5,15,03_corpus/extracted/10.3762_bjnano.5.25/figure_data.json,/figures/2/panels/0/series/5,sha256:c920df79fa380944d4f777835c9388675e065578e089fb8ce02e759c64756b3f,,,profile,False,False,,spatial_coordinate,µm,µm,False,spatial_coordinate,coordinate,,spatial_coordinate,µm,spatial_position,,identity_canonical_mapping,already_canonical,,,,False,,,,,False,,film_thickness,nm,nm,False,output,output,,film_thickness,nm,film_thickness,,identity_canonical_mapping,already_canonical,,,,False,,,,,False
10.3762_bjnano.5.25,10.3762_bjnano.5.25,5,a,70 cycles,10.3762_bjnano.5.25::F5::a::6,15,03_corpus/extracted/10.3762_bjnano.5.25/figure_data.json,/figures/2/panels/0/series/6,sha256:c920df79fa380944d4f777835c9388675e065578e089fb8ce02e759c64756b3f,,,profile,False,False,,spatial_coordinate,µm,µm,False,spatial_coordinate,coordinate,,spatial_coordinate,µm,spatial_position,,identity_canonical_mapping,already_canonical,,,,False,,,,,False,,film_thickness,nm,nm,False,output,output,,film_thickness,nm,film_thickness,,identity_canonical_mapping,already_canonical,,,,False,,,,,False
10.3762_bjnano.5.25,10.3762_bjnano.5.25,5,a,80 cycles,10.3762_bjnano.5.25::F5::a::7,15,03_corpus/extracted/10.3762_bjnano.5.25/figure_data.json,/figures/2/panels/0/series/7,sha256:c920df79fa380944d4f777835c9388675e065578e089fb8ce02e759c64756b3f,,,profile,False,False,,spatial_coordinate,µm,µm,False,spatial_coordinate,coordinate,,spatial_coordinate,µm,spatial_position,,identity_canonical_mapping,already_canonical,,,,False,,,,,False,,film_thickness,nm,nm,False,output,output,,film_thickness,nm,film_thickness,,identity_canonical_mapping,already_canonical,,,,False,,,,,False
10.3762_bjnano.5.25,10.3762_bjnano.5.25,5,a,90 cycles,10.3762_bjnano.5.25::F5::a::8,16,03_corpus/extracted/10.3762_bjnano.5.25/figure_data.json,/figures/2/panels/0/series/8,sha256:c920df79fa380944d4f777835c9388675e065578e089fb8ce02e759c64756b3f,,,profile,False,False,,spatial_coordinate,µm,µm,False,spatial_coordinate,coordinate,,spatial_coordinate,µm,spatial_position,,identity_canonical_mapping,already_canonical,,,,False,,,,,False,,film_thickness,nm,nm,False,output,output,,film_thickness,nm,film_thickness,,identity_canonical_mapping,already_canonical,,,,False,,,,,False
10.3762_bjnano.5.25,10.3762_bjnano.5.25,5,a,100 cycles,10.3762_bjnano.5.25::F5::a::9,16,03_corpus/extracted/10.3762_bjnano.5.25/figure_data.json,/figures/2/panels/0/series/9,sha256:c920df79fa380944d4f777835c9388675e065578e089fb8ce02e759c64756b3f,,,profile,False,False,,spatial_coordinate,µm,µm,False,spatial_coordinate,coordinate,,spatial_coordinate,µm,spatial_position,,identity_canonical_mapping,already_canonical,,,,False,,,,,False,,film_thickness,nm,nm,False,output,output,,film_thickness,nm,film_thickness,,identity_canonical_mapping,already_canonical,,,,False,,,,,False
10.3762_bjnano.5.25,10.3762_bjnano.5.25,5,b,10 cycles,10.3762_bjnano.5.25::F5::b::0,10,03_corpus/extracted/10.3762_bjnano.5.25/figure_data.json,/figures/2/panels/1/series/0,sha256:c920df79fa380944d4f777835c9388675e065578e089fb8ce02e759c64756b3f,,,profile,False,False,,spatial_coordinate,µm,µm,False,spatial_coordinate,coordinate,,spatial_coordinate,µm,spatial_position,,identity_canonical_mapping,already_canonical,,,,False,,,,,False,,film_thickness,nm,nm,False,output,output,,film_thickness,nm,film_thickness,,identity_canonical_mapping,already_canonical,,,,False,,,,,False
10.3762_bjnano.5.25,10.3762_bjnano.5.25,5,b,20 cycles,10.3762_bjnano.5.25::F5::b::1,10,03_corpus/extracted/10.3762_bjnano.5.25/figure_data.json,/figures/2/panels/1/series/1,sha256:c920df79fa380944d4f777835c9388675e065578e089fb8ce02e759c64756b3f,,,profile,False,False,,spatial_coordinate,µm,µm,False,spatial_coordinate,coordinate,,spatial_coordinate,µm,spatial_position,,identity_canonical_mapping,already_canonical,,,,False,,,,,False,,film_thickness,nm,nm,False,output,output,,film_thickness,nm,film_thickness,,identity_canonical_mapping,already_canonical,,,,False,,,,,False
10.3762_bjnano.5.25,10.3762_bjnano.5.25,5,b,30 cycles,10.3762_bjnano.5.25::F5::b::2,10,03_corpus/extracted/10.3762_bjnano.5.25/figure_data.json,/figures/2/panels/1/series/2,sha256:c920df79fa380944d4f777835c9388675e065578e089fb8ce02e759c64756b3f,,,profile,False,False,,spatial_coordinate,µm,µm,False,spatial_coordinate,coordinate,,spatial_coordinate,µm,spatial_position,,identity_canonical_mapping,already_canonical,,,,False,,,,,False,,film_thickness,nm,nm,False,output,output,,film_thickness,nm,film_thickness,,identity_canonical_mapping,already_canonical,,,,False,,,,,False
10.3762_bjnano.5.25,10.3762_bjnano.5.25,5,b,40 cycles,10.3762_bjnano.5.25::F5::b::3,10,03_corpus/extracted/10.3762_bjnano.5.25/figure_data.json,/figures/2/panels/1/series/3,sha256:c920df79fa380944d4f777835c9388675e065578e089fb8ce02e759c64756b3f,,,profile,False,False,,spatial_coordinate,µm,µm,False,spatial_coordinate,coordinate,,spatial_coordinate,µm,spatial_position,,identity_canonical_mapping,already_canonical,,,,False,,,,,False,,film_thickness,nm,nm,False,output,output,,film_thickness,nm,film_thickness,,identity_canonical_mapping,already_canonical,,,,False,,,,,False
10.3762_bjnano.5.25,10.3762_bjnano.5.25,5,b,50 cycles,10.3762_bjnano.5.25::F5::b::4,10,03_corpus/extracted/10.3762_bjnano.5.25/figure_data.json,/figures/2/panels/1/series/4,sha256:c920df79fa380944d4f777835c9388675e065578e089fb8ce02e759c64756b3f,,,profile,False,False,,spatial_coordinate,µm,µm,False,spatial_coordinate,coordinate,,spatial_coordinate,µm,spatial_position,,identity_canonical_mapping,already_canonical,,,,False,,,,,False,,film_thickness,nm,nm,False,output,output,,film_thickness,nm,film_thickness,,identity_canonical_mapping,already_canonical,,,,False,,,,,False
10.3762_bjnano.5.25,10.3762_bjnano.5.25,5,b,60 cycles,10.3762_bjnano.5.25::F5::b::5,10,03_corpus/extracted/10.3762_bjnano.5.25/figure_data.json,/figures/2/panels/1/series/5,sha256:c920df79fa380944d4f777835c9388675e065578e089fb8ce02e759c64756b3f,,,profile,False,False,,spatial_coordinate,µm,µm,False,spatial_coordinate,coordinate,,spatial_coordinate,µm,spatial_position,,identity_canonical_mapping,already_canonical,,,,False,,,,,False,,film_thickness,nm,nm,False,output,output,,film_thickness,nm,film_thickness,,identity_canonical_mapping,already_canonical,,,,False,,,,,False
10.3762_bjnano.5.25,10.3762_bjnano.5.25,5,b,70 cycles,10.3762_bjnano.5.25::F5::b::6,10,03_corpus/extracted/10.3762_bjnano.5.25/figure_data.json,/figures/2/panels/1/series/6,sha256:c920df79fa380944d4f777835c9388675e065578e089fb8ce02e759c64756b3f,,,profile,False,False,,spatial_coordinate,µm,µm,False,spatial_coordinate,coordinate,,spatial_coordinate,µm,spatial_position,,identity_canonical_mapping,already_canonical,,,,False,,,,,False,,film_thickness,nm,nm,False,output,output,,film_thickness,nm,film_thickness,,identity_canonical_mapping,already_canonical,,,,False,,,,,False
10.3762_bjnano.5.25,10.3762_bjnano.5.25,5,b,80 cycles,10.3762_bjnano.5.25::F5::b::7,10,03_corpus/extracted/10.3762_bjnano.5.25/figure_data.json,/figures/2/panels/1/series/7,sha256:c920df79fa380944d4f777835c9388675e065578e089fb8ce02e759c64756b3f,,,profile,False,False,,spatial_coordinate,µm,µm,False,spatial_coordinate,coordinate,,spatial_coordinate,µm,spatial_position,,identity_canonical_mapping,already_canonical,,,,False,,,,,False,,film_thickness,nm,nm,False,output,output,,film_thickness,nm,film_thickness,,identity_canonical_mapping,already_canonical,,,,False,,,,,False
10.3762_bjnano.5.25,10.3762_bjnano.5.25,5,b,90 cycles,10.3762_bjnano.5.25::F5::b::8,10,03_corpus/extracted/10.3762_bjnano.5.25/figure_data.json,/figures/2/panels/1/series/8,sha256:c920df79fa380944d4f777835c9388675e065578e089fb8ce02e759c64756b3f,,,profile,False,False,,spatial_coordinate,µm,µm,False,spatial_coordinate,coordinate,,spatial_coordinate,µm,spatial_position,,identity_canonical_mapping,already_canonical,,,,False,,,,,False,,film_thickness,nm,nm,False,output,output,,film_thickness,nm,film_thickness,,identity_canonical_mapping,already_canonical,,,,False,,,,,False
10.3762_bjnano.5.25,10.3762_bjnano.5.25,5,b,100 cycles,10.3762_bjnano.5.25::F5::b::9,10,03_corpus/extracted/10.3762_bjnano.5.25/figure_data.json,/figures/2/panels/1/series/9,sha256:c920df79fa380944d4f777835c9388675e065578e089fb8ce02e759c64756b3f,,,profile,False,False,,spatial_coordinate,µm,µm,False,spatial_coordinate,coordinate,,spatial_coordinate,µm,spatial_position,,identity_canonical_mapping,already_canonical,,,,False,,,,,False,,film_thickness,nm,nm,False,output,output,,film_thickness,nm,film_thickness,,identity_canonical_mapping,already_canonical,,,,False,,,,,False
10.3762_bjnano.5.25,10.3762_bjnano.5.25,6,b,400 cycles,10.3762_bjnano.5.25::F6::b::0,14,03_corpus/extracted/10.3762_bjnano.5.25/figure_data.json,/figures/3/panels/0/series/0,sha256:c920df79fa380944d4f777835c9388675e065578e089fb8ce02e759c64756b3f,10.3762_bjnano.5.25-E034,profile,profile,False,False,,spatial_coordinate,μm,μm,False,spatial_coordinate,coordinate,,spatial_coordinate,µm,spatial_position,,identity_canonical_mapping,already_canonical,,,,False,,,,,False,,film_thickness,nm,nm,False,output,output,,film_thickness,nm,film_thickness,,identity_canonical_mapping,already_canonical,,,,False,,,,,False
10.3762_bjnano.5.25,10.3762_bjnano.5.25,6,b,200 cycles,10.3762_bjnano.5.25::F6::b::1,14,03_corpus/extracted/10.3762_bjnano.5.25/figure_data.json,/figures/3/panels/0/series/1,sha256:c920df79fa380944d4f777835c9388675e065578e089fb8ce02e759c64756b3f,10.3762_bjnano.5.25-E035,profile,profile,False,False,,spatial_coordinate,μm,μm,False,spatial_coordinate,coordinate,,spatial_coordinate,µm,spatial_position,,identity_canonical_mapping,already_canonical,,,,False,,,,,False,,film_thickness,nm,nm,False,output,output,,film_thickness,nm,film_thickness,,identity_canonical_mapping,already_canonical,,,,False,,,,,False
10.3762_bjnano.5.25,10.3762_bjnano.5.25,6,c,100 cycles,10.3762_bjnano.5.25::F6::c::0,7,03_corpus/extracted/10.3762_bjnano.5.25/figure_data.json,/figures/3/panels/1/series/0,sha256:c920df79fa380944d4f777835c9388675e065578e089fb8ce02e759c64756b3f,10.3762_bjnano.5.25-E036,profile,profile,False,False,,spatial_coordinate,μm,μm,False,spatial_coordinate,coordinate,,spatial_coordinate,µm,spatial_position,,identity_canonical_mapping,already_canonical,,,,False,,,,,False,,film_thickness,nm,nm,False,output,output,,film_thickness,nm,film_thickness,,identity_canonical_mapping,already_canonical,,,,False,,,,,False
10.3762_bjnano.5.25,10.3762_bjnano.5.25,6,c,200 cycles,10.3762_bjnano.5.25::F6::c::1,11,03_corpus/extracted/10.3762_bjnano.5.25/figure_data.json,/figures/3/panels/1/series/1,sha256:c920df79fa380944d4f777835c9388675e065578e089fb8ce02e759c64756b3f,10.3762_bjnano.5.25-E037,profile,profile,False,False,,spatial_coordinate,μm,μm,False,spatial_coordinate,coordinate,,spatial_coordinate,µm,spatial_position,,identity_canonical_mapping,already_canonical,,,,False,,,,,False,,film_thickness,nm,nm,False,output,output,,film_thickness,nm,film_thickness,,identity_canonical_mapping,already_canonical,,,,False,,,,,False
10.3762_bjnano.5.25,10.3762_bjnano.5.25,6,c,200 scaled cycles,10.3762_bjnano.5.25::F6::c::2,11,03_corpus/extracted/10.3762_bjnano.5.25/figure_data.json,/figures/3/panels/1/series/2,sha256:c920df79fa380944d4f777835c9388675e065578e089fb8ce02e759c64756b3f,10.3762_bjnano.5.25-E038,profile,profile,False,False,,spatial_coordinate,μm,μm,False,spatial_coordinate,coordinate,,spatial_coordinate,µm,spatial_position,,identity_canonical_mapping,already_canonical,,,,False,,,,,False,,film_thickness,nm,nm,False,output,output,,film_thickness,nm,film_thickness,,identity_canonical_mapping,already_canonical,,,,False,,,,,False
