entity_key,paper_id,fig_docling_index,printed_figure_number,panel,source_series,representation,record_node_count,n_source_points,coordinate,measurand,measurand_unit,relevance,granularity,record_node_ids,caption_pdf_page,body_pdf_page,caption_evidence,body_evidence,sample_or_run_id,table_evidence,classification,classification_confidence,classification_method,signal_families,supporting_evidence,votes,weak_signals,pressure_assertions,exposure_assertions,pressure_applicable_scope,pressure_applicable_status,pressure_applicable_value,pressure_applicable_unit,pressure_applicable_quantity,pressure_candidates,stated_setting_count,stated_setting_evidence,between_curve_condition,between_curve_value,underlying_case_id
10.1002_admi.202000318|1|1|a|<single>|primary,10.1002_admi.202000318,1,1,a,<single>,primary,7,7,pulse_time,growth_per_cycle,nm/cycle,experimental,single,10.1002_admi.202000318-1a-S0-P000;10.1002_admi.202000318-1a-S0-P001;10.1002_admi.202000318-1a-S0-P002;10.1002_admi.202000318-1a-S0-P003;10.1002_admi.202000318-1a-S0-P004;10.1002_admi.202000318-1a-S0-P005 …+1,,,"Figure 1. Growth of iron oxide flms as measured by VASE. a) The growth per cycle as a function of ozone exposure with a saturating exposure of TBF.Because the TBF exposure required to reach saturation increases with ozone exposure,at each data point in (a),the TBF exposure was increased sufficiently","variety of applications, including microelectronics, energy storage, catalysis, and photovoltaics.[1,5,8,9] Iron oxide in particular has demonstrated utility in thermal catalysis and electrocatalysis,1-16] gas sensors,[17-19] and absorbers and electrodes for

Figure 1. Growth of iron oxide flms as m",,,discrete_experimental_sweep,corroborated,multi_signal(3 families),"['F', 'M', 'Me', 'R']",M: Figure 1. Growth of iron oxide flms as measured by VASE. a) The growth per cycle as a function of ozone exposure with a saturating expo | Me: igure 1. Growth of iron oxide flms as measured by VASE. a) The growth per cycle as a function of ozone exposure with a satur | R: films were deposited with,"{""discrete_experimental_sweep"": 3, ""continuous_trace"": 1}","{""axis_role_coordinate"": false, ""n_source_points"": 7, ""granularity"": ""single""}",[],[],,,,,,,2,body: at 180 and 200°C,,,10.1002_admi.202000318::F1::a::<single>
10.1002_admi.202000318|1|1|b|<single>|primary,10.1002_admi.202000318,1,1,b,<single>,primary,20,20,exposure,growth_per_cycle,nm/cycle,experimental,single,10.1002_admi.202000318-1b-S1-P000;10.1002_admi.202000318-1b-S1-P001;10.1002_admi.202000318-1b-S1-P002;10.1002_admi.202000318-1b-S1-P003;10.1002_admi.202000318-1b-S1-P004;10.1002_admi.202000318-1b-S1-P005 …+14,,,"Figure 1. Growth of iron oxide flms as measured by VASE. a) The growth per cycle as a function of ozone exposure with a saturating exposure of TBF.Because the TBF exposure required to reach saturation increases with ozone exposure,at each data point in (a),the TBF exposure was increased sufficiently","variety of applications, including microelectronics, energy storage, catalysis, and photovoltaics.[1,5,8,9] Iron oxide in particular has demonstrated utility in thermal catalysis and electrocatalysis,1-16] gas sensors,[17-19] and absorbers and electrodes for

Figure 1. Growth of iron oxide flms as m",,,discrete_experimental_sweep,corroborated,multi_signal(3 families),"['F', 'M', 'Me', 'R']",M: Figure 1. Growth of iron oxide flms as measured by VASE. a) The growth per cycle as a function of ozone exposure with a saturating expo | Me: igure 1. Growth of iron oxide flms as measured by VASE. a) The growth per cycle as a function of ozone exposure with a satur | R: films were deposited with,"{""discrete_experimental_sweep"": 3, ""continuous_trace"": 1}","{""axis_role_coordinate"": false, ""n_source_points"": 20, ""granularity"": ""single""}",[],[],,,,,,,2,body: at 180 and 200°C,,,10.1002_admi.202000318::F1::b::<single>
10.1002_admi.202000318|1|1|c|<single>|primary,10.1002_admi.202000318,1,1,c,<single>,primary,6,6,cycle_number,film_thickness,nm,experimental,single,10.1002_admi.202000318-1c-S2-P000;10.1002_admi.202000318-1c-S2-P001;10.1002_admi.202000318-1c-S2-P002;10.1002_admi.202000318-1c-S2-P003;10.1002_admi.202000318-1c-S2-P004;10.1002_admi.202000318-1c-S2-P005,,,"Figure 1. Growth of iron oxide flms as measured by VASE. a) The growth per cycle as a function of ozone exposure with a saturating exposure of TBF.Because the TBF exposure required to reach saturation increases with ozone exposure,at each data point in (a),the TBF exposure was increased sufficiently","variety of applications, including microelectronics, energy storage, catalysis, and photovoltaics.[1,5,8,9] Iron oxide in particular has demonstrated utility in thermal catalysis and electrocatalysis,1-16] gas sensors,[17-19] and absorbers and electrodes for

Figure 1. Growth of iron oxide flms as m",,,discrete_experimental_sweep,corroborated,multi_signal(3 families),"['F', 'M', 'Me', 'R']",M: Figure 1. Growth of iron oxide flms as measured by VASE. a) The growth per cycle as a function of ozone exposure with a saturating expo | Me: igure 1. Growth of iron oxide flms as measured by VASE. a) The growth per cycle as a function of ozone exposure with a satur | R: films were deposited with,"{""discrete_experimental_sweep"": 3, ""continuous_trace"": 1}","{""axis_role_coordinate"": false, ""n_source_points"": 6, ""granularity"": ""single""}",[],[],,,,,,,2,body: at 180 and 200°C,,,10.1002_admi.202000318::F1::c::<single>
10.1002_admi.202000318|1|1|d|<single>|primary,10.1002_admi.202000318,1,1,d,<single>,primary,5,5,deposition_temperature,growth_per_cycle,nm/cycle,experimental,single,10.1002_admi.202000318-1d-S3-P000;10.1002_admi.202000318-1d-S3-P001;10.1002_admi.202000318-1d-S3-P002;10.1002_admi.202000318-1d-S3-P003;10.1002_admi.202000318-1d-S3-P004,,,"Figure 1. Growth of iron oxide flms as measured by VASE. a) The growth per cycle as a function of ozone exposure with a saturating exposure of TBF.Because the TBF exposure required to reach saturation increases with ozone exposure,at each data point in (a),the TBF exposure was increased sufficiently","variety of applications, including microelectronics, energy storage, catalysis, and photovoltaics.[1,5,8,9] Iron oxide in particular has demonstrated utility in thermal catalysis and electrocatalysis,1-16] gas sensors,[17-19] and absorbers and electrodes for

Figure 1. Growth of iron oxide flms as m",,,discrete_experimental_sweep,corroborated,multi_signal(3 families),"['F', 'M', 'Me', 'R']",M: Figure 1. Growth of iron oxide flms as measured by VASE. a) The growth per cycle as a function of ozone exposure with a saturating expo | Me: igure 1. Growth of iron oxide flms as measured by VASE. a) The growth per cycle as a function of ozone exposure with a satur | R: films were deposited with,"{""discrete_experimental_sweep"": 3, ""continuous_trace"": 1}","{""axis_role_coordinate"": false, ""n_source_points"": 5, ""granularity"": ""single""}",[],[],,,,,,,2,body: at 180 and 200°C,,,10.1002_admi.202000318::F1::d::<single>
10.1002_admi.202000318|2|2|a|10s Ozone|primary,10.1002_admi.202000318,2,2,a,10s Ozone,primary,1,4,angle,oxygen_iron_ratio,1,experimental,correlation,10.1002_admi.202000318-F2a-4,,,"Figure 2. Film compositions calculated from angle-resolved XPS measurements of Fe2O3 films grown with varying levels of ozone exposure. All samples were grown with 20-50 torr-s of TBF exposure except for the x10 TBF flm which was grown using 400 torr-s TBF exposure.Film thicknesses are 160, 135, 215", that the process deposits more than one full monolayer of Fe2O3 per ALD cycle. Angle-resolved XPS (AR-XPS) measurements were also performed on samples with different ozone exposures. Analysis of the relative oxygen concentration from the AR-XPS measurements (Figure 2) reveals an interesting observa,samples were grown with 20,,discrete_experimental_sweep,corroborated,multi_signal(3 families),"['F', 'I', 'M', 'Me', 'X']",Me: igure 1. Growth of iron oxide flms as measured by VASE. a) The growth per cycle as a function of ozone exposure with a satur | I: samples were grown with 20 | X: series_axis 'ozone exposure time' with numeric label '10s Ozone',"{""multi_output_measurement"": 2, ""discrete_experimental_sweep"": 3}","{""axis_role_coordinate"": false, ""n_source_points"": 4, ""granularity"": ""correlation""}",[],[],,,,,,,2,caption: with 20-50 torr,ozone exposure time,10s Ozone,10.1002_admi.202000318::F2::a::10s Ozone
10.1002_admi.202000318|2|2|a|60s Ozone|primary,10.1002_admi.202000318,2,2,a,60s Ozone,primary,1,4,angle,oxygen_iron_ratio,1,experimental,correlation,10.1002_admi.202000318-F2a-5,,,"Figure 2. Film compositions calculated from angle-resolved XPS measurements of Fe2O3 films grown with varying levels of ozone exposure. All samples were grown with 20-50 torr-s of TBF exposure except for the x10 TBF flm which was grown using 400 torr-s TBF exposure.Film thicknesses are 160, 135, 215", that the process deposits more than one full monolayer of Fe2O3 per ALD cycle. Angle-resolved XPS (AR-XPS) measurements were also performed on samples with different ozone exposures. Analysis of the relative oxygen concentration from the AR-XPS measurements (Figure 2) reveals an interesting observa,samples were grown with 20,,discrete_experimental_sweep,corroborated,multi_signal(3 families),"['F', 'I', 'M', 'Me', 'X']",Me: igure 1. Growth of iron oxide flms as measured by VASE. a) The growth per cycle as a function of ozone exposure with a satur | I: samples were grown with 20 | X: series_axis 'ozone exposure time' with numeric label '60s Ozone',"{""multi_output_measurement"": 2, ""discrete_experimental_sweep"": 3}","{""axis_role_coordinate"": false, ""n_source_points"": 4, ""granularity"": ""correlation""}",[],[],,,,,,,2,caption: with 20-50 torr,ozone exposure time,60s Ozone,10.1002_admi.202000318::F2::a::60s Ozone
10.1002_admi.202000318|2|2|a|100s Ozone|primary,10.1002_admi.202000318,2,2,a,100s Ozone,primary,1,4,angle,oxygen_iron_ratio,1,experimental,correlation,10.1002_admi.202000318-F2a-6,,,"Figure 2. Film compositions calculated from angle-resolved XPS measurements of Fe2O3 films grown with varying levels of ozone exposure. All samples were grown with 20-50 torr-s of TBF exposure except for the x10 TBF flm which was grown using 400 torr-s TBF exposure.Film thicknesses are 160, 135, 215", that the process deposits more than one full monolayer of Fe2O3 per ALD cycle. Angle-resolved XPS (AR-XPS) measurements were also performed on samples with different ozone exposures. Analysis of the relative oxygen concentration from the AR-XPS measurements (Figure 2) reveals an interesting observa,samples were grown with 20,,discrete_experimental_sweep,corroborated,multi_signal(3 families),"['F', 'I', 'M', 'Me', 'X']",Me: igure 1. Growth of iron oxide flms as measured by VASE. a) The growth per cycle as a function of ozone exposure with a satur | I: samples were grown with 20 | X: series_axis 'ozone exposure time' with numeric label '100s Ozone',"{""multi_output_measurement"": 2, ""discrete_experimental_sweep"": 3}","{""axis_role_coordinate"": false, ""n_source_points"": 4, ""granularity"": ""correlation""}",[],[],,,,,,,2,caption: with 20-50 torr,ozone exposure time,100s Ozone,10.1002_admi.202000318::F2::a::100s Ozone
10.1002_admi.202000318|2|2|a|120s Ozone|primary,10.1002_admi.202000318,2,2,a,120s Ozone,primary,1,4,angle,oxygen_iron_ratio,1,experimental,correlation,10.1002_admi.202000318-F2a-7,,,"Figure 2. Film compositions calculated from angle-resolved XPS measurements of Fe2O3 films grown with varying levels of ozone exposure. All samples were grown with 20-50 torr-s of TBF exposure except for the x10 TBF flm which was grown using 400 torr-s TBF exposure.Film thicknesses are 160, 135, 215", that the process deposits more than one full monolayer of Fe2O3 per ALD cycle. Angle-resolved XPS (AR-XPS) measurements were also performed on samples with different ozone exposures. Analysis of the relative oxygen concentration from the AR-XPS measurements (Figure 2) reveals an interesting observa,samples were grown with 20,,discrete_experimental_sweep,corroborated,multi_signal(3 families),"['F', 'I', 'M', 'Me', 'X']",Me: igure 1. Growth of iron oxide flms as measured by VASE. a) The growth per cycle as a function of ozone exposure with a satur | I: samples were grown with 20 | X: series_axis 'ozone exposure time' with numeric label '120s Ozone',"{""multi_output_measurement"": 2, ""discrete_experimental_sweep"": 3}","{""axis_role_coordinate"": false, ""n_source_points"": 4, ""granularity"": ""correlation""}",[],[],,,,,,,2,caption: with 20-50 torr,ozone exposure time,120s Ozone,10.1002_admi.202000318::F2::a::120s Ozone
"10.1002_admi.202000318|2|2|a|120s Ozone, x10 TBF|primary",10.1002_admi.202000318,2,2,a,"120s Ozone, x10 TBF",primary,1,4,angle,oxygen_iron_ratio,1,experimental,correlation,10.1002_admi.202000318-F2a-8,,,"Figure 2. Film compositions calculated from angle-resolved XPS measurements of Fe2O3 films grown with varying levels of ozone exposure. All samples were grown with 20-50 torr-s of TBF exposure except for the x10 TBF flm which was grown using 400 torr-s TBF exposure.Film thicknesses are 160, 135, 215", that the process deposits more than one full monolayer of Fe2O3 per ALD cycle. Angle-resolved XPS (AR-XPS) measurements were also performed on samples with different ozone exposures. Analysis of the relative oxygen concentration from the AR-XPS measurements (Figure 2) reveals an interesting observa,samples were grown with 20,,discrete_experimental_sweep,corroborated,multi_signal(3 families),"['F', 'I', 'M', 'Me', 'X']","Me: igure 1. Growth of iron oxide flms as measured by VASE. a) The growth per cycle as a function of ozone exposure with a satur | I: samples were grown with 20 | X: series_axis 'ozone exposure time' with numeric label '120s Ozone, x10 TBF'","{""multi_output_measurement"": 2, ""discrete_experimental_sweep"": 3}","{""axis_role_coordinate"": false, ""n_source_points"": 4, ""granularity"": ""correlation""}",[],[],,,,,,,2,caption: with 20-50 torr,ozone exposure time,"120s Ozone, x10 TBF","10.1002_admi.202000318::F2::a::120s Ozone, x10 TBF"
10.1002_admi.202000318|4|4|a|Reflectivity|primary,10.1002_admi.202000318,4,4,a,Reflectivity,primary,1,34,2θ,intensity,cps,experimental,unresolved,10.1002_admi.202000318-F4a-9,,,"Figure 4. a) XRR measurement of a 24.0 nm thick Fe2O3 flm,shown in orange. Calculated intensity shown in red is generated from a bilayer model reflecting a gradient of density within the flm,in which the surface region of the film is less dense than the bulk. The blue curve is generatedfromasimplerm","e film models were tested in order to find the best fit to the measured XRR intensity. It was found that modeling the film with a constant, uniform density was not sufficient to fit both the critical angle and the overall decrease of intensity with angle (see Figure 4a). In contrast, modeling the fi",sample edge effects from the analysis,,discrete_experimental_sweep,corroborated,multi_signal(3 families),"['F', 'I', 'M', 'Me', 'X']","M: Figure 4. a) XRR measurement of a 24.0 nm thick Fe2O3 flm,shown in orange. Calculated intensity | Me: igure 1. Growth of iron oxide flms as measured by VASE. a) The growth per cycle as a function of ozone exposure with a satur | I: sample edge effects from the analysis","{""discrete_experimental_sweep"": 3, ""multi_output_measurement"": 2}","{""axis_role_coordinate"": false, ""n_source_points"": 34, ""granularity"": ""unresolved""}",[],[],,,,,,,,,model type,Reflectivity,10.1002_admi.202000318::F4::a::Reflectivity
10.1002_admi.202000318|4|4|a|Single Layer Model|primary,10.1002_admi.202000318,4,4,a,Single Layer Model,primary,1,33,2θ,intensity,cps,experimental,unresolved,10.1002_admi.202000318-F4a-10,,,"Figure 4. a) XRR measurement of a 24.0 nm thick Fe2O3 flm,shown in orange. Calculated intensity shown in red is generated from a bilayer model reflecting a gradient of density within the flm,in which the surface region of the film is less dense than the bulk. The blue curve is generatedfromasimplerm","e film models were tested in order to find the best fit to the measured XRR intensity. It was found that modeling the film with a constant, uniform density was not sufficient to fit both the critical angle and the overall decrease of intensity with angle (see Figure 4a). In contrast, modeling the fi",sample edge effects from the analysis,,model_sweep,single_definitional_signal,provenance_gate(1 families),"['F', 'I', 'L', 'M', 'Me', 'X']",L: series label 'Single Layer Model',"{""model_sweep"": 1}","{""axis_role_coordinate"": false, ""n_source_points"": 33, ""granularity"": ""unresolved""}",[],[],,,,,,,,,model type,Single Layer Model,10.1002_admi.202000318::F4::a::Single Layer Model
10.1002_admi.202000318|4|4|a|Bilayer Model|primary,10.1002_admi.202000318,4,4,a,Bilayer Model,primary,1,33,2θ,intensity,cps,experimental,unresolved,10.1002_admi.202000318-F4a-11,,,"Figure 4. a) XRR measurement of a 24.0 nm thick Fe2O3 flm,shown in orange. Calculated intensity shown in red is generated from a bilayer model reflecting a gradient of density within the flm,in which the surface region of the film is less dense than the bulk. The blue curve is generatedfromasimplerm","e film models were tested in order to find the best fit to the measured XRR intensity. It was found that modeling the film with a constant, uniform density was not sufficient to fit both the critical angle and the overall decrease of intensity with angle (see Figure 4a). In contrast, modeling the fi",sample edge effects from the analysis,,model_sweep,single_definitional_signal,provenance_gate(1 families),"['F', 'I', 'L', 'M', 'Me', 'X']",L: series label 'Bilayer Model',"{""model_sweep"": 1}","{""axis_role_coordinate"": false, ""n_source_points"": 33, ""granularity"": ""unresolved""}",[],[],,,,,,,,,model type,Bilayer Model,10.1002_admi.202000318::F4::a::Bilayer Model
10.1002_admi.202000318|4|4|b|Electron Density|primary,10.1002_admi.202000318,4,4,b,Electron Density,primary,1,26,spatial_coordinate,film_density,Å^-3,model,profile,10.1002_admi.202000318-F4b-12,,,"Figure 4. a) XRR measurement of a 24.0 nm thick Fe2O3 flm,shown in orange. Calculated intensity shown in red is generated from a bilayer model reflecting a gradient of density within the flm,in which the surface region of the film is less dense than the bulk. The blue curve is generatedfromasimplerm","e film models were tested in order to find the best fit to the measured XRR intensity. It was found that modeling the film with a constant, uniform density was not sufficient to fit both the critical angle and the overall decrease of intensity with angle (see Figure 4a). In contrast, modeling the fi",sample edge effects from the analysis,,simulation,single_definitional_signal,provenance_gate(1 families),"['F', 'I', 'M', 'Me']",F: panel/figure source flag = simulated | F: pipeline relevance=model,"{""simulation"": 2}","{""axis_role_coordinate"": true, ""n_source_points"": 26, ""granularity"": ""profile""}",[],[],,,,,,,,,,,10.1002_admi.202000318::F4::b::Electron Density
10.1002_admi.202000318|6|6|a|100s Ozone|primary,10.1002_admi.202000318,6,6,a,100s Ozone,primary,39,39,site_density,intensity,a.u.,experimental,single,10.1002_admi.202000318-6a-S4-P000;10.1002_admi.202000318-6a-S4-P001;10.1002_admi.202000318-6a-S4-P002;10.1002_admi.202000318-6a-S4-P003;10.1002_admi.202000318-6a-S4-P004;10.1002_admi.202000318-6a-S4-P005 …+33,,,"Figure 6.a) Integrated 2D GIWAXS scans of Fe2O3 flms, summed over all measured angles X as a function of Q. Three scans of flms grown using 100,60,and 20 s of ozone exposure under saturated TBF doses are shown,together with the primary peaks of α-Fe2O3 andFe2O3 indicated with black triangles and gra","fects on the film as it grows, SO grazing-incidence wide-angle X-ray scattering (GIWAXS) measurements were performed to explore its crystallographic phase. Three measurements of representative FezO3 films synthesized using varying ozone exposures are shown in Figure 6a. Each of the resulting films e","samples are 90, 138, and 140 A, respectively",,discrete_experimental_sweep,corroborated,multi_signal(4 families),"['F', 'I', 'M', 'Me', 'X']","M: diffraction peak intensities. Scanning electron microscopy (SEM) images taken of Fe2O3 grown with a range of ozone exposures corroborate the pr | Me: igure 1. Growth of iron oxide flms as measured by VASE. a) The growth per cycle as a function of ozone exposure with a satur | I: samples are 90, 138, and 140 A, respectively | X: series_axis 'ozone exposure time' with numeric label '100s Ozone'","{""discrete_experimental_sweep"": 4}","{""axis_role_coordinate"": false, ""n_source_points"": 39, ""granularity"": ""single""}",[],[],,,,,,,,,ozone exposure time,100s Ozone,10.1002_admi.202000318::F6::a::100s Ozone
10.1002_admi.202000318|6|6|a|60s Ozone|primary,10.1002_admi.202000318,6,6,a,60s Ozone,primary,21,21,site_density,intensity,a.u.,experimental,single,10.1002_admi.202000318-6a-S5-P000;10.1002_admi.202000318-6a-S5-P001;10.1002_admi.202000318-6a-S5-P002;10.1002_admi.202000318-6a-S5-P003;10.1002_admi.202000318-6a-S5-P004;10.1002_admi.202000318-6a-S5-P005 …+15,,,"Figure 6.a) Integrated 2D GIWAXS scans of Fe2O3 flms, summed over all measured angles X as a function of Q. Three scans of flms grown using 100,60,and 20 s of ozone exposure under saturated TBF doses are shown,together with the primary peaks of α-Fe2O3 andFe2O3 indicated with black triangles and gra","fects on the film as it grows, SO grazing-incidence wide-angle X-ray scattering (GIWAXS) measurements were performed to explore its crystallographic phase. Three measurements of representative FezO3 films synthesized using varying ozone exposures are shown in Figure 6a. Each of the resulting films e","samples are 90, 138, and 140 A, respectively",,discrete_experimental_sweep,corroborated,multi_signal(4 families),"['F', 'I', 'M', 'Me', 'X']","M: diffraction peak intensities. Scanning electron microscopy (SEM) images taken of Fe2O3 grown with a range of ozone exposures corroborate the pr | Me: igure 1. Growth of iron oxide flms as measured by VASE. a) The growth per cycle as a function of ozone exposure with a satur | I: samples are 90, 138, and 140 A, respectively | X: series_axis 'ozone exposure time' with numeric label '60s Ozone'","{""discrete_experimental_sweep"": 4}","{""axis_role_coordinate"": false, ""n_source_points"": 21, ""granularity"": ""single""}",[],[],,,,,,,,,ozone exposure time,60s Ozone,10.1002_admi.202000318::F6::a::60s Ozone
10.1002_admi.202000318|6|6|a|20s Ozone|primary,10.1002_admi.202000318,6,6,a,20s Ozone,primary,16,16,site_density,intensity,a.u.,experimental,single,10.1002_admi.202000318-6a-S6-P000;10.1002_admi.202000318-6a-S6-P001;10.1002_admi.202000318-6a-S6-P002;10.1002_admi.202000318-6a-S6-P003;10.1002_admi.202000318-6a-S6-P004;10.1002_admi.202000318-6a-S6-P005 …+10,,,"Figure 6.a) Integrated 2D GIWAXS scans of Fe2O3 flms, summed over all measured angles X as a function of Q. Three scans of flms grown using 100,60,and 20 s of ozone exposure under saturated TBF doses are shown,together with the primary peaks of α-Fe2O3 andFe2O3 indicated with black triangles and gra","fects on the film as it grows, SO grazing-incidence wide-angle X-ray scattering (GIWAXS) measurements were performed to explore its crystallographic phase. Three measurements of representative FezO3 films synthesized using varying ozone exposures are shown in Figure 6a. Each of the resulting films e","samples are 90, 138, and 140 A, respectively",,discrete_experimental_sweep,corroborated,multi_signal(4 families),"['F', 'I', 'M', 'Me', 'X']","M: diffraction peak intensities. Scanning electron microscopy (SEM) images taken of Fe2O3 grown with a range of ozone exposures corroborate the pr | Me: igure 1. Growth of iron oxide flms as measured by VASE. a) The growth per cycle as a function of ozone exposure with a satur | I: samples are 90, 138, and 140 A, respectively | X: series_axis 'ozone exposure time' with numeric label '20s Ozone'","{""discrete_experimental_sweep"": 4}","{""axis_role_coordinate"": false, ""n_source_points"": 16, ""granularity"": ""single""}",[],[],,,,,,,,,ozone exposure time,20s Ozone,10.1002_admi.202000318::F6::a::20s Ozone
10.1002_admi.202000318|6|6|b|Fraction γ Phase|primary,10.1002_admi.202000318,6,6,b,Fraction γ Phase,primary,9,9,exposure,gamma_phase_fraction,1,experimental,single,10.1002_admi.202000318-6b-S7-P000;10.1002_admi.202000318-6b-S7-P001;10.1002_admi.202000318-6b-S7-P002;10.1002_admi.202000318-6b-S7-P003;10.1002_admi.202000318-6b-S7-P004;10.1002_admi.202000318-6b-S7-P005 …+3,,,"Figure 6.a) Integrated 2D GIWAXS scans of Fe2O3 flms, summed over all measured angles X as a function of Q. Three scans of flms grown using 100,60,and 20 s of ozone exposure under saturated TBF doses are shown,together with the primary peaks of α-Fe2O3 andFe2O3 indicated with black triangles and gra","fects on the film as it grows, SO grazing-incidence wide-angle X-ray scattering (GIWAXS) measurements were performed to explore its crystallographic phase. Three measurements of representative FezO3 films synthesized using varying ozone exposures are shown in Figure 6a. Each of the resulting films e","samples are 90, 138, and 140 A, respectively",,discrete_experimental_sweep,corroborated,multi_signal(3 families),"['F', 'I', 'M', 'Me', 'X']","M: diffraction peak intensities. Scanning electron microscopy (SEM) images taken of Fe2O3 grown with a range of ozone exposures corroborate the pr | Me: igure 1. Growth of iron oxide flms as measured by VASE. a) The growth per cycle as a function of ozone exposure with a satur | I: samples are 90, 138, and 140 A, respectively","{""discrete_experimental_sweep"": 3}","{""axis_role_coordinate"": false, ""n_source_points"": 9, ""granularity"": ""single""}",[],[],,,,,,,,,phase composition,Fraction γ Phase,10.1002_admi.202000318::F6::b::Fraction γ Phase
10.1002_celc.201600139|4|1|b|LTB:H2S|primary,10.1002_celc.201600139,4,1,b,LTB:H2S,primary,30,30,cycle_number,Mass,ng/cm²,experimental,single,10.1002_celc.201600139-1b-S0-P000;10.1002_celc.201600139-1b-S0-P001;10.1002_celc.201600139-1b-S0-P002;10.1002_celc.201600139-1b-S0-P003;10.1002_celc.201600139-1b-S0-P004;10.1002_celc.201600139-1b-S0-P005 …+24,2,,Figure 1. a) Schematic illustration of Li x Al y S ALD; b) in situ QCM measurements of Li x Al y S ALD performed at 150 8 C using (LTB-H2S)/(TDMAAl-H2S) = 1:1; c) Arrhenius plot for temperature-depended ionic conductivity measured using a 50 nm Li x Al y S film.,"TB) and

<!-- image -->

H2S, [12] with a new process for Al 2 S3 ALD using tris(dimethylamido) aluminum(III) (TMDA-Al) and H2S. By controlling the ratio of Li 2 S to Al 2 S3 ALD cycles, we can deposit Li x Al y S films with any composition, as illustrated in Figure 1a. In this work, we focus exclus",,,continuous_trace,corroborated,multi_signal(2 families),"['F', 'M', 'Me', 'X']",M: Figure 1. a) Schematic illustration of Li x Al y S ALD; b) in situ QCM measurements of Li x Al y S ALD performed at 150 8 C using (LTB-H2S)/(TDMAA | M: t the average growth rate was 0.66 /C138 per cycle. Ex situ spectroscopic ellipsometry (SE) measurements performed on Li x Al y S (1:1) dep --- of Li/Al of approxima | M: 1. a) Schematic illustration of Li x Al y S ALD; b) in situ QCM measuremen,"{""continuous_trace"": 6, ""discrete_experimental_sweep"": 1}","{""axis_role_coordinate"": false, ""n_source_points"": 30, ""granularity"": ""single""}","[{""quantity_type"": ""generic_pressure"", ""symbol"": null, ""value"": ""1.2"", ""unit"": ""Torr"", ""species"": null, ""reactant_role"": null, ""assertion_status"": ""direct"", ""scope"": ""paper"", ""source"": ""methods"", ""evidence"": ""flow rate of 252 sccm and a pressure of 1.2 Torr. The Li 2 S ALD [12] was performed by using alternating 5 s exposures to lithium tert-butox""}]",[],paper,resolved,1.2,Torr,generic_pressure,1.2 Torr (generic_pressure),,,precursor,LTB:H2S,10.1002_celc.201600139::F1::b::LTB:H2S
10.1002_celc.201600139|4|1|b|TDMAAl:H2S|primary,10.1002_celc.201600139,4,1,b,TDMAAl:H2S,primary,31,31,cycle_number,Mass,ng/cm²,experimental,single,10.1002_celc.201600139-1b-S1-P000;10.1002_celc.201600139-1b-S1-P001;10.1002_celc.201600139-1b-S1-P002;10.1002_celc.201600139-1b-S1-P003;10.1002_celc.201600139-1b-S1-P004;10.1002_celc.201600139-1b-S1-P005 …+25,2,,Figure 1. a) Schematic illustration of Li x Al y S ALD; b) in situ QCM measurements of Li x Al y S ALD performed at 150 8 C using (LTB-H2S)/(TDMAAl-H2S) = 1:1; c) Arrhenius plot for temperature-depended ionic conductivity measured using a 50 nm Li x Al y S film.,"TB) and

<!-- image -->

H2S, [12] with a new process for Al 2 S3 ALD using tris(dimethylamido) aluminum(III) (TMDA-Al) and H2S. By controlling the ratio of Li 2 S to Al 2 S3 ALD cycles, we can deposit Li x Al y S films with any composition, as illustrated in Figure 1a. In this work, we focus exclus",,,continuous_trace,corroborated,multi_signal(2 families),"['F', 'M', 'Me', 'X']",M: Figure 1. a) Schematic illustration of Li x Al y S ALD; b) in situ QCM measurements of Li x Al y S ALD performed at 150 8 C using (LTB-H2S)/(TDMAA | M: t the average growth rate was 0.66 /C138 per cycle. Ex situ spectroscopic ellipsometry (SE) measurements performed on Li x Al y S (1:1) dep --- of Li/Al of approxima | M: 1. a) Schematic illustration of Li x Al y S ALD; b) in situ QCM measuremen,"{""continuous_trace"": 6, ""discrete_experimental_sweep"": 1}","{""axis_role_coordinate"": false, ""n_source_points"": 31, ""granularity"": ""single""}","[{""quantity_type"": ""generic_pressure"", ""symbol"": null, ""value"": ""1.2"", ""unit"": ""Torr"", ""species"": null, ""reactant_role"": null, ""assertion_status"": ""direct"", ""scope"": ""paper"", ""source"": ""methods"", ""evidence"": ""flow rate of 252 sccm and a pressure of 1.2 Torr. The Li 2 S ALD [12] was performed by using alternating 5 s exposures to lithium tert-butox""}]",[],paper,resolved,1.2,Torr,generic_pressure,1.2 Torr (generic_pressure),,,precursor,TDMAAl:H2S,10.1002_celc.201600139::F1::b::TDMAAl:H2S
10.1002_celc.201600139|4|1|c|50nm LixAlyS|primary,10.1002_celc.201600139,4,1,c,50nm LixAlyS,primary,1,19,1000/T,resistivity,S/cm,experimental,unresolved,10.1002_celc.201600139-F1c-2,2,,Figure 1. a) Schematic illustration of Li x Al y S ALD; b) in situ QCM measurements of Li x Al y S ALD performed at 150 8 C using (LTB-H2S)/(TDMAAl-H2S) = 1:1; c) Arrhenius plot for temperature-depended ionic conductivity measured using a 50 nm Li x Al y S film.,"TB) and

<!-- image -->

H2S, [12] with a new process for Al 2 S3 ALD using tris(dimethylamido) aluminum(III) (TMDA-Al) and H2S. By controlling the ratio of Li 2 S to Al 2 S3 ALD cycles, we can deposit Li x Al y S films with any composition, as illustrated in Figure 1a. In this work, we focus exclus",,,continuous_trace,corroborated,multi_signal(2 families),"['F', 'M', 'Me']",M: Figure 1. a) Schematic illustration of Li x Al y S ALD; b) in situ QCM measurements of Li x Al y S ALD performed at 150 8 C using (LTB-H2S)/(TDMAA | M: t the average growth rate was 0.66 /C138 per cycle. Ex situ spectroscopic ellipsometry (SE) measurements performed on Li x Al y S (1:1) dep --- of Li/Al of approxima | M: 1. a) Schematic illustration of Li x Al y S ALD; b) in situ QCM measuremen,"{""continuous_trace"": 6, ""discrete_experimental_sweep"": 1}","{""axis_role_coordinate"": false, ""n_source_points"": 19, ""granularity"": ""unresolved""}","[{""quantity_type"": ""generic_pressure"", ""symbol"": null, ""value"": ""1.2"", ""unit"": ""Torr"", ""species"": null, ""reactant_role"": null, ""assertion_status"": ""direct"", ""scope"": ""paper"", ""source"": ""methods"", ""evidence"": ""flow rate of 252 sccm and a pressure of 1.2 Torr. The Li 2 S ALD [12] was performed by using alternating 5 s exposures to lithium tert-butox""}]",[],paper,resolved,1.2,Torr,generic_pressure,1.2 Torr (generic_pressure),,,,,10.1002_celc.201600139::F1::c::50nm LixAlyS
10.1002_celc.201600139|6|2|a|180°C|primary,10.1002_celc.201600139,6,2,a,180°C,primary,1,28,spatial_coordinate,spatial_coordinate,ohms,experimental,profile,10.1002_celc.201600139-F2a-3,3,3,Figure 2. Nyquist plots of a 50 nm Li x Al y S film. Insert shows the equivalent circuit.," ALD film, we performed electrochemical impedance spectroscopy (EIS) measurements on 50 nm films deposited on SiO2/Si substrates patterned with micrometer-scale interdigitated Pt electrodes in the temperature range of 180-300 8 C. The resulting Nyquist plots (Figure 2) are composed of one semicircle",,,experimental_profile,corroborated,coordinate_axis_gate(3 families),"['F', 'M', 'Me', 'X']","X: x axis 'spatial_coordinate' is a spatial coordinate; the curve is one specimen's profile | M: equivalent circuit. ALD film, we performed electrochemical impedance spectroscopy (EIS) measurements on 50 nm films deposited on SiO2/Si substrates | Me: -H2S exposures for Al 2 S3 with every ALD cycle. In situ QCM measurements were performed to investigate the Li x Al y S ALD. T | Me: posures for Al 2","{""continuous_trace"": 3, ""discrete_experimental_sweep"": 1, ""experimental_profile"": 2}","{""axis_role_coordinate"": true, ""n_source_points"": 28, ""granularity"": ""profile""}","[{""quantity_type"": ""generic_pressure"", ""symbol"": null, ""value"": ""1.2"", ""unit"": ""Torr"", ""species"": null, ""reactant_role"": null, ""assertion_status"": ""direct"", ""scope"": ""paper"", ""source"": ""methods"", ""evidence"": ""flow rate of 252 sccm and a pressure of 1.2 Torr. The Li 2 S ALD [12] was performed by using alternating 5 s exposures to lithium tert-butox""}]",[],paper,resolved,1.2,Torr,generic_pressure,1.2 Torr (generic_pressure),,,temperature,180°C,10.1002_celc.201600139::F2::a::180°C
10.1002_celc.201600139|6|2|a|200°C|primary,10.1002_celc.201600139,6,2,a,200°C,primary,1,24,spatial_coordinate,spatial_coordinate,ohms,experimental,profile,10.1002_celc.201600139-F2a-4,3,3,Figure 2. Nyquist plots of a 50 nm Li x Al y S film. Insert shows the equivalent circuit.," ALD film, we performed electrochemical impedance spectroscopy (EIS) measurements on 50 nm films deposited on SiO2/Si substrates patterned with micrometer-scale interdigitated Pt electrodes in the temperature range of 180-300 8 C. The resulting Nyquist plots (Figure 2) are composed of one semicircle",,,experimental_profile,corroborated,coordinate_axis_gate(3 families),"['F', 'M', 'Me', 'X']","X: x axis 'spatial_coordinate' is a spatial coordinate; the curve is one specimen's profile | M: equivalent circuit. ALD film, we performed electrochemical impedance spectroscopy (EIS) measurements on 50 nm films deposited on SiO2/Si substrates | Me: -H2S exposures for Al 2 S3 with every ALD cycle. In situ QCM measurements were performed to investigate the Li x Al y S ALD. T | Me: posures for Al 2","{""continuous_trace"": 3, ""discrete_experimental_sweep"": 1, ""experimental_profile"": 2}","{""axis_role_coordinate"": true, ""n_source_points"": 24, ""granularity"": ""profile""}","[{""quantity_type"": ""generic_pressure"", ""symbol"": null, ""value"": ""1.2"", ""unit"": ""Torr"", ""species"": null, ""reactant_role"": null, ""assertion_status"": ""direct"", ""scope"": ""paper"", ""source"": ""methods"", ""evidence"": ""flow rate of 252 sccm and a pressure of 1.2 Torr. The Li 2 S ALD [12] was performed by using alternating 5 s exposures to lithium tert-butox""}]",[],paper,resolved,1.2,Torr,generic_pressure,1.2 Torr (generic_pressure),,,temperature,200°C,10.1002_celc.201600139::F2::a::200°C
10.1002_celc.201600139|6|2|a|250°C|primary,10.1002_celc.201600139,6,2,a,250°C,primary,1,17,spatial_coordinate,spatial_coordinate,ohms,experimental,profile,10.1002_celc.201600139-F2a-5,3,3,Figure 2. Nyquist plots of a 50 nm Li x Al y S film. Insert shows the equivalent circuit.," ALD film, we performed electrochemical impedance spectroscopy (EIS) measurements on 50 nm films deposited on SiO2/Si substrates patterned with micrometer-scale interdigitated Pt electrodes in the temperature range of 180-300 8 C. The resulting Nyquist plots (Figure 2) are composed of one semicircle",,,experimental_profile,corroborated,coordinate_axis_gate(3 families),"['F', 'M', 'Me', 'X']","X: x axis 'spatial_coordinate' is a spatial coordinate; the curve is one specimen's profile | M: equivalent circuit. ALD film, we performed electrochemical impedance spectroscopy (EIS) measurements on 50 nm films deposited on SiO2/Si substrates | Me: -H2S exposures for Al 2 S3 with every ALD cycle. In situ QCM measurements were performed to investigate the Li x Al y S ALD. T | Me: posures for Al 2","{""continuous_trace"": 3, ""discrete_experimental_sweep"": 1, ""experimental_profile"": 2}","{""axis_role_coordinate"": true, ""n_source_points"": 17, ""granularity"": ""profile""}","[{""quantity_type"": ""generic_pressure"", ""symbol"": null, ""value"": ""1.2"", ""unit"": ""Torr"", ""species"": null, ""reactant_role"": null, ""assertion_status"": ""direct"", ""scope"": ""paper"", ""source"": ""methods"", ""evidence"": ""flow rate of 252 sccm and a pressure of 1.2 Torr. The Li 2 S ALD [12] was performed by using alternating 5 s exposures to lithium tert-butox""}]",[],paper,resolved,1.2,Torr,generic_pressure,1.2 Torr (generic_pressure),,,temperature,250°C,10.1002_celc.201600139::F2::a::250°C
10.1002_celc.201600139|6|2|a|300°C|primary,10.1002_celc.201600139,6,2,a,300°C,primary,1,16,spatial_coordinate,spatial_coordinate,ohms,experimental,profile,10.1002_celc.201600139-F2a-6,3,3,Figure 2. Nyquist plots of a 50 nm Li x Al y S film. Insert shows the equivalent circuit.," ALD film, we performed electrochemical impedance spectroscopy (EIS) measurements on 50 nm films deposited on SiO2/Si substrates patterned with micrometer-scale interdigitated Pt electrodes in the temperature range of 180-300 8 C. The resulting Nyquist plots (Figure 2) are composed of one semicircle",,,experimental_profile,corroborated,coordinate_axis_gate(3 families),"['F', 'M', 'Me', 'X']","X: x axis 'spatial_coordinate' is a spatial coordinate; the curve is one specimen's profile | M: equivalent circuit. ALD film, we performed electrochemical impedance spectroscopy (EIS) measurements on 50 nm films deposited on SiO2/Si substrates | Me: -H2S exposures for Al 2 S3 with every ALD cycle. In situ QCM measurements were performed to investigate the Li x Al y S ALD. T | Me: posures for Al 2","{""continuous_trace"": 3, ""discrete_experimental_sweep"": 1, ""experimental_profile"": 2}","{""axis_role_coordinate"": true, ""n_source_points"": 16, ""granularity"": ""profile""}","[{""quantity_type"": ""generic_pressure"", ""symbol"": null, ""value"": ""1.2"", ""unit"": ""Torr"", ""species"": null, ""reactant_role"": null, ""assertion_status"": ""direct"", ""scope"": ""paper"", ""source"": ""methods"", ""evidence"": ""flow rate of 252 sccm and a pressure of 1.2 Torr. The Li 2 S ALD [12] was performed by using alternating 5 s exposures to lithium tert-butox""}]",[],paper,resolved,1.2,Torr,generic_pressure,1.2 Torr (generic_pressure),,,temperature,300°C,10.1002_celc.201600139::F2::a::300°C
10.1002_celc.201600139|10|3|a|Pristine Li|primary,10.1002_celc.201600139,10,3,a,Pristine Li,primary,1,30,spatial_coordinate,spatial_coordinate,ohms,experimental,profile,10.1002_celc.201600139-F3a-7,4,,Figure 3. a) AC impedance spectra of Li/electrolyte/Li symmetric cells using both pristine Li and Li x Al y S-coated Li after 68 h storage; b) R SEI of Li/electrolyte/Li symmetric cells versus storage time; c) CE of Li deposition/striping in 1 m LiPF 6 -EC/EMC with pristine Cu and Li x Al y S-coated," lithiummetal anodes coated by the Li x Al y S ALD film in contact with a commercial carbonate-based electrolyte (1 m LiPF 6 in EC/EMC 3:7) by fabricating Li/electrolyte/Li symmetric batteries and performing AC impedance measurements. As shown in the inset of Figure 3a, the impedance spectra are mod",sample with pristine Li showed a much higher R,,experimental_profile,corroborated,coordinate_axis_gate(4 families),"['F', 'I', 'M', 'Me', 'X']",X: x axis 'spatial_coordinate' is a spatial coordinate; the curve is one specimen's profile | M: Figure 3. a) AC impedance spectra of Li/electrolyte/Li symmetric cells using both pristine Li and Li x Al | Me: -H2S exposures for Al 2 S3 with every ALD cycle. In situ QCM measurements were performed to investigate the Li x Al y S ALD. T | Me: posures for Al 2 S3 with every ALD cycle. In situ QCM meas,"{""continuous_trace"": 3, ""discrete_experimental_sweep"": 2, ""experimental_profile"": 1}","{""axis_role_coordinate"": true, ""n_source_points"": 30, ""granularity"": ""profile""}","[{""quantity_type"": ""generic_pressure"", ""symbol"": null, ""value"": ""1.2"", ""unit"": ""Torr"", ""species"": null, ""reactant_role"": null, ""assertion_status"": ""direct"", ""scope"": ""paper"", ""source"": ""methods"", ""evidence"": ""flow rate of 252 sccm and a pressure of 1.2 Torr. The Li 2 S ALD [12] was performed by using alternating 5 s exposures to lithium tert-butox""}]",[],paper,resolved,1.2,Torr,generic_pressure,1.2 Torr (generic_pressure),,,electrode,Pristine Li,10.1002_celc.201600139::F3::a::Pristine Li
10.1002_celc.201600139|10|3|a|Li_xAl_yS coated Li|primary,10.1002_celc.201600139,10,3,a,Li_xAl_yS coated Li,primary,1,14,spatial_coordinate,spatial_coordinate,ohms,experimental,profile,10.1002_celc.201600139-F3a-8,4,,Figure 3. a) AC impedance spectra of Li/electrolyte/Li symmetric cells using both pristine Li and Li x Al y S-coated Li after 68 h storage; b) R SEI of Li/electrolyte/Li symmetric cells versus storage time; c) CE of Li deposition/striping in 1 m LiPF 6 -EC/EMC with pristine Cu and Li x Al y S-coated," lithiummetal anodes coated by the Li x Al y S ALD film in contact with a commercial carbonate-based electrolyte (1 m LiPF 6 in EC/EMC 3:7) by fabricating Li/electrolyte/Li symmetric batteries and performing AC impedance measurements. As shown in the inset of Figure 3a, the impedance spectra are mod",sample with pristine Li showed a much higher R,,experimental_profile,corroborated,coordinate_axis_gate(4 families),"['F', 'I', 'M', 'Me', 'X']",X: x axis 'spatial_coordinate' is a spatial coordinate; the curve is one specimen's profile | M: Figure 3. a) AC impedance spectra of Li/electrolyte/Li symmetric cells using both pristine Li and Li x Al | Me: -H2S exposures for Al 2 S3 with every ALD cycle. In situ QCM measurements were performed to investigate the Li x Al y S ALD. T | Me: posures for Al 2 S3 with every ALD cycle. In situ QCM meas,"{""continuous_trace"": 3, ""discrete_experimental_sweep"": 2, ""experimental_profile"": 1}","{""axis_role_coordinate"": true, ""n_source_points"": 14, ""granularity"": ""profile""}","[{""quantity_type"": ""generic_pressure"", ""symbol"": null, ""value"": ""1.2"", ""unit"": ""Torr"", ""species"": null, ""reactant_role"": null, ""assertion_status"": ""direct"", ""scope"": ""paper"", ""source"": ""methods"", ""evidence"": ""flow rate of 252 sccm and a pressure of 1.2 Torr. The Li 2 S ALD [12] was performed by using alternating 5 s exposures to lithium tert-butox""}]",[],paper,resolved,1.2,Torr,generic_pressure,1.2 Torr (generic_pressure),,,electrode,Li_xAl_yS coated Li,10.1002_celc.201600139::F3::a::Li_xAl_yS coated Li
10.1002_celc.201600139|10|3|b|Pristine Li|primary,10.1002_celc.201600139,10,3,b,Pristine Li,primary,7,7,pulse_time,resistivity,ohms,experimental,single,10.1002_celc.201600139-3b-S2-P000;10.1002_celc.201600139-3b-S2-P001;10.1002_celc.201600139-3b-S2-P002;10.1002_celc.201600139-3b-S2-P003;10.1002_celc.201600139-3b-S2-P004;10.1002_celc.201600139-3b-S2-P005 …+1,4,,Figure 3. a) AC impedance spectra of Li/electrolyte/Li symmetric cells using both pristine Li and Li x Al y S-coated Li after 68 h storage; b) R SEI of Li/electrolyte/Li symmetric cells versus storage time; c) CE of Li deposition/striping in 1 m LiPF 6 -EC/EMC with pristine Cu and Li x Al y S-coated," lithiummetal anodes coated by the Li x Al y S ALD film in contact with a commercial carbonate-based electrolyte (1 m LiPF 6 in EC/EMC 3:7) by fabricating Li/electrolyte/Li symmetric batteries and performing AC impedance measurements. As shown in the inset of Figure 3a, the impedance spectra are mod",sample with pristine Li showed a much higher R,,continuous_trace,corroborated,multi_signal(2 families),"['F', 'I', 'M', 'Me', 'X']",M: Figure 3. a) AC impedance spectra of Li/electrolyte/Li symmetric cells using both pristine Li and Li x Al | Me: -H2S exposures for Al 2 S3 with every ALD cycle. In situ QCM measurements were performed to investigate the Li x Al y S ALD. T | Me: posures for Al 2 S3 with every ALD cycle. In situ QCM measurements were performed to investigate the Li x Al y S ALD. These,"{""continuous_trace"": 3, ""discrete_experimental_sweep"": 2}","{""axis_role_coordinate"": false, ""n_source_points"": 7, ""granularity"": ""single""}","[{""quantity_type"": ""generic_pressure"", ""symbol"": null, ""value"": ""1.2"", ""unit"": ""Torr"", ""species"": null, ""reactant_role"": null, ""assertion_status"": ""direct"", ""scope"": ""paper"", ""source"": ""methods"", ""evidence"": ""flow rate of 252 sccm and a pressure of 1.2 Torr. The Li 2 S ALD [12] was performed by using alternating 5 s exposures to lithium tert-butox""}]",[],paper,resolved,1.2,Torr,generic_pressure,1.2 Torr (generic_pressure),,,electrode,Pristine Li,10.1002_celc.201600139::F3::b::Pristine Li
10.1002_celc.201600139|10|3|b|Li_xAl_yS Coated Li|primary,10.1002_celc.201600139,10,3,b,Li_xAl_yS Coated Li,primary,5,5,pulse_time,resistivity,ohms,experimental,single,10.1002_celc.201600139-3b-S3-P000;10.1002_celc.201600139-3b-S3-P001;10.1002_celc.201600139-3b-S3-P002;10.1002_celc.201600139-3b-S3-P003;10.1002_celc.201600139-3b-S3-P004,4,,Figure 3. a) AC impedance spectra of Li/electrolyte/Li symmetric cells using both pristine Li and Li x Al y S-coated Li after 68 h storage; b) R SEI of Li/electrolyte/Li symmetric cells versus storage time; c) CE of Li deposition/striping in 1 m LiPF 6 -EC/EMC with pristine Cu and Li x Al y S-coated," lithiummetal anodes coated by the Li x Al y S ALD film in contact with a commercial carbonate-based electrolyte (1 m LiPF 6 in EC/EMC 3:7) by fabricating Li/electrolyte/Li symmetric batteries and performing AC impedance measurements. As shown in the inset of Figure 3a, the impedance spectra are mod",sample with pristine Li showed a much higher R,,continuous_trace,corroborated,multi_signal(2 families),"['F', 'I', 'M', 'Me', 'X']",M: Figure 3. a) AC impedance spectra of Li/electrolyte/Li symmetric cells using both pristine Li and Li x Al | Me: -H2S exposures for Al 2 S3 with every ALD cycle. In situ QCM measurements were performed to investigate the Li x Al y S ALD. T | Me: posures for Al 2 S3 with every ALD cycle. In situ QCM measurements were performed to investigate the Li x Al y S ALD. These,"{""continuous_trace"": 3, ""discrete_experimental_sweep"": 2}","{""axis_role_coordinate"": false, ""n_source_points"": 5, ""granularity"": ""single""}","[{""quantity_type"": ""generic_pressure"", ""symbol"": null, ""value"": ""1.2"", ""unit"": ""Torr"", ""species"": null, ""reactant_role"": null, ""assertion_status"": ""direct"", ""scope"": ""paper"", ""source"": ""methods"", ""evidence"": ""flow rate of 252 sccm and a pressure of 1.2 Torr. The Li 2 S ALD [12] was performed by using alternating 5 s exposures to lithium tert-butox""}]",[],paper,resolved,1.2,Torr,generic_pressure,1.2 Torr (generic_pressure),,,electrode,Li_xAl_yS Coated Li,10.1002_celc.201600139::F3::b::Li_xAl_yS Coated Li
10.1002_celc.201600139|10|3|c|Pristine Cu|primary,10.1002_celc.201600139,10,3,c,Pristine Cu,primary,22,22,cycle_number,Coulombic efficiency,1,experimental,single,10.1002_celc.201600139-3c-S4-P000;10.1002_celc.201600139-3c-S4-P001;10.1002_celc.201600139-3c-S4-P002;10.1002_celc.201600139-3c-S4-P003;10.1002_celc.201600139-3c-S4-P004;10.1002_celc.201600139-3c-S4-P005 …+16,4,,Figure 3. a) AC impedance spectra of Li/electrolyte/Li symmetric cells using both pristine Li and Li x Al y S-coated Li after 68 h storage; b) R SEI of Li/electrolyte/Li symmetric cells versus storage time; c) CE of Li deposition/striping in 1 m LiPF 6 -EC/EMC with pristine Cu and Li x Al y S-coated," lithiummetal anodes coated by the Li x Al y S ALD film in contact with a commercial carbonate-based electrolyte (1 m LiPF 6 in EC/EMC 3:7) by fabricating Li/electrolyte/Li symmetric batteries and performing AC impedance measurements. As shown in the inset of Figure 3a, the impedance spectra are mod",sample with pristine Li showed a much higher R,,continuous_trace,corroborated,multi_signal(2 families),"['F', 'I', 'M', 'Me', 'X']",M: Figure 3. a) AC impedance spectra of Li/electrolyte/Li symmetric cells using both pristine Li and Li x Al | Me: -H2S exposures for Al 2 S3 with every ALD cycle. In situ QCM measurements were performed to investigate the Li x Al y S ALD. T | Me: posures for Al 2 S3 with every ALD cycle. In situ QCM measurements were performed to investigate the Li x Al y S ALD. These,"{""continuous_trace"": 3, ""discrete_experimental_sweep"": 2}","{""axis_role_coordinate"": false, ""n_source_points"": 22, ""granularity"": ""single""}","[{""quantity_type"": ""generic_pressure"", ""symbol"": null, ""value"": ""1.2"", ""unit"": ""Torr"", ""species"": null, ""reactant_role"": null, ""assertion_status"": ""direct"", ""scope"": ""paper"", ""source"": ""methods"", ""evidence"": ""flow rate of 252 sccm and a pressure of 1.2 Torr. The Li 2 S ALD [12] was performed by using alternating 5 s exposures to lithium tert-butox""}]",[],paper,resolved,1.2,Torr,generic_pressure,1.2 Torr (generic_pressure),,,electrode,Pristine Cu,10.1002_celc.201600139::F3::c::Pristine Cu
10.1002_celc.201600139|10|3|c|Li_xAl_yS Coated Cu|primary,10.1002_celc.201600139,10,3,c,Li_xAl_yS Coated Cu,primary,19,19,cycle_number,Coulombic efficiency,1,experimental,single,10.1002_celc.201600139-3c-S5-P000;10.1002_celc.201600139-3c-S5-P001;10.1002_celc.201600139-3c-S5-P002;10.1002_celc.201600139-3c-S5-P003;10.1002_celc.201600139-3c-S5-P004;10.1002_celc.201600139-3c-S5-P005 …+13,4,,Figure 3. a) AC impedance spectra of Li/electrolyte/Li symmetric cells using both pristine Li and Li x Al y S-coated Li after 68 h storage; b) R SEI of Li/electrolyte/Li symmetric cells versus storage time; c) CE of Li deposition/striping in 1 m LiPF 6 -EC/EMC with pristine Cu and Li x Al y S-coated," lithiummetal anodes coated by the Li x Al y S ALD film in contact with a commercial carbonate-based electrolyte (1 m LiPF 6 in EC/EMC 3:7) by fabricating Li/electrolyte/Li symmetric batteries and performing AC impedance measurements. As shown in the inset of Figure 3a, the impedance spectra are mod",sample with pristine Li showed a much higher R,,continuous_trace,corroborated,multi_signal(2 families),"['F', 'I', 'M', 'Me', 'X']",M: Figure 3. a) AC impedance spectra of Li/electrolyte/Li symmetric cells using both pristine Li and Li x Al | Me: -H2S exposures for Al 2 S3 with every ALD cycle. In situ QCM measurements were performed to investigate the Li x Al y S ALD. T | Me: posures for Al 2 S3 with every ALD cycle. In situ QCM measurements were performed to investigate the Li x Al y S ALD. These,"{""continuous_trace"": 3, ""discrete_experimental_sweep"": 2}","{""axis_role_coordinate"": false, ""n_source_points"": 19, ""granularity"": ""single""}","[{""quantity_type"": ""generic_pressure"", ""symbol"": null, ""value"": ""1.2"", ""unit"": ""Torr"", ""species"": null, ""reactant_role"": null, ""assertion_status"": ""direct"", ""scope"": ""paper"", ""source"": ""methods"", ""evidence"": ""flow rate of 252 sccm and a pressure of 1.2 Torr. The Li 2 S ALD [12] was performed by using alternating 5 s exposures to lithium tert-butox""}]",[],paper,resolved,1.2,Torr,generic_pressure,1.2 Torr (generic_pressure),,,electrode,Li_xAl_yS Coated Cu,10.1002_celc.201600139::F3::c::Li_xAl_yS Coated Cu
10.1002_celc.201600139|10|3|d|Pristine Cu|primary,10.1002_celc.201600139,10,3,d,Pristine Cu,primary,8,8,cycle_number,Hysteresis,V,experimental,single,10.1002_celc.201600139-3d-S6-P000;10.1002_celc.201600139-3d-S6-P001;10.1002_celc.201600139-3d-S6-P002;10.1002_celc.201600139-3d-S6-P003;10.1002_celc.201600139-3d-S6-P004;10.1002_celc.201600139-3d-S6-P005 …+2,4,,Figure 3. a) AC impedance spectra of Li/electrolyte/Li symmetric cells using both pristine Li and Li x Al y S-coated Li after 68 h storage; b) R SEI of Li/electrolyte/Li symmetric cells versus storage time; c) CE of Li deposition/striping in 1 m LiPF 6 -EC/EMC with pristine Cu and Li x Al y S-coated," lithiummetal anodes coated by the Li x Al y S ALD film in contact with a commercial carbonate-based electrolyte (1 m LiPF 6 in EC/EMC 3:7) by fabricating Li/electrolyte/Li symmetric batteries and performing AC impedance measurements. As shown in the inset of Figure 3a, the impedance spectra are mod",sample with pristine Li showed a much higher R,,continuous_trace,corroborated,multi_signal(2 families),"['F', 'I', 'M', 'Me', 'X']",M: Figure 3. a) AC impedance spectra of Li/electrolyte/Li symmetric cells using both pristine Li and Li x Al | Me: -H2S exposures for Al 2 S3 with every ALD cycle. In situ QCM measurements were performed to investigate the Li x Al y S ALD. T | Me: posures for Al 2 S3 with every ALD cycle. In situ QCM measurements were performed to investigate the Li x Al y S ALD. These,"{""continuous_trace"": 3, ""discrete_experimental_sweep"": 2}","{""axis_role_coordinate"": false, ""n_source_points"": 8, ""granularity"": ""single""}","[{""quantity_type"": ""generic_pressure"", ""symbol"": null, ""value"": ""1.2"", ""unit"": ""Torr"", ""species"": null, ""reactant_role"": null, ""assertion_status"": ""direct"", ""scope"": ""paper"", ""source"": ""methods"", ""evidence"": ""flow rate of 252 sccm and a pressure of 1.2 Torr. The Li 2 S ALD [12] was performed by using alternating 5 s exposures to lithium tert-butox""}]",[],paper,resolved,1.2,Torr,generic_pressure,1.2 Torr (generic_pressure),,,electrode,Pristine Cu,10.1002_celc.201600139::F3::d::Pristine Cu
10.1002_celc.201600139|10|3|d|Li_xAl_yS coated Cu|primary,10.1002_celc.201600139,10,3,d,Li_xAl_yS coated Cu,primary,8,8,cycle_number,Hysteresis,V,experimental,single,10.1002_celc.201600139-3d-S7-P000;10.1002_celc.201600139-3d-S7-P001;10.1002_celc.201600139-3d-S7-P002;10.1002_celc.201600139-3d-S7-P003;10.1002_celc.201600139-3d-S7-P004;10.1002_celc.201600139-3d-S7-P005 …+2,4,,Figure 3. a) AC impedance spectra of Li/electrolyte/Li symmetric cells using both pristine Li and Li x Al y S-coated Li after 68 h storage; b) R SEI of Li/electrolyte/Li symmetric cells versus storage time; c) CE of Li deposition/striping in 1 m LiPF 6 -EC/EMC with pristine Cu and Li x Al y S-coated," lithiummetal anodes coated by the Li x Al y S ALD film in contact with a commercial carbonate-based electrolyte (1 m LiPF 6 in EC/EMC 3:7) by fabricating Li/electrolyte/Li symmetric batteries and performing AC impedance measurements. As shown in the inset of Figure 3a, the impedance spectra are mod",sample with pristine Li showed a much higher R,,continuous_trace,corroborated,multi_signal(2 families),"['F', 'I', 'M', 'Me', 'X']",M: Figure 3. a) AC impedance spectra of Li/electrolyte/Li symmetric cells using both pristine Li and Li x Al | Me: -H2S exposures for Al 2 S3 with every ALD cycle. In situ QCM measurements were performed to investigate the Li x Al y S ALD. T | Me: posures for Al 2 S3 with every ALD cycle. In situ QCM measurements were performed to investigate the Li x Al y S ALD. These,"{""continuous_trace"": 3, ""discrete_experimental_sweep"": 2}","{""axis_role_coordinate"": false, ""n_source_points"": 8, ""granularity"": ""single""}","[{""quantity_type"": ""generic_pressure"", ""symbol"": null, ""value"": ""1.2"", ""unit"": ""Torr"", ""species"": null, ""reactant_role"": null, ""assertion_status"": ""direct"", ""scope"": ""paper"", ""source"": ""methods"", ""evidence"": ""flow rate of 252 sccm and a pressure of 1.2 Torr. The Li 2 S ALD [12] was performed by using alternating 5 s exposures to lithium tert-butox""}]",[],paper,resolved,1.2,Torr,generic_pressure,1.2 Torr (generic_pressure),,,electrode,Li_xAl_yS coated Cu,10.1002_celc.201600139::F3::d::Li_xAl_yS coated Cu
10.1002_celc.201600139|11|4|a|Pristine Cu|primary,10.1002_celc.201600139,11,4,a,Pristine Cu,primary,29,29,cycle_number,Coulombic Efficiency,1,experimental,single,10.1002_celc.201600139-4a-S8-P000;10.1002_celc.201600139-4a-S8-P001;10.1002_celc.201600139-4a-S8-P002;10.1002_celc.201600139-4a-S8-P003;10.1002_celc.201600139-4a-S8-P004;10.1002_celc.201600139-4a-S8-P005 …+23,4,3,Figure 4. CE of Li deposition/striping in 4 m LiTFSI-DME with pristine Cu or 25 nm Li x Al y S-coated Cu.,"cell shows a very stable CE , extending until 170 cycles. The maximum CE values in Figure 3c are only around 80%, as a result of the carbonate-based electrolyte used. [9f] A much higher CE of approximately 97% was achieved by using an ether-based electrolyte (Figure 4), but the behavior was very sim",,,discrete_experimental_sweep,corroborated,multi_signal(2 families),"['F', 'M', 'Me', 'X']","M: suppress Li dendrite growth. Figure 5. Top-view (a,b) and cross-sectional (c,d) SEM images of Li metal deposited on pristine Cu (a,c) and Cu coated wit | Me: ectrodeposited lithium was characterized by using SEM (Hitachi S-4700). After a single half-cycle of lithium electrochemica","{""discrete_experimental_sweep"": 2, ""continuous_trace"": 2}","{""axis_role_coordinate"": false, ""n_source_points"": 29, ""granularity"": ""single""}","[{""quantity_type"": ""generic_pressure"", ""symbol"": null, ""value"": ""1.2"", ""unit"": ""Torr"", ""species"": null, ""reactant_role"": null, ""assertion_status"": ""direct"", ""scope"": ""paper"", ""source"": ""methods"", ""evidence"": ""flow rate of 252 sccm and a pressure of 1.2 Torr. The Li 2 S ALD [12] was performed by using alternating 5 s exposures to lithium tert-butox""}]",[],paper,resolved,1.2,Torr,generic_pressure,1.2 Torr (generic_pressure),,,substrate,Pristine Cu,10.1002_celc.201600139::F4::a::Pristine Cu
10.1002_celc.201600139|11|4|a|Li_xAl_yS coated Cu|primary,10.1002_celc.201600139,11,4,a,Li_xAl_yS coated Cu,primary,23,23,cycle_number,Coulombic Efficiency,1,experimental,single,10.1002_celc.201600139-4a-S9-P000;10.1002_celc.201600139-4a-S9-P001;10.1002_celc.201600139-4a-S9-P002;10.1002_celc.201600139-4a-S9-P003;10.1002_celc.201600139-4a-S9-P004;10.1002_celc.201600139-4a-S9-P005 …+17,4,3,Figure 4. CE of Li deposition/striping in 4 m LiTFSI-DME with pristine Cu or 25 nm Li x Al y S-coated Cu.,"cell shows a very stable CE , extending until 170 cycles. The maximum CE values in Figure 3c are only around 80%, as a result of the carbonate-based electrolyte used. [9f] A much higher CE of approximately 97% was achieved by using an ether-based electrolyte (Figure 4), but the behavior was very sim",,,discrete_experimental_sweep,corroborated,multi_signal(2 families),"['F', 'M', 'Me', 'X']","M: suppress Li dendrite growth. Figure 5. Top-view (a,b) and cross-sectional (c,d) SEM images of Li metal deposited on pristine Cu (a,c) and Cu coated wit | Me: ectrodeposited lithium was characterized by using SEM (Hitachi S-4700). After a single half-cycle of lithium electrochemica","{""discrete_experimental_sweep"": 2, ""continuous_trace"": 2}","{""axis_role_coordinate"": false, ""n_source_points"": 23, ""granularity"": ""single""}","[{""quantity_type"": ""generic_pressure"", ""symbol"": null, ""value"": ""1.2"", ""unit"": ""Torr"", ""species"": null, ""reactant_role"": null, ""assertion_status"": ""direct"", ""scope"": ""paper"", ""source"": ""methods"", ""evidence"": ""flow rate of 252 sccm and a pressure of 1.2 Torr. The Li 2 S ALD [12] was performed by using alternating 5 s exposures to lithium tert-butox""}]",[],paper,resolved,1.2,Torr,generic_pressure,1.2 Torr (generic_pressure),,,substrate,Li_xAl_yS coated Cu,10.1002_celc.201600139::F4::a::Li_xAl_yS coated Cu
10.1002_pssa.201532305|3|2|a|Hot-wire temperature|primary,10.1002_pssa.201532305,3,2,a,Hot-wire temperature,primary,1,29,Applied power,Hot-wire temperature,°C,experimental,unresolved,10.1002_pssa.201532305-F2a-0,2,2,Figure 2 A curve presenting the relationship between hot-wire temperature (measured by a pyrometer) and applied power.,"ment, hot-wire (i.e., a tungsten /uniFB01 lament) temperature was established by applying a voltage across it, while current was /uniFB01 xed at maximum, to ensure a variable power dissipation. The irradiative hot-wire temperature was measured by a pyrometer. Figure 2 shows a calibration curve for t","Sample preparation In this experiment, tungsten",,discrete_experimental_sweep,corroborated,multi_signal(2 families),"['F', 'I', 'Me']","Me: ## 2 Experimental 2.1 HWALD reactor A schematic cross-section of the home-built HWALD reactor is shown in Fig. 1. Molecular hydroge | I: Sample preparation In this experiment, tungsten","{""continuous_trace"": 2, ""discrete_experimental_sweep"": 2}","{""axis_role_coordinate"": false, ""n_source_points"": 29, ""granularity"": ""unresolved""}",[],[],,,,,,,,,,,10.1002_pssa.201532305::F2::a::Hot-wire temperature
10.1002_pssa.201532305|6|4|a|1800 °C|primary,10.1002_pssa.201532305,6,4,a,1800 °C,primary,25,25,exposure,film_thickness,nm,experimental,single,10.1002_pssa.201532305-4a-S0-P000;10.1002_pssa.201532305-4a-S0-P001;10.1002_pssa.201532305-4a-S0-P002;10.1002_pssa.201532305-4a-S0-P003;10.1002_pssa.201532305-4a-S0-P004;10.1002_pssa.201532305-4a-S0-P005 …+19,4,,"Figure 4 Film growth (obtained by in-situ SE) versus different deposition parameters. All long-time exposures to at-H were performed after a 1-min exposure to WF6 gas followed by a 2-min purge. Standard parameter values: 0.01 mbar of pressure, 325 8 Cof substrate temperature, 1860 8 C of hot-wire te","VD mode at substrate level. The

Figure 3 Helium ion microscopy image (cross-section) of a W /uniFB01 lm on SiO2/Si. To compare, the W thickness given by SE is 20 nm, with an estimated roughness of 3.2 nm.

<!-- image -->

<!-- image -->

experiments shown in Fig. 4 con /uniFB01 rm the existence of ",,,continuous_trace,corroborated,multi_signal(2 families),"['F', 'M', 'Me', 'X']",M: Figure 4 Film growth (obtained by in-situ SE) versus different deposition parameters. All long-time exposures to at-H wer | M: Figure 4 Film growth (obtained by in-situ SE) versus different deposition parameters. All long-time exposures to at-H were p | Me: e growth process was monitored in real time by an in-situ spectroscopic ellipsometer (SE). The real-time SE monitoring revealed | Me: therm,"{""continuous_trace"": 4, ""discrete_experimental_sweep"": 3}","{""axis_role_coordinate"": false, ""n_source_points"": 25, ""granularity"": ""single""}","[{""quantity_type"": ""generic_pressure"", ""symbol"": null, ""value"": ""0.01"", ""unit"": ""mbar"", ""species"": null, ""reactant_role"": null, ""assertion_status"": ""direct"", ""scope"": ""panel"", ""source"": ""figure_data.panel.conditions"", ""evidence"": ""pressure=0.01 mbar""}, {""quantity_type"": ""working_pressure"", ""symbol"": null, ""value"": ""0.01"", ""unit"": ""mbar"", ""species"": null, ""reactant_role"": null, ""assertion_status"": ""direct"", ""scope"": ""figure"", ""source"": ""caption"", ""evidence"": ""2-min purge. Standard parameter values: 0.01 mbar of pressure, 325 8 Cof substrate temperature, 1860 8 C of hot-wire temperature, 100 sccm o""}, {""quantity_type"": ""generic_pressure"", ""symbol"": null, ""value"": ""0.01"", ""unit"": ""mbar"", ""species"": null, ""reactant_role"": null, ""assertion_status"": ""direct"", ""scope"": ""figure"", ""source"": ""body_mention"", ""evidence"": ""essure were /uniFB01 xed at 325 8 C and 0.01 mbar. Firstly, in Fig. 4(a) the g",[],panel,resolved,0.01,mbar,generic_pressure,0.01 mbar (generic_pressure),,,hot-wire temperature,1800 °C,10.1002_pssa.201532305::F4::a::1800 °C
10.1002_pssa.201532305|6|4|a|1860 °C|primary,10.1002_pssa.201532305,6,4,a,1860 °C,primary,25,25,exposure,film_thickness,nm,experimental,single,10.1002_pssa.201532305-4a-S1-P000;10.1002_pssa.201532305-4a-S1-P001;10.1002_pssa.201532305-4a-S1-P002;10.1002_pssa.201532305-4a-S1-P003;10.1002_pssa.201532305-4a-S1-P004;10.1002_pssa.201532305-4a-S1-P005 …+19,4,,"Figure 4 Film growth (obtained by in-situ SE) versus different deposition parameters. All long-time exposures to at-H were performed after a 1-min exposure to WF6 gas followed by a 2-min purge. Standard parameter values: 0.01 mbar of pressure, 325 8 Cof substrate temperature, 1860 8 C of hot-wire te","VD mode at substrate level. The

Figure 3 Helium ion microscopy image (cross-section) of a W /uniFB01 lm on SiO2/Si. To compare, the W thickness given by SE is 20 nm, with an estimated roughness of 3.2 nm.

<!-- image -->

<!-- image -->

experiments shown in Fig. 4 con /uniFB01 rm the existence of ",,,continuous_trace,corroborated,multi_signal(2 families),"['F', 'M', 'Me', 'X']",M: Figure 4 Film growth (obtained by in-situ SE) versus different deposition parameters. All long-time exposures to at-H wer | M: Figure 4 Film growth (obtained by in-situ SE) versus different deposition parameters. All long-time exposures to at-H were p | Me: e growth process was monitored in real time by an in-situ spectroscopic ellipsometer (SE). The real-time SE monitoring revealed | Me: therm,"{""continuous_trace"": 4, ""discrete_experimental_sweep"": 3}","{""axis_role_coordinate"": false, ""n_source_points"": 25, ""granularity"": ""single""}","[{""quantity_type"": ""generic_pressure"", ""symbol"": null, ""value"": ""0.01"", ""unit"": ""mbar"", ""species"": null, ""reactant_role"": null, ""assertion_status"": ""direct"", ""scope"": ""panel"", ""source"": ""figure_data.panel.conditions"", ""evidence"": ""pressure=0.01 mbar""}, {""quantity_type"": ""working_pressure"", ""symbol"": null, ""value"": ""0.01"", ""unit"": ""mbar"", ""species"": null, ""reactant_role"": null, ""assertion_status"": ""direct"", ""scope"": ""figure"", ""source"": ""caption"", ""evidence"": ""2-min purge. Standard parameter values: 0.01 mbar of pressure, 325 8 Cof substrate temperature, 1860 8 C of hot-wire temperature, 100 sccm o""}, {""quantity_type"": ""generic_pressure"", ""symbol"": null, ""value"": ""0.01"", ""unit"": ""mbar"", ""species"": null, ""reactant_role"": null, ""assertion_status"": ""direct"", ""scope"": ""figure"", ""source"": ""body_mention"", ""evidence"": ""essure were /uniFB01 xed at 325 8 C and 0.01 mbar. Firstly, in Fig. 4(a) the g",[],panel,resolved,0.01,mbar,generic_pressure,0.01 mbar (generic_pressure),,,hot-wire temperature,1860 °C,10.1002_pssa.201532305::F4::a::1860 °C
10.1002_pssa.201532305|6|4|a|1910 °C|primary,10.1002_pssa.201532305,6,4,a,1910 °C,primary,25,25,exposure,film_thickness,nm,experimental,single,10.1002_pssa.201532305-4a-S2-P000;10.1002_pssa.201532305-4a-S2-P001;10.1002_pssa.201532305-4a-S2-P002;10.1002_pssa.201532305-4a-S2-P003;10.1002_pssa.201532305-4a-S2-P004;10.1002_pssa.201532305-4a-S2-P005 …+19,4,,"Figure 4 Film growth (obtained by in-situ SE) versus different deposition parameters. All long-time exposures to at-H were performed after a 1-min exposure to WF6 gas followed by a 2-min purge. Standard parameter values: 0.01 mbar of pressure, 325 8 Cof substrate temperature, 1860 8 C of hot-wire te","VD mode at substrate level. The

Figure 3 Helium ion microscopy image (cross-section) of a W /uniFB01 lm on SiO2/Si. To compare, the W thickness given by SE is 20 nm, with an estimated roughness of 3.2 nm.

<!-- image -->

<!-- image -->

experiments shown in Fig. 4 con /uniFB01 rm the existence of ",,,continuous_trace,corroborated,multi_signal(2 families),"['F', 'M', 'Me', 'X']",M: Figure 4 Film growth (obtained by in-situ SE) versus different deposition parameters. All long-time exposures to at-H wer | M: Figure 4 Film growth (obtained by in-situ SE) versus different deposition parameters. All long-time exposures to at-H were p | Me: e growth process was monitored in real time by an in-situ spectroscopic ellipsometer (SE). The real-time SE monitoring revealed | Me: therm,"{""continuous_trace"": 4, ""discrete_experimental_sweep"": 3}","{""axis_role_coordinate"": false, ""n_source_points"": 25, ""granularity"": ""single""}","[{""quantity_type"": ""generic_pressure"", ""symbol"": null, ""value"": ""0.01"", ""unit"": ""mbar"", ""species"": null, ""reactant_role"": null, ""assertion_status"": ""direct"", ""scope"": ""panel"", ""source"": ""figure_data.panel.conditions"", ""evidence"": ""pressure=0.01 mbar""}, {""quantity_type"": ""working_pressure"", ""symbol"": null, ""value"": ""0.01"", ""unit"": ""mbar"", ""species"": null, ""reactant_role"": null, ""assertion_status"": ""direct"", ""scope"": ""figure"", ""source"": ""caption"", ""evidence"": ""2-min purge. Standard parameter values: 0.01 mbar of pressure, 325 8 Cof substrate temperature, 1860 8 C of hot-wire temperature, 100 sccm o""}, {""quantity_type"": ""generic_pressure"", ""symbol"": null, ""value"": ""0.01"", ""unit"": ""mbar"", ""species"": null, ""reactant_role"": null, ""assertion_status"": ""direct"", ""scope"": ""figure"", ""source"": ""body_mention"", ""evidence"": ""essure were /uniFB01 xed at 325 8 C and 0.01 mbar. Firstly, in Fig. 4(a) the g",[],panel,resolved,0.01,mbar,generic_pressure,0.01 mbar (generic_pressure),,,hot-wire temperature,1910 °C,10.1002_pssa.201532305::F4::a::1910 °C
10.1002_pssa.201532305|6|4|b|H2 10 sccm|primary,10.1002_pssa.201532305,6,4,b,H2 10 sccm,primary,19,19,exposure,film_thickness,nm,experimental,single,10.1002_pssa.201532305-4b-S3-P000;10.1002_pssa.201532305-4b-S3-P001;10.1002_pssa.201532305-4b-S3-P002;10.1002_pssa.201532305-4b-S3-P003;10.1002_pssa.201532305-4b-S3-P004;10.1002_pssa.201532305-4b-S3-P005 …+13,4,,"Figure 4 Film growth (obtained by in-situ SE) versus different deposition parameters. All long-time exposures to at-H were performed after a 1-min exposure to WF6 gas followed by a 2-min purge. Standard parameter values: 0.01 mbar of pressure, 325 8 Cof substrate temperature, 1860 8 C of hot-wire te","VD mode at substrate level. The

Figure 3 Helium ion microscopy image (cross-section) of a W /uniFB01 lm on SiO2/Si. To compare, the W thickness given by SE is 20 nm, with an estimated roughness of 3.2 nm.

<!-- image -->

<!-- image -->

experiments shown in Fig. 4 con /uniFB01 rm the existence of ",,,continuous_trace,corroborated,multi_signal(2 families),"['F', 'M', 'Me', 'X']",M: Figure 4 Film growth (obtained by in-situ SE) versus different deposition parameters. All long-time exposures to at-H wer | M: Figure 4 Film growth (obtained by in-situ SE) versus different deposition parameters. All long-time exposures to at-H were p | Me: e growth process was monitored in real time by an in-situ spectroscopic ellipsometer (SE). The real-time SE monitoring revealed | Me: therm,"{""continuous_trace"": 4, ""discrete_experimental_sweep"": 3}","{""axis_role_coordinate"": false, ""n_source_points"": 19, ""granularity"": ""single""}","[{""quantity_type"": ""generic_pressure"", ""symbol"": null, ""value"": ""0.01"", ""unit"": ""mbar"", ""species"": null, ""reactant_role"": null, ""assertion_status"": ""direct"", ""scope"": ""panel"", ""source"": ""figure_data.panel.conditions"", ""evidence"": ""pressure=0.01 mbar""}, {""quantity_type"": ""working_pressure"", ""symbol"": null, ""value"": ""0.01"", ""unit"": ""mbar"", ""species"": null, ""reactant_role"": null, ""assertion_status"": ""direct"", ""scope"": ""figure"", ""source"": ""caption"", ""evidence"": ""2-min purge. Standard parameter values: 0.01 mbar of pressure, 325 8 Cof substrate temperature, 1860 8 C of hot-wire temperature, 100 sccm o""}, {""quantity_type"": ""generic_pressure"", ""symbol"": null, ""value"": ""0.01"", ""unit"": ""mbar"", ""species"": null, ""reactant_role"": null, ""assertion_status"": ""direct"", ""scope"": ""figure"", ""source"": ""body_mention"", ""evidence"": ""essure were /uniFB01 xed at 325 8 C and 0.01 mbar. Firstly, in Fig. 4(a) the g",[],panel,resolved,0.01,mbar,generic_pressure,0.01 mbar (generic_pressure),,,H2 flow rate,H2 10 sccm,10.1002_pssa.201532305::F4::b::H2 10 sccm
10.1002_pssa.201532305|6|4|b|H2 50 sccm|primary,10.1002_pssa.201532305,6,4,b,H2 50 sccm,primary,19,19,exposure,film_thickness,nm,experimental,single,10.1002_pssa.201532305-4b-S4-P000;10.1002_pssa.201532305-4b-S4-P001;10.1002_pssa.201532305-4b-S4-P002;10.1002_pssa.201532305-4b-S4-P003;10.1002_pssa.201532305-4b-S4-P004;10.1002_pssa.201532305-4b-S4-P005 …+13,4,,"Figure 4 Film growth (obtained by in-situ SE) versus different deposition parameters. All long-time exposures to at-H were performed after a 1-min exposure to WF6 gas followed by a 2-min purge. Standard parameter values: 0.01 mbar of pressure, 325 8 Cof substrate temperature, 1860 8 C of hot-wire te","VD mode at substrate level. The

Figure 3 Helium ion microscopy image (cross-section) of a W /uniFB01 lm on SiO2/Si. To compare, the W thickness given by SE is 20 nm, with an estimated roughness of 3.2 nm.

<!-- image -->

<!-- image -->

experiments shown in Fig. 4 con /uniFB01 rm the existence of ",,,continuous_trace,corroborated,multi_signal(2 families),"['F', 'M', 'Me', 'X']",M: Figure 4 Film growth (obtained by in-situ SE) versus different deposition parameters. All long-time exposures to at-H wer | M: Figure 4 Film growth (obtained by in-situ SE) versus different deposition parameters. All long-time exposures to at-H were p | Me: e growth process was monitored in real time by an in-situ spectroscopic ellipsometer (SE). The real-time SE monitoring revealed | Me: therm,"{""continuous_trace"": 4, ""discrete_experimental_sweep"": 3}","{""axis_role_coordinate"": false, ""n_source_points"": 19, ""granularity"": ""single""}","[{""quantity_type"": ""generic_pressure"", ""symbol"": null, ""value"": ""0.01"", ""unit"": ""mbar"", ""species"": null, ""reactant_role"": null, ""assertion_status"": ""direct"", ""scope"": ""panel"", ""source"": ""figure_data.panel.conditions"", ""evidence"": ""pressure=0.01 mbar""}, {""quantity_type"": ""working_pressure"", ""symbol"": null, ""value"": ""0.01"", ""unit"": ""mbar"", ""species"": null, ""reactant_role"": null, ""assertion_status"": ""direct"", ""scope"": ""figure"", ""source"": ""caption"", ""evidence"": ""2-min purge. Standard parameter values: 0.01 mbar of pressure, 325 8 Cof substrate temperature, 1860 8 C of hot-wire temperature, 100 sccm o""}, {""quantity_type"": ""generic_pressure"", ""symbol"": null, ""value"": ""0.01"", ""unit"": ""mbar"", ""species"": null, ""reactant_role"": null, ""assertion_status"": ""direct"", ""scope"": ""figure"", ""source"": ""body_mention"", ""evidence"": ""essure were /uniFB01 xed at 325 8 C and 0.01 mbar. Firstly, in Fig. 4(a) the g",[],panel,resolved,0.01,mbar,generic_pressure,0.01 mbar (generic_pressure),,,H2 flow rate,H2 50 sccm,10.1002_pssa.201532305::F4::b::H2 50 sccm
10.1002_pssa.201532305|6|4|b|H2 100 sccm|primary,10.1002_pssa.201532305,6,4,b,H2 100 sccm,primary,19,19,exposure,film_thickness,nm,experimental,single,10.1002_pssa.201532305-4b-S5-P000;10.1002_pssa.201532305-4b-S5-P001;10.1002_pssa.201532305-4b-S5-P002;10.1002_pssa.201532305-4b-S5-P003;10.1002_pssa.201532305-4b-S5-P004;10.1002_pssa.201532305-4b-S5-P005 …+13,4,,"Figure 4 Film growth (obtained by in-situ SE) versus different deposition parameters. All long-time exposures to at-H were performed after a 1-min exposure to WF6 gas followed by a 2-min purge. Standard parameter values: 0.01 mbar of pressure, 325 8 Cof substrate temperature, 1860 8 C of hot-wire te","VD mode at substrate level. The

Figure 3 Helium ion microscopy image (cross-section) of a W /uniFB01 lm on SiO2/Si. To compare, the W thickness given by SE is 20 nm, with an estimated roughness of 3.2 nm.

<!-- image -->

<!-- image -->

experiments shown in Fig. 4 con /uniFB01 rm the existence of ",,,continuous_trace,corroborated,multi_signal(2 families),"['F', 'M', 'Me', 'X']",M: Figure 4 Film growth (obtained by in-situ SE) versus different deposition parameters. All long-time exposures to at-H wer | M: Figure 4 Film growth (obtained by in-situ SE) versus different deposition parameters. All long-time exposures to at-H were p | Me: e growth process was monitored in real time by an in-situ spectroscopic ellipsometer (SE). The real-time SE monitoring revealed | Me: therm,"{""continuous_trace"": 4, ""discrete_experimental_sweep"": 3}","{""axis_role_coordinate"": false, ""n_source_points"": 19, ""granularity"": ""single""}","[{""quantity_type"": ""generic_pressure"", ""symbol"": null, ""value"": ""0.01"", ""unit"": ""mbar"", ""species"": null, ""reactant_role"": null, ""assertion_status"": ""direct"", ""scope"": ""panel"", ""source"": ""figure_data.panel.conditions"", ""evidence"": ""pressure=0.01 mbar""}, {""quantity_type"": ""working_pressure"", ""symbol"": null, ""value"": ""0.01"", ""unit"": ""mbar"", ""species"": null, ""reactant_role"": null, ""assertion_status"": ""direct"", ""scope"": ""figure"", ""source"": ""caption"", ""evidence"": ""2-min purge. Standard parameter values: 0.01 mbar of pressure, 325 8 Cof substrate temperature, 1860 8 C of hot-wire temperature, 100 sccm o""}, {""quantity_type"": ""generic_pressure"", ""symbol"": null, ""value"": ""0.01"", ""unit"": ""mbar"", ""species"": null, ""reactant_role"": null, ""assertion_status"": ""direct"", ""scope"": ""figure"", ""source"": ""body_mention"", ""evidence"": ""essure were /uniFB01 xed at 325 8 C and 0.01 mbar. Firstly, in Fig. 4(a) the g",[],panel,resolved,0.01,mbar,generic_pressure,0.01 mbar (generic_pressure),,,H2 flow rate,H2 100 sccm,10.1002_pssa.201532305::F4::b::H2 100 sccm
10.1002_pssa.201532305|6|4|c|WF6 10 sccm|primary,10.1002_pssa.201532305,6,4,c,WF6 10 sccm,primary,23,23,exposure,film_thickness,nm,experimental,single,10.1002_pssa.201532305-4c-S6-P000;10.1002_pssa.201532305-4c-S6-P001;10.1002_pssa.201532305-4c-S6-P002;10.1002_pssa.201532305-4c-S6-P003;10.1002_pssa.201532305-4c-S6-P004;10.1002_pssa.201532305-4c-S6-P005 …+17,4,,"Figure 4 Film growth (obtained by in-situ SE) versus different deposition parameters. All long-time exposures to at-H were performed after a 1-min exposure to WF6 gas followed by a 2-min purge. Standard parameter values: 0.01 mbar of pressure, 325 8 Cof substrate temperature, 1860 8 C of hot-wire te","VD mode at substrate level. The

Figure 3 Helium ion microscopy image (cross-section) of a W /uniFB01 lm on SiO2/Si. To compare, the W thickness given by SE is 20 nm, with an estimated roughness of 3.2 nm.

<!-- image -->

<!-- image -->

experiments shown in Fig. 4 con /uniFB01 rm the existence of ",,,continuous_trace,corroborated,multi_signal(2 families),"['F', 'M', 'Me', 'X']",M: Figure 4 Film growth (obtained by in-situ SE) versus different deposition parameters. All long-time exposures to at-H wer | M: Figure 4 Film growth (obtained by in-situ SE) versus different deposition parameters. All long-time exposures to at-H were p | Me: e growth process was monitored in real time by an in-situ spectroscopic ellipsometer (SE). The real-time SE monitoring revealed | Me: therm,"{""continuous_trace"": 4, ""discrete_experimental_sweep"": 3}","{""axis_role_coordinate"": false, ""n_source_points"": 23, ""granularity"": ""single""}","[{""quantity_type"": ""generic_pressure"", ""symbol"": null, ""value"": ""0.01"", ""unit"": ""mbar"", ""species"": null, ""reactant_role"": null, ""assertion_status"": ""direct"", ""scope"": ""panel"", ""source"": ""figure_data.panel.conditions"", ""evidence"": ""pressure=0.01 mbar""}, {""quantity_type"": ""working_pressure"", ""symbol"": null, ""value"": ""0.01"", ""unit"": ""mbar"", ""species"": null, ""reactant_role"": null, ""assertion_status"": ""direct"", ""scope"": ""figure"", ""source"": ""caption"", ""evidence"": ""2-min purge. Standard parameter values: 0.01 mbar of pressure, 325 8 Cof substrate temperature, 1860 8 C of hot-wire temperature, 100 sccm o""}, {""quantity_type"": ""generic_pressure"", ""symbol"": null, ""value"": ""0.01"", ""unit"": ""mbar"", ""species"": null, ""reactant_role"": null, ""assertion_status"": ""direct"", ""scope"": ""figure"", ""source"": ""body_mention"", ""evidence"": ""essure were /uniFB01 xed at 325 8 C and 0.01 mbar. Firstly, in Fig. 4(a) the g",[],panel,resolved,0.01,mbar,generic_pressure,0.01 mbar (generic_pressure),,,WF6 flow rate,WF6 10 sccm,10.1002_pssa.201532305::F4::c::WF6 10 sccm
10.1002_pssa.201532305|6|4|c|WF6 20 sccm|primary,10.1002_pssa.201532305,6,4,c,WF6 20 sccm,primary,23,23,exposure,film_thickness,nm,experimental,single,10.1002_pssa.201532305-4c-S7-P000;10.1002_pssa.201532305-4c-S7-P001;10.1002_pssa.201532305-4c-S7-P002;10.1002_pssa.201532305-4c-S7-P003;10.1002_pssa.201532305-4c-S7-P004;10.1002_pssa.201532305-4c-S7-P005 …+17,4,,"Figure 4 Film growth (obtained by in-situ SE) versus different deposition parameters. All long-time exposures to at-H were performed after a 1-min exposure to WF6 gas followed by a 2-min purge. Standard parameter values: 0.01 mbar of pressure, 325 8 Cof substrate temperature, 1860 8 C of hot-wire te","VD mode at substrate level. The

Figure 3 Helium ion microscopy image (cross-section) of a W /uniFB01 lm on SiO2/Si. To compare, the W thickness given by SE is 20 nm, with an estimated roughness of 3.2 nm.

<!-- image -->

<!-- image -->

experiments shown in Fig. 4 con /uniFB01 rm the existence of ",,,continuous_trace,corroborated,multi_signal(2 families),"['F', 'M', 'Me', 'X']",M: Figure 4 Film growth (obtained by in-situ SE) versus different deposition parameters. All long-time exposures to at-H wer | M: Figure 4 Film growth (obtained by in-situ SE) versus different deposition parameters. All long-time exposures to at-H were p | Me: e growth process was monitored in real time by an in-situ spectroscopic ellipsometer (SE). The real-time SE monitoring revealed | Me: therm,"{""continuous_trace"": 4, ""discrete_experimental_sweep"": 3}","{""axis_role_coordinate"": false, ""n_source_points"": 23, ""granularity"": ""single""}","[{""quantity_type"": ""generic_pressure"", ""symbol"": null, ""value"": ""0.01"", ""unit"": ""mbar"", ""species"": null, ""reactant_role"": null, ""assertion_status"": ""direct"", ""scope"": ""panel"", ""source"": ""figure_data.panel.conditions"", ""evidence"": ""pressure=0.01 mbar""}, {""quantity_type"": ""working_pressure"", ""symbol"": null, ""value"": ""0.01"", ""unit"": ""mbar"", ""species"": null, ""reactant_role"": null, ""assertion_status"": ""direct"", ""scope"": ""figure"", ""source"": ""caption"", ""evidence"": ""2-min purge. Standard parameter values: 0.01 mbar of pressure, 325 8 Cof substrate temperature, 1860 8 C of hot-wire temperature, 100 sccm o""}, {""quantity_type"": ""generic_pressure"", ""symbol"": null, ""value"": ""0.01"", ""unit"": ""mbar"", ""species"": null, ""reactant_role"": null, ""assertion_status"": ""direct"", ""scope"": ""figure"", ""source"": ""body_mention"", ""evidence"": ""essure were /uniFB01 xed at 325 8 C and 0.01 mbar. Firstly, in Fig. 4(a) the g",[],panel,resolved,0.01,mbar,generic_pressure,0.01 mbar (generic_pressure),,,WF6 flow rate,WF6 20 sccm,10.1002_pssa.201532305::F4::c::WF6 20 sccm
10.1002_pssa.201532305|6|4|d|Ar 10 sccm|primary,10.1002_pssa.201532305,6,4,d,Ar 10 sccm,primary,21,21,exposure,film_thickness,nm,experimental,single,10.1002_pssa.201532305-4d-S8-P000;10.1002_pssa.201532305-4d-S8-P001;10.1002_pssa.201532305-4d-S8-P002;10.1002_pssa.201532305-4d-S8-P003;10.1002_pssa.201532305-4d-S8-P004;10.1002_pssa.201532305-4d-S8-P005 …+15,4,,"Figure 4 Film growth (obtained by in-situ SE) versus different deposition parameters. All long-time exposures to at-H were performed after a 1-min exposure to WF6 gas followed by a 2-min purge. Standard parameter values: 0.01 mbar of pressure, 325 8 Cof substrate temperature, 1860 8 C of hot-wire te","VD mode at substrate level. The

Figure 3 Helium ion microscopy image (cross-section) of a W /uniFB01 lm on SiO2/Si. To compare, the W thickness given by SE is 20 nm, with an estimated roughness of 3.2 nm.

<!-- image -->

<!-- image -->

experiments shown in Fig. 4 con /uniFB01 rm the existence of ",,,continuous_trace,corroborated,multi_signal(2 families),"['F', 'M', 'Me', 'X']",M: Figure 4 Film growth (obtained by in-situ SE) versus different deposition parameters. All long-time exposures to at-H wer | M: Figure 4 Film growth (obtained by in-situ SE) versus different deposition parameters. All long-time exposures to at-H were p | Me: e growth process was monitored in real time by an in-situ spectroscopic ellipsometer (SE). The real-time SE monitoring revealed | Me: therm,"{""continuous_trace"": 4, ""discrete_experimental_sweep"": 3}","{""axis_role_coordinate"": false, ""n_source_points"": 21, ""granularity"": ""single""}","[{""quantity_type"": ""generic_pressure"", ""symbol"": null, ""value"": ""0.01"", ""unit"": ""mbar"", ""species"": null, ""reactant_role"": null, ""assertion_status"": ""direct"", ""scope"": ""panel"", ""source"": ""figure_data.panel.conditions"", ""evidence"": ""pressure=0.01 mbar""}, {""quantity_type"": ""working_pressure"", ""symbol"": null, ""value"": ""0.01"", ""unit"": ""mbar"", ""species"": null, ""reactant_role"": null, ""assertion_status"": ""direct"", ""scope"": ""figure"", ""source"": ""caption"", ""evidence"": ""2-min purge. Standard parameter values: 0.01 mbar of pressure, 325 8 Cof substrate temperature, 1860 8 C of hot-wire temperature, 100 sccm o""}, {""quantity_type"": ""generic_pressure"", ""symbol"": null, ""value"": ""0.01"", ""unit"": ""mbar"", ""species"": null, ""reactant_role"": null, ""assertion_status"": ""direct"", ""scope"": ""figure"", ""source"": ""body_mention"", ""evidence"": ""essure were /uniFB01 xed at 325 8 C and 0.01 mbar. Firstly, in Fig. 4(a) the g",[],panel,resolved,0.01,mbar,generic_pressure,0.01 mbar (generic_pressure),,,Ar flow rate,Ar 10 sccm,10.1002_pssa.201532305::F4::d::Ar 10 sccm
10.1002_pssa.201532305|6|4|d|Ar 100 sccm|primary,10.1002_pssa.201532305,6,4,d,Ar 100 sccm,primary,21,21,exposure,film_thickness,nm,experimental,single,10.1002_pssa.201532305-4d-S9-P000;10.1002_pssa.201532305-4d-S9-P001;10.1002_pssa.201532305-4d-S9-P002;10.1002_pssa.201532305-4d-S9-P003;10.1002_pssa.201532305-4d-S9-P004;10.1002_pssa.201532305-4d-S9-P005 …+15,4,,"Figure 4 Film growth (obtained by in-situ SE) versus different deposition parameters. All long-time exposures to at-H were performed after a 1-min exposure to WF6 gas followed by a 2-min purge. Standard parameter values: 0.01 mbar of pressure, 325 8 Cof substrate temperature, 1860 8 C of hot-wire te","VD mode at substrate level. The

Figure 3 Helium ion microscopy image (cross-section) of a W /uniFB01 lm on SiO2/Si. To compare, the W thickness given by SE is 20 nm, with an estimated roughness of 3.2 nm.

<!-- image -->

<!-- image -->

experiments shown in Fig. 4 con /uniFB01 rm the existence of ",,,continuous_trace,corroborated,multi_signal(2 families),"['F', 'M', 'Me', 'X']",M: Figure 4 Film growth (obtained by in-situ SE) versus different deposition parameters. All long-time exposures to at-H wer | M: Figure 4 Film growth (obtained by in-situ SE) versus different deposition parameters. All long-time exposures to at-H were p | Me: e growth process was monitored in real time by an in-situ spectroscopic ellipsometer (SE). The real-time SE monitoring revealed | Me: therm,"{""continuous_trace"": 4, ""discrete_experimental_sweep"": 3}","{""axis_role_coordinate"": false, ""n_source_points"": 21, ""granularity"": ""single""}","[{""quantity_type"": ""generic_pressure"", ""symbol"": null, ""value"": ""0.01"", ""unit"": ""mbar"", ""species"": null, ""reactant_role"": null, ""assertion_status"": ""direct"", ""scope"": ""panel"", ""source"": ""figure_data.panel.conditions"", ""evidence"": ""pressure=0.01 mbar""}, {""quantity_type"": ""working_pressure"", ""symbol"": null, ""value"": ""0.01"", ""unit"": ""mbar"", ""species"": null, ""reactant_role"": null, ""assertion_status"": ""direct"", ""scope"": ""figure"", ""source"": ""caption"", ""evidence"": ""2-min purge. Standard parameter values: 0.01 mbar of pressure, 325 8 Cof substrate temperature, 1860 8 C of hot-wire temperature, 100 sccm o""}, {""quantity_type"": ""generic_pressure"", ""symbol"": null, ""value"": ""0.01"", ""unit"": ""mbar"", ""species"": null, ""reactant_role"": null, ""assertion_status"": ""direct"", ""scope"": ""figure"", ""source"": ""body_mention"", ""evidence"": ""essure were /uniFB01 xed at 325 8 C and 0.01 mbar. Firstly, in Fig. 4(a) the g",[],panel,resolved,0.01,mbar,generic_pressure,0.01 mbar (generic_pressure),,,Ar flow rate,Ar 100 sccm,10.1002_pssa.201532305::F4::d::Ar 100 sccm
10.1002_pssa.201532305|7|5|a|C1s|primary,10.1002_pssa.201532305,7,5,a,C1s,primary,1,28,sputter depth,atomic_concentration,1,experimental,unresolved,10.1002_pssa.201532305-F5a-11,,,"Figure 5 XPS-pro /uniFB01 le of the /uniFB01 lm grown at 0.01 mbar with the following cycle sequence: 2.5 min WF6/2min purge/10 min at-H/ 2 min purge. Flow rates of WF6 and H2 were 5 and 100 sccm, respectively. Other conditions: hot-wire temperature of 1800 8 C, substrate temperature of 325 8 C, Ar-"," 10-times higher Ar /uniFB02 ow decreases the growth rate in approximately two to four times, depending on the time of exposure to at-H. The elemental composition of the as-grown /uniFB01 lm, obtained by X-ray photoelectron spectroscopy (XPS), is presented in Fig. 5. One should note the remarkably l",,,multi_output_measurement,corroborated,multi_signal(2 families),"['F', 'M', 'Me', 'X']","M: Figure 5 XPS-pro /uniFB01 le of the /uniFB01 lm grown at 0.01 mbar with the following cycle | X: x axis 'sputter depth' is a measurement coordinate, not a prepared condition","{""multi_output_measurement"": 2, ""continuous_trace"": 2, ""discrete_experimental_sweep"": 1}","{""axis_role_coordinate"": false, ""n_source_points"": 28, ""granularity"": ""unresolved""}","[{""quantity_type"": ""generic_pressure"", ""symbol"": null, ""value"": ""0.01"", ""unit"": ""mbar"", ""species"": null, ""reactant_role"": null, ""assertion_status"": ""direct"", ""scope"": ""panel"", ""source"": ""figure_data.panel.conditions"", ""evidence"": ""pressure=0.01 mbar""}]",[],panel,resolved,0.01,mbar,generic_pressure,0.01 mbar (generic_pressure),2,caption: of 50 and 100 sccm,photoemission peak,C1s,10.1002_pssa.201532305::F5::a::C1s
10.1002_pssa.201532305|7|5|a|N1s|primary,10.1002_pssa.201532305,7,5,a,N1s,primary,1,28,sputter depth,atomic_concentration,1,experimental,unresolved,10.1002_pssa.201532305-F5a-12,,,"Figure 5 XPS-pro /uniFB01 le of the /uniFB01 lm grown at 0.01 mbar with the following cycle sequence: 2.5 min WF6/2min purge/10 min at-H/ 2 min purge. Flow rates of WF6 and H2 were 5 and 100 sccm, respectively. Other conditions: hot-wire temperature of 1800 8 C, substrate temperature of 325 8 C, Ar-"," 10-times higher Ar /uniFB02 ow decreases the growth rate in approximately two to four times, depending on the time of exposure to at-H. The elemental composition of the as-grown /uniFB01 lm, obtained by X-ray photoelectron spectroscopy (XPS), is presented in Fig. 5. One should note the remarkably l",,,multi_output_measurement,corroborated,multi_signal(2 families),"['F', 'M', 'Me', 'X']","M: Figure 5 XPS-pro /uniFB01 le of the /uniFB01 lm grown at 0.01 mbar with the following cycle | X: x axis 'sputter depth' is a measurement coordinate, not a prepared condition","{""multi_output_measurement"": 2, ""continuous_trace"": 2, ""discrete_experimental_sweep"": 1}","{""axis_role_coordinate"": false, ""n_source_points"": 28, ""granularity"": ""unresolved""}","[{""quantity_type"": ""generic_pressure"", ""symbol"": null, ""value"": ""0.01"", ""unit"": ""mbar"", ""species"": null, ""reactant_role"": null, ""assertion_status"": ""direct"", ""scope"": ""panel"", ""source"": ""figure_data.panel.conditions"", ""evidence"": ""pressure=0.01 mbar""}]",[],panel,resolved,0.01,mbar,generic_pressure,0.01 mbar (generic_pressure),2,caption: of 50 and 100 sccm,photoemission peak,N1s,10.1002_pssa.201532305::F5::a::N1s
10.1002_pssa.201532305|7|5|a|O1s|primary,10.1002_pssa.201532305,7,5,a,O1s,primary,1,27,sputter depth,atomic_concentration,1,experimental,unresolved,10.1002_pssa.201532305-F5a-13,,,"Figure 5 XPS-pro /uniFB01 le of the /uniFB01 lm grown at 0.01 mbar with the following cycle sequence: 2.5 min WF6/2min purge/10 min at-H/ 2 min purge. Flow rates of WF6 and H2 were 5 and 100 sccm, respectively. Other conditions: hot-wire temperature of 1800 8 C, substrate temperature of 325 8 C, Ar-"," 10-times higher Ar /uniFB02 ow decreases the growth rate in approximately two to four times, depending on the time of exposure to at-H. The elemental composition of the as-grown /uniFB01 lm, obtained by X-ray photoelectron spectroscopy (XPS), is presented in Fig. 5. One should note the remarkably l",,,multi_output_measurement,corroborated,multi_signal(2 families),"['F', 'M', 'Me', 'X']","M: Figure 5 XPS-pro /uniFB01 le of the /uniFB01 lm grown at 0.01 mbar with the following cycle | X: x axis 'sputter depth' is a measurement coordinate, not a prepared condition","{""multi_output_measurement"": 2, ""continuous_trace"": 2, ""discrete_experimental_sweep"": 1}","{""axis_role_coordinate"": false, ""n_source_points"": 27, ""granularity"": ""unresolved""}","[{""quantity_type"": ""generic_pressure"", ""symbol"": null, ""value"": ""0.01"", ""unit"": ""mbar"", ""species"": null, ""reactant_role"": null, ""assertion_status"": ""direct"", ""scope"": ""panel"", ""source"": ""figure_data.panel.conditions"", ""evidence"": ""pressure=0.01 mbar""}]",[],panel,resolved,0.01,mbar,generic_pressure,0.01 mbar (generic_pressure),2,caption: of 50 and 100 sccm,photoemission peak,O1s,10.1002_pssa.201532305::F5::a::O1s
10.1002_pssa.201532305|7|5|a|F1s|primary,10.1002_pssa.201532305,7,5,a,F1s,primary,1,28,sputter depth,atomic_concentration,1,experimental,unresolved,10.1002_pssa.201532305-F5a-14,,,"Figure 5 XPS-pro /uniFB01 le of the /uniFB01 lm grown at 0.01 mbar with the following cycle sequence: 2.5 min WF6/2min purge/10 min at-H/ 2 min purge. Flow rates of WF6 and H2 were 5 and 100 sccm, respectively. Other conditions: hot-wire temperature of 1800 8 C, substrate temperature of 325 8 C, Ar-"," 10-times higher Ar /uniFB02 ow decreases the growth rate in approximately two to four times, depending on the time of exposure to at-H. The elemental composition of the as-grown /uniFB01 lm, obtained by X-ray photoelectron spectroscopy (XPS), is presented in Fig. 5. One should note the remarkably l",,,multi_output_measurement,corroborated,multi_signal(2 families),"['F', 'M', 'Me', 'X']","M: Figure 5 XPS-pro /uniFB01 le of the /uniFB01 lm grown at 0.01 mbar with the following cycle | X: x axis 'sputter depth' is a measurement coordinate, not a prepared condition","{""multi_output_measurement"": 2, ""continuous_trace"": 2, ""discrete_experimental_sweep"": 1}","{""axis_role_coordinate"": false, ""n_source_points"": 28, ""granularity"": ""unresolved""}","[{""quantity_type"": ""generic_pressure"", ""symbol"": null, ""value"": ""0.01"", ""unit"": ""mbar"", ""species"": null, ""reactant_role"": null, ""assertion_status"": ""direct"", ""scope"": ""panel"", ""source"": ""figure_data.panel.conditions"", ""evidence"": ""pressure=0.01 mbar""}]",[],panel,resolved,0.01,mbar,generic_pressure,0.01 mbar (generic_pressure),2,caption: of 50 and 100 sccm,photoemission peak,F1s,10.1002_pssa.201532305::F5::a::F1s
10.1002_pssa.201532305|7|5|a|Si2p|primary,10.1002_pssa.201532305,7,5,a,Si2p,primary,1,28,sputter depth,atomic_concentration,1,experimental,unresolved,10.1002_pssa.201532305-F5a-15,,,"Figure 5 XPS-pro /uniFB01 le of the /uniFB01 lm grown at 0.01 mbar with the following cycle sequence: 2.5 min WF6/2min purge/10 min at-H/ 2 min purge. Flow rates of WF6 and H2 were 5 and 100 sccm, respectively. Other conditions: hot-wire temperature of 1800 8 C, substrate temperature of 325 8 C, Ar-"," 10-times higher Ar /uniFB02 ow decreases the growth rate in approximately two to four times, depending on the time of exposure to at-H. The elemental composition of the as-grown /uniFB01 lm, obtained by X-ray photoelectron spectroscopy (XPS), is presented in Fig. 5. One should note the remarkably l",,,multi_output_measurement,corroborated,multi_signal(2 families),"['F', 'M', 'Me', 'X']","M: Figure 5 XPS-pro /uniFB01 le of the /uniFB01 lm grown at 0.01 mbar with the following cycle | X: x axis 'sputter depth' is a measurement coordinate, not a prepared condition","{""multi_output_measurement"": 2, ""continuous_trace"": 2, ""discrete_experimental_sweep"": 1}","{""axis_role_coordinate"": false, ""n_source_points"": 28, ""granularity"": ""unresolved""}","[{""quantity_type"": ""generic_pressure"", ""symbol"": null, ""value"": ""0.01"", ""unit"": ""mbar"", ""species"": null, ""reactant_role"": null, ""assertion_status"": ""direct"", ""scope"": ""panel"", ""source"": ""figure_data.panel.conditions"", ""evidence"": ""pressure=0.01 mbar""}]",[],panel,resolved,0.01,mbar,generic_pressure,0.01 mbar (generic_pressure),2,caption: of 50 and 100 sccm,photoemission peak,Si2p,10.1002_pssa.201532305::F5::a::Si2p
10.1002_pssa.201532305|7|5|a|W4f|primary,10.1002_pssa.201532305,7,5,a,W4f,primary,1,26,sputter depth,atomic_concentration,1,experimental,unresolved,10.1002_pssa.201532305-F5a-16,,,"Figure 5 XPS-pro /uniFB01 le of the /uniFB01 lm grown at 0.01 mbar with the following cycle sequence: 2.5 min WF6/2min purge/10 min at-H/ 2 min purge. Flow rates of WF6 and H2 were 5 and 100 sccm, respectively. Other conditions: hot-wire temperature of 1800 8 C, substrate temperature of 325 8 C, Ar-"," 10-times higher Ar /uniFB02 ow decreases the growth rate in approximately two to four times, depending on the time of exposure to at-H. The elemental composition of the as-grown /uniFB01 lm, obtained by X-ray photoelectron spectroscopy (XPS), is presented in Fig. 5. One should note the remarkably l",,,multi_output_measurement,corroborated,multi_signal(2 families),"['F', 'M', 'Me', 'X']","M: Figure 5 XPS-pro /uniFB01 le of the /uniFB01 lm grown at 0.01 mbar with the following cycle | X: x axis 'sputter depth' is a measurement coordinate, not a prepared condition","{""multi_output_measurement"": 2, ""continuous_trace"": 2, ""discrete_experimental_sweep"": 1}","{""axis_role_coordinate"": false, ""n_source_points"": 26, ""granularity"": ""unresolved""}","[{""quantity_type"": ""generic_pressure"", ""symbol"": null, ""value"": ""0.01"", ""unit"": ""mbar"", ""species"": null, ""reactant_role"": null, ""assertion_status"": ""direct"", ""scope"": ""panel"", ""source"": ""figure_data.panel.conditions"", ""evidence"": ""pressure=0.01 mbar""}]",[],panel,resolved,0.01,mbar,generic_pressure,0.01 mbar (generic_pressure),2,caption: of 50 and 100 sccm,photoemission peak,W4f,10.1002_pssa.201532305::F5::a::W4f
10.1002_pssa.201532305|8|6|a|<single>|primary,10.1002_pssa.201532305,8,6,a,<single>,primary,3,3,partial_pressure,growth_rate,nm/min,experimental,single,10.1002_pssa.201532305-6a-S10-P000;10.1002_pssa.201532305-6a-S10-P001;10.1002_pssa.201532305-6a-S10-P002,5,4,"Figure 6 CVDgrowth rate versus process pressure during a 1 min exposure to at-H, after a 1-min exposure to WF6 gas followed by a 2-min purge. Conditions: 325 8 C of substrate temperature, 1750 8 C of hot-wire temperature, 100sccm of H2, 2 sccm of WF6, 100sccm of H2-carrier gas (Ar), and 50 sccm WF6-","sts a permanent source of tungsten in gas phase, most probablyintheformofWF6.Asmentionedabove,thissource is expected due to outgassing of reactants from the reactor cold walls.

The impact of total gas pressure on the growth rate was additionally studied, see Fig. 6. On one hand, a higher pressure i",,,continuous_trace,corroborated,multi_signal(3 families),"['F', 'M', 'Me', 'R']",M: f WF6 will shift the 35 Figure 4 Film growth (obtained by in-situ SE) versus different deposition parameters. All long-time exposures to at-H wer | M: ll shift the 35 Figure 4 Film growth (obtained by in-situ SE) versus different deposition parameters. All long-time exposures to at-H were p | Me: e growth process was monitored in real time by an in-situ spectroscopic ellipsometer (SE). The real,"{""continuous_trace"": 5, ""discrete_experimental_sweep"": 2}","{""axis_role_coordinate"": false, ""n_source_points"": 3, ""granularity"": ""single""}","[{""quantity_type"": ""working_pressure"", ""symbol"": null, ""value"": ""0.01"", ""unit"": ""mbar"", ""species"": null, ""reactant_role"": null, ""assertion_status"": ""direct"", ""scope"": ""figure"", ""source"": ""body_mention"", ""evidence"": ""2-min purge. Standard parameter values: 0.01 mbar of pressure, 325 8 Cof substrate temperature, 1860 8 C of hot-wire temperature, 100 sccm o""}, {""quantity_type"": ""working_pressure"", ""symbol"": null, ""value"": ""0.3"", ""unit"": ""mbar"", ""species"": null, ""reactant_role"": null, ""assertion_status"": ""direct"", ""scope"": ""figure"", ""source"": ""body_mention"", ""evidence"": ""iFB01 rmed in Fig. 6 that a pressure of 0.3 mbar suf /uniFB01 ciently decreases the CVD growth. To conclude, the H2 and top-carrier-gas /uni""}]",[],figure,ambiguous,,,,0.01 mbar (working_pressure); 0.3 mbar (working_pressure),,,,,10.1002_pssa.201532305::F6::a::<single>
10.1002_pssa.201532305|9|7|a|<single>|primary,10.1002_pssa.201532305,9,7,a,<single>,primary,1,68,time,normalized_thickness,a.u.,experimental,profile,10.1002_pssa.201532305-F7a-18,5,5,"Figure 7 In-situ monitoring of individual pulses by SE. Black lines indicate the slopes. The arrows show the admittance of the corresponding gas pulses to the reactor. One cycle consisted of 0.1 s at-H exposure, 60 s of purge, 0.1 s of WF6 exposure, and 60 s purge. Conditions: 1 mbar of pressure, 32","decomposition of WF6 on the hot-wire, will diffuse downwards and etch the deposited W /uniFB01 lm. This effect was more pronounced at high WF6 pressures, due to the mentioned shift of equilibrium. The interplay between growth and etching modes is presented in Fig. 7. The high

Figure 6 CVDgrowth rat",,,continuous_trace,corroborated,multi_signal(3 families),"['F', 'M', 'Me', 'R']",M: Figure 7 In-situ monitoring of individual pulses by SE. Black lines indicate the slopes. The arr | M: Figure 7 In-situ monitoring of individual pulses by SE. Black lines indicate the slopes. The arrows show the admittance of the corresp | Me: e growth process was monitored in real time by an in-situ spectroscopic ellipsometer (SE). The real-time SE monitoring revealed | Me: thermal SiO2. The gr,"{""continuous_trace"": 5, ""discrete_experimental_sweep"": 2}","{""axis_role_coordinate"": true, ""n_source_points"": 68, ""granularity"": ""profile""}","[{""quantity_type"": ""generic_pressure"", ""symbol"": null, ""value"": ""1"", ""unit"": ""mbar"", ""species"": null, ""reactant_role"": null, ""assertion_status"": ""direct"", ""scope"": ""panel"", ""source"": ""figure_data.panel.conditions"", ""evidence"": ""pressure=1 mbar""}, {""quantity_type"": ""generic_pressure"", ""symbol"": null, ""value"": ""1"", ""unit"": ""mbar"", ""species"": null, ""reactant_role"": null, ""assertion_status"": ""direct"", ""scope"": ""figure"", ""source"": ""caption"", ""evidence"": ""6 exposure, and 60 s purge. Conditions: 1 mbar of pressure, 325 8 C of substrate temperature, 1750 8 C of hot-wire temperature, 100 sccm Ar ""}, {""quantity_type"": ""generic_pressure"", ""symbol"": null, ""value"": ""1"", ""unit"": ""mbar"", ""species"": null, ""reactant_role"": null, ""assertion_status"": ""direct"", ""scope"": ""figure"", ""source"": ""body_mention"", ""evidence"": ""6 exposure, and 60 s purge. Conditions: 1 mbar of pressure, 325 8 C of substrate temperatu",[],panel,resolved,1,mbar,generic_pressure,1 mbar (generic_pressure),,,,,10.1002_pssa.201532305::F7::a::<single>
10.1002_pssa.201532305|12|9|a|<single>|primary,10.1002_pssa.201532305,12,9,a,<single>,primary,4,4,partial_pressure,CVD growth rate,nm/min,experimental,single,10.1002_pssa.201532305-9a-S11-P000;10.1002_pssa.201532305-9a-S11-P001;10.1002_pssa.201532305-9a-S11-P002;10.1002_pssa.201532305-9a-S11-P003,,6,"Figure 9 In /uniFB02 uence of process pressure on the CVD growth rate when at-H and WF6 were mixed. Conditions: 100 sccm of H2, 2 sccm of WF6, 100 sccm of H2-carrier gas (Ar), and 50 sccm WF6carrier gas (Ar), hot-wire temperature of 1750 8 C and substrate temperature of 315 8 C.","re, an optimum pressure must be found to achieve a balance (net-zero effect) between CVD and etching. In the corresponding experiment, WF6 and at-H were mixed in gas phase to ensure CVD mode and no ALD, aiming to observe the interplay of CVD and etching. From Fig. 9, the maximum CVD growth is observ",,,unknown,insufficient_corroboration,only_one_signal_family(continuous_trace),"['F', 'Me']",,"{""continuous_trace"": 2, ""discrete_experimental_sweep"": 1}","{""axis_role_coordinate"": false, ""n_source_points"": 4, ""granularity"": ""single""}","[{""quantity_type"": ""generic_pressure"", ""symbol"": null, ""value"": ""0.01"", ""unit"": ""mbar"", ""species"": null, ""reactant_role"": null, ""assertion_status"": ""direct"", ""scope"": ""figure"", ""source"": ""body_mention"", ""evidence"": ""h is observed at the lowest pressure of 0.01 mbar, and growth rate decreases to 0.008 nm/min at 0.1 mbar. At 0.2 mbar, the net growth is alr""}, {""quantity_type"": ""generic_pressure"", ""symbol"": null, ""value"": ""0.1"", ""unit"": ""mbar"", ""species"": null, ""reactant_role"": null, ""assertion_status"": ""direct"", ""scope"": ""figure"", ""source"": ""body_mention"", ""evidence"": ""rowth rate decreases to 0.008 nm/min at 0.1 mbar. At 0.2 mbar, the net growth is already negative, meaning dominant etching. Therefore, pres""}, {""quantity_type"": ""working_pressure"", ""symbol"": null, ""value"": ""0.2"", ""unit"": ""mbar"", ""species"": null, ""reactant_role"": null, ""assertion_status"": ""direct"", ""scope"": ""figure"", ""source",[],figure,ambiguous,,,,0.01 mbar (generic_pressure); 0.1 mbar (generic_pressure); 0.2 mbar (working_pressure),2,body: between 0.1 and 0.2 mbar,,,10.1002_pssa.201532305::F9::a::<single>
10.1002_pssa.201532305|13|10|a|<single>|primary,10.1002_pssa.201532305,13,10,a,<single>,primary,48,48,cycle_number,film_thickness,nm,experimental,single,10.1002_pssa.201532305-10a-S12-P000;10.1002_pssa.201532305-10a-S12-P001;10.1002_pssa.201532305-10a-S12-P002;10.1002_pssa.201532305-10a-S12-P003;10.1002_pssa.201532305-10a-S12-P004;10.1002_pssa.201532305-10a-S12-P005 …+42,6,6,Figure 10 In-situ monitoring of HWALD growth in the linear regime by SE; the inset shows stepwise growth for individual cycles. Conditions: one ALD cycle consisted of 10 s H2 (100 sccm)/20 s Ar (purge)/0.1 s WF6 (2sccm)/30s Ar (purge). Other conditions: Ar-carrier gas /uniFB02 ow rate of 100 sccm an,"e ALD window in our work, the at-H pulse time, hot-wire temperature, and the post at-H purge time were varied. The WF6 pulse time and the total pressure were /uniFB01 xed at 0.1 s and 0.15 mbar, as discussed above, to provide optimal conditions for the HWALD. Figure 10 depicts the linear growth regi",,,continuous_trace,corroborated,multi_signal(3 families),"['F', 'M', 'Me', 'R']","M: Figure 10 In-situ monitoring of HWALD growth in the linear regime by SE; the inset shows stepwise | M: In-situ monitoring of HWALD growth in the linear regime by SE; the inset shows stepwise growth for individual cycles. Conditions: one ALD cyc | M: ess of 15 nm is in agreement with the estimate from the XPS sputter depth using the average sputter rates. Remarkably, the concentration of W appro","{""continuous_trace"": 6, ""multi_output_measurement"": 1, ""discrete_experimental_sweep"": 2}","{""axis_role_coordinate"": false, ""n_source_points"": 48, ""granularity"": ""single""}","[{""quantity_type"": ""generic_pressure"", ""symbol"": null, ""value"": ""0.15"", ""unit"": ""mbar"", ""species"": null, ""reactant_role"": null, ""assertion_status"": ""direct"", ""scope"": ""panel"", ""source"": ""figure_data.panel.conditions"", ""evidence"": ""pressure=0.15 mbar""}, {""quantity_type"": ""working_pressure"", ""symbol"": null, ""value"": ""0.15"", ""unit"": ""mbar"", ""species"": null, ""reactant_role"": null, ""assertion_status"": ""direct"", ""scope"": ""figure"", ""source"": ""caption"", ""evidence"": ""rature of 1750 8 C; process pressure of 0.15 mbar and substrate temperature of 315 8 C. Due to the short pulse time of WF6, its actual /uniF""}, {""quantity_type"": ""generic_pressure"", ""symbol"": null, ""value"": ""0.15"", ""unit"": ""mbar"", ""species"": null, ""reactant_role"": null, ""assertion_status"": ""direct"", ""scope"": ""figure"", ""source"": ""body_mention"", ""evidence"": ""and 0.15 mbar, as discussed above, to provide optimal conditions for the HWALD",[],panel,resolved,0.15,mbar,generic_pressure,0.15 mbar (generic_pressure),2,body: between 280 and 420 cycles,,,10.1002_pssa.201532305::F10::a::<single>
10.1002_pssa.201532305|14|11|a|<single>|primary,10.1002_pssa.201532305,14,11,a,<single>,primary,7,7,pulse_time,growth_per_cycle,nm/cycle,experimental,single,10.1002_pssa.201532305-11a-S13-P000;10.1002_pssa.201532305-11a-S13-P001;10.1002_pssa.201532305-11a-S13-P002;10.1002_pssa.201532305-11a-S13-P003;10.1002_pssa.201532305-11a-S13-P004;10.1002_pssa.201532305-11a-S13-P005 …+1,7,6,"Figure 11 Determining HWALD windows. In /uniFB02 uence of: (a) at-H pulse time, (b) hot-wire temperature, and (c) post at-H purge time. Standard parameter values: 0.15 mbar of pressure, 315 8 C of substrate temperature, 1750 8 C of hot-wire temperature, 100 sccm of H2, 2 sccm of WF6, 100 sccm of H2-","not necessarily be the actual thickness variations. However, the net thickness increases after each cycle should correspond to the actual /uniFB01 lms growth, as the /uniFB01 nal /uniFB01 lm thickness is veri /uniFB01 ed by other techniques (HIM and XRR).

In Fig. 11(a -c) the GPC as a function of H",,,discrete_experimental_sweep,corroborated,multi_signal(3 families),"['F', 'M', 'Me', 'R']","M: thickness is veri /uniFB01 ed by other techniques (HIM and XRR). In Fig. 11(a -c) the GPC as a function of H2 pulse time (a), /uniFB01 lament | Me: ## 2 Experimental 2.1 HWALD reactor A schematic cross-section of the home-built HWALD reactor is shown in Fig. 1. Molecular hydroge | R: Determining HWALD windows","{""discrete_experimental_sweep"": 3, ""continuous_trace"": 2}","{""axis_role_coordinate"": false, ""n_source_points"": 7, ""granularity"": ""single""}","[{""quantity_type"": ""generic_pressure"", ""symbol"": null, ""value"": ""0.15"", ""unit"": ""mbar"", ""species"": null, ""reactant_role"": null, ""assertion_status"": ""direct"", ""scope"": ""panel"", ""source"": ""figure_data.panel.conditions"", ""evidence"": ""pressure=0.15 mbar""}, {""quantity_type"": ""generic_pressure"", ""symbol"": null, ""value"": ""0.15"", ""unit"": ""mbar"", ""species"": null, ""reactant_role"": null, ""assertion_status"": ""direct"", ""scope"": ""figure"", ""source"": ""caption"", ""evidence"": ""sure, 315 8 C of substrate temperature, 1750 8 C of hot-wire temperature, 100 sccm of H2, 2 sccm of WF6, 100 sccm of H2-carrier gas (Ar), an""}, {""quantity_type"": ""working_pressure"", ""symbol"": null, ""value"": ""0.15"", ""unit"": ""mbar"", ""species"": null, ""reactant_role"": null, ""assertion_status"": ""direct"", ""scope"": ""figure"", ""source"": ""body_mention"", ""evidence"": ""rature of 1750 8 C; process pressure of 0.15 mbar and substrate temperature of",[],panel,resolved,0.15,mbar,generic_pressure,0.15 mbar (generic_pressure),,,,,10.1002_pssa.201532305::F11::a::<single>
10.1002_pssa.201532305|14|11|b|<single>|primary,10.1002_pssa.201532305,14,11,b,<single>,primary,1,6,Hot-wire temperature,growth_per_cycle,nm/cycle,experimental,unresolved,10.1002_pssa.201532305-F11b-22,7,6,"Figure 11 Determining HWALD windows. In /uniFB02 uence of: (a) at-H pulse time, (b) hot-wire temperature, and (c) post at-H purge time. Standard parameter values: 0.15 mbar of pressure, 315 8 C of substrate temperature, 1750 8 C of hot-wire temperature, 100 sccm of H2, 2 sccm of WF6, 100 sccm of H2-","not necessarily be the actual thickness variations. However, the net thickness increases after each cycle should correspond to the actual /uniFB01 lms growth, as the /uniFB01 nal /uniFB01 lm thickness is veri /uniFB01 ed by other techniques (HIM and XRR).

In Fig. 11(a -c) the GPC as a function of H",,,discrete_experimental_sweep,corroborated,multi_signal(3 families),"['F', 'M', 'Me', 'R']","M: thickness is veri /uniFB01 ed by other techniques (HIM and XRR). In Fig. 11(a -c) the GPC as a function of H2 pulse time (a), /uniFB01 lament | Me: ## 2 Experimental 2.1 HWALD reactor A schematic cross-section of the home-built HWALD reactor is shown in Fig. 1. Molecular hydroge | R: Determining HWALD windows","{""discrete_experimental_sweep"": 3, ""continuous_trace"": 2}","{""axis_role_coordinate"": false, ""n_source_points"": 6, ""granularity"": ""unresolved""}","[{""quantity_type"": ""generic_pressure"", ""symbol"": null, ""value"": ""0.15"", ""unit"": ""mbar"", ""species"": null, ""reactant_role"": null, ""assertion_status"": ""direct"", ""scope"": ""panel"", ""source"": ""figure_data.panel.conditions"", ""evidence"": ""pressure=0.15 mbar""}, {""quantity_type"": ""generic_pressure"", ""symbol"": null, ""value"": ""0.15"", ""unit"": ""mbar"", ""species"": null, ""reactant_role"": null, ""assertion_status"": ""direct"", ""scope"": ""figure"", ""source"": ""caption"", ""evidence"": ""sure, 315 8 C of substrate temperature, 1750 8 C of hot-wire temperature, 100 sccm of H2, 2 sccm of WF6, 100 sccm of H2-carrier gas (Ar), an""}, {""quantity_type"": ""working_pressure"", ""symbol"": null, ""value"": ""0.15"", ""unit"": ""mbar"", ""species"": null, ""reactant_role"": null, ""assertion_status"": ""direct"", ""scope"": ""figure"", ""source"": ""body_mention"", ""evidence"": ""rature of 1750 8 C; process pressure of 0.15 mbar and substrate temperature of",[],panel,resolved,0.15,mbar,generic_pressure,0.15 mbar (generic_pressure),,,,,10.1002_pssa.201532305::F11::b::<single>
10.1002_pssa.201532305|14|11|c|<single>|primary,10.1002_pssa.201532305,14,11,c,<single>,primary,5,5,purge_time,growth_per_cycle,nm/cycle,experimental,single,10.1002_pssa.201532305-11c-S14-P000;10.1002_pssa.201532305-11c-S14-P001;10.1002_pssa.201532305-11c-S14-P002;10.1002_pssa.201532305-11c-S14-P003;10.1002_pssa.201532305-11c-S14-P004,7,6,"Figure 11 Determining HWALD windows. In /uniFB02 uence of: (a) at-H pulse time, (b) hot-wire temperature, and (c) post at-H purge time. Standard parameter values: 0.15 mbar of pressure, 315 8 C of substrate temperature, 1750 8 C of hot-wire temperature, 100 sccm of H2, 2 sccm of WF6, 100 sccm of H2-","not necessarily be the actual thickness variations. However, the net thickness increases after each cycle should correspond to the actual /uniFB01 lms growth, as the /uniFB01 nal /uniFB01 lm thickness is veri /uniFB01 ed by other techniques (HIM and XRR).

In Fig. 11(a -c) the GPC as a function of H",,,discrete_experimental_sweep,corroborated,multi_signal(3 families),"['F', 'M', 'Me', 'R']","M: thickness is veri /uniFB01 ed by other techniques (HIM and XRR). In Fig. 11(a -c) the GPC as a function of H2 pulse time (a), /uniFB01 lament | Me: ## 2 Experimental 2.1 HWALD reactor A schematic cross-section of the home-built HWALD reactor is shown in Fig. 1. Molecular hydroge | R: Determining HWALD windows","{""discrete_experimental_sweep"": 3, ""continuous_trace"": 2}","{""axis_role_coordinate"": false, ""n_source_points"": 5, ""granularity"": ""single""}","[{""quantity_type"": ""generic_pressure"", ""symbol"": null, ""value"": ""0.15"", ""unit"": ""mbar"", ""species"": null, ""reactant_role"": null, ""assertion_status"": ""direct"", ""scope"": ""panel"", ""source"": ""figure_data.panel.conditions"", ""evidence"": ""pressure=0.15 mbar""}, {""quantity_type"": ""generic_pressure"", ""symbol"": null, ""value"": ""0.15"", ""unit"": ""mbar"", ""species"": null, ""reactant_role"": null, ""assertion_status"": ""direct"", ""scope"": ""figure"", ""source"": ""caption"", ""evidence"": ""sure, 315 8 C of substrate temperature, 1750 8 C of hot-wire temperature, 100 sccm of H2, 2 sccm of WF6, 100 sccm of H2-carrier gas (Ar), an""}, {""quantity_type"": ""working_pressure"", ""symbol"": null, ""value"": ""0.15"", ""unit"": ""mbar"", ""species"": null, ""reactant_role"": null, ""assertion_status"": ""direct"", ""scope"": ""figure"", ""source"": ""body_mention"", ""evidence"": ""rature of 1750 8 C; process pressure of 0.15 mbar and substrate temperature of",[],panel,resolved,0.15,mbar,generic_pressure,0.15 mbar (generic_pressure),,,,,10.1002_pssa.201532305::F11::c::<single>
10.1002_pssa.201532305|15|12|a|O|primary,10.1002_pssa.201532305,15,12,a,O,primary,1,43,spatial_coordinate,atomic_concentration,1,experimental,profile,10.1002_pssa.201532305-F12a-24,,7,Figure 12 XPS depth pro /uniFB01 le of a 15-nm thick HWALD W /uniFB01 lm (shown in Fig. 10) resulted in high-purity W. One ALD cycle consisted of 10 s H2 (100 sccm)/20 s Ar (purge)/0.1 s WF6 (2 sccm)/30 s Ar (purge). Other conditions: Ar-carrier gas /uniFB02 ow rate of 100 sccm and of 50 sccm for H2," of WF6 was limited at 0.1 s, to minimize the role of the permanent background reactants contributing to CVD and etching, as discussed in the previous sections. The post WF6 purge time was /uniFB01 xed at 30 s; shorter times resulted again in net etching.

In Fig. 12, an XPS depth pro /uniFB01 le is",,,experimental_profile,corroborated,coordinate_axis_gate(3 families),"['F', 'M', 'Me', 'X']",X: x axis 'spatial_coordinate' is a spatial coordinate; the curve is one specimen's profile | M: 5-nm /uniFB01 lm corresponds to the a-Si capping layer. The SE measurements reveal a thickness of 12.6 nm actual HWALD W layer on top of 2.3 n | Me: ## 2 Experimental 2.1 HWALD reactor A schematic cross-section of the home-built HWALD reactor is shown in Fig. 1. Molecular hydroge | M: ess of 15 nm is i,"{""discrete_experimental_sweep"": 2, ""continuous_trace"": 3, ""multi_output_measurement"": 1, ""experimental_profile"": 1}","{""axis_role_coordinate"": true, ""n_source_points"": 43, ""granularity"": ""profile""}","[{""quantity_type"": ""generic_pressure"", ""symbol"": null, ""value"": ""0.15"", ""unit"": ""mbar"", ""species"": null, ""reactant_role"": null, ""assertion_status"": ""direct"", ""scope"": ""panel"", ""source"": ""figure_data.panel.conditions"", ""evidence"": ""process_pressure=0.15 mbar""}, {""quantity_type"": ""working_pressure"", ""symbol"": null, ""value"": ""0.15"", ""unit"": ""mbar"", ""species"": null, ""reactant_role"": null, ""assertion_status"": ""direct"", ""scope"": ""figure"", ""source"": ""caption"", ""evidence"": ""rature of 1750 8 C; process pressure of 0.15 mbar and substrate temperature of 315 8 C. Due to the short pulse time of WF6, its actual /uniF""}, {""quantity_type"": ""working_pressure"", ""symbol"": null, ""value"": ""0.15"", ""unit"": ""mbar"", ""species"": null, ""reactant_role"": null, ""assertion_status"": ""direct"", ""scope"": ""figure"", ""source"": ""body_mention"", ""evidence"": ""rature of 1750 8 C; process pressure of 0.15 mbar and substrate temper",[],panel,resolved,0.15,mbar,generic_pressure,0.15 mbar (generic_pressure),,,element,O,10.1002_pssa.201532305::F12::a::O
10.1002_pssa.201532305|15|12|a|Si|primary,10.1002_pssa.201532305,15,12,a,Si,primary,1,43,spatial_coordinate,atomic_concentration,1,experimental,profile,10.1002_pssa.201532305-F12a-25,,7,Figure 12 XPS depth pro /uniFB01 le of a 15-nm thick HWALD W /uniFB01 lm (shown in Fig. 10) resulted in high-purity W. One ALD cycle consisted of 10 s H2 (100 sccm)/20 s Ar (purge)/0.1 s WF6 (2 sccm)/30 s Ar (purge). Other conditions: Ar-carrier gas /uniFB02 ow rate of 100 sccm and of 50 sccm for H2," of WF6 was limited at 0.1 s, to minimize the role of the permanent background reactants contributing to CVD and etching, as discussed in the previous sections. The post WF6 purge time was /uniFB01 xed at 30 s; shorter times resulted again in net etching.

In Fig. 12, an XPS depth pro /uniFB01 le is",,,experimental_profile,corroborated,coordinate_axis_gate(3 families),"['F', 'M', 'Me', 'X']",X: x axis 'spatial_coordinate' is a spatial coordinate; the curve is one specimen's profile | M: 5-nm /uniFB01 lm corresponds to the a-Si capping layer. The SE measurements reveal a thickness of 12.6 nm actual HWALD W layer on top of 2.3 n | Me: ## 2 Experimental 2.1 HWALD reactor A schematic cross-section of the home-built HWALD reactor is shown in Fig. 1. Molecular hydroge | M: ess of 15 nm is i,"{""discrete_experimental_sweep"": 2, ""continuous_trace"": 3, ""multi_output_measurement"": 1, ""experimental_profile"": 1}","{""axis_role_coordinate"": true, ""n_source_points"": 43, ""granularity"": ""profile""}","[{""quantity_type"": ""generic_pressure"", ""symbol"": null, ""value"": ""0.15"", ""unit"": ""mbar"", ""species"": null, ""reactant_role"": null, ""assertion_status"": ""direct"", ""scope"": ""panel"", ""source"": ""figure_data.panel.conditions"", ""evidence"": ""process_pressure=0.15 mbar""}, {""quantity_type"": ""working_pressure"", ""symbol"": null, ""value"": ""0.15"", ""unit"": ""mbar"", ""species"": null, ""reactant_role"": null, ""assertion_status"": ""direct"", ""scope"": ""figure"", ""source"": ""caption"", ""evidence"": ""rature of 1750 8 C; process pressure of 0.15 mbar and substrate temperature of 315 8 C. Due to the short pulse time of WF6, its actual /uniF""}, {""quantity_type"": ""working_pressure"", ""symbol"": null, ""value"": ""0.15"", ""unit"": ""mbar"", ""species"": null, ""reactant_role"": null, ""assertion_status"": ""direct"", ""scope"": ""figure"", ""source"": ""body_mention"", ""evidence"": ""rature of 1750 8 C; process pressure of 0.15 mbar and substrate temper",[],panel,resolved,0.15,mbar,generic_pressure,0.15 mbar (generic_pressure),,,element,Si,10.1002_pssa.201532305::F12::a::Si
10.1002_pssa.201532305|15|12|a|<single>|primary,10.1002_pssa.201532305,15,12,a,<single>,primary,1,0,spatial_coordinate,atomic_concentration,1,experimental,profile,10.1002_pssa.201532305-F12a-26,,7,Figure 12 XPS depth pro /uniFB01 le of a 15-nm thick HWALD W /uniFB01 lm (shown in Fig. 10) resulted in high-purity W. One ALD cycle consisted of 10 s H2 (100 sccm)/20 s Ar (purge)/0.1 s WF6 (2 sccm)/30 s Ar (purge). Other conditions: Ar-carrier gas /uniFB02 ow rate of 100 sccm and of 50 sccm for H2," of WF6 was limited at 0.1 s, to minimize the role of the permanent background reactants contributing to CVD and etching, as discussed in the previous sections. The post WF6 purge time was /uniFB01 xed at 30 s; shorter times resulted again in net etching.

In Fig. 12, an XPS depth pro /uniFB01 le is",,,experimental_profile,corroborated,coordinate_axis_gate(3 families),"['F', 'M', 'Me', 'X']",X: x axis 'spatial_coordinate' is a spatial coordinate; the curve is one specimen's profile | M: 5-nm /uniFB01 lm corresponds to the a-Si capping layer. The SE measurements reveal a thickness of 12.6 nm actual HWALD W layer on top of 2.3 n | Me: ## 2 Experimental 2.1 HWALD reactor A schematic cross-section of the home-built HWALD reactor is shown in Fig. 1. Molecular hydroge | M: ess of 15 nm is i,"{""discrete_experimental_sweep"": 2, ""continuous_trace"": 3, ""multi_output_measurement"": 1, ""experimental_profile"": 1}","{""axis_role_coordinate"": true, ""n_source_points"": 0, ""granularity"": ""profile""}","[{""quantity_type"": ""generic_pressure"", ""symbol"": null, ""value"": ""0.15"", ""unit"": ""mbar"", ""species"": null, ""reactant_role"": null, ""assertion_status"": ""direct"", ""scope"": ""panel"", ""source"": ""figure_data.panel.conditions"", ""evidence"": ""process_pressure=0.15 mbar""}, {""quantity_type"": ""working_pressure"", ""symbol"": null, ""value"": ""0.15"", ""unit"": ""mbar"", ""species"": null, ""reactant_role"": null, ""assertion_status"": ""direct"", ""scope"": ""figure"", ""source"": ""caption"", ""evidence"": ""rature of 1750 8 C; process pressure of 0.15 mbar and substrate temperature of 315 8 C. Due to the short pulse time of WF6, its actual /uniF""}, {""quantity_type"": ""working_pressure"", ""symbol"": null, ""value"": ""0.15"", ""unit"": ""mbar"", ""species"": null, ""reactant_role"": null, ""assertion_status"": ""direct"", ""scope"": ""figure"", ""source"": ""body_mention"", ""evidence"": ""rature of 1750 8 C; process pressure of 0.15 mbar and substrate temper",[],panel,resolved,0.15,mbar,generic_pressure,0.15 mbar (generic_pressure),,,element,<single>,10.1002_pssa.201532305::F12::a::<single>
10.1002_pssa.201532305|15|12|a|F|primary,10.1002_pssa.201532305,15,12,a,F,primary,1,17,spatial_coordinate,atomic_concentration,1,experimental,profile,10.1002_pssa.201532305-F12a-27,,7,Figure 12 XPS depth pro /uniFB01 le of a 15-nm thick HWALD W /uniFB01 lm (shown in Fig. 10) resulted in high-purity W. One ALD cycle consisted of 10 s H2 (100 sccm)/20 s Ar (purge)/0.1 s WF6 (2 sccm)/30 s Ar (purge). Other conditions: Ar-carrier gas /uniFB02 ow rate of 100 sccm and of 50 sccm for H2," of WF6 was limited at 0.1 s, to minimize the role of the permanent background reactants contributing to CVD and etching, as discussed in the previous sections. The post WF6 purge time was /uniFB01 xed at 30 s; shorter times resulted again in net etching.

In Fig. 12, an XPS depth pro /uniFB01 le is",,,experimental_profile,corroborated,coordinate_axis_gate(3 families),"['F', 'M', 'Me', 'X']",X: x axis 'spatial_coordinate' is a spatial coordinate; the curve is one specimen's profile | M: 5-nm /uniFB01 lm corresponds to the a-Si capping layer. The SE measurements reveal a thickness of 12.6 nm actual HWALD W layer on top of 2.3 n | Me: ## 2 Experimental 2.1 HWALD reactor A schematic cross-section of the home-built HWALD reactor is shown in Fig. 1. Molecular hydroge | M: ess of 15 nm is i,"{""discrete_experimental_sweep"": 2, ""continuous_trace"": 3, ""multi_output_measurement"": 1, ""experimental_profile"": 1}","{""axis_role_coordinate"": true, ""n_source_points"": 17, ""granularity"": ""profile""}","[{""quantity_type"": ""generic_pressure"", ""symbol"": null, ""value"": ""0.15"", ""unit"": ""mbar"", ""species"": null, ""reactant_role"": null, ""assertion_status"": ""direct"", ""scope"": ""panel"", ""source"": ""figure_data.panel.conditions"", ""evidence"": ""process_pressure=0.15 mbar""}, {""quantity_type"": ""working_pressure"", ""symbol"": null, ""value"": ""0.15"", ""unit"": ""mbar"", ""species"": null, ""reactant_role"": null, ""assertion_status"": ""direct"", ""scope"": ""figure"", ""source"": ""caption"", ""evidence"": ""rature of 1750 8 C; process pressure of 0.15 mbar and substrate temperature of 315 8 C. Due to the short pulse time of WF6, its actual /uniF""}, {""quantity_type"": ""working_pressure"", ""symbol"": null, ""value"": ""0.15"", ""unit"": ""mbar"", ""species"": null, ""reactant_role"": null, ""assertion_status"": ""direct"", ""scope"": ""figure"", ""source"": ""body_mention"", ""evidence"": ""rature of 1750 8 C; process pressure of 0.15 mbar and substrate temper",[],panel,resolved,0.15,mbar,generic_pressure,0.15 mbar (generic_pressure),,,element,F,10.1002_pssa.201532305::F12::a::F
10.1007_s11671-010-9676-0|-|-|-|<single>|primary,10.1007_s11671-010-9676-0,,,,<single>,primary,1,0,,,,experimental,single,10.1007_s11671-010-9676-0-paper-0,,,,,,,unknown,insufficient_corroboration,only_one_signal_family(continuous_trace),['Me'],,"{""continuous_trace"": 1}","{""axis_role_coordinate"": false, ""n_source_points"": 0, ""granularity"": ""single""}","[{""quantity_type"": ""working_pressure"", ""symbol"": null, ""value"": ""-500"", ""unit"": ""Pa"", ""species"": null, ""reactant_role"": null, ""assertion_status"": ""approximate"", ""scope"": ""paper"", ""source"": ""methods"", ""evidence"": ""ere deposited at a pressure of about 100-500 Pa in the temperature of 230 /C176 C. The iron source was sublimed at 80 /C176 C and carried in""}]",[],paper,resolved,-500,Pa,working_pressure,-500 Pa (working_pressure),,,,,10.1007_s11671-010-9676-0::FNone::-::<single>
10.1007_s12274-010-0066-9|2|1|f|200 ALD cycles|primary,10.1007_s12274-010-0066-9,2,1,f,200 ALD cycles,primary,1,36,2θ,intensity,a.u.,experimental,unresolved,10.1007_s12274-010-0066-9-F1f-0,3,2,"Figure 1 Cross-sectional TEM micrographs analyzing the deposition of Pt thin films by ALD at 300 ° C for different thickness stages: (a) 50 ALD cycles, (b) 100 ALD cycles, (c) 200 ALD cycles, (d) 400 ALD cycles, (e) 1000 ALD cycles, and (f) XRD pattern of a 200 ALD cycle platinum film","e impurity content,  a  deposition  temperature  of  300  ° C  was determined to be optimum for the ALD process. The increase  in  growth  rate  at  deposition  temperatures higher than 320  ° C is indicative of the decomposition of  the  Pt  precursor  [7].  Figure 1(a)  shows  a  crosssectional  t",,,unknown,conflicting_signals,tie_between_discrete_experimental_sweep/multi_output_measurement,"['F', 'M', 'Me']",,"{""discrete_experimental_sweep"": 2, ""multi_output_measurement"": 2}","{""axis_role_coordinate"": false, ""n_source_points"": 36, ""granularity"": ""unresolved""}",[],[],,,,,,,,,,,10.1007_s12274-010-0066-9::F1::f::200 ALD cycles
10.1016_j.mee.2018.01.027|3|4|b|9th Talbot Order|primary,10.1016_j.mee.2018.01.027,3,4,b,9th Talbot Order,primary,1,20,visibility,count,,experimental,unresolved,10.1016_j.mee.2018.01.027-F4b-0,20,12,Figure 4: (a) Picture of the laboratory X-ray phase imaging setup with the fabricated one micrometer period iridium gratings mounted as G 0 and G 2 . (b) and (c) display the differential phase contrast images of a sample made of 700 µ m silicon oxide spheres obtained at the 9th and 13rd Talbot orde ,"mes required by the equipment used for investigations reported  here.

## 3.2.  Performance of the X-ray  Gratings

The X-ray absorbing iridium gratings were characterized at our laboratory X-ray phase imaging setup. A picture of the actual system is shown in Fig. 4(a). The setup was arranged to emp",sample made of 700,Table 1: Detailed parameters of the silicon deep reactive ion etching recipe. An ICP Plasmalab 100 system from Oxford Instruments Plasma Technology (UK) was used.; Table 2: Detailed parameters of the ,unknown,insufficient_corroboration,only_one_signal_family(discrete_experimental_sweep),"['F', 'I', 'T']",,"{""discrete_experimental_sweep"": 1}","{""axis_role_coordinate"": false, ""n_source_points"": 20, ""granularity"": ""unresolved""}",[],[],,,,,,,,,,,10.1016_j.mee.2018.01.027::F4::b::9th Talbot Order
10.1016_j.mee.2018.01.027|3|4|c|13th Talbot Order|inset,10.1016_j.mee.2018.01.027,3,4,c,13th Talbot Order,inset,1,21,visibility,count,,experimental,unresolved,10.1016_j.mee.2018.01.027-F4c-1,20,12,Figure 4: (a) Picture of the laboratory X-ray phase imaging setup with the fabricated one micrometer period iridium gratings mounted as G 0 and G 2 . (b) and (c) display the differential phase contrast images of a sample made of 700 µ m silicon oxide spheres obtained at the 9th and 13rd Talbot orde ,"mes required by the equipment used for investigations reported  here.

## 3.2.  Performance of the X-ray  Gratings

The X-ray absorbing iridium gratings were characterized at our laboratory X-ray phase imaging setup. A picture of the actual system is shown in Fig. 4(a). The setup was arranged to emp",sample made of 700,Table 1: Detailed parameters of the silicon deep reactive ion etching recipe. An ICP Plasmalab 100 system from Oxford Instruments Plasma Technology (UK) was used.; Table 2: Detailed parameters of the ,unknown,insufficient_corroboration,only_one_signal_family(discrete_experimental_sweep),"['F', 'I', 'T']",,"{""discrete_experimental_sweep"": 1}","{""axis_role_coordinate"": false, ""n_source_points"": 21, ""granularity"": ""unresolved""}",[],[],,,,,,,,,,,10.1016_j.mee.2018.01.027::F4::c::13th Talbot Order
10.1016_j.mee.2018.01.033|-|-|-|<single>|primary,10.1016_j.mee.2018.01.033,,,,<single>,primary,1,0,,,,experimental,single,10.1016_j.mee.2018.01.033-paper-0,,,,,,Table 1: Design parameters of the fabricated zone plates. Outermost zone widths have been designed below 10 nm. Diameters of 240 µm were chosen for the Hermes beamline and 100 µm for the PolLux beamli,unknown,conflicting_signals,tie_between_none,['T'],,{},"{""axis_role_coordinate"": false, ""n_source_points"": 0, ""granularity"": ""single""}",[],[],,,,,,,,,,,10.1016_j.mee.2018.01.033::FNone::-::<single>
10.1016_j.sse.2022.108584|4|2|a|θ_{sat} < 0.5|primary,10.1016_j.sse.2022.108584,4,2,a,θ_{sat} < 0.5,primary,1,6,β_0,Γ_{ev}/Γ_0,,model,unresolved,10.1016_j.sse.2022.108584-F2a-0,3,2,"Fig. 2. Impact of model parameters in the required 𝑡 𝑝 to reach 95% saturation at the bottom of a cylindrical structure with 𝑑 = 1μm , 𝐿 = 100μm in a fictitious chemistry with 𝑠 0 = 2 × 10 -19 m 2 and 𝛤 0 = 10 24 m -2 s -1 .","2). In their work, the frozen surface approximation is not employed and the partial pressure distribution, which is equivalent to the reactant flux distribution, is directly approximated as two separate regions, one linear and another exponentially decaying.

Fig. 2. Impact of model parameters in th",,"Table 2 Model parameters for the TMA step of ALD of Al 2 O 3 calibrated to multiple measurements [9,13,32].",model_sweep,single_definitional_signal,provenance_gate(1 families),"['F', 'T', 'X']",F: panel/figure source flag = simulated | F: pipeline relevance=model,"{""model_sweep"": 2}","{""axis_role_coordinate"": false, ""n_source_points"": 6, ""granularity"": ""unresolved""}",[],[],,,,,,,,,contour condition,θ_{sat} < 0.5,10.1016_j.sse.2022.108584::F2::a::θ_{sat} < 0.5
10.1016_j.sse.2022.108584|4|2|a|θ_{sat} < 0.9|primary,10.1016_j.sse.2022.108584,4,2,a,θ_{sat} < 0.9,primary,1,11,β_0,Γ_{ev}/Γ_0,,model,unresolved,10.1016_j.sse.2022.108584-F2a-1,3,2,"Fig. 2. Impact of model parameters in the required 𝑡 𝑝 to reach 95% saturation at the bottom of a cylindrical structure with 𝑑 = 1μm , 𝐿 = 100μm in a fictitious chemistry with 𝑠 0 = 2 × 10 -19 m 2 and 𝛤 0 = 10 24 m -2 s -1 .","2). In their work, the frozen surface approximation is not employed and the partial pressure distribution, which is equivalent to the reactant flux distribution, is directly approximated as two separate regions, one linear and another exponentially decaying.

Fig. 2. Impact of model parameters in th",,"Table 2 Model parameters for the TMA step of ALD of Al 2 O 3 calibrated to multiple measurements [9,13,32].",model_sweep,single_definitional_signal,provenance_gate(1 families),"['F', 'T', 'X']",F: panel/figure source flag = simulated | F: pipeline relevance=model,"{""model_sweep"": 2}","{""axis_role_coordinate"": false, ""n_source_points"": 11, ""granularity"": ""unresolved""}",[],[],,,,,,,,,contour condition,θ_{sat} < 0.9,10.1016_j.sse.2022.108584::F2::a::θ_{sat} < 0.9
10.1016_j.sse.2022.108584|4|2|a|θ_{sat} < 0.99|primary,10.1016_j.sse.2022.108584,4,2,a,θ_{sat} < 0.99,primary,1,16,β_0,Γ_{ev}/Γ_0,,model,unresolved,10.1016_j.sse.2022.108584-F2a-2,3,2,"Fig. 2. Impact of model parameters in the required 𝑡 𝑝 to reach 95% saturation at the bottom of a cylindrical structure with 𝑑 = 1μm , 𝐿 = 100μm in a fictitious chemistry with 𝑠 0 = 2 × 10 -19 m 2 and 𝛤 0 = 10 24 m -2 s -1 .","2). In their work, the frozen surface approximation is not employed and the partial pressure distribution, which is equivalent to the reactant flux distribution, is directly approximated as two separate regions, one linear and another exponentially decaying.

Fig. 2. Impact of model parameters in th",,"Table 2 Model parameters for the TMA step of ALD of Al 2 O 3 calibrated to multiple measurements [9,13,32].",model_sweep,single_definitional_signal,provenance_gate(1 families),"['F', 'T', 'X']",F: panel/figure source flag = simulated | F: pipeline relevance=model,"{""model_sweep"": 2}","{""axis_role_coordinate"": false, ""n_source_points"": 16, ""granularity"": ""unresolved""}",[],[],,,,,,,,,contour condition,θ_{sat} < 0.99,10.1016_j.sse.2022.108584::F2::a::θ_{sat} < 0.99
10.1016_j.sse.2022.108584|4|2|a|t_p < 10 s|primary,10.1016_j.sse.2022.108584,4,2,a,t_p < 10 s,primary,1,16,β_0,Γ_{ev}/Γ_0,,model,unresolved,10.1016_j.sse.2022.108584-F2a-3,3,2,"Fig. 2. Impact of model parameters in the required 𝑡 𝑝 to reach 95% saturation at the bottom of a cylindrical structure with 𝑑 = 1μm , 𝐿 = 100μm in a fictitious chemistry with 𝑠 0 = 2 × 10 -19 m 2 and 𝛤 0 = 10 24 m -2 s -1 .","2). In their work, the frozen surface approximation is not employed and the partial pressure distribution, which is equivalent to the reactant flux distribution, is directly approximated as two separate regions, one linear and another exponentially decaying.

Fig. 2. Impact of model parameters in th",,"Table 2 Model parameters for the TMA step of ALD of Al 2 O 3 calibrated to multiple measurements [9,13,32].",model_sweep,single_definitional_signal,provenance_gate(1 families),"['F', 'T', 'X']",F: panel/figure source flag = simulated | F: pipeline relevance=model,"{""model_sweep"": 2}","{""axis_role_coordinate"": false, ""n_source_points"": 16, ""granularity"": ""unresolved""}",[],[],,,,,,,,,contour condition,t_p < 10 s,10.1016_j.sse.2022.108584::F2::a::t_p < 10 s
10.1016_j.sse.2022.108584|4|2|a|t_p < 1 s|primary,10.1016_j.sse.2022.108584,4,2,a,t_p < 1 s,primary,1,10,β_0,Γ_{ev}/Γ_0,,model,unresolved,10.1016_j.sse.2022.108584-F2a-4,3,2,"Fig. 2. Impact of model parameters in the required 𝑡 𝑝 to reach 95% saturation at the bottom of a cylindrical structure with 𝑑 = 1μm , 𝐿 = 100μm in a fictitious chemistry with 𝑠 0 = 2 × 10 -19 m 2 and 𝛤 0 = 10 24 m -2 s -1 .","2). In their work, the frozen surface approximation is not employed and the partial pressure distribution, which is equivalent to the reactant flux distribution, is directly approximated as two separate regions, one linear and another exponentially decaying.

Fig. 2. Impact of model parameters in th",,"Table 2 Model parameters for the TMA step of ALD of Al 2 O 3 calibrated to multiple measurements [9,13,32].",model_sweep,single_definitional_signal,provenance_gate(1 families),"['F', 'T', 'X']",F: panel/figure source flag = simulated | F: pipeline relevance=model,"{""model_sweep"": 2}","{""axis_role_coordinate"": false, ""n_source_points"": 10, ""granularity"": ""unresolved""}",[],[],,,,,,,,,contour condition,t_p < 1 s,10.1016_j.sse.2022.108584::F2::a::t_p < 1 s
10.1016_j.sse.2022.108584|4|2|a|t_p < 0.1 s|primary,10.1016_j.sse.2022.108584,4,2,a,t_p < 0.1 s,primary,1,7,β_0,Γ_{ev}/Γ_0,,model,unresolved,10.1016_j.sse.2022.108584-F2a-5,3,2,"Fig. 2. Impact of model parameters in the required 𝑡 𝑝 to reach 95% saturation at the bottom of a cylindrical structure with 𝑑 = 1μm , 𝐿 = 100μm in a fictitious chemistry with 𝑠 0 = 2 × 10 -19 m 2 and 𝛤 0 = 10 24 m -2 s -1 .","2). In their work, the frozen surface approximation is not employed and the partial pressure distribution, which is equivalent to the reactant flux distribution, is directly approximated as two separate regions, one linear and another exponentially decaying.

Fig. 2. Impact of model parameters in th",,"Table 2 Model parameters for the TMA step of ALD of Al 2 O 3 calibrated to multiple measurements [9,13,32].",model_sweep,single_definitional_signal,provenance_gate(1 families),"['F', 'T', 'X']",F: panel/figure source flag = simulated | F: pipeline relevance=model,"{""model_sweep"": 2}","{""axis_role_coordinate"": false, ""n_source_points"": 7, ""granularity"": ""unresolved""}",[],[],,,,,,,,,contour condition,t_p < 0.1 s,10.1016_j.sse.2022.108584::F2::a::t_p < 0.1 s
"10.1016_j.sse.2022.108584|6|4|a|Arts 2019, 310 °C|primary",10.1016_j.sse.2022.108584,6,4,a,"Arts 2019, 310 °C",primary,1,50,spatial_coordinate,film_thickness,nm,model,profile,10.1016_j.sse.2022.108584-F4a-6,4,,Fig. 4. Comparison of topography simulation using the combined surface coverage model with the parameters from Table 1 to H 2 O-limited thickness profiles measured by Arts et al. [13].,"                       | 5 . 0 ⋅ 10 -5   | 1 . 2 ⋅ 10 -4   | 1 . 9 ⋅ 10 -4   |
| 𝛽 0 , estimated range from [13] | 1 . 4 ⋅ 10 -5 - | 0 . 8 ⋅ 10 -4 - | 0 . 9 ⋅ 10 -4 - |
| 𝛽 0 , estimated range from [13] | 2 . 3 ⋅ 10 -5   | 2 . 0 ⋅ 10 -4   | 2 . 5 ⋅ 10 -4   |

Fig. 4. Comparison of topography simulat",,"Table 2 Model parameters for the TMA step of ALD of Al 2 O 3 calibrated to multiple measurements [9,13,32].",imported_literature_data,single_definitional_signal,provenance_gate(1 families),"['F', 'L', 'T', 'X']",L: Arts 2019,"{""imported_literature_data"": 1}","{""axis_role_coordinate"": true, ""n_source_points"": 50, ""granularity"": ""profile""}",[],[],,,,,,,,,temperature,"Arts 2019, 310 °C","10.1016_j.sse.2022.108584::F4::a::Arts 2019, 310 °C"
"10.1016_j.sse.2022.108584|6|4|a|Model, 310 °C|primary",10.1016_j.sse.2022.108584,6,4,a,"Model, 310 °C",primary,1,25,spatial_coordinate,film_thickness,nm,model,profile,10.1016_j.sse.2022.108584-F4a-7,4,,Fig. 4. Comparison of topography simulation using the combined surface coverage model with the parameters from Table 1 to H 2 O-limited thickness profiles measured by Arts et al. [13].,"                       | 5 . 0 ⋅ 10 -5   | 1 . 2 ⋅ 10 -4   | 1 . 9 ⋅ 10 -4   |
| 𝛽 0 , estimated range from [13] | 1 . 4 ⋅ 10 -5 - | 0 . 8 ⋅ 10 -4 - | 0 . 9 ⋅ 10 -4 - |
| 𝛽 0 , estimated range from [13] | 2 . 3 ⋅ 10 -5   | 2 . 0 ⋅ 10 -4   | 2 . 5 ⋅ 10 -4   |

Fig. 4. Comparison of topography simulat",,"Table 2 Model parameters for the TMA step of ALD of Al 2 O 3 calibrated to multiple measurements [9,13,32].",simulation,corroborated,provenance_gate(3 families),"['F', 'L', 'T', 'X']","L: series label 'Model, 310 °C' | F: panel/figure source flag = simulated | F: pipeline relevance=model | R: Comparison of topography simulation using the combined surface coverage model with the paramete","{""simulation"": 4}","{""axis_role_coordinate"": true, ""n_source_points"": 25, ""granularity"": ""profile""}",[],[],,,,,,,,,temperature,"Model, 310 °C","10.1016_j.sse.2022.108584::F4::a::Model, 310 °C"
"10.1016_j.sse.2022.108584|6|4|a|Arts 2019, 220 °C|primary",10.1016_j.sse.2022.108584,6,4,a,"Arts 2019, 220 °C",primary,1,43,spatial_coordinate,film_thickness,nm,model,profile,10.1016_j.sse.2022.108584-F4a-8,4,,Fig. 4. Comparison of topography simulation using the combined surface coverage model with the parameters from Table 1 to H 2 O-limited thickness profiles measured by Arts et al. [13].,"                       | 5 . 0 ⋅ 10 -5   | 1 . 2 ⋅ 10 -4   | 1 . 9 ⋅ 10 -4   |
| 𝛽 0 , estimated range from [13] | 1 . 4 ⋅ 10 -5 - | 0 . 8 ⋅ 10 -4 - | 0 . 9 ⋅ 10 -4 - |
| 𝛽 0 , estimated range from [13] | 2 . 3 ⋅ 10 -5   | 2 . 0 ⋅ 10 -4   | 2 . 5 ⋅ 10 -4   |

Fig. 4. Comparison of topography simulat",,"Table 2 Model parameters for the TMA step of ALD of Al 2 O 3 calibrated to multiple measurements [9,13,32].",imported_literature_data,single_definitional_signal,provenance_gate(1 families),"['F', 'L', 'T', 'X']",L: Arts 2019,"{""imported_literature_data"": 1}","{""axis_role_coordinate"": true, ""n_source_points"": 43, ""granularity"": ""profile""}",[],[],,,,,,,,,temperature,"Arts 2019, 220 °C","10.1016_j.sse.2022.108584::F4::a::Arts 2019, 220 °C"
"10.1016_j.sse.2022.108584|6|4|a|Model, 220 °C|primary",10.1016_j.sse.2022.108584,6,4,a,"Model, 220 °C",primary,1,24,spatial_coordinate,film_thickness,nm,model,profile,10.1016_j.sse.2022.108584-F4a-9,4,,Fig. 4. Comparison of topography simulation using the combined surface coverage model with the parameters from Table 1 to H 2 O-limited thickness profiles measured by Arts et al. [13].,"                       | 5 . 0 ⋅ 10 -5   | 1 . 2 ⋅ 10 -4   | 1 . 9 ⋅ 10 -4   |
| 𝛽 0 , estimated range from [13] | 1 . 4 ⋅ 10 -5 - | 0 . 8 ⋅ 10 -4 - | 0 . 9 ⋅ 10 -4 - |
| 𝛽 0 , estimated range from [13] | 2 . 3 ⋅ 10 -5   | 2 . 0 ⋅ 10 -4   | 2 . 5 ⋅ 10 -4   |

Fig. 4. Comparison of topography simulat",,"Table 2 Model parameters for the TMA step of ALD of Al 2 O 3 calibrated to multiple measurements [9,13,32].",simulation,corroborated,provenance_gate(3 families),"['F', 'L', 'T', 'X']","L: series label 'Model, 220 °C' | F: panel/figure source flag = simulated | F: pipeline relevance=model | R: Comparison of topography simulation using the combined surface coverage model with the paramete","{""simulation"": 4}","{""axis_role_coordinate"": true, ""n_source_points"": 24, ""granularity"": ""profile""}",[],[],,,,,,,,,temperature,"Model, 220 °C","10.1016_j.sse.2022.108584::F4::a::Model, 220 °C"
"10.1016_j.sse.2022.108584|6|4|a|Arts 2019, 150 °C|primary",10.1016_j.sse.2022.108584,6,4,a,"Arts 2019, 150 °C",primary,1,42,spatial_coordinate,film_thickness,nm,model,profile,10.1016_j.sse.2022.108584-F4a-10,4,,Fig. 4. Comparison of topography simulation using the combined surface coverage model with the parameters from Table 1 to H 2 O-limited thickness profiles measured by Arts et al. [13].,"                       | 5 . 0 ⋅ 10 -5   | 1 . 2 ⋅ 10 -4   | 1 . 9 ⋅ 10 -4   |
| 𝛽 0 , estimated range from [13] | 1 . 4 ⋅ 10 -5 - | 0 . 8 ⋅ 10 -4 - | 0 . 9 ⋅ 10 -4 - |
| 𝛽 0 , estimated range from [13] | 2 . 3 ⋅ 10 -5   | 2 . 0 ⋅ 10 -4   | 2 . 5 ⋅ 10 -4   |

Fig. 4. Comparison of topography simulat",,"Table 2 Model parameters for the TMA step of ALD of Al 2 O 3 calibrated to multiple measurements [9,13,32].",imported_literature_data,single_definitional_signal,provenance_gate(1 families),"['F', 'L', 'T', 'X']",L: Arts 2019,"{""imported_literature_data"": 1}","{""axis_role_coordinate"": true, ""n_source_points"": 42, ""granularity"": ""profile""}",[],[],,,,,,,,,temperature,"Arts 2019, 150 °C","10.1016_j.sse.2022.108584::F4::a::Arts 2019, 150 °C"
"10.1016_j.sse.2022.108584|6|4|a|Model, 150 °C|primary",10.1016_j.sse.2022.108584,6,4,a,"Model, 150 °C",primary,1,17,spatial_coordinate,film_thickness,nm,model,profile,10.1016_j.sse.2022.108584-F4a-11,4,,Fig. 4. Comparison of topography simulation using the combined surface coverage model with the parameters from Table 1 to H 2 O-limited thickness profiles measured by Arts et al. [13].,"                       | 5 . 0 ⋅ 10 -5   | 1 . 2 ⋅ 10 -4   | 1 . 9 ⋅ 10 -4   |
| 𝛽 0 , estimated range from [13] | 1 . 4 ⋅ 10 -5 - | 0 . 8 ⋅ 10 -4 - | 0 . 9 ⋅ 10 -4 - |
| 𝛽 0 , estimated range from [13] | 2 . 3 ⋅ 10 -5   | 2 . 0 ⋅ 10 -4   | 2 . 5 ⋅ 10 -4   |

Fig. 4. Comparison of topography simulat",,"Table 2 Model parameters for the TMA step of ALD of Al 2 O 3 calibrated to multiple measurements [9,13,32].",simulation,corroborated,provenance_gate(3 families),"['F', 'L', 'T', 'X']","L: series label 'Model, 150 °C' | F: panel/figure source flag = simulated | F: pipeline relevance=model | R: Comparison of topography simulation using the combined surface coverage model with the paramete","{""simulation"": 4}","{""axis_role_coordinate"": true, ""n_source_points"": 17, ""granularity"": ""profile""}",[],[],,,,,,,,,temperature,"Model, 150 °C","10.1016_j.sse.2022.108584::F4::a::Model, 150 °C"
10.1016_j.sse.2022.108584|7|5|a|beta_0|primary,10.1016_j.sse.2022.108584,7,5,a,beta_0,primary,1,8,1/T,ln(beta_0),,model,unresolved,10.1016_j.sse.2022.108584-F5a-12,4,4,"Fig. 5. (a) Arrhenius analysis of 𝛽 0 and 𝛤 ev from Table 1. (b) After parameterization to 𝑇 , its effect is investigated in the required 𝑡 𝑝 to reach 95% of saturation, 𝜃 sat at 𝑧 = 𝐿 and SCsat .","ant value at 150 ◦ C , since we consider the entire profile and we include 𝛤 ev . Nonetheless, it is possible that we overestimate 𝛤 ev since we do not consider the purge step. The reduction in thickness and the less abrupt transition between the region with

Fig. 5. (a) Arrhenius analysis of 𝛽 0 an",,"Table 2 Model parameters for the TMA step of ALD of Al 2 O 3 calibrated to multiple measurements [9,13,32].",model_sweep,single_definitional_signal,provenance_gate(1 families),"['F', 'T', 'X']",F: panel/figure source flag = simulated | F: pipeline relevance=model,"{""model_sweep"": 2}","{""axis_role_coordinate"": false, ""n_source_points"": 8, ""granularity"": ""unresolved""}",[],[],,,,,,,,,parameter,beta_0,10.1016_j.sse.2022.108584::F5::a::beta_0
10.1016_j.sse.2022.108584|7|5|a|Gamma_ev|primary,10.1016_j.sse.2022.108584,7,5,a,Gamma_ev,primary,1,8,1/T,ln(beta_0),,model,unresolved,10.1016_j.sse.2022.108584-F5a-13,4,4,"Fig. 5. (a) Arrhenius analysis of 𝛽 0 and 𝛤 ev from Table 1. (b) After parameterization to 𝑇 , its effect is investigated in the required 𝑡 𝑝 to reach 95% of saturation, 𝜃 sat at 𝑧 = 𝐿 and SCsat .","ant value at 150 ◦ C , since we consider the entire profile and we include 𝛤 ev . Nonetheless, it is possible that we overestimate 𝛤 ev since we do not consider the purge step. The reduction in thickness and the less abrupt transition between the region with

Fig. 5. (a) Arrhenius analysis of 𝛽 0 an",,"Table 2 Model parameters for the TMA step of ALD of Al 2 O 3 calibrated to multiple measurements [9,13,32].",model_sweep,single_definitional_signal,provenance_gate(1 families),"['F', 'T', 'X']",F: panel/figure source flag = simulated | F: pipeline relevance=model,"{""model_sweep"": 2}","{""axis_role_coordinate"": false, ""n_source_points"": 8, ""granularity"": ""unresolved""}",[],[],,,,,,,,,parameter,Gamma_ev,10.1016_j.sse.2022.108584::F5::a::Gamma_ev
10.1016_j.sse.2022.108584|7|5|b|t_p|primary,10.1016_j.sse.2022.108584,7,5,b,t_p,primary,17,17,deposition_temperature,pulse_time,s,model,single,10.1016_j.sse.2022.108584-5b-S0-P000;10.1016_j.sse.2022.108584-5b-S0-P001;10.1016_j.sse.2022.108584-5b-S0-P002;10.1016_j.sse.2022.108584-5b-S0-P003;10.1016_j.sse.2022.108584-5b-S0-P004;10.1016_j.sse.2022.108584-5b-S0-P005 …+11,4,4,"Fig. 5. (a) Arrhenius analysis of 𝛽 0 and 𝛤 ev from Table 1. (b) After parameterization to 𝑇 , its effect is investigated in the required 𝑡 𝑝 to reach 95% of saturation, 𝜃 sat at 𝑧 = 𝐿 and SCsat .","ant value at 150 ◦ C , since we consider the entire profile and we include 𝛤 ev . Nonetheless, it is possible that we overestimate 𝛤 ev since we do not consider the purge step. The reduction in thickness and the less abrupt transition between the region with

Fig. 5. (a) Arrhenius analysis of 𝛽 0 an",,"Table 2 Model parameters for the TMA step of ALD of Al 2 O 3 calibrated to multiple measurements [9,13,32].",model_sweep,single_definitional_signal,provenance_gate(1 families),"['F', 'T', 'X']",F: panel/figure source flag = simulated | F: pipeline relevance=model,"{""model_sweep"": 2}","{""axis_role_coordinate"": false, ""n_source_points"": 17, ""granularity"": ""single""}",[],[],,,,,,,,,parameter,t_p,10.1016_j.sse.2022.108584::F5::b::t_p
10.1016_j.sse.2022.108584|7|5|b|theta_sat|primary,10.1016_j.sse.2022.108584,7,5,b,theta_sat,primary,17,17,deposition_temperature,pulse_time,s,model,single,10.1016_j.sse.2022.108584-5b-S1-P000;10.1016_j.sse.2022.108584-5b-S1-P001;10.1016_j.sse.2022.108584-5b-S1-P002;10.1016_j.sse.2022.108584-5b-S1-P003;10.1016_j.sse.2022.108584-5b-S1-P004;10.1016_j.sse.2022.108584-5b-S1-P005 …+11,4,4,"Fig. 5. (a) Arrhenius analysis of 𝛽 0 and 𝛤 ev from Table 1. (b) After parameterization to 𝑇 , its effect is investigated in the required 𝑡 𝑝 to reach 95% of saturation, 𝜃 sat at 𝑧 = 𝐿 and SCsat .","ant value at 150 ◦ C , since we consider the entire profile and we include 𝛤 ev . Nonetheless, it is possible that we overestimate 𝛤 ev since we do not consider the purge step. The reduction in thickness and the less abrupt transition between the region with

Fig. 5. (a) Arrhenius analysis of 𝛽 0 an",,"Table 2 Model parameters for the TMA step of ALD of Al 2 O 3 calibrated to multiple measurements [9,13,32].",model_sweep,single_definitional_signal,provenance_gate(1 families),"['F', 'T', 'X']",F: panel/figure source flag = simulated | F: pipeline relevance=model,"{""model_sweep"": 2}","{""axis_role_coordinate"": false, ""n_source_points"": 17, ""granularity"": ""single""}",[],[],,,,,,,,,parameter,theta_sat,10.1016_j.sse.2022.108584::F5::b::theta_sat
10.1016_j.sse.2022.108584|7|5|b|SC_sat|primary,10.1016_j.sse.2022.108584,7,5,b,SC_sat,primary,17,17,deposition_temperature,pulse_time,s,model,single,10.1016_j.sse.2022.108584-5b-S2-P000;10.1016_j.sse.2022.108584-5b-S2-P001;10.1016_j.sse.2022.108584-5b-S2-P002;10.1016_j.sse.2022.108584-5b-S2-P003;10.1016_j.sse.2022.108584-5b-S2-P004;10.1016_j.sse.2022.108584-5b-S2-P005 …+11,4,4,"Fig. 5. (a) Arrhenius analysis of 𝛽 0 and 𝛤 ev from Table 1. (b) After parameterization to 𝑇 , its effect is investigated in the required 𝑡 𝑝 to reach 95% of saturation, 𝜃 sat at 𝑧 = 𝐿 and SCsat .","ant value at 150 ◦ C , since we consider the entire profile and we include 𝛤 ev . Nonetheless, it is possible that we overestimate 𝛤 ev since we do not consider the purge step. The reduction in thickness and the less abrupt transition between the region with

Fig. 5. (a) Arrhenius analysis of 𝛽 0 an",,"Table 2 Model parameters for the TMA step of ALD of Al 2 O 3 calibrated to multiple measurements [9,13,32].",model_sweep,single_definitional_signal,provenance_gate(1 families),"['F', 'T', 'X']",F: panel/figure source flag = simulated | F: pipeline relevance=model,"{""model_sweep"": 2}","{""axis_role_coordinate"": false, ""n_source_points"": 17, ""granularity"": ""single""}",[],[],,,,,,,,,parameter,SC_sat,10.1016_j.sse.2022.108584::F5::b::SC_sat
10.1016_j.sse.2022.108584|8|6|a|Ylilammi 2018|primary,10.1016_j.sse.2022.108584,8,6,a,Ylilammi 2018,primary,1,21,spatial_coordinate,film_thickness,nm,model,profile,10.1016_j.sse.2022.108584-F6a-17,5,,"Fig. 6. Comparison of simulation with parameters from Table 2 to TMA-limited thickness profiles reported by Ylilammi et al. [9], Arts et al. [13], and Yim and Ylivaara et al. [32].","rom [9]   | 𝛽 0 from [13]         | 𝛽 0 from [32]   |
|----------------------|---------------|----------------|-----------------------|-----------------|
| 3 . 0 ⋅ 10 19        | 7 . 5 ⋅ 10 -3 | 5 . 7 ⋅ 10 -3  | (0 . 5-2 . 0) ⋅ 10 -3 | 4 . 0 ⋅ 10 -3   |

450

Fig. 6. Comparison of simulation with pa",,"Table 2 Model parameters for the TMA step of ALD of Al 2 O 3 calibrated to multiple measurements [9,13,32].",imported_literature_data,single_definitional_signal,provenance_gate(1 families),"['F', 'L', 'T', 'X']",L: Ylilammi 2018,"{""imported_literature_data"": 1}","{""axis_role_coordinate"": true, ""n_source_points"": 21, ""granularity"": ""profile""}",[],[],,,,,,,,,reference,Ylilammi 2018,10.1016_j.sse.2022.108584::F6::a::Ylilammi 2018
"10.1016_j.sse.2022.108584|8|6|a|Yim and Ylivaara 2020, t_p = 0.2 s|primary",10.1016_j.sse.2022.108584,8,6,a,"Yim and Ylivaara 2020, t_p = 0.2 s",primary,1,28,spatial_coordinate,film_thickness,nm,model,profile,10.1016_j.sse.2022.108584-F6a-18,5,,"Fig. 6. Comparison of simulation with parameters from Table 2 to TMA-limited thickness profiles reported by Ylilammi et al. [9], Arts et al. [13], and Yim and Ylivaara et al. [32].","rom [9]   | 𝛽 0 from [13]         | 𝛽 0 from [32]   |
|----------------------|---------------|----------------|-----------------------|-----------------|
| 3 . 0 ⋅ 10 19        | 7 . 5 ⋅ 10 -3 | 5 . 7 ⋅ 10 -3  | (0 . 5-2 . 0) ⋅ 10 -3 | 4 . 0 ⋅ 10 -3   |

450

Fig. 6. Comparison of simulation with pa",,"Table 2 Model parameters for the TMA step of ALD of Al 2 O 3 calibrated to multiple measurements [9,13,32].",imported_literature_data,single_definitional_signal,provenance_gate(1 families),"['F', 'L', 'T', 'X']",L: Ylivaara 2020,"{""imported_literature_data"": 1}","{""axis_role_coordinate"": true, ""n_source_points"": 28, ""granularity"": ""profile""}",[],[],,,,,,,,,reference,"Yim and Ylivaara 2020, t_p = 0.2 s","10.1016_j.sse.2022.108584::F6::a::Yim and Ylivaara 2020, t_p = 0.2 s"
"10.1016_j.sse.2022.108584|8|6|a|Yim and Ylivaara 2020, t_p = 0.1 s|primary",10.1016_j.sse.2022.108584,8,6,a,"Yim and Ylivaara 2020, t_p = 0.1 s",primary,1,36,spatial_coordinate,film_thickness,nm,model,profile,10.1016_j.sse.2022.108584-F6a-19,5,,"Fig. 6. Comparison of simulation with parameters from Table 2 to TMA-limited thickness profiles reported by Ylilammi et al. [9], Arts et al. [13], and Yim and Ylivaara et al. [32].","rom [9]   | 𝛽 0 from [13]         | 𝛽 0 from [32]   |
|----------------------|---------------|----------------|-----------------------|-----------------|
| 3 . 0 ⋅ 10 19        | 7 . 5 ⋅ 10 -3 | 5 . 7 ⋅ 10 -3  | (0 . 5-2 . 0) ⋅ 10 -3 | 4 . 0 ⋅ 10 -3   |

450

Fig. 6. Comparison of simulation with pa",,"Table 2 Model parameters for the TMA step of ALD of Al 2 O 3 calibrated to multiple measurements [9,13,32].",imported_literature_data,single_definitional_signal,provenance_gate(1 families),"['F', 'L', 'T', 'X']",L: Ylivaara 2020,"{""imported_literature_data"": 1}","{""axis_role_coordinate"": true, ""n_source_points"": 36, ""granularity"": ""profile""}",[],[],,,,,,,,,reference,"Yim and Ylivaara 2020, t_p = 0.1 s","10.1016_j.sse.2022.108584::F6::a::Yim and Ylivaara 2020, t_p = 0.1 s"
10.1016_j.sse.2022.108584|8|6|a|Arts 2019|primary,10.1016_j.sse.2022.108584,8,6,a,Arts 2019,primary,1,54,spatial_coordinate,film_thickness,nm,model,profile,10.1016_j.sse.2022.108584-F6a-20,5,,"Fig. 6. Comparison of simulation with parameters from Table 2 to TMA-limited thickness profiles reported by Ylilammi et al. [9], Arts et al. [13], and Yim and Ylivaara et al. [32].","rom [9]   | 𝛽 0 from [13]         | 𝛽 0 from [32]   |
|----------------------|---------------|----------------|-----------------------|-----------------|
| 3 . 0 ⋅ 10 19        | 7 . 5 ⋅ 10 -3 | 5 . 7 ⋅ 10 -3  | (0 . 5-2 . 0) ⋅ 10 -3 | 4 . 0 ⋅ 10 -3   |

450

Fig. 6. Comparison of simulation with pa",,"Table 2 Model parameters for the TMA step of ALD of Al 2 O 3 calibrated to multiple measurements [9,13,32].",imported_literature_data,single_definitional_signal,provenance_gate(1 families),"['F', 'L', 'T', 'X']",L: Arts 2019,"{""imported_literature_data"": 1}","{""axis_role_coordinate"": true, ""n_source_points"": 54, ""granularity"": ""profile""}",[],[],,,,,,,,,reference,Arts 2019,10.1016_j.sse.2022.108584::F6::a::Arts 2019
"10.1016_j.sse.2022.108584|9|7|a|Yim and Ylivaara 2020, d = 2.0 µm|primary",10.1016_j.sse.2022.108584,9,7,a,"Yim and Ylivaara 2020, d = 2.0 µm",primary,1,17,spatial_coordinate,film_thickness,nm,model,profile,10.1016_j.sse.2022.108584-F7a-21,5,5,"Fig. 7. Comparison of simulated structures to profiles reported by Yim and Ylivaara et al. [32] for lateral HAR structures with different initial openings 𝑑 using parameters from Table 2. ''Knudsen'' shows the model using only Knudsen diffusivity, while ''Bosanquet'' includes gas-phase diffusivity.","from [32] are disregarded since they are reported to be spurious interactions with the pillars sustaining the structure.

Wereproduce additional experiments by Yim and Ylivaara et al. [32] in lateral HAR structures with different initial openings d , shown in Fig. 7. The discrepancy in the structure",,"Table 2 Model parameters for the TMA step of ALD of Al 2 O 3 calibrated to multiple measurements [9,13,32].",imported_literature_data,single_definitional_signal,provenance_gate(1 families),"['F', 'L', 'T', 'X']",L: Ylivaara 2020,"{""imported_literature_data"": 1}","{""axis_role_coordinate"": true, ""n_source_points"": 17, ""granularity"": ""profile""}",[],[],,,,,,,,,initial opening d,"Yim and Ylivaara 2020, d = 2.0 µm","10.1016_j.sse.2022.108584::F7::a::Yim and Ylivaara 2020, d = 2.0 µm"
"10.1016_j.sse.2022.108584|9|7|a|Yim and Ylivaara 2020, d = 0.5 µm|primary",10.1016_j.sse.2022.108584,9,7,a,"Yim and Ylivaara 2020, d = 0.5 µm",primary,1,21,spatial_coordinate,film_thickness,nm,model,profile,10.1016_j.sse.2022.108584-F7a-22,5,5,"Fig. 7. Comparison of simulated structures to profiles reported by Yim and Ylivaara et al. [32] for lateral HAR structures with different initial openings 𝑑 using parameters from Table 2. ''Knudsen'' shows the model using only Knudsen diffusivity, while ''Bosanquet'' includes gas-phase diffusivity.","from [32] are disregarded since they are reported to be spurious interactions with the pillars sustaining the structure.

Wereproduce additional experiments by Yim and Ylivaara et al. [32] in lateral HAR structures with different initial openings d , shown in Fig. 7. The discrepancy in the structure",,"Table 2 Model parameters for the TMA step of ALD of Al 2 O 3 calibrated to multiple measurements [9,13,32].",imported_literature_data,single_definitional_signal,provenance_gate(1 families),"['F', 'L', 'T', 'X']",L: Ylivaara 2020,"{""imported_literature_data"": 1}","{""axis_role_coordinate"": true, ""n_source_points"": 21, ""granularity"": ""profile""}",[],[],,,,,,,,,initial opening d,"Yim and Ylivaara 2020, d = 0.5 µm","10.1016_j.sse.2022.108584::F7::a::Yim and Ylivaara 2020, d = 0.5 µm"
"10.1016_j.sse.2022.108584|9|7|a|Yim and Ylivaara 2020, d = 0.1 µm|primary",10.1016_j.sse.2022.108584,9,7,a,"Yim and Ylivaara 2020, d = 0.1 µm",primary,1,16,spatial_coordinate,film_thickness,nm,model,profile,10.1016_j.sse.2022.108584-F7a-23,5,5,"Fig. 7. Comparison of simulated structures to profiles reported by Yim and Ylivaara et al. [32] for lateral HAR structures with different initial openings 𝑑 using parameters from Table 2. ''Knudsen'' shows the model using only Knudsen diffusivity, while ''Bosanquet'' includes gas-phase diffusivity.","from [32] are disregarded since they are reported to be spurious interactions with the pillars sustaining the structure.

Wereproduce additional experiments by Yim and Ylivaara et al. [32] in lateral HAR structures with different initial openings d , shown in Fig. 7. The discrepancy in the structure",,"Table 2 Model parameters for the TMA step of ALD of Al 2 O 3 calibrated to multiple measurements [9,13,32].",imported_literature_data,single_definitional_signal,provenance_gate(1 families),"['F', 'L', 'T', 'X']",L: Ylivaara 2020,"{""imported_literature_data"": 1}","{""axis_role_coordinate"": true, ""n_source_points"": 16, ""granularity"": ""profile""}",[],[],,,,,,,,,initial opening d,"Yim and Ylivaara 2020, d = 0.1 µm","10.1016_j.sse.2022.108584::F7::a::Yim and Ylivaara 2020, d = 0.1 µm"
"10.1016_j.sse.2022.108584|9|7|a|Knudsen, d = 2.0 µm|primary",10.1016_j.sse.2022.108584,9,7,a,"Knudsen, d = 2.0 µm",primary,1,15,spatial_coordinate,film_thickness,nm,model,profile,10.1016_j.sse.2022.108584-F7a-24,5,5,"Fig. 7. Comparison of simulated structures to profiles reported by Yim and Ylivaara et al. [32] for lateral HAR structures with different initial openings 𝑑 using parameters from Table 2. ''Knudsen'' shows the model using only Knudsen diffusivity, while ''Bosanquet'' includes gas-phase diffusivity.","from [32] are disregarded since they are reported to be spurious interactions with the pillars sustaining the structure.

Wereproduce additional experiments by Yim and Ylivaara et al. [32] in lateral HAR structures with different initial openings d , shown in Fig. 7. The discrepancy in the structure",,"Table 2 Model parameters for the TMA step of ALD of Al 2 O 3 calibrated to multiple measurements [9,13,32].",simulation,corroborated,provenance_gate(3 families),"['F', 'L', 'T', 'X']","L: series label 'Knudsen, d = 2.0 µm' | F: panel/figure source flag = simulated | F: pipeline relevance=model | R: Comparison of simulated structures to profiles reported by Yim and Ylivaara et al","{""simulation"": 4}","{""axis_role_coordinate"": true, ""n_source_points"": 15, ""granularity"": ""profile""}",[],[],,,,,,,,,initial opening d,"Knudsen, d = 2.0 µm","10.1016_j.sse.2022.108584::F7::a::Knudsen, d = 2.0 µm"
"10.1016_j.sse.2022.108584|9|7|a|Bosanquet, d = 2.0 µm|primary",10.1016_j.sse.2022.108584,9,7,a,"Bosanquet, d = 2.0 µm",primary,1,13,spatial_coordinate,film_thickness,nm,model,profile,10.1016_j.sse.2022.108584-F7a-25,5,5,"Fig. 7. Comparison of simulated structures to profiles reported by Yim and Ylivaara et al. [32] for lateral HAR structures with different initial openings 𝑑 using parameters from Table 2. ''Knudsen'' shows the model using only Knudsen diffusivity, while ''Bosanquet'' includes gas-phase diffusivity.","from [32] are disregarded since they are reported to be spurious interactions with the pillars sustaining the structure.

Wereproduce additional experiments by Yim and Ylivaara et al. [32] in lateral HAR structures with different initial openings d , shown in Fig. 7. The discrepancy in the structure",,"Table 2 Model parameters for the TMA step of ALD of Al 2 O 3 calibrated to multiple measurements [9,13,32].",simulation,corroborated,provenance_gate(3 families),"['F', 'L', 'T', 'X']","L: series label 'Bosanquet, d = 2.0 µm' | F: panel/figure source flag = simulated | F: pipeline relevance=model | R: Comparison of simulated structures to profiles reported by Yim and Ylivaara et al","{""simulation"": 4}","{""axis_role_coordinate"": true, ""n_source_points"": 13, ""granularity"": ""profile""}",[],[],,,,,,,,,initial opening d,"Bosanquet, d = 2.0 µm","10.1016_j.sse.2022.108584::F7::a::Bosanquet, d = 2.0 µm"
10.1021_acs.chemmater.2c01154|10|1|a|0|primary,10.1021_acs.chemmater.2c01154,10,1,a,0,primary,1,20,Raman shift,intensity,a.u.,experimental,unresolved,10.1021_acs.chemmater.2c01154-F1a-0,2,,"Figure 1. Illustration of the PEALD process and its ability to deposit crystalline, wafer-scale MoS 2 films of controlled thicknesses at low temperatures. (a) Schematic of the process and Raman spectra showing the effect of the H 2 flow ratio on crystallinity of MoS x films (150 ° C, 140 ALD cycles)"," be used as thinfilm transistors and sensors for gases, light, biomolecules, and

Received:

April 15, 2022

Revised:

July 21, 2022

Published:

August 5, 2022

<!-- image -->

https://doi.org/10.1021/acs.chemmater.2c01154 Chem. Mater. 2022, 34, 7280 - 7292

Figure 1. Illustration of the PEALD proc",,,discrete_experimental_sweep,corroborated,multi_signal(4 families),"['F', 'M', 'Me', 'R', 'X']","M: ms (150 ° C, 140 ALD cycles). (b) Raman spectra and ex situ SE thicknesses illustrating crystallinity and accurate thickness control. (c) SE t | Me: C, 140 ALD cycles). (b) Raman spectra and ex situ SE thicknesses illustrating crystallinity and accurate thickness control | R: Saturation curves | X: series_axis 'H2 flow ratio' with numeric label '0'","{""discrete_experimental_sweep"": 4, ""multi_output_measurement"": 2}","{""axis_role_coordinate"": false, ""n_source_points"": 20, ""granularity"": ""unresolved""}",[],[],,,,,,,,,H2 flow ratio,0,10.1021_acs.chemmater.2c01154::F1::a::0
10.1021_acs.chemmater.2c01154|10|1|a|0.20|primary,10.1021_acs.chemmater.2c01154,10,1,a,0.20,primary,1,19,Raman shift,intensity,a.u.,experimental,unresolved,10.1021_acs.chemmater.2c01154-F1a-1,2,,"Figure 1. Illustration of the PEALD process and its ability to deposit crystalline, wafer-scale MoS 2 films of controlled thicknesses at low temperatures. (a) Schematic of the process and Raman spectra showing the effect of the H 2 flow ratio on crystallinity of MoS x films (150 ° C, 140 ALD cycles)"," be used as thinfilm transistors and sensors for gases, light, biomolecules, and

Received:

April 15, 2022

Revised:

July 21, 2022

Published:

August 5, 2022

<!-- image -->

https://doi.org/10.1021/acs.chemmater.2c01154 Chem. Mater. 2022, 34, 7280 - 7292

Figure 1. Illustration of the PEALD proc",,,discrete_experimental_sweep,corroborated,multi_signal(4 families),"['F', 'M', 'Me', 'R', 'X']","M: ms (150 ° C, 140 ALD cycles). (b) Raman spectra and ex situ SE thicknesses illustrating crystallinity and accurate thickness control. (c) SE t | Me: C, 140 ALD cycles). (b) Raman spectra and ex situ SE thicknesses illustrating crystallinity and accurate thickness control | R: Saturation curves | X: series_axis 'H2 flow ratio' with numeric label '0.20'","{""discrete_experimental_sweep"": 4, ""multi_output_measurement"": 2}","{""axis_role_coordinate"": false, ""n_source_points"": 19, ""granularity"": ""unresolved""}",[],[],,,,,,,,,H2 flow ratio,0.20,10.1021_acs.chemmater.2c01154::F1::a::0.20
10.1021_acs.chemmater.2c01154|10|1|a|0.50|primary,10.1021_acs.chemmater.2c01154,10,1,a,0.50,primary,1,19,Raman shift,intensity,a.u.,experimental,unresolved,10.1021_acs.chemmater.2c01154-F1a-2,2,,"Figure 1. Illustration of the PEALD process and its ability to deposit crystalline, wafer-scale MoS 2 films of controlled thicknesses at low temperatures. (a) Schematic of the process and Raman spectra showing the effect of the H 2 flow ratio on crystallinity of MoS x films (150 ° C, 140 ALD cycles)"," be used as thinfilm transistors and sensors for gases, light, biomolecules, and

Received:

April 15, 2022

Revised:

July 21, 2022

Published:

August 5, 2022

<!-- image -->

https://doi.org/10.1021/acs.chemmater.2c01154 Chem. Mater. 2022, 34, 7280 - 7292

Figure 1. Illustration of the PEALD proc",,,discrete_experimental_sweep,corroborated,multi_signal(4 families),"['F', 'M', 'Me', 'R', 'X']","M: ms (150 ° C, 140 ALD cycles). (b) Raman spectra and ex situ SE thicknesses illustrating crystallinity and accurate thickness control. (c) SE t | Me: C, 140 ALD cycles). (b) Raman spectra and ex situ SE thicknesses illustrating crystallinity and accurate thickness control | R: Saturation curves | X: series_axis 'H2 flow ratio' with numeric label '0.50'","{""discrete_experimental_sweep"": 4, ""multi_output_measurement"": 2}","{""axis_role_coordinate"": false, ""n_source_points"": 19, ""granularity"": ""unresolved""}",[],[],,,,,,,,,H2 flow ratio,0.50,10.1021_acs.chemmater.2c01154::F1::a::0.50
10.1021_acs.chemmater.2c01154|10|1|a|0.65|primary,10.1021_acs.chemmater.2c01154,10,1,a,0.65,primary,1,20,Raman shift,intensity,a.u.,experimental,unresolved,10.1021_acs.chemmater.2c01154-F1a-3,2,,"Figure 1. Illustration of the PEALD process and its ability to deposit crystalline, wafer-scale MoS 2 films of controlled thicknesses at low temperatures. (a) Schematic of the process and Raman spectra showing the effect of the H 2 flow ratio on crystallinity of MoS x films (150 ° C, 140 ALD cycles)"," be used as thinfilm transistors and sensors for gases, light, biomolecules, and

Received:

April 15, 2022

Revised:

July 21, 2022

Published:

August 5, 2022

<!-- image -->

https://doi.org/10.1021/acs.chemmater.2c01154 Chem. Mater. 2022, 34, 7280 - 7292

Figure 1. Illustration of the PEALD proc",,,discrete_experimental_sweep,corroborated,multi_signal(4 families),"['F', 'M', 'Me', 'R', 'X']","M: ms (150 ° C, 140 ALD cycles). (b) Raman spectra and ex situ SE thicknesses illustrating crystallinity and accurate thickness control. (c) SE t | Me: C, 140 ALD cycles). (b) Raman spectra and ex situ SE thicknesses illustrating crystallinity and accurate thickness control | R: Saturation curves | X: series_axis 'H2 flow ratio' with numeric label '0.65'","{""discrete_experimental_sweep"": 4, ""multi_output_measurement"": 2}","{""axis_role_coordinate"": false, ""n_source_points"": 20, ""granularity"": ""unresolved""}",[],[],,,,,,,,,H2 flow ratio,0.65,10.1021_acs.chemmater.2c01154::F1::a::0.65
10.1021_acs.chemmater.2c01154|10|1|a|0.80|primary,10.1021_acs.chemmater.2c01154,10,1,a,0.80,primary,1,20,Raman shift,intensity,a.u.,experimental,unresolved,10.1021_acs.chemmater.2c01154-F1a-4,2,,"Figure 1. Illustration of the PEALD process and its ability to deposit crystalline, wafer-scale MoS 2 films of controlled thicknesses at low temperatures. (a) Schematic of the process and Raman spectra showing the effect of the H 2 flow ratio on crystallinity of MoS x films (150 ° C, 140 ALD cycles)"," be used as thinfilm transistors and sensors for gases, light, biomolecules, and

Received:

April 15, 2022

Revised:

July 21, 2022

Published:

August 5, 2022

<!-- image -->

https://doi.org/10.1021/acs.chemmater.2c01154 Chem. Mater. 2022, 34, 7280 - 7292

Figure 1. Illustration of the PEALD proc",,,discrete_experimental_sweep,corroborated,multi_signal(4 families),"['F', 'M', 'Me', 'R', 'X']","M: ms (150 ° C, 140 ALD cycles). (b) Raman spectra and ex situ SE thicknesses illustrating crystallinity and accurate thickness control. (c) SE t | Me: C, 140 ALD cycles). (b) Raman spectra and ex situ SE thicknesses illustrating crystallinity and accurate thickness control | R: Saturation curves | X: series_axis 'H2 flow ratio' with numeric label '0.80'","{""discrete_experimental_sweep"": 4, ""multi_output_measurement"": 2}","{""axis_role_coordinate"": false, ""n_source_points"": 20, ""granularity"": ""unresolved""}",[],[],,,,,,,,,H2 flow ratio,0.80,10.1021_acs.chemmater.2c01154::F1::a::0.80
10.1021_acs.chemmater.2c01154|10|1|a|0.94|primary,10.1021_acs.chemmater.2c01154,10,1,a,0.94,primary,1,20,Raman shift,intensity,a.u.,experimental,unresolved,10.1021_acs.chemmater.2c01154-F1a-5,2,,"Figure 1. Illustration of the PEALD process and its ability to deposit crystalline, wafer-scale MoS 2 films of controlled thicknesses at low temperatures. (a) Schematic of the process and Raman spectra showing the effect of the H 2 flow ratio on crystallinity of MoS x films (150 ° C, 140 ALD cycles)"," be used as thinfilm transistors and sensors for gases, light, biomolecules, and

Received:

April 15, 2022

Revised:

July 21, 2022

Published:

August 5, 2022

<!-- image -->

https://doi.org/10.1021/acs.chemmater.2c01154 Chem. Mater. 2022, 34, 7280 - 7292

Figure 1. Illustration of the PEALD proc",,,discrete_experimental_sweep,corroborated,multi_signal(4 families),"['F', 'M', 'Me', 'R', 'X']","M: ms (150 ° C, 140 ALD cycles). (b) Raman spectra and ex situ SE thicknesses illustrating crystallinity and accurate thickness control. (c) SE t | Me: C, 140 ALD cycles). (b) Raman spectra and ex situ SE thicknesses illustrating crystallinity and accurate thickness control | R: Saturation curves | X: series_axis 'H2 flow ratio' with numeric label '0.94'","{""discrete_experimental_sweep"": 4, ""multi_output_measurement"": 2}","{""axis_role_coordinate"": false, ""n_source_points"": 20, ""granularity"": ""unresolved""}",[],[],,,,,,,,,H2 flow ratio,0.94,10.1021_acs.chemmater.2c01154::F1::a::0.94
10.1021_acs.chemmater.2c01154|10|1|b|SiO2/Si|primary,10.1021_acs.chemmater.2c01154,10,1,b,SiO2/Si,primary,1,9,Raman shift,intensity,a.u.,experimental,unresolved,10.1021_acs.chemmater.2c01154-F1b-6,2,,"Figure 1. Illustration of the PEALD process and its ability to deposit crystalline, wafer-scale MoS 2 films of controlled thicknesses at low temperatures. (a) Schematic of the process and Raman spectra showing the effect of the H 2 flow ratio on crystallinity of MoS x films (150 ° C, 140 ALD cycles)"," be used as thinfilm transistors and sensors for gases, light, biomolecules, and

Received:

April 15, 2022

Revised:

July 21, 2022

Published:

August 5, 2022

<!-- image -->

https://doi.org/10.1021/acs.chemmater.2c01154 Chem. Mater. 2022, 34, 7280 - 7292

Figure 1. Illustration of the PEALD proc",,,discrete_experimental_sweep,corroborated,multi_signal(4 families),"['F', 'M', 'Me', 'R', 'X']","M: ms (150 ° C, 140 ALD cycles). (b) Raman spectra and ex situ SE thicknesses illustrating crystallinity and accurate thickness control. (c) SE t | Me: C, 140 ALD cycles). (b) Raman spectra and ex situ SE thicknesses illustrating crystallinity and accurate thickness control | R: Saturation curves | X: series_axis 'number of cycles' with numeric label 'SiO2/Si'","{""discrete_experimental_sweep"": 4, ""multi_output_measurement"": 2}","{""axis_role_coordinate"": false, ""n_source_points"": 9, ""granularity"": ""unresolved""}",[],[],,,,,,,,,number of cycles,SiO2/Si,10.1021_acs.chemmater.2c01154::F1::b::SiO2/Si
10.1021_acs.chemmater.2c01154|10|1|b|10 cyc (0.9 nm)|primary,10.1021_acs.chemmater.2c01154,10,1,b,10 cyc (0.9 nm),primary,1,11,Raman shift,intensity,a.u.,experimental,unresolved,10.1021_acs.chemmater.2c01154-F1b-7,2,,"Figure 1. Illustration of the PEALD process and its ability to deposit crystalline, wafer-scale MoS 2 films of controlled thicknesses at low temperatures. (a) Schematic of the process and Raman spectra showing the effect of the H 2 flow ratio on crystallinity of MoS x films (150 ° C, 140 ALD cycles)"," be used as thinfilm transistors and sensors for gases, light, biomolecules, and

Received:

April 15, 2022

Revised:

July 21, 2022

Published:

August 5, 2022

<!-- image -->

https://doi.org/10.1021/acs.chemmater.2c01154 Chem. Mater. 2022, 34, 7280 - 7292

Figure 1. Illustration of the PEALD proc",,,discrete_experimental_sweep,corroborated,multi_signal(4 families),"['F', 'M', 'Me', 'R', 'X']","M: ms (150 ° C, 140 ALD cycles). (b) Raman spectra and ex situ SE thicknesses illustrating crystallinity and accurate thickness control. (c) SE t | Me: C, 140 ALD cycles). (b) Raman spectra and ex situ SE thicknesses illustrating crystallinity and accurate thickness control | R: Saturation curves | X: series_axis 'number of cycles' with numeric label '10 cyc (0.9 nm)'","{""discrete_experimental_sweep"": 4, ""multi_output_measurement"": 2}","{""axis_role_coordinate"": false, ""n_source_points"": 11, ""granularity"": ""unresolved""}",[],[],,,,,,,,,number of cycles,10 cyc (0.9 nm),10.1021_acs.chemmater.2c01154::F1::b::10 cyc (0.9 nm)
10.1021_acs.chemmater.2c01154|10|1|b|20 cyc (1.6 nm)|primary,10.1021_acs.chemmater.2c01154,10,1,b,20 cyc (1.6 nm),primary,1,11,Raman shift,intensity,a.u.,experimental,unresolved,10.1021_acs.chemmater.2c01154-F1b-8,2,,"Figure 1. Illustration of the PEALD process and its ability to deposit crystalline, wafer-scale MoS 2 films of controlled thicknesses at low temperatures. (a) Schematic of the process and Raman spectra showing the effect of the H 2 flow ratio on crystallinity of MoS x films (150 ° C, 140 ALD cycles)"," be used as thinfilm transistors and sensors for gases, light, biomolecules, and

Received:

April 15, 2022

Revised:

July 21, 2022

Published:

August 5, 2022

<!-- image -->

https://doi.org/10.1021/acs.chemmater.2c01154 Chem. Mater. 2022, 34, 7280 - 7292

Figure 1. Illustration of the PEALD proc",,,discrete_experimental_sweep,corroborated,multi_signal(4 families),"['F', 'M', 'Me', 'R', 'X']","M: ms (150 ° C, 140 ALD cycles). (b) Raman spectra and ex situ SE thicknesses illustrating crystallinity and accurate thickness control. (c) SE t | Me: C, 140 ALD cycles). (b) Raman spectra and ex situ SE thicknesses illustrating crystallinity and accurate thickness control | R: Saturation curves | X: series_axis 'number of cycles' with numeric label '20 cyc (1.6 nm)'","{""discrete_experimental_sweep"": 4, ""multi_output_measurement"": 2}","{""axis_role_coordinate"": false, ""n_source_points"": 11, ""granularity"": ""unresolved""}",[],[],,,,,,,,,number of cycles,20 cyc (1.6 nm),10.1021_acs.chemmater.2c01154::F1::b::20 cyc (1.6 nm)
10.1021_acs.chemmater.2c01154|10|1|b|30 cyc (2.6 nm)|primary,10.1021_acs.chemmater.2c01154,10,1,b,30 cyc (2.6 nm),primary,1,11,Raman shift,intensity,a.u.,experimental,unresolved,10.1021_acs.chemmater.2c01154-F1b-9,2,,"Figure 1. Illustration of the PEALD process and its ability to deposit crystalline, wafer-scale MoS 2 films of controlled thicknesses at low temperatures. (a) Schematic of the process and Raman spectra showing the effect of the H 2 flow ratio on crystallinity of MoS x films (150 ° C, 140 ALD cycles)"," be used as thinfilm transistors and sensors for gases, light, biomolecules, and

Received:

April 15, 2022

Revised:

July 21, 2022

Published:

August 5, 2022

<!-- image -->

https://doi.org/10.1021/acs.chemmater.2c01154 Chem. Mater. 2022, 34, 7280 - 7292

Figure 1. Illustration of the PEALD proc",,,discrete_experimental_sweep,corroborated,multi_signal(4 families),"['F', 'M', 'Me', 'R', 'X']","M: ms (150 ° C, 140 ALD cycles). (b) Raman spectra and ex situ SE thicknesses illustrating crystallinity and accurate thickness control. (c) SE t | Me: C, 140 ALD cycles). (b) Raman spectra and ex situ SE thicknesses illustrating crystallinity and accurate thickness control | R: Saturation curves | X: series_axis 'number of cycles' with numeric label '30 cyc (2.6 nm)'","{""discrete_experimental_sweep"": 4, ""multi_output_measurement"": 2}","{""axis_role_coordinate"": false, ""n_source_points"": 11, ""granularity"": ""unresolved""}",[],[],,,,,,,,,number of cycles,30 cyc (2.6 nm),10.1021_acs.chemmater.2c01154::F1::b::30 cyc (2.6 nm)
10.1021_acs.chemmater.2c01154|10|1|b|50 cyc (4.8 nm)|primary,10.1021_acs.chemmater.2c01154,10,1,b,50 cyc (4.8 nm),primary,1,11,Raman shift,intensity,a.u.,experimental,unresolved,10.1021_acs.chemmater.2c01154-F1b-10,2,,"Figure 1. Illustration of the PEALD process and its ability to deposit crystalline, wafer-scale MoS 2 films of controlled thicknesses at low temperatures. (a) Schematic of the process and Raman spectra showing the effect of the H 2 flow ratio on crystallinity of MoS x films (150 ° C, 140 ALD cycles)"," be used as thinfilm transistors and sensors for gases, light, biomolecules, and

Received:

April 15, 2022

Revised:

July 21, 2022

Published:

August 5, 2022

<!-- image -->

https://doi.org/10.1021/acs.chemmater.2c01154 Chem. Mater. 2022, 34, 7280 - 7292

Figure 1. Illustration of the PEALD proc",,,discrete_experimental_sweep,corroborated,multi_signal(4 families),"['F', 'M', 'Me', 'R', 'X']","M: ms (150 ° C, 140 ALD cycles). (b) Raman spectra and ex situ SE thicknesses illustrating crystallinity and accurate thickness control. (c) SE t | Me: C, 140 ALD cycles). (b) Raman spectra and ex situ SE thicknesses illustrating crystallinity and accurate thickness control | R: Saturation curves | X: series_axis 'number of cycles' with numeric label '50 cyc (4.8 nm)'","{""discrete_experimental_sweep"": 4, ""multi_output_measurement"": 2}","{""axis_role_coordinate"": false, ""n_source_points"": 11, ""granularity"": ""unresolved""}",[],[],,,,,,,,,number of cycles,50 cyc (4.8 nm),10.1021_acs.chemmater.2c01154::F1::b::50 cyc (4.8 nm)
10.1021_acs.chemmater.2c01154|11|2|a|Amorphous|primary,10.1021_acs.chemmater.2c01154,11,2,a,Amorphous,primary,1,14,H2 flow ratio,deposition_temperature,°C,experimental,unresolved,10.1021_acs.chemmater.2c01154-F2a-11,3,3,Figure 2. Effect of H 2 flow ratio and deposition temperature on film crystallinity as analyzed by Raman spectroscopy. The films were deposited using 100 -140 ALD cycles.,"f 0.3 Ω cm, which was unchanged after repeated bending by hand. The electrical properties of the films will be discussed in detail in a dedicated section below.

The effect of both the H2 flow ratio and deposition temperature on film crystallinity is shown in Figure 2 (for the Raman spectra used to ",,,discrete_experimental_sweep,corroborated,multi_signal(3 families),"['F', 'M', 'Me', 'R', 'X']","M: film surface is relatively Figure 3. Film microstructure. Cross-sectional TEM images of films grown at (a) 100 ° C using a H2 flow ratio of 0.80 and 50 | Me: C, 140 ALD cycles). (b) Raman spectra and ex situ SE thicknesses illustrating crystallinity and accurate thickness control | R: films were deposited using","{""discrete_experimental_sweep"": 3, ""multi_output_measurement"": 2}","{""axis_role_coordinate"": false, ""n_source_points"": 14, ""granularity"": ""unresolved""}",[],[],,,,,,,,,Crystallinity,Amorphous,10.1021_acs.chemmater.2c01154::F2::a::Amorphous
10.1021_acs.chemmater.2c01154|11|2|a|Crystalline|primary,10.1021_acs.chemmater.2c01154,11,2,a,Crystalline,primary,1,18,H2 flow ratio,deposition_temperature,°C,experimental,unresolved,10.1021_acs.chemmater.2c01154-F2a-12,3,3,Figure 2. Effect of H 2 flow ratio and deposition temperature on film crystallinity as analyzed by Raman spectroscopy. The films were deposited using 100 -140 ALD cycles.,"f 0.3 Ω cm, which was unchanged after repeated bending by hand. The electrical properties of the films will be discussed in detail in a dedicated section below.

The effect of both the H2 flow ratio and deposition temperature on film crystallinity is shown in Figure 2 (for the Raman spectra used to ",,,discrete_experimental_sweep,corroborated,multi_signal(3 families),"['F', 'M', 'Me', 'R', 'X']","M: film surface is relatively Figure 3. Film microstructure. Cross-sectional TEM images of films grown at (a) 100 ° C using a H2 flow ratio of 0.80 and 50 | Me: C, 140 ALD cycles). (b) Raman spectra and ex situ SE thicknesses illustrating crystallinity and accurate thickness control | R: films were deposited using","{""discrete_experimental_sweep"": 3, ""multi_output_measurement"": 2}","{""axis_role_coordinate"": false, ""n_source_points"": 18, ""granularity"": ""unresolved""}",[],[],,,,,,,,,Crystallinity,Crystalline,10.1021_acs.chemmater.2c01154::F2::a::Crystalline
10.1021_acs.chemmater.2c01154|13|4|a|50 °C|primary,10.1021_acs.chemmater.2c01154,13,4,a,50 °C,primary,1,2,H2 flow ratio,XPS S/Mo ratio,,experimental,unresolved,10.1021_acs.chemmater.2c01154-F4a-13,4,3,Figure 4. Effect of the H2 flow ratio on film stoichiometry and correlation of stoichiometry and crystallinity as shown by a heat map of S/Mo atomic ratio analyzed by XPS (the three regions identified are highlighted). The films were deposited using 100 -140 ALD cycles.,"Figure 3b). Remarkably, the microstructure and crystallinity of this 5 -6 monolayer film deposited at 350 ° C is rather similar to the 100 ° C film.

Film Composition. A striking correlation between the S/ Moatomicratio and crystallinity was found as shown in Figure 4. Thecomposition of the majority",,,discrete_experimental_sweep,corroborated,multi_signal(3 families),"['F', 'M', 'Me', 'R', 'X']","Me: C, 140 ALD cycles). (b) Raman spectra and ex situ SE thicknesses illustrating crystallinity and accurate thickness control | R: films were deposited using | X: series_axis 'deposition_temperature' with numeric label '50 °C'","{""multi_output_measurement"": 1, ""discrete_experimental_sweep"": 3}","{""axis_role_coordinate"": false, ""n_source_points"": 2, ""granularity"": ""unresolved""}",[],[],,,,,,,2,body: of 50 -100 ° C,deposition_temperature,50 °C,10.1021_acs.chemmater.2c01154::F4::a::50 °C
10.1021_acs.chemmater.2c01154|13|4|a|100 °C|primary,10.1021_acs.chemmater.2c01154,13,4,a,100 °C,primary,1,5,H2 flow ratio,XPS S/Mo ratio,,experimental,unresolved,10.1021_acs.chemmater.2c01154-F4a-14,4,3,Figure 4. Effect of the H2 flow ratio on film stoichiometry and correlation of stoichiometry and crystallinity as shown by a heat map of S/Mo atomic ratio analyzed by XPS (the three regions identified are highlighted). The films were deposited using 100 -140 ALD cycles.,"Figure 3b). Remarkably, the microstructure and crystallinity of this 5 -6 monolayer film deposited at 350 ° C is rather similar to the 100 ° C film.

Film Composition. A striking correlation between the S/ Moatomicratio and crystallinity was found as shown in Figure 4. Thecomposition of the majority",,,discrete_experimental_sweep,corroborated,multi_signal(3 families),"['F', 'M', 'Me', 'R', 'X']","Me: C, 140 ALD cycles). (b) Raman spectra and ex situ SE thicknesses illustrating crystallinity and accurate thickness control | R: films were deposited using | X: series_axis 'deposition_temperature' with numeric label '100 °C'","{""multi_output_measurement"": 1, ""discrete_experimental_sweep"": 3}","{""axis_role_coordinate"": false, ""n_source_points"": 5, ""granularity"": ""unresolved""}",[],[],,,,,,,2,body: of 50 -100 ° C,deposition_temperature,100 °C,10.1021_acs.chemmater.2c01154::F4::a::100 °C
10.1021_acs.chemmater.2c01154|13|4|a|150 °C|primary,10.1021_acs.chemmater.2c01154,13,4,a,150 °C,primary,1,6,H2 flow ratio,XPS S/Mo ratio,,experimental,unresolved,10.1021_acs.chemmater.2c01154-F4a-15,4,3,Figure 4. Effect of the H2 flow ratio on film stoichiometry and correlation of stoichiometry and crystallinity as shown by a heat map of S/Mo atomic ratio analyzed by XPS (the three regions identified are highlighted). The films were deposited using 100 -140 ALD cycles.,"Figure 3b). Remarkably, the microstructure and crystallinity of this 5 -6 monolayer film deposited at 350 ° C is rather similar to the 100 ° C film.

Film Composition. A striking correlation between the S/ Moatomicratio and crystallinity was found as shown in Figure 4. Thecomposition of the majority",,,discrete_experimental_sweep,corroborated,multi_signal(3 families),"['F', 'M', 'Me', 'R', 'X']","Me: C, 140 ALD cycles). (b) Raman spectra and ex situ SE thicknesses illustrating crystallinity and accurate thickness control | R: films were deposited using | X: series_axis 'deposition_temperature' with numeric label '150 °C'","{""multi_output_measurement"": 1, ""discrete_experimental_sweep"": 3}","{""axis_role_coordinate"": false, ""n_source_points"": 6, ""granularity"": ""unresolved""}",[],[],,,,,,,2,body: of 50 -100 ° C,deposition_temperature,150 °C,10.1021_acs.chemmater.2c01154::F4::a::150 °C
10.1021_acs.chemmater.2c01154|13|4|a|200 °C|primary,10.1021_acs.chemmater.2c01154,13,4,a,200 °C,primary,1,6,H2 flow ratio,XPS S/Mo ratio,,experimental,unresolved,10.1021_acs.chemmater.2c01154-F4a-16,4,3,Figure 4. Effect of the H2 flow ratio on film stoichiometry and correlation of stoichiometry and crystallinity as shown by a heat map of S/Mo atomic ratio analyzed by XPS (the three regions identified are highlighted). The films were deposited using 100 -140 ALD cycles.,"Figure 3b). Remarkably, the microstructure and crystallinity of this 5 -6 monolayer film deposited at 350 ° C is rather similar to the 100 ° C film.

Film Composition. A striking correlation between the S/ Moatomicratio and crystallinity was found as shown in Figure 4. Thecomposition of the majority",,,discrete_experimental_sweep,corroborated,multi_signal(3 families),"['F', 'M', 'Me', 'R', 'X']","Me: C, 140 ALD cycles). (b) Raman spectra and ex situ SE thicknesses illustrating crystallinity and accurate thickness control | R: films were deposited using | X: series_axis 'deposition_temperature' with numeric label '200 °C'","{""multi_output_measurement"": 1, ""discrete_experimental_sweep"": 3}","{""axis_role_coordinate"": false, ""n_source_points"": 6, ""granularity"": ""unresolved""}",[],[],,,,,,,2,body: of 50 -100 ° C,deposition_temperature,200 °C,10.1021_acs.chemmater.2c01154::F4::a::200 °C
10.1021_acs.chemmater.2c01154|13|4|a|250 °C|primary,10.1021_acs.chemmater.2c01154,13,4,a,250 °C,primary,1,7,H2 flow ratio,XPS S/Mo ratio,,experimental,unresolved,10.1021_acs.chemmater.2c01154-F4a-17,4,3,Figure 4. Effect of the H2 flow ratio on film stoichiometry and correlation of stoichiometry and crystallinity as shown by a heat map of S/Mo atomic ratio analyzed by XPS (the three regions identified are highlighted). The films were deposited using 100 -140 ALD cycles.,"Figure 3b). Remarkably, the microstructure and crystallinity of this 5 -6 monolayer film deposited at 350 ° C is rather similar to the 100 ° C film.

Film Composition. A striking correlation between the S/ Moatomicratio and crystallinity was found as shown in Figure 4. Thecomposition of the majority",,,discrete_experimental_sweep,corroborated,multi_signal(3 families),"['F', 'M', 'Me', 'R', 'X']","Me: C, 140 ALD cycles). (b) Raman spectra and ex situ SE thicknesses illustrating crystallinity and accurate thickness control | R: films were deposited using | X: series_axis 'deposition_temperature' with numeric label '250 °C'","{""multi_output_measurement"": 1, ""discrete_experimental_sweep"": 3}","{""axis_role_coordinate"": false, ""n_source_points"": 7, ""granularity"": ""unresolved""}",[],[],,,,,,,2,body: of 50 -100 ° C,deposition_temperature,250 °C,10.1021_acs.chemmater.2c01154::F4::a::250 °C
10.1021_acs.chemmater.2c01154|13|4|a|300 °C|primary,10.1021_acs.chemmater.2c01154,13,4,a,300 °C,primary,1,1,H2 flow ratio,XPS S/Mo ratio,,experimental,single,10.1021_acs.chemmater.2c01154-F4a-18,4,3,Figure 4. Effect of the H2 flow ratio on film stoichiometry and correlation of stoichiometry and crystallinity as shown by a heat map of S/Mo atomic ratio analyzed by XPS (the three regions identified are highlighted). The films were deposited using 100 -140 ALD cycles.,"Figure 3b). Remarkably, the microstructure and crystallinity of this 5 -6 monolayer film deposited at 350 ° C is rather similar to the 100 ° C film.

Film Composition. A striking correlation between the S/ Moatomicratio and crystallinity was found as shown in Figure 4. Thecomposition of the majority",,,discrete_experimental_sweep,corroborated,multi_signal(3 families),"['F', 'M', 'Me', 'R', 'X']","Me: C, 140 ALD cycles). (b) Raman spectra and ex situ SE thicknesses illustrating crystallinity and accurate thickness control | R: films were deposited using | X: series_axis 'deposition_temperature' with numeric label '300 °C'","{""multi_output_measurement"": 1, ""discrete_experimental_sweep"": 3}","{""axis_role_coordinate"": false, ""n_source_points"": 1, ""granularity"": ""single""}",[],[],,,,,,,2,body: of 50 -100 ° C,deposition_temperature,300 °C,10.1021_acs.chemmater.2c01154::F4::a::300 °C
10.1021_acs.chemmater.2c01154|13|4|a|350 °C|primary,10.1021_acs.chemmater.2c01154,13,4,a,350 °C,primary,1,3,H2 flow ratio,XPS S/Mo ratio,,experimental,unresolved,10.1021_acs.chemmater.2c01154-F4a-19,4,3,Figure 4. Effect of the H2 flow ratio on film stoichiometry and correlation of stoichiometry and crystallinity as shown by a heat map of S/Mo atomic ratio analyzed by XPS (the three regions identified are highlighted). The films were deposited using 100 -140 ALD cycles.,"Figure 3b). Remarkably, the microstructure and crystallinity of this 5 -6 monolayer film deposited at 350 ° C is rather similar to the 100 ° C film.

Film Composition. A striking correlation between the S/ Moatomicratio and crystallinity was found as shown in Figure 4. Thecomposition of the majority",,,discrete_experimental_sweep,corroborated,multi_signal(3 families),"['F', 'M', 'Me', 'R', 'X']","Me: C, 140 ALD cycles). (b) Raman spectra and ex situ SE thicknesses illustrating crystallinity and accurate thickness control | R: films were deposited using | X: series_axis 'deposition_temperature' with numeric label '350 °C'","{""multi_output_measurement"": 1, ""discrete_experimental_sweep"": 3}","{""axis_role_coordinate"": false, ""n_source_points"": 3, ""granularity"": ""unresolved""}",[],[],,,,,,,2,body: of 50 -100 ° C,deposition_temperature,350 °C,10.1021_acs.chemmater.2c01154::F4::a::350 °C
10.1021_acs.chemmater.2c01154|13|4|a|450 °C|primary,10.1021_acs.chemmater.2c01154,13,4,a,450 °C,primary,1,2,H2 flow ratio,XPS S/Mo ratio,,experimental,unresolved,10.1021_acs.chemmater.2c01154-F4a-20,4,3,Figure 4. Effect of the H2 flow ratio on film stoichiometry and correlation of stoichiometry and crystallinity as shown by a heat map of S/Mo atomic ratio analyzed by XPS (the three regions identified are highlighted). The films were deposited using 100 -140 ALD cycles.,"Figure 3b). Remarkably, the microstructure and crystallinity of this 5 -6 monolayer film deposited at 350 ° C is rather similar to the 100 ° C film.

Film Composition. A striking correlation between the S/ Moatomicratio and crystallinity was found as shown in Figure 4. Thecomposition of the majority",,,discrete_experimental_sweep,corroborated,multi_signal(3 families),"['F', 'M', 'Me', 'R', 'X']","Me: C, 140 ALD cycles). (b) Raman spectra and ex situ SE thicknesses illustrating crystallinity and accurate thickness control | R: films were deposited using | X: series_axis 'deposition_temperature' with numeric label '450 °C'","{""multi_output_measurement"": 1, ""discrete_experimental_sweep"": 3}","{""axis_role_coordinate"": false, ""n_source_points"": 2, ""granularity"": ""unresolved""}",[],[],,,,,,,2,body: of 50 -100 ° C,deposition_temperature,450 °C,10.1021_acs.chemmater.2c01154::F4::a::450 °C
10.1021_acs.chemmater.2c01154|14|5|a|0.94|primary,10.1021_acs.chemmater.2c01154,14,5,a,0.94,primary,1,17,Binding energy,intensity,arb. u.,experimental,unresolved,10.1021_acs.chemmater.2c01154-F5a-21,4,4,Figure 5. Effect of the H 2 flow ratio on the chemical environment of Mo and S. XPS spectra of (a) Mo 3d/ S 2s and (b) S 2p core levels of MoS x films grown at 150 ° C using different H 2 flow ratios and 140 ALD cycles. S/Mo stoichiometries are also indicated.,"rent H2 flow ratios will be discussed as an example. The results for other temperatures can be found in Supporting Information (Table S1). Analysis of the Mo 3d region showed that the majority of Mo was present as Mo 4+ , which is attributed to MoS x species (Figure 5a). Two additional doublets at h",,,discrete_experimental_sweep,corroborated,multi_signal(3 families),"['F', 'M', 'Me', 'R', 'X']","Me: C, 140 ALD cycles). (b) Raman spectra and ex situ SE thicknesses illustrating crystallinity and accurate thickness control | R: Effect of the H 2 flow | X: series_axis 'H2 flow ratio' with numeric label '0.94'","{""multi_output_measurement"": 2, ""discrete_experimental_sweep"": 3}","{""axis_role_coordinate"": false, ""n_source_points"": 17, ""granularity"": ""unresolved""}",[],[],,,,,,,,,H2 flow ratio,0.94,10.1021_acs.chemmater.2c01154::F5::a::0.94
10.1021_acs.chemmater.2c01154|14|5|a|0.80|primary,10.1021_acs.chemmater.2c01154,14,5,a,0.80,primary,1,16,Binding energy,intensity,arb. u.,experimental,unresolved,10.1021_acs.chemmater.2c01154-F5a-22,4,4,Figure 5. Effect of the H 2 flow ratio on the chemical environment of Mo and S. XPS spectra of (a) Mo 3d/ S 2s and (b) S 2p core levels of MoS x films grown at 150 ° C using different H 2 flow ratios and 140 ALD cycles. S/Mo stoichiometries are also indicated.,"rent H2 flow ratios will be discussed as an example. The results for other temperatures can be found in Supporting Information (Table S1). Analysis of the Mo 3d region showed that the majority of Mo was present as Mo 4+ , which is attributed to MoS x species (Figure 5a). Two additional doublets at h",,,discrete_experimental_sweep,corroborated,multi_signal(3 families),"['F', 'M', 'Me', 'R', 'X']","Me: C, 140 ALD cycles). (b) Raman spectra and ex situ SE thicknesses illustrating crystallinity and accurate thickness control | R: Effect of the H 2 flow | X: series_axis 'H2 flow ratio' with numeric label '0.80'","{""multi_output_measurement"": 2, ""discrete_experimental_sweep"": 3}","{""axis_role_coordinate"": false, ""n_source_points"": 16, ""granularity"": ""unresolved""}",[],[],,,,,,,,,H2 flow ratio,0.80,10.1021_acs.chemmater.2c01154::F5::a::0.80
10.1021_acs.chemmater.2c01154|14|5|a|0.65|primary,10.1021_acs.chemmater.2c01154,14,5,a,0.65,primary,1,14,Binding energy,intensity,arb. u.,experimental,unresolved,10.1021_acs.chemmater.2c01154-F5a-23,4,4,Figure 5. Effect of the H 2 flow ratio on the chemical environment of Mo and S. XPS spectra of (a) Mo 3d/ S 2s and (b) S 2p core levels of MoS x films grown at 150 ° C using different H 2 flow ratios and 140 ALD cycles. S/Mo stoichiometries are also indicated.,"rent H2 flow ratios will be discussed as an example. The results for other temperatures can be found in Supporting Information (Table S1). Analysis of the Mo 3d region showed that the majority of Mo was present as Mo 4+ , which is attributed to MoS x species (Figure 5a). Two additional doublets at h",,,discrete_experimental_sweep,corroborated,multi_signal(3 families),"['F', 'M', 'Me', 'R', 'X']","Me: C, 140 ALD cycles). (b) Raman spectra and ex situ SE thicknesses illustrating crystallinity and accurate thickness control | R: Effect of the H 2 flow | X: series_axis 'H2 flow ratio' with numeric label '0.65'","{""multi_output_measurement"": 2, ""discrete_experimental_sweep"": 3}","{""axis_role_coordinate"": false, ""n_source_points"": 14, ""granularity"": ""unresolved""}",[],[],,,,,,,,,H2 flow ratio,0.65,10.1021_acs.chemmater.2c01154::F5::a::0.65
10.1021_acs.chemmater.2c01154|14|5|a|0.50|primary,10.1021_acs.chemmater.2c01154,14,5,a,0.50,primary,1,14,Binding energy,intensity,arb. u.,experimental,unresolved,10.1021_acs.chemmater.2c01154-F5a-24,4,4,Figure 5. Effect of the H 2 flow ratio on the chemical environment of Mo and S. XPS spectra of (a) Mo 3d/ S 2s and (b) S 2p core levels of MoS x films grown at 150 ° C using different H 2 flow ratios and 140 ALD cycles. S/Mo stoichiometries are also indicated.,"rent H2 flow ratios will be discussed as an example. The results for other temperatures can be found in Supporting Information (Table S1). Analysis of the Mo 3d region showed that the majority of Mo was present as Mo 4+ , which is attributed to MoS x species (Figure 5a). Two additional doublets at h",,,discrete_experimental_sweep,corroborated,multi_signal(3 families),"['F', 'M', 'Me', 'R', 'X']","Me: C, 140 ALD cycles). (b) Raman spectra and ex situ SE thicknesses illustrating crystallinity and accurate thickness control | R: Effect of the H 2 flow | X: series_axis 'H2 flow ratio' with numeric label '0.50'","{""multi_output_measurement"": 2, ""discrete_experimental_sweep"": 3}","{""axis_role_coordinate"": false, ""n_source_points"": 14, ""granularity"": ""unresolved""}",[],[],,,,,,,,,H2 flow ratio,0.50,10.1021_acs.chemmater.2c01154::F5::a::0.50
10.1021_acs.chemmater.2c01154|14|5|a|0.20|primary,10.1021_acs.chemmater.2c01154,14,5,a,0.20,primary,1,14,Binding energy,intensity,arb. u.,experimental,unresolved,10.1021_acs.chemmater.2c01154-F5a-25,4,4,Figure 5. Effect of the H 2 flow ratio on the chemical environment of Mo and S. XPS spectra of (a) Mo 3d/ S 2s and (b) S 2p core levels of MoS x films grown at 150 ° C using different H 2 flow ratios and 140 ALD cycles. S/Mo stoichiometries are also indicated.,"rent H2 flow ratios will be discussed as an example. The results for other temperatures can be found in Supporting Information (Table S1). Analysis of the Mo 3d region showed that the majority of Mo was present as Mo 4+ , which is attributed to MoS x species (Figure 5a). Two additional doublets at h",,,discrete_experimental_sweep,corroborated,multi_signal(3 families),"['F', 'M', 'Me', 'R', 'X']","Me: C, 140 ALD cycles). (b) Raman spectra and ex situ SE thicknesses illustrating crystallinity and accurate thickness control | R: Effect of the H 2 flow | X: series_axis 'H2 flow ratio' with numeric label '0.20'","{""multi_output_measurement"": 2, ""discrete_experimental_sweep"": 3}","{""axis_role_coordinate"": false, ""n_source_points"": 14, ""granularity"": ""unresolved""}",[],[],,,,,,,,,H2 flow ratio,0.20,10.1021_acs.chemmater.2c01154::F5::a::0.20
10.1021_acs.chemmater.2c01154|14|5|b|0.94|primary,10.1021_acs.chemmater.2c01154,14,5,b,0.94,primary,1,12,Binding energy,intensity,arb. u.,experimental,unresolved,10.1021_acs.chemmater.2c01154-F5b-26,4,4,Figure 5. Effect of the H 2 flow ratio on the chemical environment of Mo and S. XPS spectra of (a) Mo 3d/ S 2s and (b) S 2p core levels of MoS x films grown at 150 ° C using different H 2 flow ratios and 140 ALD cycles. S/Mo stoichiometries are also indicated.,"rent H2 flow ratios will be discussed as an example. The results for other temperatures can be found in Supporting Information (Table S1). Analysis of the Mo 3d region showed that the majority of Mo was present as Mo 4+ , which is attributed to MoS x species (Figure 5a). Two additional doublets at h",,,discrete_experimental_sweep,corroborated,multi_signal(3 families),"['F', 'M', 'Me', 'R', 'X']","Me: C, 140 ALD cycles). (b) Raman spectra and ex situ SE thicknesses illustrating crystallinity and accurate thickness control | R: Effect of the H 2 flow | X: series_axis 'H2 flow ratio' with numeric label '0.94'","{""multi_output_measurement"": 2, ""discrete_experimental_sweep"": 3}","{""axis_role_coordinate"": false, ""n_source_points"": 12, ""granularity"": ""unresolved""}",[],[],,,,,,,,,H2 flow ratio,0.94,10.1021_acs.chemmater.2c01154::F5::b::0.94
10.1021_acs.chemmater.2c01154|14|5|b|0.80|primary,10.1021_acs.chemmater.2c01154,14,5,b,0.80,primary,1,12,Binding energy,intensity,arb. u.,experimental,unresolved,10.1021_acs.chemmater.2c01154-F5b-27,4,4,Figure 5. Effect of the H 2 flow ratio on the chemical environment of Mo and S. XPS spectra of (a) Mo 3d/ S 2s and (b) S 2p core levels of MoS x films grown at 150 ° C using different H 2 flow ratios and 140 ALD cycles. S/Mo stoichiometries are also indicated.,"rent H2 flow ratios will be discussed as an example. The results for other temperatures can be found in Supporting Information (Table S1). Analysis of the Mo 3d region showed that the majority of Mo was present as Mo 4+ , which is attributed to MoS x species (Figure 5a). Two additional doublets at h",,,discrete_experimental_sweep,corroborated,multi_signal(3 families),"['F', 'M', 'Me', 'R', 'X']","Me: C, 140 ALD cycles). (b) Raman spectra and ex situ SE thicknesses illustrating crystallinity and accurate thickness control | R: Effect of the H 2 flow | X: series_axis 'H2 flow ratio' with numeric label '0.80'","{""multi_output_measurement"": 2, ""discrete_experimental_sweep"": 3}","{""axis_role_coordinate"": false, ""n_source_points"": 12, ""granularity"": ""unresolved""}",[],[],,,,,,,,,H2 flow ratio,0.80,10.1021_acs.chemmater.2c01154::F5::b::0.80
10.1021_acs.chemmater.2c01154|14|5|b|0.65|primary,10.1021_acs.chemmater.2c01154,14,5,b,0.65,primary,1,12,Binding energy,intensity,arb. u.,experimental,unresolved,10.1021_acs.chemmater.2c01154-F5b-28,4,4,Figure 5. Effect of the H 2 flow ratio on the chemical environment of Mo and S. XPS spectra of (a) Mo 3d/ S 2s and (b) S 2p core levels of MoS x films grown at 150 ° C using different H 2 flow ratios and 140 ALD cycles. S/Mo stoichiometries are also indicated.,"rent H2 flow ratios will be discussed as an example. The results for other temperatures can be found in Supporting Information (Table S1). Analysis of the Mo 3d region showed that the majority of Mo was present as Mo 4+ , which is attributed to MoS x species (Figure 5a). Two additional doublets at h",,,discrete_experimental_sweep,corroborated,multi_signal(3 families),"['F', 'M', 'Me', 'R', 'X']","Me: C, 140 ALD cycles). (b) Raman spectra and ex situ SE thicknesses illustrating crystallinity and accurate thickness control | R: Effect of the H 2 flow | X: series_axis 'H2 flow ratio' with numeric label '0.65'","{""multi_output_measurement"": 2, ""discrete_experimental_sweep"": 3}","{""axis_role_coordinate"": false, ""n_source_points"": 12, ""granularity"": ""unresolved""}",[],[],,,,,,,,,H2 flow ratio,0.65,10.1021_acs.chemmater.2c01154::F5::b::0.65
10.1021_acs.chemmater.2c01154|14|5|b|0.50|primary,10.1021_acs.chemmater.2c01154,14,5,b,0.50,primary,1,11,Binding energy,intensity,arb. u.,experimental,unresolved,10.1021_acs.chemmater.2c01154-F5b-29,4,4,Figure 5. Effect of the H 2 flow ratio on the chemical environment of Mo and S. XPS spectra of (a) Mo 3d/ S 2s and (b) S 2p core levels of MoS x films grown at 150 ° C using different H 2 flow ratios and 140 ALD cycles. S/Mo stoichiometries are also indicated.,"rent H2 flow ratios will be discussed as an example. The results for other temperatures can be found in Supporting Information (Table S1). Analysis of the Mo 3d region showed that the majority of Mo was present as Mo 4+ , which is attributed to MoS x species (Figure 5a). Two additional doublets at h",,,discrete_experimental_sweep,corroborated,multi_signal(3 families),"['F', 'M', 'Me', 'R', 'X']","Me: C, 140 ALD cycles). (b) Raman spectra and ex situ SE thicknesses illustrating crystallinity and accurate thickness control | R: Effect of the H 2 flow | X: series_axis 'H2 flow ratio' with numeric label '0.50'","{""multi_output_measurement"": 2, ""discrete_experimental_sweep"": 3}","{""axis_role_coordinate"": false, ""n_source_points"": 11, ""granularity"": ""unresolved""}",[],[],,,,,,,,,H2 flow ratio,0.50,10.1021_acs.chemmater.2c01154::F5::b::0.50
10.1021_acs.chemmater.2c01154|14|5|b|0.20|primary,10.1021_acs.chemmater.2c01154,14,5,b,0.20,primary,1,11,Binding energy,intensity,arb. u.,experimental,unresolved,10.1021_acs.chemmater.2c01154-F5b-30,4,4,Figure 5. Effect of the H 2 flow ratio on the chemical environment of Mo and S. XPS spectra of (a) Mo 3d/ S 2s and (b) S 2p core levels of MoS x films grown at 150 ° C using different H 2 flow ratios and 140 ALD cycles. S/Mo stoichiometries are also indicated.,"rent H2 flow ratios will be discussed as an example. The results for other temperatures can be found in Supporting Information (Table S1). Analysis of the Mo 3d region showed that the majority of Mo was present as Mo 4+ , which is attributed to MoS x species (Figure 5a). Two additional doublets at h",,,discrete_experimental_sweep,corroborated,multi_signal(3 families),"['F', 'M', 'Me', 'R', 'X']","Me: C, 140 ALD cycles). (b) Raman spectra and ex situ SE thicknesses illustrating crystallinity and accurate thickness control | R: Effect of the H 2 flow | X: series_axis 'H2 flow ratio' with numeric label '0.20'","{""multi_output_measurement"": 2, ""discrete_experimental_sweep"": 3}","{""axis_role_coordinate"": false, ""n_source_points"": 11, ""granularity"": ""unresolved""}",[],[],,,,,,,,,H2 flow ratio,0.20,10.1021_acs.chemmater.2c01154::F5::b::0.20
10.1021_acs.chemmater.2c01154|16|7|a|0|primary,10.1021_acs.chemmater.2c01154,16,7,a,0,primary,15,15,cycle_number,film_thickness,nm,experimental,single,10.1021_acs.chemmater.2c01154-7a-S0-P000;10.1021_acs.chemmater.2c01154-7a-S0-P001;10.1021_acs.chemmater.2c01154-7a-S0-P002;10.1021_acs.chemmater.2c01154-7a-S0-P003;10.1021_acs.chemmater.2c01154-7a-S0-P004;10.1021_acs.chemmater.2c01154-7a-S0-P005 …+9,6,6,Figure 7. Effect of the H 2 flow ratio on film growth. (a) Evolution of film thickness measured by in situ SE at 150 ° Cusing different H2 flow ratios. (b) Heat map of GPC (averaged over first 100 cycles) as a function of deposition temperature and the H2 flow ratio.,"temperatures to achieve MoS2 stoichiometry and thus crystallinity.

Film Growth. In situ SE measurements revealed that the thickness of the amorphous films deposited using H 2 flow ratios of 0 to 0.50 at 150 ° C increased linearly as a function of ALD cycles (Figure 7a shows thickness vs cycles, Fig",,,discrete_experimental_sweep,corroborated,multi_signal(3 families),"['F', 'M', 'Me', 'R', 'X']","Me: C, 140 ALD cycles). (b) Raman spectra and ex situ SE thicknesses illustrating crystallinity and accurate thickness control | R: Effect of the H 2 flow | X: series_axis 'H2 flow ratio' with numeric label '0'","{""continuous_trace"": 2, ""discrete_experimental_sweep"": 3}","{""axis_role_coordinate"": false, ""n_source_points"": 15, ""granularity"": ""single""}",[],[],,,,,,,,,H2 flow ratio,0,10.1021_acs.chemmater.2c01154::F7::a::0
10.1021_acs.chemmater.2c01154|16|7|a|0.20|primary,10.1021_acs.chemmater.2c01154,16,7,a,0.20,primary,15,15,cycle_number,film_thickness,nm,experimental,single,10.1021_acs.chemmater.2c01154-7a-S1-P000;10.1021_acs.chemmater.2c01154-7a-S1-P001;10.1021_acs.chemmater.2c01154-7a-S1-P002;10.1021_acs.chemmater.2c01154-7a-S1-P003;10.1021_acs.chemmater.2c01154-7a-S1-P004;10.1021_acs.chemmater.2c01154-7a-S1-P005 …+9,6,6,Figure 7. Effect of the H 2 flow ratio on film growth. (a) Evolution of film thickness measured by in situ SE at 150 ° Cusing different H2 flow ratios. (b) Heat map of GPC (averaged over first 100 cycles) as a function of deposition temperature and the H2 flow ratio.,"temperatures to achieve MoS2 stoichiometry and thus crystallinity.

Film Growth. In situ SE measurements revealed that the thickness of the amorphous films deposited using H 2 flow ratios of 0 to 0.50 at 150 ° C increased linearly as a function of ALD cycles (Figure 7a shows thickness vs cycles, Fig",,,discrete_experimental_sweep,corroborated,multi_signal(3 families),"['F', 'M', 'Me', 'R', 'X']","Me: C, 140 ALD cycles). (b) Raman spectra and ex situ SE thicknesses illustrating crystallinity and accurate thickness control | R: Effect of the H 2 flow | X: series_axis 'H2 flow ratio' with numeric label '0.20'","{""continuous_trace"": 2, ""discrete_experimental_sweep"": 3}","{""axis_role_coordinate"": false, ""n_source_points"": 15, ""granularity"": ""single""}",[],[],,,,,,,,,H2 flow ratio,0.20,10.1021_acs.chemmater.2c01154::F7::a::0.20
10.1021_acs.chemmater.2c01154|16|7|a|0.50|primary,10.1021_acs.chemmater.2c01154,16,7,a,0.50,primary,15,15,cycle_number,film_thickness,nm,experimental,single,10.1021_acs.chemmater.2c01154-7a-S2-P000;10.1021_acs.chemmater.2c01154-7a-S2-P001;10.1021_acs.chemmater.2c01154-7a-S2-P002;10.1021_acs.chemmater.2c01154-7a-S2-P003;10.1021_acs.chemmater.2c01154-7a-S2-P004;10.1021_acs.chemmater.2c01154-7a-S2-P005 …+9,6,6,Figure 7. Effect of the H 2 flow ratio on film growth. (a) Evolution of film thickness measured by in situ SE at 150 ° Cusing different H2 flow ratios. (b) Heat map of GPC (averaged over first 100 cycles) as a function of deposition temperature and the H2 flow ratio.,"temperatures to achieve MoS2 stoichiometry and thus crystallinity.

Film Growth. In situ SE measurements revealed that the thickness of the amorphous films deposited using H 2 flow ratios of 0 to 0.50 at 150 ° C increased linearly as a function of ALD cycles (Figure 7a shows thickness vs cycles, Fig",,,discrete_experimental_sweep,corroborated,multi_signal(3 families),"['F', 'M', 'Me', 'R', 'X']","Me: C, 140 ALD cycles). (b) Raman spectra and ex situ SE thicknesses illustrating crystallinity and accurate thickness control | R: Effect of the H 2 flow | X: series_axis 'H2 flow ratio' with numeric label '0.50'","{""continuous_trace"": 2, ""discrete_experimental_sweep"": 3}","{""axis_role_coordinate"": false, ""n_source_points"": 15, ""granularity"": ""single""}",[],[],,,,,,,,,H2 flow ratio,0.50,10.1021_acs.chemmater.2c01154::F7::a::0.50
10.1021_acs.chemmater.2c01154|16|7|a|0.65|primary,10.1021_acs.chemmater.2c01154,16,7,a,0.65,primary,15,15,cycle_number,film_thickness,nm,experimental,single,10.1021_acs.chemmater.2c01154-7a-S3-P000;10.1021_acs.chemmater.2c01154-7a-S3-P001;10.1021_acs.chemmater.2c01154-7a-S3-P002;10.1021_acs.chemmater.2c01154-7a-S3-P003;10.1021_acs.chemmater.2c01154-7a-S3-P004;10.1021_acs.chemmater.2c01154-7a-S3-P005 …+9,6,6,Figure 7. Effect of the H 2 flow ratio on film growth. (a) Evolution of film thickness measured by in situ SE at 150 ° Cusing different H2 flow ratios. (b) Heat map of GPC (averaged over first 100 cycles) as a function of deposition temperature and the H2 flow ratio.,"temperatures to achieve MoS2 stoichiometry and thus crystallinity.

Film Growth. In situ SE measurements revealed that the thickness of the amorphous films deposited using H 2 flow ratios of 0 to 0.50 at 150 ° C increased linearly as a function of ALD cycles (Figure 7a shows thickness vs cycles, Fig",,,discrete_experimental_sweep,corroborated,multi_signal(3 families),"['F', 'M', 'Me', 'R', 'X']","Me: C, 140 ALD cycles). (b) Raman spectra and ex situ SE thicknesses illustrating crystallinity and accurate thickness control | R: Effect of the H 2 flow | X: series_axis 'H2 flow ratio' with numeric label '0.65'","{""continuous_trace"": 2, ""discrete_experimental_sweep"": 3}","{""axis_role_coordinate"": false, ""n_source_points"": 15, ""granularity"": ""single""}",[],[],,,,,,,,,H2 flow ratio,0.65,10.1021_acs.chemmater.2c01154::F7::a::0.65
10.1021_acs.chemmater.2c01154|16|7|a|0.80|primary,10.1021_acs.chemmater.2c01154,16,7,a,0.80,primary,15,15,cycle_number,film_thickness,nm,experimental,single,10.1021_acs.chemmater.2c01154-7a-S4-P000;10.1021_acs.chemmater.2c01154-7a-S4-P001;10.1021_acs.chemmater.2c01154-7a-S4-P002;10.1021_acs.chemmater.2c01154-7a-S4-P003;10.1021_acs.chemmater.2c01154-7a-S4-P004;10.1021_acs.chemmater.2c01154-7a-S4-P005 …+9,6,6,Figure 7. Effect of the H 2 flow ratio on film growth. (a) Evolution of film thickness measured by in situ SE at 150 ° Cusing different H2 flow ratios. (b) Heat map of GPC (averaged over first 100 cycles) as a function of deposition temperature and the H2 flow ratio.,"temperatures to achieve MoS2 stoichiometry and thus crystallinity.

Film Growth. In situ SE measurements revealed that the thickness of the amorphous films deposited using H 2 flow ratios of 0 to 0.50 at 150 ° C increased linearly as a function of ALD cycles (Figure 7a shows thickness vs cycles, Fig",,,discrete_experimental_sweep,corroborated,multi_signal(3 families),"['F', 'M', 'Me', 'R', 'X']","Me: C, 140 ALD cycles). (b) Raman spectra and ex situ SE thicknesses illustrating crystallinity and accurate thickness control | R: Effect of the H 2 flow | X: series_axis 'H2 flow ratio' with numeric label '0.80'","{""continuous_trace"": 2, ""discrete_experimental_sweep"": 3}","{""axis_role_coordinate"": false, ""n_source_points"": 15, ""granularity"": ""single""}",[],[],,,,,,,,,H2 flow ratio,0.80,10.1021_acs.chemmater.2c01154::F7::a::0.80
10.1021_acs.chemmater.2c01154|16|7|a|0.94|primary,10.1021_acs.chemmater.2c01154,16,7,a,0.94,primary,15,15,cycle_number,film_thickness,nm,experimental,single,10.1021_acs.chemmater.2c01154-7a-S5-P000;10.1021_acs.chemmater.2c01154-7a-S5-P001;10.1021_acs.chemmater.2c01154-7a-S5-P002;10.1021_acs.chemmater.2c01154-7a-S5-P003;10.1021_acs.chemmater.2c01154-7a-S5-P004;10.1021_acs.chemmater.2c01154-7a-S5-P005 …+9,6,6,Figure 7. Effect of the H 2 flow ratio on film growth. (a) Evolution of film thickness measured by in situ SE at 150 ° Cusing different H2 flow ratios. (b) Heat map of GPC (averaged over first 100 cycles) as a function of deposition temperature and the H2 flow ratio.,"temperatures to achieve MoS2 stoichiometry and thus crystallinity.

Film Growth. In situ SE measurements revealed that the thickness of the amorphous films deposited using H 2 flow ratios of 0 to 0.50 at 150 ° C increased linearly as a function of ALD cycles (Figure 7a shows thickness vs cycles, Fig",,,discrete_experimental_sweep,corroborated,multi_signal(3 families),"['F', 'M', 'Me', 'R', 'X']","Me: C, 140 ALD cycles). (b) Raman spectra and ex situ SE thicknesses illustrating crystallinity and accurate thickness control | R: Effect of the H 2 flow | X: series_axis 'H2 flow ratio' with numeric label '0.94'","{""continuous_trace"": 2, ""discrete_experimental_sweep"": 3}","{""axis_role_coordinate"": false, ""n_source_points"": 15, ""granularity"": ""single""}",[],[],,,,,,,,,H2 flow ratio,0.94,10.1021_acs.chemmater.2c01154::F7::a::0.94
10.1021_acs.chemmater.2c01154|16|7|b|0|primary,10.1021_acs.chemmater.2c01154,16,7,b,0,primary,3,3,deposition_temperature,growth_per_cycle,nm/cycle,experimental,single,10.1021_acs.chemmater.2c01154-7b-S6-P000;10.1021_acs.chemmater.2c01154-7b-S6-P001;10.1021_acs.chemmater.2c01154-7b-S6-P002,6,6,Figure 7. Effect of the H 2 flow ratio on film growth. (a) Evolution of film thickness measured by in situ SE at 150 ° Cusing different H2 flow ratios. (b) Heat map of GPC (averaged over first 100 cycles) as a function of deposition temperature and the H2 flow ratio.,"temperatures to achieve MoS2 stoichiometry and thus crystallinity.

Film Growth. In situ SE measurements revealed that the thickness of the amorphous films deposited using H 2 flow ratios of 0 to 0.50 at 150 ° C increased linearly as a function of ALD cycles (Figure 7a shows thickness vs cycles, Fig",,,discrete_experimental_sweep,corroborated,multi_signal(3 families),"['F', 'M', 'Me', 'R', 'X']","Me: C, 140 ALD cycles). (b) Raman spectra and ex situ SE thicknesses illustrating crystallinity and accurate thickness control | R: Effect of the H 2 flow | X: series_axis 'H2 flow ratio' with numeric label '0'","{""continuous_trace"": 2, ""discrete_experimental_sweep"": 3}","{""axis_role_coordinate"": false, ""n_source_points"": 3, ""granularity"": ""single""}",[],[],,,,,,,,,H2 flow ratio,0,10.1021_acs.chemmater.2c01154::F7::b::0
10.1021_acs.chemmater.2c01154|16|7|b|0.20|primary,10.1021_acs.chemmater.2c01154,16,7,b,0.20,primary,8,8,deposition_temperature,growth_per_cycle,nm/cycle,experimental,single,10.1021_acs.chemmater.2c01154-7b-S7-P000;10.1021_acs.chemmater.2c01154-7b-S7-P001;10.1021_acs.chemmater.2c01154-7b-S7-P002;10.1021_acs.chemmater.2c01154-7b-S7-P003;10.1021_acs.chemmater.2c01154-7b-S7-P004;10.1021_acs.chemmater.2c01154-7b-S7-P005 …+2,6,6,Figure 7. Effect of the H 2 flow ratio on film growth. (a) Evolution of film thickness measured by in situ SE at 150 ° Cusing different H2 flow ratios. (b) Heat map of GPC (averaged over first 100 cycles) as a function of deposition temperature and the H2 flow ratio.,"temperatures to achieve MoS2 stoichiometry and thus crystallinity.

Film Growth. In situ SE measurements revealed that the thickness of the amorphous films deposited using H 2 flow ratios of 0 to 0.50 at 150 ° C increased linearly as a function of ALD cycles (Figure 7a shows thickness vs cycles, Fig",,,discrete_experimental_sweep,corroborated,multi_signal(3 families),"['F', 'M', 'Me', 'R', 'X']","Me: C, 140 ALD cycles). (b) Raman spectra and ex situ SE thicknesses illustrating crystallinity and accurate thickness control | R: Effect of the H 2 flow | X: series_axis 'H2 flow ratio' with numeric label '0.20'","{""continuous_trace"": 2, ""discrete_experimental_sweep"": 3}","{""axis_role_coordinate"": false, ""n_source_points"": 8, ""granularity"": ""single""}",[],[],,,,,,,,,H2 flow ratio,0.20,10.1021_acs.chemmater.2c01154::F7::b::0.20
10.1021_acs.chemmater.2c01154|16|7|b|0.35|primary,10.1021_acs.chemmater.2c01154,16,7,b,0.35,primary,1,1,deposition_temperature,growth_per_cycle,nm/cycle,experimental,single,10.1021_acs.chemmater.2c01154-F7b-39,6,6,Figure 7. Effect of the H 2 flow ratio on film growth. (a) Evolution of film thickness measured by in situ SE at 150 ° Cusing different H2 flow ratios. (b) Heat map of GPC (averaged over first 100 cycles) as a function of deposition temperature and the H2 flow ratio.,"temperatures to achieve MoS2 stoichiometry and thus crystallinity.

Film Growth. In situ SE measurements revealed that the thickness of the amorphous films deposited using H 2 flow ratios of 0 to 0.50 at 150 ° C increased linearly as a function of ALD cycles (Figure 7a shows thickness vs cycles, Fig",,,discrete_experimental_sweep,corroborated,multi_signal(3 families),"['F', 'M', 'Me', 'R', 'X']","Me: C, 140 ALD cycles). (b) Raman spectra and ex situ SE thicknesses illustrating crystallinity and accurate thickness control | R: Effect of the H 2 flow | X: series_axis 'H2 flow ratio' with numeric label '0.35'","{""continuous_trace"": 2, ""discrete_experimental_sweep"": 3}","{""axis_role_coordinate"": false, ""n_source_points"": 1, ""granularity"": ""single""}",[],[],,,,,,,,,H2 flow ratio,0.35,10.1021_acs.chemmater.2c01154::F7::b::0.35
10.1021_acs.chemmater.2c01154|16|7|b|0.50|primary,10.1021_acs.chemmater.2c01154,16,7,b,0.50,primary,5,5,deposition_temperature,growth_per_cycle,nm/cycle,experimental,single,10.1021_acs.chemmater.2c01154-7b-S8-P000;10.1021_acs.chemmater.2c01154-7b-S8-P001;10.1021_acs.chemmater.2c01154-7b-S8-P002;10.1021_acs.chemmater.2c01154-7b-S8-P003;10.1021_acs.chemmater.2c01154-7b-S8-P004,6,6,Figure 7. Effect of the H 2 flow ratio on film growth. (a) Evolution of film thickness measured by in situ SE at 150 ° Cusing different H2 flow ratios. (b) Heat map of GPC (averaged over first 100 cycles) as a function of deposition temperature and the H2 flow ratio.,"temperatures to achieve MoS2 stoichiometry and thus crystallinity.

Film Growth. In situ SE measurements revealed that the thickness of the amorphous films deposited using H 2 flow ratios of 0 to 0.50 at 150 ° C increased linearly as a function of ALD cycles (Figure 7a shows thickness vs cycles, Fig",,,discrete_experimental_sweep,corroborated,multi_signal(3 families),"['F', 'M', 'Me', 'R', 'X']","Me: C, 140 ALD cycles). (b) Raman spectra and ex situ SE thicknesses illustrating crystallinity and accurate thickness control | R: Effect of the H 2 flow | X: series_axis 'H2 flow ratio' with numeric label '0.50'","{""continuous_trace"": 2, ""discrete_experimental_sweep"": 3}","{""axis_role_coordinate"": false, ""n_source_points"": 5, ""granularity"": ""single""}",[],[],,,,,,,,,H2 flow ratio,0.50,10.1021_acs.chemmater.2c01154::F7::b::0.50
10.1021_acs.chemmater.2c01154|16|7|b|0.65|primary,10.1021_acs.chemmater.2c01154,16,7,b,0.65,primary,4,4,deposition_temperature,growth_per_cycle,nm/cycle,experimental,single,10.1021_acs.chemmater.2c01154-7b-S9-P000;10.1021_acs.chemmater.2c01154-7b-S9-P001;10.1021_acs.chemmater.2c01154-7b-S9-P002;10.1021_acs.chemmater.2c01154-7b-S9-P003,6,6,Figure 7. Effect of the H 2 flow ratio on film growth. (a) Evolution of film thickness measured by in situ SE at 150 ° Cusing different H2 flow ratios. (b) Heat map of GPC (averaged over first 100 cycles) as a function of deposition temperature and the H2 flow ratio.,"temperatures to achieve MoS2 stoichiometry and thus crystallinity.

Film Growth. In situ SE measurements revealed that the thickness of the amorphous films deposited using H 2 flow ratios of 0 to 0.50 at 150 ° C increased linearly as a function of ALD cycles (Figure 7a shows thickness vs cycles, Fig",,,discrete_experimental_sweep,corroborated,multi_signal(3 families),"['F', 'M', 'Me', 'R', 'X']","Me: C, 140 ALD cycles). (b) Raman spectra and ex situ SE thicknesses illustrating crystallinity and accurate thickness control | R: Effect of the H 2 flow | X: series_axis 'H2 flow ratio' with numeric label '0.65'","{""continuous_trace"": 2, ""discrete_experimental_sweep"": 3}","{""axis_role_coordinate"": false, ""n_source_points"": 4, ""granularity"": ""single""}",[],[],,,,,,,,,H2 flow ratio,0.65,10.1021_acs.chemmater.2c01154::F7::b::0.65
10.1021_acs.chemmater.2c01154|16|7|b|0.80|primary,10.1021_acs.chemmater.2c01154,16,7,b,0.80,primary,7,7,deposition_temperature,growth_per_cycle,nm/cycle,experimental,single,10.1021_acs.chemmater.2c01154-7b-S10-P000;10.1021_acs.chemmater.2c01154-7b-S10-P001;10.1021_acs.chemmater.2c01154-7b-S10-P002;10.1021_acs.chemmater.2c01154-7b-S10-P003;10.1021_acs.chemmater.2c01154-7b-S10-P004;10.1021_acs.chemmater.2c01154-7b-S10-P005 …+1,6,6,Figure 7. Effect of the H 2 flow ratio on film growth. (a) Evolution of film thickness measured by in situ SE at 150 ° Cusing different H2 flow ratios. (b) Heat map of GPC (averaged over first 100 cycles) as a function of deposition temperature and the H2 flow ratio.,"temperatures to achieve MoS2 stoichiometry and thus crystallinity.

Film Growth. In situ SE measurements revealed that the thickness of the amorphous films deposited using H 2 flow ratios of 0 to 0.50 at 150 ° C increased linearly as a function of ALD cycles (Figure 7a shows thickness vs cycles, Fig",,,discrete_experimental_sweep,corroborated,multi_signal(3 families),"['F', 'M', 'Me', 'R', 'X']","Me: C, 140 ALD cycles). (b) Raman spectra and ex situ SE thicknesses illustrating crystallinity and accurate thickness control | R: Effect of the H 2 flow | X: series_axis 'H2 flow ratio' with numeric label '0.80'","{""continuous_trace"": 2, ""discrete_experimental_sweep"": 3}","{""axis_role_coordinate"": false, ""n_source_points"": 7, ""granularity"": ""single""}",[],[],,,,,,,,,H2 flow ratio,0.80,10.1021_acs.chemmater.2c01154::F7::b::0.80
10.1021_acs.chemmater.2c01154|16|7|b|0.94|primary,10.1021_acs.chemmater.2c01154,16,7,b,0.94,primary,4,4,deposition_temperature,growth_per_cycle,nm/cycle,experimental,single,10.1021_acs.chemmater.2c01154-7b-S11-P000;10.1021_acs.chemmater.2c01154-7b-S11-P001;10.1021_acs.chemmater.2c01154-7b-S11-P002;10.1021_acs.chemmater.2c01154-7b-S11-P003,6,6,Figure 7. Effect of the H 2 flow ratio on film growth. (a) Evolution of film thickness measured by in situ SE at 150 ° Cusing different H2 flow ratios. (b) Heat map of GPC (averaged over first 100 cycles) as a function of deposition temperature and the H2 flow ratio.,"temperatures to achieve MoS2 stoichiometry and thus crystallinity.

Film Growth. In situ SE measurements revealed that the thickness of the amorphous films deposited using H 2 flow ratios of 0 to 0.50 at 150 ° C increased linearly as a function of ALD cycles (Figure 7a shows thickness vs cycles, Fig",,,discrete_experimental_sweep,corroborated,multi_signal(3 families),"['F', 'M', 'Me', 'R', 'X']","Me: C, 140 ALD cycles). (b) Raman spectra and ex situ SE thicknesses illustrating crystallinity and accurate thickness control | R: Effect of the H 2 flow | X: series_axis 'H2 flow ratio' with numeric label '0.94'","{""continuous_trace"": 2, ""discrete_experimental_sweep"": 3}","{""axis_role_coordinate"": false, ""n_source_points"": 4, ""granularity"": ""single""}",[],[],,,,,,,,,H2 flow ratio,0.94,10.1021_acs.chemmater.2c01154::F7::b::0.94
10.1021_acs.chemmater.2c01154|17|8|a|0|primary,10.1021_acs.chemmater.2c01154,17,8,a,0,primary,3,3,deposition_temperature,resistivity,Ωcm,experimental,single,10.1021_acs.chemmater.2c01154-8a-S12-P000;10.1021_acs.chemmater.2c01154-8a-S12-P001;10.1021_acs.chemmater.2c01154-8a-S12-P002,7,7,Figure 8. Effect of the H 2 flow ratio on electrical properties. Heat map of film resistivity as a function of deposition temperature and the H 2 flow ratio. The films were deposited using 100 -140 ALD cycles.,"ations. We found that the H2 flow ratio can be used to control resistivity over several orders of magnitude. At a given temperature, increasing the H 2 flow ratio led to a decrease in resistivity when a fixed amount of ALD cycles was applied as illustrated in Figure 8 (resistivity

Figure 8. Effect ",,,discrete_experimental_sweep,corroborated,multi_signal(3 families),"['F', 'Me', 'R', 'X']","Me: C, 140 ALD cycles). (b) Raman spectra and ex situ SE thicknesses illustrating crystallinity and accurate thickness control | R: films were deposited using | X: series_axis 'H2 flow ratio' with numeric label '0'","{""discrete_experimental_sweep"": 3}","{""axis_role_coordinate"": false, ""n_source_points"": 3, ""granularity"": ""single""}",[],[],,,,,,,,,H2 flow ratio,0,10.1021_acs.chemmater.2c01154::F8::a::0
10.1021_acs.chemmater.2c01154|17|8|a|0.20|primary,10.1021_acs.chemmater.2c01154,17,8,a,0.20,primary,8,8,deposition_temperature,resistivity,Ωcm,experimental,single,10.1021_acs.chemmater.2c01154-8a-S13-P000;10.1021_acs.chemmater.2c01154-8a-S13-P001;10.1021_acs.chemmater.2c01154-8a-S13-P002;10.1021_acs.chemmater.2c01154-8a-S13-P003;10.1021_acs.chemmater.2c01154-8a-S13-P004;10.1021_acs.chemmater.2c01154-8a-S13-P005 …+2,7,7,Figure 8. Effect of the H 2 flow ratio on electrical properties. Heat map of film resistivity as a function of deposition temperature and the H 2 flow ratio. The films were deposited using 100 -140 ALD cycles.,"ations. We found that the H2 flow ratio can be used to control resistivity over several orders of magnitude. At a given temperature, increasing the H 2 flow ratio led to a decrease in resistivity when a fixed amount of ALD cycles was applied as illustrated in Figure 8 (resistivity

Figure 8. Effect ",,,discrete_experimental_sweep,corroborated,multi_signal(3 families),"['F', 'Me', 'R', 'X']","Me: C, 140 ALD cycles). (b) Raman spectra and ex situ SE thicknesses illustrating crystallinity and accurate thickness control | R: films were deposited using | X: series_axis 'H2 flow ratio' with numeric label '0.20'","{""discrete_experimental_sweep"": 3}","{""axis_role_coordinate"": false, ""n_source_points"": 8, ""granularity"": ""single""}",[],[],,,,,,,,,H2 flow ratio,0.20,10.1021_acs.chemmater.2c01154::F8::a::0.20
10.1021_acs.chemmater.2c01154|17|8|a|0.35|primary,10.1021_acs.chemmater.2c01154,17,8,a,0.35,primary,1,1,deposition_temperature,resistivity,Ωcm,experimental,single,10.1021_acs.chemmater.2c01154-F8a-46,7,7,Figure 8. Effect of the H 2 flow ratio on electrical properties. Heat map of film resistivity as a function of deposition temperature and the H 2 flow ratio. The films were deposited using 100 -140 ALD cycles.,"ations. We found that the H2 flow ratio can be used to control resistivity over several orders of magnitude. At a given temperature, increasing the H 2 flow ratio led to a decrease in resistivity when a fixed amount of ALD cycles was applied as illustrated in Figure 8 (resistivity

Figure 8. Effect ",,,discrete_experimental_sweep,corroborated,multi_signal(3 families),"['F', 'Me', 'R', 'X']","Me: C, 140 ALD cycles). (b) Raman spectra and ex situ SE thicknesses illustrating crystallinity and accurate thickness control | R: films were deposited using | X: series_axis 'H2 flow ratio' with numeric label '0.35'","{""discrete_experimental_sweep"": 3}","{""axis_role_coordinate"": false, ""n_source_points"": 1, ""granularity"": ""single""}",[],[],,,,,,,,,H2 flow ratio,0.35,10.1021_acs.chemmater.2c01154::F8::a::0.35
10.1021_acs.chemmater.2c01154|17|8|a|0.50|primary,10.1021_acs.chemmater.2c01154,17,8,a,0.50,primary,5,5,deposition_temperature,resistivity,Ωcm,experimental,single,10.1021_acs.chemmater.2c01154-8a-S14-P000;10.1021_acs.chemmater.2c01154-8a-S14-P001;10.1021_acs.chemmater.2c01154-8a-S14-P002;10.1021_acs.chemmater.2c01154-8a-S14-P003;10.1021_acs.chemmater.2c01154-8a-S14-P004,7,7,Figure 8. Effect of the H 2 flow ratio on electrical properties. Heat map of film resistivity as a function of deposition temperature and the H 2 flow ratio. The films were deposited using 100 -140 ALD cycles.,"ations. We found that the H2 flow ratio can be used to control resistivity over several orders of magnitude. At a given temperature, increasing the H 2 flow ratio led to a decrease in resistivity when a fixed amount of ALD cycles was applied as illustrated in Figure 8 (resistivity

Figure 8. Effect ",,,discrete_experimental_sweep,corroborated,multi_signal(3 families),"['F', 'Me', 'R', 'X']","Me: C, 140 ALD cycles). (b) Raman spectra and ex situ SE thicknesses illustrating crystallinity and accurate thickness control | R: films were deposited using | X: series_axis 'H2 flow ratio' with numeric label '0.50'","{""discrete_experimental_sweep"": 3}","{""axis_role_coordinate"": false, ""n_source_points"": 5, ""granularity"": ""single""}",[],[],,,,,,,,,H2 flow ratio,0.50,10.1021_acs.chemmater.2c01154::F8::a::0.50
10.1021_acs.chemmater.2c01154|17|8|a|0.65|primary,10.1021_acs.chemmater.2c01154,17,8,a,0.65,primary,4,4,deposition_temperature,resistivity,Ωcm,experimental,single,10.1021_acs.chemmater.2c01154-8a-S15-P000;10.1021_acs.chemmater.2c01154-8a-S15-P001;10.1021_acs.chemmater.2c01154-8a-S15-P002;10.1021_acs.chemmater.2c01154-8a-S15-P003,7,7,Figure 8. Effect of the H 2 flow ratio on electrical properties. Heat map of film resistivity as a function of deposition temperature and the H 2 flow ratio. The films were deposited using 100 -140 ALD cycles.,"ations. We found that the H2 flow ratio can be used to control resistivity over several orders of magnitude. At a given temperature, increasing the H 2 flow ratio led to a decrease in resistivity when a fixed amount of ALD cycles was applied as illustrated in Figure 8 (resistivity

Figure 8. Effect ",,,discrete_experimental_sweep,corroborated,multi_signal(3 families),"['F', 'Me', 'R', 'X']","Me: C, 140 ALD cycles). (b) Raman spectra and ex situ SE thicknesses illustrating crystallinity and accurate thickness control | R: films were deposited using | X: series_axis 'H2 flow ratio' with numeric label '0.65'","{""discrete_experimental_sweep"": 3}","{""axis_role_coordinate"": false, ""n_source_points"": 4, ""granularity"": ""single""}",[],[],,,,,,,,,H2 flow ratio,0.65,10.1021_acs.chemmater.2c01154::F8::a::0.65
10.1021_acs.chemmater.2c01154|17|8|a|0.80|primary,10.1021_acs.chemmater.2c01154,17,8,a,0.80,primary,7,7,deposition_temperature,resistivity,Ωcm,experimental,single,10.1021_acs.chemmater.2c01154-8a-S16-P000;10.1021_acs.chemmater.2c01154-8a-S16-P001;10.1021_acs.chemmater.2c01154-8a-S16-P002;10.1021_acs.chemmater.2c01154-8a-S16-P003;10.1021_acs.chemmater.2c01154-8a-S16-P004;10.1021_acs.chemmater.2c01154-8a-S16-P005 …+1,7,7,Figure 8. Effect of the H 2 flow ratio on electrical properties. Heat map of film resistivity as a function of deposition temperature and the H 2 flow ratio. The films were deposited using 100 -140 ALD cycles.,"ations. We found that the H2 flow ratio can be used to control resistivity over several orders of magnitude. At a given temperature, increasing the H 2 flow ratio led to a decrease in resistivity when a fixed amount of ALD cycles was applied as illustrated in Figure 8 (resistivity

Figure 8. Effect ",,,discrete_experimental_sweep,corroborated,multi_signal(3 families),"['F', 'Me', 'R', 'X']","Me: C, 140 ALD cycles). (b) Raman spectra and ex situ SE thicknesses illustrating crystallinity and accurate thickness control | R: films were deposited using | X: series_axis 'H2 flow ratio' with numeric label '0.80'","{""discrete_experimental_sweep"": 3}","{""axis_role_coordinate"": false, ""n_source_points"": 7, ""granularity"": ""single""}",[],[],,,,,,,,,H2 flow ratio,0.80,10.1021_acs.chemmater.2c01154::F8::a::0.80
10.1021_acs.chemmater.2c01154|17|8|a|0.94|primary,10.1021_acs.chemmater.2c01154,17,8,a,0.94,primary,4,4,deposition_temperature,resistivity,Ωcm,experimental,single,10.1021_acs.chemmater.2c01154-8a-S17-P000;10.1021_acs.chemmater.2c01154-8a-S17-P001;10.1021_acs.chemmater.2c01154-8a-S17-P002;10.1021_acs.chemmater.2c01154-8a-S17-P003,7,7,Figure 8. Effect of the H 2 flow ratio on electrical properties. Heat map of film resistivity as a function of deposition temperature and the H 2 flow ratio. The films were deposited using 100 -140 ALD cycles.,"ations. We found that the H2 flow ratio can be used to control resistivity over several orders of magnitude. At a given temperature, increasing the H 2 flow ratio led to a decrease in resistivity when a fixed amount of ALD cycles was applied as illustrated in Figure 8 (resistivity

Figure 8. Effect ",,,discrete_experimental_sweep,corroborated,multi_signal(3 families),"['F', 'Me', 'R', 'X']","Me: C, 140 ALD cycles). (b) Raman spectra and ex situ SE thicknesses illustrating crystallinity and accurate thickness control | R: films were deposited using | X: series_axis 'H2 flow ratio' with numeric label '0.94'","{""discrete_experimental_sweep"": 3}","{""axis_role_coordinate"": false, ""n_source_points"": 4, ""granularity"": ""single""}",[],[],,,,,,,,,H2 flow ratio,0.94,10.1021_acs.chemmater.2c01154::F8::a::0.94
10.1021_acs.chemmater.2c01154|18|9|a|0.80|primary,10.1021_acs.chemmater.2c01154,18,9,a,0.80,primary,1,28,Raman shift,intensity,arb. units,experimental,unresolved,10.1021_acs.chemmater.2c01154-F9a-51,8,8,"Figure 9. Effect of the H 2 flow ratio on the growth of other TMDCs at low temperatures. Raman spectra of (a) WS x (150 ° C) and (b) TiS x (100 ° C) films grown using different H2 flow ratios. The peaks have been labeled based on refs 82 -84 (Sh = shoulder, a TiS2 mode commonly observed but has not ","highly S-rich (WS4.0 by XPS), amorphous, and highly resistive similar to the MoS 2 films deposited under analogous conditions. Increasing the H 2 flow ratio to 0.80 at 150 ° C resulted in crystalline WS 2.1 films with a resistivity of 4 Ω cm (Raman spectra in Figure 9a, other characterization in Sec",,,discrete_experimental_sweep,corroborated,multi_signal(4 families),"['F', 'M', 'Me', 'R', 'X']","M: l as a schematic (Figure S19) and supplementary discussion (Se | Me: C, 140 ALD cycles). (b) Raman spectra and ex situ SE thicknesses illustrating crystallinity and accurate thickness control | R: Effect of the H 2 flow | X: series_axis 'H2 flow ratio' with numeric label '0.80'","{""discrete_experimental_sweep"": 4, ""multi_output_measurement"": 3}","{""axis_role_coordinate"": false, ""n_source_points"": 28, ""granularity"": ""unresolved""}",[],[],,,,,,,,,H2 flow ratio,0.80,10.1021_acs.chemmater.2c01154::F9::a::0.80
10.1021_acs.chemmater.2c01154|18|9|a|0|primary,10.1021_acs.chemmater.2c01154,18,9,a,0,primary,1,17,Raman shift,intensity,arb. units,experimental,unresolved,10.1021_acs.chemmater.2c01154-F9a-52,8,8,"Figure 9. Effect of the H 2 flow ratio on the growth of other TMDCs at low temperatures. Raman spectra of (a) WS x (150 ° C) and (b) TiS x (100 ° C) films grown using different H2 flow ratios. The peaks have been labeled based on refs 82 -84 (Sh = shoulder, a TiS2 mode commonly observed but has not ","highly S-rich (WS4.0 by XPS), amorphous, and highly resistive similar to the MoS 2 films deposited under analogous conditions. Increasing the H 2 flow ratio to 0.80 at 150 ° C resulted in crystalline WS 2.1 films with a resistivity of 4 Ω cm (Raman spectra in Figure 9a, other characterization in Sec",,,discrete_experimental_sweep,corroborated,multi_signal(4 families),"['F', 'M', 'Me', 'R', 'X']","M: l as a schematic (Figure S19) and supplementary discussion (Se | Me: C, 140 ALD cycles). (b) Raman spectra and ex situ SE thicknesses illustrating crystallinity and accurate thickness control | R: Effect of the H 2 flow | X: series_axis 'H2 flow ratio' with numeric label '0'","{""discrete_experimental_sweep"": 4, ""multi_output_measurement"": 3}","{""axis_role_coordinate"": false, ""n_source_points"": 17, ""granularity"": ""unresolved""}",[],[],,,,,,,,,H2 flow ratio,0,10.1021_acs.chemmater.2c01154::F9::a::0
10.1021_acs.chemmater.2c01154|18|9|b|0.50|primary,10.1021_acs.chemmater.2c01154,18,9,b,0.50,primary,1,26,Raman shift,intensity,arb. units,experimental,unresolved,10.1021_acs.chemmater.2c01154-F9b-53,8,8,"Figure 9. Effect of the H 2 flow ratio on the growth of other TMDCs at low temperatures. Raman spectra of (a) WS x (150 ° C) and (b) TiS x (100 ° C) films grown using different H2 flow ratios. The peaks have been labeled based on refs 82 -84 (Sh = shoulder, a TiS2 mode commonly observed but has not ","highly S-rich (WS4.0 by XPS), amorphous, and highly resistive similar to the MoS 2 films deposited under analogous conditions. Increasing the H 2 flow ratio to 0.80 at 150 ° C resulted in crystalline WS 2.1 films with a resistivity of 4 Ω cm (Raman spectra in Figure 9a, other characterization in Sec",,,discrete_experimental_sweep,corroborated,multi_signal(4 families),"['F', 'M', 'Me', 'R', 'X']","M: l as a schematic (Figure S19) and supplementary discussion (Se | Me: C, 140 ALD cycles). (b) Raman spectra and ex situ SE thicknesses illustrating crystallinity and accurate thickness control | R: Effect of the H 2 flow | X: series_axis 'H2 flow ratio' with numeric label '0.50'","{""discrete_experimental_sweep"": 4, ""multi_output_measurement"": 3}","{""axis_role_coordinate"": false, ""n_source_points"": 26, ""granularity"": ""unresolved""}",[],[],,,,,,,,,H2 flow ratio,0.50,10.1021_acs.chemmater.2c01154::F9::b::0.50
10.1021_acs.chemmater.2c01154|18|9|b|Thermal ALD|primary,10.1021_acs.chemmater.2c01154,18,9,b,Thermal ALD,primary,1,22,Raman shift,intensity,arb. units,experimental,unresolved,10.1021_acs.chemmater.2c01154-F9b-54,8,8,"Figure 9. Effect of the H 2 flow ratio on the growth of other TMDCs at low temperatures. Raman spectra of (a) WS x (150 ° C) and (b) TiS x (100 ° C) films grown using different H2 flow ratios. The peaks have been labeled based on refs 82 -84 (Sh = shoulder, a TiS2 mode commonly observed but has not ","highly S-rich (WS4.0 by XPS), amorphous, and highly resistive similar to the MoS 2 films deposited under analogous conditions. Increasing the H 2 flow ratio to 0.80 at 150 ° C resulted in crystalline WS 2.1 films with a resistivity of 4 Ω cm (Raman spectra in Figure 9a, other characterization in Sec",,,discrete_experimental_sweep,corroborated,multi_signal(3 families),"['F', 'M', 'Me', 'R', 'X']","M: l as a schematic (Figure S19) and supplementary discussion (Se | Me: C, 140 ALD cycles). (b) Raman spectra and ex situ SE thicknesses illustrating crystallinity and accurate thickness control | R: Effect of the H 2 flow","{""discrete_experimental_sweep"": 3, ""multi_output_measurement"": 3}","{""axis_role_coordinate"": false, ""n_source_points"": 22, ""granularity"": ""unresolved""}",[],[],,,,,,,,,H2 flow ratio,Thermal ALD,10.1021_acs.chemmater.2c01154::F9::b::Thermal ALD
10.1021_acs.chemmater.2c01154|18|9|b|0|primary,10.1021_acs.chemmater.2c01154,18,9,b,0,primary,1,17,Raman shift,intensity,arb. units,experimental,unresolved,10.1021_acs.chemmater.2c01154-F9b-55,8,8,"Figure 9. Effect of the H 2 flow ratio on the growth of other TMDCs at low temperatures. Raman spectra of (a) WS x (150 ° C) and (b) TiS x (100 ° C) films grown using different H2 flow ratios. The peaks have been labeled based on refs 82 -84 (Sh = shoulder, a TiS2 mode commonly observed but has not ","highly S-rich (WS4.0 by XPS), amorphous, and highly resistive similar to the MoS 2 films deposited under analogous conditions. Increasing the H 2 flow ratio to 0.80 at 150 ° C resulted in crystalline WS 2.1 films with a resistivity of 4 Ω cm (Raman spectra in Figure 9a, other characterization in Sec",,,discrete_experimental_sweep,corroborated,multi_signal(4 families),"['F', 'M', 'Me', 'R', 'X']","M: l as a schematic (Figure S19) and supplementary discussion (Se | Me: C, 140 ALD cycles). (b) Raman spectra and ex situ SE thicknesses illustrating crystallinity and accurate thickness control | R: Effect of the H 2 flow | X: series_axis 'H2 flow ratio' with numeric label '0'","{""discrete_experimental_sweep"": 4, ""multi_output_measurement"": 3}","{""axis_role_coordinate"": false, ""n_source_points"": 17, ""granularity"": ""unresolved""}",[],[],,,,,,,,,H2 flow ratio,0,10.1021_acs.chemmater.2c01154::F9::b::0
10.1021_acs.chemmater.2c02292|1|1|a|<single>|primary,10.1021_acs.chemmater.2c02292,1,1,a,<single>,primary,5,5,pulse_time,growth_per_cycle,nm/cycle,experimental,single,10.1021_acs.chemmater.2c02292-1a-S0-P000;10.1021_acs.chemmater.2c02292-1a-S0-P001;10.1021_acs.chemmater.2c02292-1a-S0-P002;10.1021_acs.chemmater.2c02292-1a-S0-P003;10.1021_acs.chemmater.2c02292-1a-S0-P004,10,8,"Figure 1: ALD characteristics: a) Growth per cycle (GPC) as a function of RuO4 pulse time, using a fixed pulse time of 25s for methanol. b) GPC as a function of methanol pulse time, with the RuO4 pulse time kept fixed at 40s. c) Temperature window of the ALD process showing the growth per cycle as a","istics of the RuO2 ALD process

The  self-limiting  behavior  of  the  two  reactions  is  an  important  aspect  of  an  ALD process. Saturation experiments for the RuO4-methanol process were performed on Si-H substrates at a substrate temperature of 100 °C. Figure 1a and 1b show the saturation cur",,,discrete_experimental_sweep,corroborated,multi_signal(2 families),"['F', 'M', 'R']","M: le as a function of substrate temperature, as obtained from XRR. Note that for the data points with error bars, the mean of the data points mea | M: 0 °C (Inset: schematic illustration of the ALD process). e) Cross-sectional SEM image of the RuO2 coated micropillars indicating the different depths whe | R: saturation curves","{""discrete_experimental_sweep"": 3}","{""axis_role_coordinate"": false, ""n_source_points"": 5, ""granularity"": ""single""}","[{""quantity_type"": ""base_pressure"", ""symbol"": null, ""value"": ""-6"", ""unit"": ""mbar"", ""species"": null, ""reactant_role"": null, ""assertion_status"": ""direct"", ""scope"": ""paper"", ""source"": ""methods"", ""evidence"": ""valve, such that a base pressure of 10 -6 mbar is achieved. The sample is heated inside the chamber with a resistive heater. A solution of R""}, {""quantity_type"": ""generic_pressure"", ""symbol"": null, ""value"": ""4 × 10 -3"", ""unit"": ""mbar"", ""species"": null, ""reactant_role"": null, ""assertion_status"": ""direct"", ""scope"": ""paper"", ""source"": ""methods"", ""evidence"": ""sed the reactor pressure to increase to 4 × 10 -3 mbar. Hterminated Si (Si-H) substrates were obtained by dipping Si with native oxide in a ""}]",[],paper,resolved,4 × 10 -3,mbar,generic_pressure,4 × 10 -3 mbar (generic_pressure),,,,,10.1021_acs.chemmater.2c02292::F1::a::<single>
10.1021_acs.chemmater.2c02292|1|1|b|<single>|primary,10.1021_acs.chemmater.2c02292,1,1,b,<single>,primary,5,5,pulse_time,growth_per_cycle,Å,experimental,single,10.1021_acs.chemmater.2c02292-1b-S1-P000;10.1021_acs.chemmater.2c02292-1b-S1-P001;10.1021_acs.chemmater.2c02292-1b-S1-P002;10.1021_acs.chemmater.2c02292-1b-S1-P003;10.1021_acs.chemmater.2c02292-1b-S1-P004,10,8,"Figure 1: ALD characteristics: a) Growth per cycle (GPC) as a function of RuO4 pulse time, using a fixed pulse time of 25s for methanol. b) GPC as a function of methanol pulse time, with the RuO4 pulse time kept fixed at 40s. c) Temperature window of the ALD process showing the growth per cycle as a","istics of the RuO2 ALD process

The  self-limiting  behavior  of  the  two  reactions  is  an  important  aspect  of  an  ALD process. Saturation experiments for the RuO4-methanol process were performed on Si-H substrates at a substrate temperature of 100 °C. Figure 1a and 1b show the saturation cur",,,discrete_experimental_sweep,corroborated,multi_signal(2 families),"['F', 'M', 'R']","M: le as a function of substrate temperature, as obtained from XRR. Note that for the data points with error bars, the mean of the data points mea | M: 0 °C (Inset: schematic illustration of the ALD process). e) Cross-sectional SEM image of the RuO2 coated micropillars indicating the different depths whe | R: saturation curves","{""discrete_experimental_sweep"": 3}","{""axis_role_coordinate"": false, ""n_source_points"": 5, ""granularity"": ""single""}","[{""quantity_type"": ""base_pressure"", ""symbol"": null, ""value"": ""-6"", ""unit"": ""mbar"", ""species"": null, ""reactant_role"": null, ""assertion_status"": ""direct"", ""scope"": ""paper"", ""source"": ""methods"", ""evidence"": ""valve, such that a base pressure of 10 -6 mbar is achieved. The sample is heated inside the chamber with a resistive heater. A solution of R""}, {""quantity_type"": ""generic_pressure"", ""symbol"": null, ""value"": ""4 × 10 -3"", ""unit"": ""mbar"", ""species"": null, ""reactant_role"": null, ""assertion_status"": ""direct"", ""scope"": ""paper"", ""source"": ""methods"", ""evidence"": ""sed the reactor pressure to increase to 4 × 10 -3 mbar. Hterminated Si (Si-H) substrates were obtained by dipping Si with native oxide in a ""}]",[],paper,resolved,4 × 10 -3,mbar,generic_pressure,4 × 10 -3 mbar (generic_pressure),,,,,10.1021_acs.chemmater.2c02292::F1::b::<single>
10.1021_acs.chemmater.2c02292|1|1|c|<single>|primary,10.1021_acs.chemmater.2c02292,1,1,c,<single>,primary,4,4,deposition_temperature,growth_per_cycle,Å,experimental,single,10.1021_acs.chemmater.2c02292-1c-S2-P000;10.1021_acs.chemmater.2c02292-1c-S2-P001;10.1021_acs.chemmater.2c02292-1c-S2-P002;10.1021_acs.chemmater.2c02292-1c-S2-P003,10,8,"Figure 1: ALD characteristics: a) Growth per cycle (GPC) as a function of RuO4 pulse time, using a fixed pulse time of 25s for methanol. b) GPC as a function of methanol pulse time, with the RuO4 pulse time kept fixed at 40s. c) Temperature window of the ALD process showing the growth per cycle as a","istics of the RuO2 ALD process

The  self-limiting  behavior  of  the  two  reactions  is  an  important  aspect  of  an  ALD process. Saturation experiments for the RuO4-methanol process were performed on Si-H substrates at a substrate temperature of 100 °C. Figure 1a and 1b show the saturation cur",,,discrete_experimental_sweep,corroborated,multi_signal(2 families),"['F', 'M', 'R']","M: le as a function of substrate temperature, as obtained from XRR. Note that for the data points with error bars, the mean of the data points mea | M: 0 °C (Inset: schematic illustration of the ALD process). e) Cross-sectional SEM image of the RuO2 coated micropillars indicating the different depths whe | R: saturation curves","{""discrete_experimental_sweep"": 3}","{""axis_role_coordinate"": false, ""n_source_points"": 4, ""granularity"": ""single""}","[{""quantity_type"": ""base_pressure"", ""symbol"": null, ""value"": ""-6"", ""unit"": ""mbar"", ""species"": null, ""reactant_role"": null, ""assertion_status"": ""direct"", ""scope"": ""paper"", ""source"": ""methods"", ""evidence"": ""valve, such that a base pressure of 10 -6 mbar is achieved. The sample is heated inside the chamber with a resistive heater. A solution of R""}, {""quantity_type"": ""generic_pressure"", ""symbol"": null, ""value"": ""4 × 10 -3"", ""unit"": ""mbar"", ""species"": null, ""reactant_role"": null, ""assertion_status"": ""direct"", ""scope"": ""paper"", ""source"": ""methods"", ""evidence"": ""sed the reactor pressure to increase to 4 × 10 -3 mbar. Hterminated Si (Si-H) substrates were obtained by dipping Si with native oxide in a ""}]",[],paper,resolved,4 × 10 -3,mbar,generic_pressure,4 × 10 -3 mbar (generic_pressure),,,,,10.1021_acs.chemmater.2c02292::F1::c::<single>
10.1021_acs.chemmater.2c02292|1|1|d|Si-H|primary,10.1021_acs.chemmater.2c02292,1,1,d,Si-H,primary,6,6,cycle_number,film_thickness,nm,experimental,single,10.1021_acs.chemmater.2c02292-1d-S3-P000;10.1021_acs.chemmater.2c02292-1d-S3-P001;10.1021_acs.chemmater.2c02292-1d-S3-P002;10.1021_acs.chemmater.2c02292-1d-S3-P003;10.1021_acs.chemmater.2c02292-1d-S3-P004;10.1021_acs.chemmater.2c02292-1d-S3-P005,10,8,"Figure 1: ALD characteristics: a) Growth per cycle (GPC) as a function of RuO4 pulse time, using a fixed pulse time of 25s for methanol. b) GPC as a function of methanol pulse time, with the RuO4 pulse time kept fixed at 40s. c) Temperature window of the ALD process showing the growth per cycle as a","istics of the RuO2 ALD process

The  self-limiting  behavior  of  the  two  reactions  is  an  important  aspect  of  an  ALD process. Saturation experiments for the RuO4-methanol process were performed on Si-H substrates at a substrate temperature of 100 °C. Figure 1a and 1b show the saturation cur",,,discrete_experimental_sweep,corroborated,multi_signal(2 families),"['F', 'M', 'R', 'X']","M: le as a function of substrate temperature, as obtained from XRR. Note that for the data points with error bars, the mean of the data points mea | M: 0 °C (Inset: schematic illustration of the ALD process). e) Cross-sectional SEM image of the RuO2 coated micropillars indicating the different depths whe | R: saturation curves","{""discrete_experimental_sweep"": 3}","{""axis_role_coordinate"": false, ""n_source_points"": 6, ""granularity"": ""single""}","[{""quantity_type"": ""base_pressure"", ""symbol"": null, ""value"": ""-6"", ""unit"": ""mbar"", ""species"": null, ""reactant_role"": null, ""assertion_status"": ""direct"", ""scope"": ""paper"", ""source"": ""methods"", ""evidence"": ""valve, such that a base pressure of 10 -6 mbar is achieved. The sample is heated inside the chamber with a resistive heater. A solution of R""}, {""quantity_type"": ""generic_pressure"", ""symbol"": null, ""value"": ""4 × 10 -3"", ""unit"": ""mbar"", ""species"": null, ""reactant_role"": null, ""assertion_status"": ""direct"", ""scope"": ""paper"", ""source"": ""methods"", ""evidence"": ""sed the reactor pressure to increase to 4 × 10 -3 mbar. Hterminated Si (Si-H) substrates were obtained by dipping Si with native oxide in a ""}]",[],paper,resolved,4 × 10 -3,mbar,generic_pressure,4 × 10 -3 mbar (generic_pressure),,,substrate,Si-H,10.1021_acs.chemmater.2c02292::F1::d::Si-H
10.1021_acs.chemmater.2c02292|1|1|d|Si with native oxide|primary,10.1021_acs.chemmater.2c02292,1,1,d,Si with native oxide,primary,4,4,cycle_number,film_thickness,nm,experimental,single,10.1021_acs.chemmater.2c02292-1d-S4-P000;10.1021_acs.chemmater.2c02292-1d-S4-P001;10.1021_acs.chemmater.2c02292-1d-S4-P002;10.1021_acs.chemmater.2c02292-1d-S4-P003,10,8,"Figure 1: ALD characteristics: a) Growth per cycle (GPC) as a function of RuO4 pulse time, using a fixed pulse time of 25s for methanol. b) GPC as a function of methanol pulse time, with the RuO4 pulse time kept fixed at 40s. c) Temperature window of the ALD process showing the growth per cycle as a","istics of the RuO2 ALD process

The  self-limiting  behavior  of  the  two  reactions  is  an  important  aspect  of  an  ALD process. Saturation experiments for the RuO4-methanol process were performed on Si-H substrates at a substrate temperature of 100 °C. Figure 1a and 1b show the saturation cur",,,discrete_experimental_sweep,corroborated,multi_signal(2 families),"['F', 'M', 'R', 'X']","M: le as a function of substrate temperature, as obtained from XRR. Note that for the data points with error bars, the mean of the data points mea | M: 0 °C (Inset: schematic illustration of the ALD process). e) Cross-sectional SEM image of the RuO2 coated micropillars indicating the different depths whe | R: saturation curves","{""discrete_experimental_sweep"": 3}","{""axis_role_coordinate"": false, ""n_source_points"": 4, ""granularity"": ""single""}","[{""quantity_type"": ""base_pressure"", ""symbol"": null, ""value"": ""-6"", ""unit"": ""mbar"", ""species"": null, ""reactant_role"": null, ""assertion_status"": ""direct"", ""scope"": ""paper"", ""source"": ""methods"", ""evidence"": ""valve, such that a base pressure of 10 -6 mbar is achieved. The sample is heated inside the chamber with a resistive heater. A solution of R""}, {""quantity_type"": ""generic_pressure"", ""symbol"": null, ""value"": ""4 × 10 -3"", ""unit"": ""mbar"", ""species"": null, ""reactant_role"": null, ""assertion_status"": ""direct"", ""scope"": ""paper"", ""source"": ""methods"", ""evidence"": ""sed the reactor pressure to increase to 4 × 10 -3 mbar. Hterminated Si (Si-H) substrates were obtained by dipping Si with native oxide in a ""}]",[],paper,resolved,4 × 10 -3,mbar,generic_pressure,4 × 10 -3 mbar (generic_pressure),,,substrate,Si with native oxide,10.1021_acs.chemmater.2c02292::F1::d::Si with native oxide
10.1021_acs.chemmater.2c02292|1|1|f|<single>|primary,10.1021_acs.chemmater.2c02292,1,1,f,<single>,primary,1,6,spatial_coordinate,Ru L intensity,a.u.,experimental,profile,10.1021_acs.chemmater.2c02292-F1f-5,10,8,"Figure 1: ALD characteristics: a) Growth per cycle (GPC) as a function of RuO4 pulse time, using a fixed pulse time of 25s for methanol. b) GPC as a function of methanol pulse time, with the RuO4 pulse time kept fixed at 40s. c) Temperature window of the ALD process showing the growth per cycle as a","istics of the RuO2 ALD process

The  self-limiting  behavior  of  the  two  reactions  is  an  important  aspect  of  an  ALD process. Saturation experiments for the RuO4-methanol process were performed on Si-H substrates at a substrate temperature of 100 °C. Figure 1a and 1b show the saturation cur",,,experimental_profile,corroborated,coordinate_axis_gate(3 families),"['F', 'M', 'R']","X: x axis 'spatial_coordinate' is a spatial coordinate; the curve is one specimen's profile | M: le as a function of substrate temperature, as obtained from XRR. Note that for the data points with error bars, the mean of the data points mea | M: 0 °C (Inset: schematic illustration of the ALD process). e) Cross-sectional SEM image of the RuO2 coated micropillars indicating the different depths whe ","{""discrete_experimental_sweep"": 3, ""experimental_profile"": 1}","{""axis_role_coordinate"": true, ""n_source_points"": 6, ""granularity"": ""profile""}","[{""quantity_type"": ""base_pressure"", ""symbol"": null, ""value"": ""-6"", ""unit"": ""mbar"", ""species"": null, ""reactant_role"": null, ""assertion_status"": ""direct"", ""scope"": ""paper"", ""source"": ""methods"", ""evidence"": ""valve, such that a base pressure of 10 -6 mbar is achieved. The sample is heated inside the chamber with a resistive heater. A solution of R""}, {""quantity_type"": ""generic_pressure"", ""symbol"": null, ""value"": ""4 × 10 -3"", ""unit"": ""mbar"", ""species"": null, ""reactant_role"": null, ""assertion_status"": ""direct"", ""scope"": ""paper"", ""source"": ""methods"", ""evidence"": ""sed the reactor pressure to increase to 4 × 10 -3 mbar. Hterminated Si (Si-H) substrates were obtained by dipping Si with native oxide in a ""}]",[],paper,resolved,4 × 10 -3,mbar,generic_pressure,4 × 10 -3 mbar (generic_pressure),,,,,10.1021_acs.chemmater.2c02292::F1::f::<single>
10.1021_acs.chemmater.2c02292|2|2|a|Ru metal (RuO4-H2)|primary,10.1021_acs.chemmater.2c02292,2,2,a,Ru metal (RuO4-H2),primary,1,22,Binding energy,intensity,CPS,experimental,unresolved,10.1021_acs.chemmater.2c02292-F2a-6,12,11,"Figure 2: a) Comparison of the in vacuo XPS spectra in the Ru 3d region for metallic Ru (RuO4-H2 ALD process) 58 , and RuO2 (RuO4-methanol process, this work). b) and c) XPS peak deconvolution of the Ru 3d and O 1s signals, respectively for the RuO4methanol process.","gnal  from  the substrate is visible as the films have a thickness of about 2 nm, which is below the information depth for XPS. 80  Inspection of the Ru 3d XPS spectra clearly indicates differences  in  binding  energy  and  shape  between  the  two  films  ( Figure  2a) .  For metallic Ru, the Ru 3",,,multi_output_measurement,corroborated,multi_signal(2 families),"['F', 'M', 'X']","M: Figure 2: a) Comparison of the in vacuo XPS spectra in the Ru 3d region for metallic Ru (RuO4-H2 ALD process) 58 , and RuO2 | X: x axis 'Binding energy' is a measurement coordinate, not a prepared condition","{""multi_output_measurement"": 2}","{""axis_role_coordinate"": false, ""n_source_points"": 22, ""granularity"": ""unresolved""}","[{""quantity_type"": ""base_pressure"", ""symbol"": null, ""value"": ""-6"", ""unit"": ""mbar"", ""species"": null, ""reactant_role"": null, ""assertion_status"": ""direct"", ""scope"": ""paper"", ""source"": ""methods"", ""evidence"": ""valve, such that a base pressure of 10 -6 mbar is achieved. The sample is heated inside the chamber with a resistive heater. A solution of R""}, {""quantity_type"": ""generic_pressure"", ""symbol"": null, ""value"": ""4 × 10 -3"", ""unit"": ""mbar"", ""species"": null, ""reactant_role"": null, ""assertion_status"": ""direct"", ""scope"": ""paper"", ""source"": ""methods"", ""evidence"": ""sed the reactor pressure to increase to 4 × 10 -3 mbar. Hterminated Si (Si-H) substrates were obtained by dipping Si with native oxide in a ""}]",[],paper,resolved,4 × 10 -3,mbar,generic_pressure,4 × 10 -3 mbar (generic_pressure),,,process,Ru metal (RuO4-H2),10.1021_acs.chemmater.2c02292::F2::a::Ru metal (RuO4-H2)
10.1021_acs.chemmater.2c02292|2|2|a|RuO2 (RuO4-methanol)|primary,10.1021_acs.chemmater.2c02292,2,2,a,RuO2 (RuO4-methanol),primary,1,17,Binding energy,intensity,CPS,experimental,unresolved,10.1021_acs.chemmater.2c02292-F2a-7,12,11,"Figure 2: a) Comparison of the in vacuo XPS spectra in the Ru 3d region for metallic Ru (RuO4-H2 ALD process) 58 , and RuO2 (RuO4-methanol process, this work). b) and c) XPS peak deconvolution of the Ru 3d and O 1s signals, respectively for the RuO4methanol process.","gnal  from  the substrate is visible as the films have a thickness of about 2 nm, which is below the information depth for XPS. 80  Inspection of the Ru 3d XPS spectra clearly indicates differences  in  binding  energy  and  shape  between  the  two  films  ( Figure  2a) .  For metallic Ru, the Ru 3",,,multi_output_measurement,corroborated,multi_signal(2 families),"['F', 'M', 'X']","M: Figure 2: a) Comparison of the in vacuo XPS spectra in the Ru 3d region for metallic Ru (RuO4-H2 ALD process) 58 , and RuO2 | X: x axis 'Binding energy' is a measurement coordinate, not a prepared condition","{""multi_output_measurement"": 2}","{""axis_role_coordinate"": false, ""n_source_points"": 17, ""granularity"": ""unresolved""}","[{""quantity_type"": ""base_pressure"", ""symbol"": null, ""value"": ""-6"", ""unit"": ""mbar"", ""species"": null, ""reactant_role"": null, ""assertion_status"": ""direct"", ""scope"": ""paper"", ""source"": ""methods"", ""evidence"": ""valve, such that a base pressure of 10 -6 mbar is achieved. The sample is heated inside the chamber with a resistive heater. A solution of R""}, {""quantity_type"": ""generic_pressure"", ""symbol"": null, ""value"": ""4 × 10 -3"", ""unit"": ""mbar"", ""species"": null, ""reactant_role"": null, ""assertion_status"": ""direct"", ""scope"": ""paper"", ""source"": ""methods"", ""evidence"": ""sed the reactor pressure to increase to 4 × 10 -3 mbar. Hterminated Si (Si-H) substrates were obtained by dipping Si with native oxide in a ""}]",[],paper,resolved,4 × 10 -3,mbar,generic_pressure,4 × 10 -3 mbar (generic_pressure),,,process,RuO2 (RuO4-methanol),10.1021_acs.chemmater.2c02292::F2::a::RuO2 (RuO4-methanol)
10.1021_acs.chemmater.2c02292|2|2|b|Ru 3d5/2|primary,10.1021_acs.chemmater.2c02292,2,2,b,Ru 3d5/2,primary,1,10,Binding energy,intensity,CPS,experimental,unresolved,10.1021_acs.chemmater.2c02292-F2b-8,12,11,"Figure 2: a) Comparison of the in vacuo XPS spectra in the Ru 3d region for metallic Ru (RuO4-H2 ALD process) 58 , and RuO2 (RuO4-methanol process, this work). b) and c) XPS peak deconvolution of the Ru 3d and O 1s signals, respectively for the RuO4methanol process.","gnal  from  the substrate is visible as the films have a thickness of about 2 nm, which is below the information depth for XPS. 80  Inspection of the Ru 3d XPS spectra clearly indicates differences  in  binding  energy  and  shape  between  the  two  films  ( Figure  2a) .  For metallic Ru, the Ru 3",,,multi_output_measurement,corroborated,multi_signal(2 families),"['F', 'M', 'X']","M: Figure 2: a) Comparison of the in vacuo XPS spectra in the Ru 3d region for metallic Ru (RuO4-H2 ALD process) 58 , and RuO2 | X: x axis 'Binding energy' is a measurement coordinate, not a prepared condition","{""multi_output_measurement"": 2}","{""axis_role_coordinate"": false, ""n_source_points"": 10, ""granularity"": ""unresolved""}","[{""quantity_type"": ""base_pressure"", ""symbol"": null, ""value"": ""-6"", ""unit"": ""mbar"", ""species"": null, ""reactant_role"": null, ""assertion_status"": ""direct"", ""scope"": ""paper"", ""source"": ""methods"", ""evidence"": ""valve, such that a base pressure of 10 -6 mbar is achieved. The sample is heated inside the chamber with a resistive heater. A solution of R""}, {""quantity_type"": ""generic_pressure"", ""symbol"": null, ""value"": ""4 × 10 -3"", ""unit"": ""mbar"", ""species"": null, ""reactant_role"": null, ""assertion_status"": ""direct"", ""scope"": ""paper"", ""source"": ""methods"", ""evidence"": ""sed the reactor pressure to increase to 4 × 10 -3 mbar. Hterminated Si (Si-H) substrates were obtained by dipping Si with native oxide in a ""}]",[],paper,resolved,4 × 10 -3,mbar,generic_pressure,4 × 10 -3 mbar (generic_pressure),,,peak component,Ru 3d5/2,10.1021_acs.chemmater.2c02292::F2::b::Ru 3d5/2
10.1021_acs.chemmater.2c02292|2|2|b|Ru 3d5/2 satellite|primary,10.1021_acs.chemmater.2c02292,2,2,b,Ru 3d5/2 satellite,primary,1,7,Binding energy,intensity,CPS,experimental,unresolved,10.1021_acs.chemmater.2c02292-F2b-9,12,11,"Figure 2: a) Comparison of the in vacuo XPS spectra in the Ru 3d region for metallic Ru (RuO4-H2 ALD process) 58 , and RuO2 (RuO4-methanol process, this work). b) and c) XPS peak deconvolution of the Ru 3d and O 1s signals, respectively for the RuO4methanol process.","gnal  from  the substrate is visible as the films have a thickness of about 2 nm, which is below the information depth for XPS. 80  Inspection of the Ru 3d XPS spectra clearly indicates differences  in  binding  energy  and  shape  between  the  two  films  ( Figure  2a) .  For metallic Ru, the Ru 3",,,multi_output_measurement,corroborated,multi_signal(2 families),"['F', 'M', 'X']","M: Figure 2: a) Comparison of the in vacuo XPS spectra in the Ru 3d region for metallic Ru (RuO4-H2 ALD process) 58 , and RuO2 | X: x axis 'Binding energy' is a measurement coordinate, not a prepared condition","{""multi_output_measurement"": 2}","{""axis_role_coordinate"": false, ""n_source_points"": 7, ""granularity"": ""unresolved""}","[{""quantity_type"": ""base_pressure"", ""symbol"": null, ""value"": ""-6"", ""unit"": ""mbar"", ""species"": null, ""reactant_role"": null, ""assertion_status"": ""direct"", ""scope"": ""paper"", ""source"": ""methods"", ""evidence"": ""valve, such that a base pressure of 10 -6 mbar is achieved. The sample is heated inside the chamber with a resistive heater. A solution of R""}, {""quantity_type"": ""generic_pressure"", ""symbol"": null, ""value"": ""4 × 10 -3"", ""unit"": ""mbar"", ""species"": null, ""reactant_role"": null, ""assertion_status"": ""direct"", ""scope"": ""paper"", ""source"": ""methods"", ""evidence"": ""sed the reactor pressure to increase to 4 × 10 -3 mbar. Hterminated Si (Si-H) substrates were obtained by dipping Si with native oxide in a ""}]",[],paper,resolved,4 × 10 -3,mbar,generic_pressure,4 × 10 -3 mbar (generic_pressure),,,peak component,Ru 3d5/2 satellite,10.1021_acs.chemmater.2c02292::F2::b::Ru 3d5/2 satellite
10.1021_acs.chemmater.2c02292|2|2|b|Ru 3d3/2|primary,10.1021_acs.chemmater.2c02292,2,2,b,Ru 3d3/2,primary,1,9,Binding energy,intensity,CPS,experimental,unresolved,10.1021_acs.chemmater.2c02292-F2b-10,12,11,"Figure 2: a) Comparison of the in vacuo XPS spectra in the Ru 3d region for metallic Ru (RuO4-H2 ALD process) 58 , and RuO2 (RuO4-methanol process, this work). b) and c) XPS peak deconvolution of the Ru 3d and O 1s signals, respectively for the RuO4methanol process.","gnal  from  the substrate is visible as the films have a thickness of about 2 nm, which is below the information depth for XPS. 80  Inspection of the Ru 3d XPS spectra clearly indicates differences  in  binding  energy  and  shape  between  the  two  films  ( Figure  2a) .  For metallic Ru, the Ru 3",,,multi_output_measurement,corroborated,multi_signal(2 families),"['F', 'M', 'X']","M: Figure 2: a) Comparison of the in vacuo XPS spectra in the Ru 3d region for metallic Ru (RuO4-H2 ALD process) 58 , and RuO2 | X: x axis 'Binding energy' is a measurement coordinate, not a prepared condition","{""multi_output_measurement"": 2}","{""axis_role_coordinate"": false, ""n_source_points"": 9, ""granularity"": ""unresolved""}","[{""quantity_type"": ""base_pressure"", ""symbol"": null, ""value"": ""-6"", ""unit"": ""mbar"", ""species"": null, ""reactant_role"": null, ""assertion_status"": ""direct"", ""scope"": ""paper"", ""source"": ""methods"", ""evidence"": ""valve, such that a base pressure of 10 -6 mbar is achieved. The sample is heated inside the chamber with a resistive heater. A solution of R""}, {""quantity_type"": ""generic_pressure"", ""symbol"": null, ""value"": ""4 × 10 -3"", ""unit"": ""mbar"", ""species"": null, ""reactant_role"": null, ""assertion_status"": ""direct"", ""scope"": ""paper"", ""source"": ""methods"", ""evidence"": ""sed the reactor pressure to increase to 4 × 10 -3 mbar. Hterminated Si (Si-H) substrates were obtained by dipping Si with native oxide in a ""}]",[],paper,resolved,4 × 10 -3,mbar,generic_pressure,4 × 10 -3 mbar (generic_pressure),,,peak component,Ru 3d3/2,10.1021_acs.chemmater.2c02292::F2::b::Ru 3d3/2
10.1021_acs.chemmater.2c02292|2|2|b|Ru 3d3/2 satellite|primary,10.1021_acs.chemmater.2c02292,2,2,b,Ru 3d3/2 satellite,primary,1,6,Binding energy,intensity,CPS,experimental,unresolved,10.1021_acs.chemmater.2c02292-F2b-11,12,11,"Figure 2: a) Comparison of the in vacuo XPS spectra in the Ru 3d region for metallic Ru (RuO4-H2 ALD process) 58 , and RuO2 (RuO4-methanol process, this work). b) and c) XPS peak deconvolution of the Ru 3d and O 1s signals, respectively for the RuO4methanol process.","gnal  from  the substrate is visible as the films have a thickness of about 2 nm, which is below the information depth for XPS. 80  Inspection of the Ru 3d XPS spectra clearly indicates differences  in  binding  energy  and  shape  between  the  two  films  ( Figure  2a) .  For metallic Ru, the Ru 3",,,multi_output_measurement,corroborated,multi_signal(2 families),"['F', 'M', 'X']","M: Figure 2: a) Comparison of the in vacuo XPS spectra in the Ru 3d region for metallic Ru (RuO4-H2 ALD process) 58 , and RuO2 | X: x axis 'Binding energy' is a measurement coordinate, not a prepared condition","{""multi_output_measurement"": 2}","{""axis_role_coordinate"": false, ""n_source_points"": 6, ""granularity"": ""unresolved""}","[{""quantity_type"": ""base_pressure"", ""symbol"": null, ""value"": ""-6"", ""unit"": ""mbar"", ""species"": null, ""reactant_role"": null, ""assertion_status"": ""direct"", ""scope"": ""paper"", ""source"": ""methods"", ""evidence"": ""valve, such that a base pressure of 10 -6 mbar is achieved. The sample is heated inside the chamber with a resistive heater. A solution of R""}, {""quantity_type"": ""generic_pressure"", ""symbol"": null, ""value"": ""4 × 10 -3"", ""unit"": ""mbar"", ""species"": null, ""reactant_role"": null, ""assertion_status"": ""direct"", ""scope"": ""paper"", ""source"": ""methods"", ""evidence"": ""sed the reactor pressure to increase to 4 × 10 -3 mbar. Hterminated Si (Si-H) substrates were obtained by dipping Si with native oxide in a ""}]",[],paper,resolved,4 × 10 -3,mbar,generic_pressure,4 × 10 -3 mbar (generic_pressure),,,peak component,Ru 3d3/2 satellite,10.1021_acs.chemmater.2c02292::F2::b::Ru 3d3/2 satellite
10.1021_acs.chemmater.2c02292|2|2|b|C 1s|primary,10.1021_acs.chemmater.2c02292,2,2,b,C 1s,primary,1,5,Binding energy,intensity,CPS,experimental,unresolved,10.1021_acs.chemmater.2c02292-F2b-12,12,11,"Figure 2: a) Comparison of the in vacuo XPS spectra in the Ru 3d region for metallic Ru (RuO4-H2 ALD process) 58 , and RuO2 (RuO4-methanol process, this work). b) and c) XPS peak deconvolution of the Ru 3d and O 1s signals, respectively for the RuO4methanol process.","gnal  from  the substrate is visible as the films have a thickness of about 2 nm, which is below the information depth for XPS. 80  Inspection of the Ru 3d XPS spectra clearly indicates differences  in  binding  energy  and  shape  between  the  two  films  ( Figure  2a) .  For metallic Ru, the Ru 3",,,multi_output_measurement,corroborated,multi_signal(2 families),"['F', 'M', 'X']","M: Figure 2: a) Comparison of the in vacuo XPS spectra in the Ru 3d region for metallic Ru (RuO4-H2 ALD process) 58 , and RuO2 | X: x axis 'Binding energy' is a measurement coordinate, not a prepared condition","{""multi_output_measurement"": 2}","{""axis_role_coordinate"": false, ""n_source_points"": 5, ""granularity"": ""unresolved""}","[{""quantity_type"": ""base_pressure"", ""symbol"": null, ""value"": ""-6"", ""unit"": ""mbar"", ""species"": null, ""reactant_role"": null, ""assertion_status"": ""direct"", ""scope"": ""paper"", ""source"": ""methods"", ""evidence"": ""valve, such that a base pressure of 10 -6 mbar is achieved. The sample is heated inside the chamber with a resistive heater. A solution of R""}, {""quantity_type"": ""generic_pressure"", ""symbol"": null, ""value"": ""4 × 10 -3"", ""unit"": ""mbar"", ""species"": null, ""reactant_role"": null, ""assertion_status"": ""direct"", ""scope"": ""paper"", ""source"": ""methods"", ""evidence"": ""sed the reactor pressure to increase to 4 × 10 -3 mbar. Hterminated Si (Si-H) substrates were obtained by dipping Si with native oxide in a ""}]",[],paper,resolved,4 × 10 -3,mbar,generic_pressure,4 × 10 -3 mbar (generic_pressure),,,peak component,C 1s,10.1021_acs.chemmater.2c02292::F2::b::C 1s
10.1021_acs.chemmater.2c02292|2|2|c|O 1s|primary,10.1021_acs.chemmater.2c02292,2,2,c,O 1s,primary,1,8,Binding energy,intensity,CPS,experimental,unresolved,10.1021_acs.chemmater.2c02292-F2c-13,12,11,"Figure 2: a) Comparison of the in vacuo XPS spectra in the Ru 3d region for metallic Ru (RuO4-H2 ALD process) 58 , and RuO2 (RuO4-methanol process, this work). b) and c) XPS peak deconvolution of the Ru 3d and O 1s signals, respectively for the RuO4methanol process.","gnal  from  the substrate is visible as the films have a thickness of about 2 nm, which is below the information depth for XPS. 80  Inspection of the Ru 3d XPS spectra clearly indicates differences  in  binding  energy  and  shape  between  the  two  films  ( Figure  2a) .  For metallic Ru, the Ru 3",,,multi_output_measurement,corroborated,multi_signal(2 families),"['F', 'M', 'X']","M: Figure 2: a) Comparison of the in vacuo XPS spectra in the Ru 3d region for metallic Ru (RuO4-H2 ALD process) 58 , and RuO2 | X: x axis 'Binding energy' is a measurement coordinate, not a prepared condition","{""multi_output_measurement"": 2}","{""axis_role_coordinate"": false, ""n_source_points"": 8, ""granularity"": ""unresolved""}","[{""quantity_type"": ""base_pressure"", ""symbol"": null, ""value"": ""-6"", ""unit"": ""mbar"", ""species"": null, ""reactant_role"": null, ""assertion_status"": ""direct"", ""scope"": ""paper"", ""source"": ""methods"", ""evidence"": ""valve, such that a base pressure of 10 -6 mbar is achieved. The sample is heated inside the chamber with a resistive heater. A solution of R""}, {""quantity_type"": ""generic_pressure"", ""symbol"": null, ""value"": ""4 × 10 -3"", ""unit"": ""mbar"", ""species"": null, ""reactant_role"": null, ""assertion_status"": ""direct"", ""scope"": ""paper"", ""source"": ""methods"", ""evidence"": ""sed the reactor pressure to increase to 4 × 10 -3 mbar. Hterminated Si (Si-H) substrates were obtained by dipping Si with native oxide in a ""}]",[],paper,resolved,4 × 10 -3,mbar,generic_pressure,4 × 10 -3 mbar (generic_pressure),,,peak component,O 1s,10.1021_acs.chemmater.2c02292::F2::c::O 1s
10.1021_acs.chemmater.2c02292|2|2|c|OH|primary,10.1021_acs.chemmater.2c02292,2,2,c,OH,primary,1,7,Binding energy,intensity,CPS,experimental,unresolved,10.1021_acs.chemmater.2c02292-F2c-14,12,11,"Figure 2: a) Comparison of the in vacuo XPS spectra in the Ru 3d region for metallic Ru (RuO4-H2 ALD process) 58 , and RuO2 (RuO4-methanol process, this work). b) and c) XPS peak deconvolution of the Ru 3d and O 1s signals, respectively for the RuO4methanol process.","gnal  from  the substrate is visible as the films have a thickness of about 2 nm, which is below the information depth for XPS. 80  Inspection of the Ru 3d XPS spectra clearly indicates differences  in  binding  energy  and  shape  between  the  two  films  ( Figure  2a) .  For metallic Ru, the Ru 3",,,multi_output_measurement,corroborated,multi_signal(2 families),"['F', 'M', 'X']","M: Figure 2: a) Comparison of the in vacuo XPS spectra in the Ru 3d region for metallic Ru (RuO4-H2 ALD process) 58 , and RuO2 | X: x axis 'Binding energy' is a measurement coordinate, not a prepared condition","{""multi_output_measurement"": 2}","{""axis_role_coordinate"": false, ""n_source_points"": 7, ""granularity"": ""unresolved""}","[{""quantity_type"": ""base_pressure"", ""symbol"": null, ""value"": ""-6"", ""unit"": ""mbar"", ""species"": null, ""reactant_role"": null, ""assertion_status"": ""direct"", ""scope"": ""paper"", ""source"": ""methods"", ""evidence"": ""valve, such that a base pressure of 10 -6 mbar is achieved. The sample is heated inside the chamber with a resistive heater. A solution of R""}, {""quantity_type"": ""generic_pressure"", ""symbol"": null, ""value"": ""4 × 10 -3"", ""unit"": ""mbar"", ""species"": null, ""reactant_role"": null, ""assertion_status"": ""direct"", ""scope"": ""paper"", ""source"": ""methods"", ""evidence"": ""sed the reactor pressure to increase to 4 × 10 -3 mbar. Hterminated Si (Si-H) substrates were obtained by dipping Si with native oxide in a ""}]",[],paper,resolved,4 × 10 -3,mbar,generic_pressure,4 × 10 -3 mbar (generic_pressure),,,peak component,OH,10.1021_acs.chemmater.2c02292::F2::c::OH
10.1021_acs.chemmater.2c02292|3|3|a|Annealed in He|primary,10.1021_acs.chemmater.2c02292,3,3,a,Annealed in He,primary,1,41,2Θ,intensity,a.u.,experimental,unresolved,10.1021_acs.chemmater.2c02292-F3a-15,13,,"Figure 3: a) Lab-based ex situ X-ray diffractograms of as-deposited, He-annealed, and air-annealed RuO2 films with a thickness of 20 nm. b) and c) In situ XRD patterns acquired during the anneals in helium and air, respectively. d) 3D AFM images of an as-deposited 20 nm RuO2 film on a Si-H substrate","O4methanol process.

<!-- image -->

The  crystallinity  of  the  RuO2  films  was  investigated  by  various  X-ray  scattering methods. Conventional lab-based XRD measurements did not reveal any diffraction signal for as-deposited films of 20 nm thickness ( Figure 3a ), suggesting that the asdepos",,,continuous_trace,corroborated,multi_signal(2 families),"['F', 'M', 'R', 'X']","M: ir-annealed RuO2 films with a thickness of 20 nm. b) and c) In situ XRD patterns acquired during the anneals in helium and air, respectively. d) 3D | M: nt in the RuO2 thin films before and after crystallization, SIMS measurements were carried out and the results are presented in Figure S2 . SIM | R: monitored by","{""continuous_trace"": 3, ""multi_output_measurement"": 2}","{""axis_role_coordinate"": false, ""n_source_points"": 41, ""granularity"": ""unresolved""}","[{""quantity_type"": ""base_pressure"", ""symbol"": null, ""value"": ""-6"", ""unit"": ""mbar"", ""species"": null, ""reactant_role"": null, ""assertion_status"": ""direct"", ""scope"": ""paper"", ""source"": ""methods"", ""evidence"": ""valve, such that a base pressure of 10 -6 mbar is achieved. The sample is heated inside the chamber with a resistive heater. A solution of R""}, {""quantity_type"": ""generic_pressure"", ""symbol"": null, ""value"": ""4 × 10 -3"", ""unit"": ""mbar"", ""species"": null, ""reactant_role"": null, ""assertion_status"": ""direct"", ""scope"": ""paper"", ""source"": ""methods"", ""evidence"": ""sed the reactor pressure to increase to 4 × 10 -3 mbar. Hterminated Si (Si-H) substrates were obtained by dipping Si with native oxide in a ""}]",[],paper,resolved,4 × 10 -3,mbar,generic_pressure,4 × 10 -3 mbar (generic_pressure),,,annealing atmosphere,Annealed in He,10.1021_acs.chemmater.2c02292::F3::a::Annealed in He
10.1021_acs.chemmater.2c02292|3|3|a|Annealed in air|primary,10.1021_acs.chemmater.2c02292,3,3,a,Annealed in air,primary,1,41,2Θ,intensity,a.u.,experimental,unresolved,10.1021_acs.chemmater.2c02292-F3a-16,13,,"Figure 3: a) Lab-based ex situ X-ray diffractograms of as-deposited, He-annealed, and air-annealed RuO2 films with a thickness of 20 nm. b) and c) In situ XRD patterns acquired during the anneals in helium and air, respectively. d) 3D AFM images of an as-deposited 20 nm RuO2 film on a Si-H substrate","O4methanol process.

<!-- image -->

The  crystallinity  of  the  RuO2  films  was  investigated  by  various  X-ray  scattering methods. Conventional lab-based XRD measurements did not reveal any diffraction signal for as-deposited films of 20 nm thickness ( Figure 3a ), suggesting that the asdepos",,,continuous_trace,corroborated,multi_signal(2 families),"['F', 'M', 'R', 'X']","M: ir-annealed RuO2 films with a thickness of 20 nm. b) and c) In situ XRD patterns acquired during the anneals in helium and air, respectively. d) 3D | M: nt in the RuO2 thin films before and after crystallization, SIMS measurements were carried out and the results are presented in Figure S2 . SIM | R: monitored by","{""continuous_trace"": 3, ""multi_output_measurement"": 2}","{""axis_role_coordinate"": false, ""n_source_points"": 41, ""granularity"": ""unresolved""}","[{""quantity_type"": ""base_pressure"", ""symbol"": null, ""value"": ""-6"", ""unit"": ""mbar"", ""species"": null, ""reactant_role"": null, ""assertion_status"": ""direct"", ""scope"": ""paper"", ""source"": ""methods"", ""evidence"": ""valve, such that a base pressure of 10 -6 mbar is achieved. The sample is heated inside the chamber with a resistive heater. A solution of R""}, {""quantity_type"": ""generic_pressure"", ""symbol"": null, ""value"": ""4 × 10 -3"", ""unit"": ""mbar"", ""species"": null, ""reactant_role"": null, ""assertion_status"": ""direct"", ""scope"": ""paper"", ""source"": ""methods"", ""evidence"": ""sed the reactor pressure to increase to 4 × 10 -3 mbar. Hterminated Si (Si-H) substrates were obtained by dipping Si with native oxide in a ""}]",[],paper,resolved,4 × 10 -3,mbar,generic_pressure,4 × 10 -3 mbar (generic_pressure),,,annealing atmosphere,Annealed in air,10.1021_acs.chemmater.2c02292::F3::a::Annealed in air
10.1021_acs.chemmater.2c02292|3|3|a|As deposited|primary,10.1021_acs.chemmater.2c02292,3,3,a,As deposited,primary,1,41,2Θ,intensity,a.u.,experimental,unresolved,10.1021_acs.chemmater.2c02292-F3a-17,13,,"Figure 3: a) Lab-based ex situ X-ray diffractograms of as-deposited, He-annealed, and air-annealed RuO2 films with a thickness of 20 nm. b) and c) In situ XRD patterns acquired during the anneals in helium and air, respectively. d) 3D AFM images of an as-deposited 20 nm RuO2 film on a Si-H substrate","O4methanol process.

<!-- image -->

The  crystallinity  of  the  RuO2  films  was  investigated  by  various  X-ray  scattering methods. Conventional lab-based XRD measurements did not reveal any diffraction signal for as-deposited films of 20 nm thickness ( Figure 3a ), suggesting that the asdepos",,,continuous_trace,corroborated,multi_signal(2 families),"['F', 'M', 'R', 'X']","M: ir-annealed RuO2 films with a thickness of 20 nm. b) and c) In situ XRD patterns acquired during the anneals in helium and air, respectively. d) 3D | M: nt in the RuO2 thin films before and after crystallization, SIMS measurements were carried out and the results are presented in Figure S2 . SIM | R: monitored by","{""continuous_trace"": 3, ""multi_output_measurement"": 2}","{""axis_role_coordinate"": false, ""n_source_points"": 41, ""granularity"": ""unresolved""}","[{""quantity_type"": ""base_pressure"", ""symbol"": null, ""value"": ""-6"", ""unit"": ""mbar"", ""species"": null, ""reactant_role"": null, ""assertion_status"": ""direct"", ""scope"": ""paper"", ""source"": ""methods"", ""evidence"": ""valve, such that a base pressure of 10 -6 mbar is achieved. The sample is heated inside the chamber with a resistive heater. A solution of R""}, {""quantity_type"": ""generic_pressure"", ""symbol"": null, ""value"": ""4 × 10 -3"", ""unit"": ""mbar"", ""species"": null, ""reactant_role"": null, ""assertion_status"": ""direct"", ""scope"": ""paper"", ""source"": ""methods"", ""evidence"": ""sed the reactor pressure to increase to 4 × 10 -3 mbar. Hterminated Si (Si-H) substrates were obtained by dipping Si with native oxide in a ""}]",[],paper,resolved,4 × 10 -3,mbar,generic_pressure,4 × 10 -3 mbar (generic_pressure),,,annealing atmosphere,As deposited,10.1021_acs.chemmater.2c02292::F3::a::As deposited
10.1021_acs.chemmater.2c02292|4|4|c|Annealed|primary,10.1021_acs.chemmater.2c02292,4,4,c,Annealed,primary,38,38,site_density,intensity,a.u.,experimental,single,10.1021_acs.chemmater.2c02292-4c-S5-P000;10.1021_acs.chemmater.2c02292-4c-S5-P001;10.1021_acs.chemmater.2c02292-4c-S5-P002;10.1021_acs.chemmater.2c02292-4c-S5-P003;10.1021_acs.chemmater.2c02292-4c-S5-P004;10.1021_acs.chemmater.2c02292-4c-S5-P005 …+32,15,14,"Figure 4: a) and b) Synchrotron-based 2D GIWAXS patterns of a 50 nm as-deposited film and of the same film annealed in helium. c) Azimuthal integration of the GIWAXS data for the two films . d) and e) PDFs of the as-deposited and the annealed films, resulting from the grazing incidence total X-ray s",ncidence wide angle X-ray scattering (GIWAXS) measurements as well as grazing incidence total X-ray scattering measurements with pair distribution function  analysis  (GIPDF)  were  carried  out  for  50  nm  thick  films  before  and  after anneal in helium. Figure 4a and b show the 2D GIWAXS patte,,,unknown,insufficient_corroboration,only_one_signal_family(multi_output_measurement),"['F', 'M', 'X']",,"{""multi_output_measurement"": 2}","{""axis_role_coordinate"": false, ""n_source_points"": 38, ""granularity"": ""single""}","[{""quantity_type"": ""base_pressure"", ""symbol"": null, ""value"": ""-6"", ""unit"": ""mbar"", ""species"": null, ""reactant_role"": null, ""assertion_status"": ""direct"", ""scope"": ""paper"", ""source"": ""methods"", ""evidence"": ""valve, such that a base pressure of 10 -6 mbar is achieved. The sample is heated inside the chamber with a resistive heater. A solution of R""}, {""quantity_type"": ""generic_pressure"", ""symbol"": null, ""value"": ""4 × 10 -3"", ""unit"": ""mbar"", ""species"": null, ""reactant_role"": null, ""assertion_status"": ""direct"", ""scope"": ""paper"", ""source"": ""methods"", ""evidence"": ""sed the reactor pressure to increase to 4 × 10 -3 mbar. Hterminated Si (Si-H) substrates were obtained by dipping Si with native oxide in a ""}]",[],paper,resolved,4 × 10 -3,mbar,generic_pressure,4 × 10 -3 mbar (generic_pressure),,,sample state,Annealed,10.1021_acs.chemmater.2c02292::F4::c::Annealed
10.1021_acs.chemmater.2c02292|4|4|c|As deposited|primary,10.1021_acs.chemmater.2c02292,4,4,c,As deposited,primary,25,25,site_density,intensity,a.u.,experimental,single,10.1021_acs.chemmater.2c02292-4c-S6-P000;10.1021_acs.chemmater.2c02292-4c-S6-P001;10.1021_acs.chemmater.2c02292-4c-S6-P002;10.1021_acs.chemmater.2c02292-4c-S6-P003;10.1021_acs.chemmater.2c02292-4c-S6-P004;10.1021_acs.chemmater.2c02292-4c-S6-P005 …+19,15,14,"Figure 4: a) and b) Synchrotron-based 2D GIWAXS patterns of a 50 nm as-deposited film and of the same film annealed in helium. c) Azimuthal integration of the GIWAXS data for the two films . d) and e) PDFs of the as-deposited and the annealed films, resulting from the grazing incidence total X-ray s",ncidence wide angle X-ray scattering (GIWAXS) measurements as well as grazing incidence total X-ray scattering measurements with pair distribution function  analysis  (GIPDF)  were  carried  out  for  50  nm  thick  films  before  and  after anneal in helium. Figure 4a and b show the 2D GIWAXS patte,,,unknown,insufficient_corroboration,only_one_signal_family(multi_output_measurement),"['F', 'M', 'X']",,"{""multi_output_measurement"": 2}","{""axis_role_coordinate"": false, ""n_source_points"": 25, ""granularity"": ""single""}","[{""quantity_type"": ""base_pressure"", ""symbol"": null, ""value"": ""-6"", ""unit"": ""mbar"", ""species"": null, ""reactant_role"": null, ""assertion_status"": ""direct"", ""scope"": ""paper"", ""source"": ""methods"", ""evidence"": ""valve, such that a base pressure of 10 -6 mbar is achieved. The sample is heated inside the chamber with a resistive heater. A solution of R""}, {""quantity_type"": ""generic_pressure"", ""symbol"": null, ""value"": ""4 × 10 -3"", ""unit"": ""mbar"", ""species"": null, ""reactant_role"": null, ""assertion_status"": ""direct"", ""scope"": ""paper"", ""source"": ""methods"", ""evidence"": ""sed the reactor pressure to increase to 4 × 10 -3 mbar. Hterminated Si (Si-H) substrates were obtained by dipping Si with native oxide in a ""}]",[],paper,resolved,4 × 10 -3,mbar,generic_pressure,4 × 10 -3 mbar (generic_pressure),,,sample state,As deposited,10.1021_acs.chemmater.2c02292::F4::c::As deposited
10.1021_acs.chemmater.2c02292|4|4|d|As deposited|primary,10.1021_acs.chemmater.2c02292,4,4,d,As deposited,primary,1,36,recombination_probability,G(r),Å^-2,experimental,correlation,10.1021_acs.chemmater.2c02292-F4d-20,15,14,"Figure 4: a) and b) Synchrotron-based 2D GIWAXS patterns of a 50 nm as-deposited film and of the same film annealed in helium. c) Azimuthal integration of the GIWAXS data for the two films . d) and e) PDFs of the as-deposited and the annealed films, resulting from the grazing incidence total X-ray s",ncidence wide angle X-ray scattering (GIWAXS) measurements as well as grazing incidence total X-ray scattering measurements with pair distribution function  analysis  (GIPDF)  were  carried  out  for  50  nm  thick  films  before  and  after anneal in helium. Figure 4a and b show the 2D GIWAXS patte,,,unknown,insufficient_corroboration,only_one_signal_family(multi_output_measurement),"['F', 'M', 'X']",,"{""multi_output_measurement"": 2}","{""axis_role_coordinate"": false, ""n_source_points"": 36, ""granularity"": ""correlation""}","[{""quantity_type"": ""base_pressure"", ""symbol"": null, ""value"": ""-6"", ""unit"": ""mbar"", ""species"": null, ""reactant_role"": null, ""assertion_status"": ""direct"", ""scope"": ""paper"", ""source"": ""methods"", ""evidence"": ""valve, such that a base pressure of 10 -6 mbar is achieved. The sample is heated inside the chamber with a resistive heater. A solution of R""}, {""quantity_type"": ""generic_pressure"", ""symbol"": null, ""value"": ""4 × 10 -3"", ""unit"": ""mbar"", ""species"": null, ""reactant_role"": null, ""assertion_status"": ""direct"", ""scope"": ""paper"", ""source"": ""methods"", ""evidence"": ""sed the reactor pressure to increase to 4 × 10 -3 mbar. Hterminated Si (Si-H) substrates were obtained by dipping Si with native oxide in a ""}]",[],paper,resolved,4 × 10 -3,mbar,generic_pressure,4 × 10 -3 mbar (generic_pressure),,,data type,As deposited,10.1021_acs.chemmater.2c02292::F4::d::As deposited
10.1021_acs.chemmater.2c02292|4|4|d|Fit|primary,10.1021_acs.chemmater.2c02292,4,4,d,Fit,primary,1,36,recombination_probability,G(r),Å^-2,experimental,correlation,10.1021_acs.chemmater.2c02292-F4d-21,15,14,"Figure 4: a) and b) Synchrotron-based 2D GIWAXS patterns of a 50 nm as-deposited film and of the same film annealed in helium. c) Azimuthal integration of the GIWAXS data for the two films . d) and e) PDFs of the as-deposited and the annealed films, resulting from the grazing incidence total X-ray s",ncidence wide angle X-ray scattering (GIWAXS) measurements as well as grazing incidence total X-ray scattering measurements with pair distribution function  analysis  (GIPDF)  were  carried  out  for  50  nm  thick  films  before  and  after anneal in helium. Figure 4a and b show the 2D GIWAXS patte,,,fit,single_definitional_signal,provenance_gate(1 families),"['F', 'L', 'M', 'X']",L: series label 'Fit',"{""fit"": 1}","{""axis_role_coordinate"": false, ""n_source_points"": 36, ""granularity"": ""correlation""}","[{""quantity_type"": ""base_pressure"", ""symbol"": null, ""value"": ""-6"", ""unit"": ""mbar"", ""species"": null, ""reactant_role"": null, ""assertion_status"": ""direct"", ""scope"": ""paper"", ""source"": ""methods"", ""evidence"": ""valve, such that a base pressure of 10 -6 mbar is achieved. The sample is heated inside the chamber with a resistive heater. A solution of R""}, {""quantity_type"": ""generic_pressure"", ""symbol"": null, ""value"": ""4 × 10 -3"", ""unit"": ""mbar"", ""species"": null, ""reactant_role"": null, ""assertion_status"": ""direct"", ""scope"": ""paper"", ""source"": ""methods"", ""evidence"": ""sed the reactor pressure to increase to 4 × 10 -3 mbar. Hterminated Si (Si-H) substrates were obtained by dipping Si with native oxide in a ""}]",[],paper,resolved,4 × 10 -3,mbar,generic_pressure,4 × 10 -3 mbar (generic_pressure),,,data type,Fit,10.1021_acs.chemmater.2c02292::F4::d::Fit
10.1021_acs.chemmater.2c02292|4|4|e|Annealed|primary,10.1021_acs.chemmater.2c02292,4,4,e,Annealed,primary,1,32,recombination_probability,G(r),Å^-2,experimental,correlation,10.1021_acs.chemmater.2c02292-F4e-22,15,14,"Figure 4: a) and b) Synchrotron-based 2D GIWAXS patterns of a 50 nm as-deposited film and of the same film annealed in helium. c) Azimuthal integration of the GIWAXS data for the two films . d) and e) PDFs of the as-deposited and the annealed films, resulting from the grazing incidence total X-ray s",ncidence wide angle X-ray scattering (GIWAXS) measurements as well as grazing incidence total X-ray scattering measurements with pair distribution function  analysis  (GIPDF)  were  carried  out  for  50  nm  thick  films  before  and  after anneal in helium. Figure 4a and b show the 2D GIWAXS patte,,,unknown,insufficient_corroboration,only_one_signal_family(multi_output_measurement),"['F', 'M', 'X']",,"{""multi_output_measurement"": 2}","{""axis_role_coordinate"": false, ""n_source_points"": 32, ""granularity"": ""correlation""}","[{""quantity_type"": ""base_pressure"", ""symbol"": null, ""value"": ""-6"", ""unit"": ""mbar"", ""species"": null, ""reactant_role"": null, ""assertion_status"": ""direct"", ""scope"": ""paper"", ""source"": ""methods"", ""evidence"": ""valve, such that a base pressure of 10 -6 mbar is achieved. The sample is heated inside the chamber with a resistive heater. A solution of R""}, {""quantity_type"": ""generic_pressure"", ""symbol"": null, ""value"": ""4 × 10 -3"", ""unit"": ""mbar"", ""species"": null, ""reactant_role"": null, ""assertion_status"": ""direct"", ""scope"": ""paper"", ""source"": ""methods"", ""evidence"": ""sed the reactor pressure to increase to 4 × 10 -3 mbar. Hterminated Si (Si-H) substrates were obtained by dipping Si with native oxide in a ""}]",[],paper,resolved,4 × 10 -3,mbar,generic_pressure,4 × 10 -3 mbar (generic_pressure),,,data type,Annealed,10.1021_acs.chemmater.2c02292::F4::e::Annealed
10.1021_acs.chemmater.2c02292|4|4|e|Fit|primary,10.1021_acs.chemmater.2c02292,4,4,e,Fit,primary,1,32,recombination_probability,G(r),Å^-2,experimental,correlation,10.1021_acs.chemmater.2c02292-F4e-23,15,14,"Figure 4: a) and b) Synchrotron-based 2D GIWAXS patterns of a 50 nm as-deposited film and of the same film annealed in helium. c) Azimuthal integration of the GIWAXS data for the two films . d) and e) PDFs of the as-deposited and the annealed films, resulting from the grazing incidence total X-ray s",ncidence wide angle X-ray scattering (GIWAXS) measurements as well as grazing incidence total X-ray scattering measurements with pair distribution function  analysis  (GIPDF)  were  carried  out  for  50  nm  thick  films  before  and  after anneal in helium. Figure 4a and b show the 2D GIWAXS patte,,,fit,single_definitional_signal,provenance_gate(1 families),"['F', 'L', 'M', 'X']",L: series label 'Fit',"{""fit"": 1}","{""axis_role_coordinate"": false, ""n_source_points"": 32, ""granularity"": ""correlation""}","[{""quantity_type"": ""base_pressure"", ""symbol"": null, ""value"": ""-6"", ""unit"": ""mbar"", ""species"": null, ""reactant_role"": null, ""assertion_status"": ""direct"", ""scope"": ""paper"", ""source"": ""methods"", ""evidence"": ""valve, such that a base pressure of 10 -6 mbar is achieved. The sample is heated inside the chamber with a resistive heater. A solution of R""}, {""quantity_type"": ""generic_pressure"", ""symbol"": null, ""value"": ""4 × 10 -3"", ""unit"": ""mbar"", ""species"": null, ""reactant_role"": null, ""assertion_status"": ""direct"", ""scope"": ""paper"", ""source"": ""methods"", ""evidence"": ""sed the reactor pressure to increase to 4 × 10 -3 mbar. Hterminated Si (Si-H) substrates were obtained by dipping Si with native oxide in a ""}]",[],paper,resolved,4 × 10 -3,mbar,generic_pressure,4 × 10 -3 mbar (generic_pressure),,,data type,Fit,10.1021_acs.chemmater.2c02292::F4::e::Fit
10.1021_acs.chemmater.2c02292|5|5|a|Methanol|primary,10.1021_acs.chemmater.2c02292,5,5,a,Methanol,primary,7,7,cycle_number,film_thickness,nm,experimental,single,10.1021_acs.chemmater.2c02292-5a-S7-P000;10.1021_acs.chemmater.2c02292-5a-S7-P001;10.1021_acs.chemmater.2c02292-5a-S7-P002;10.1021_acs.chemmater.2c02292-5a-S7-P003;10.1021_acs.chemmater.2c02292-5a-S7-P004;10.1021_acs.chemmater.2c02292-5a-S7-P005 …+1,18,17,"Figure 5: a) Thickness against the number of ALD cycles for the methanol, ethanol, 1-propanol, and 2-propanol (isopropanol) based processes, as obtained from XRR. b) and c) Saturation curves for the RuO4 surface reaction and the alcohol surface reaction, respectively, for these different processes. "," of the alcohol. 94  Therefore, we performed a series of depositions combining RuO4 with ethanol, 1-propanol, and 2-propanol (isopropanol) as the co-reactants. The depositions were performed on H-terminated Si substrates at a temperature of 100°C. As shown in Figure 5a ,  growth occurred for each of",samples of similar thickness,,discrete_experimental_sweep,corroborated,multi_signal(3 families),"['F', 'I', 'M', 'R', 'X']","M: 2-propanol (isopropanol) based processes, as obtained from XRR. b) and c) Saturation curves for the RuO4 surface reaction and the alcohol surf | R: Saturation curves | I: samples of similar thickness","{""discrete_experimental_sweep"": 3}","{""axis_role_coordinate"": false, ""n_source_points"": 7, ""granularity"": ""single""}","[{""quantity_type"": ""base_pressure"", ""symbol"": null, ""value"": ""-6"", ""unit"": ""mbar"", ""species"": null, ""reactant_role"": null, ""assertion_status"": ""direct"", ""scope"": ""paper"", ""source"": ""methods"", ""evidence"": ""valve, such that a base pressure of 10 -6 mbar is achieved. The sample is heated inside the chamber with a resistive heater. A solution of R""}, {""quantity_type"": ""generic_pressure"", ""symbol"": null, ""value"": ""4 × 10 -3"", ""unit"": ""mbar"", ""species"": null, ""reactant_role"": null, ""assertion_status"": ""direct"", ""scope"": ""paper"", ""source"": ""methods"", ""evidence"": ""sed the reactor pressure to increase to 4 × 10 -3 mbar. Hterminated Si (Si-H) substrates were obtained by dipping Si with native oxide in a ""}]",[],paper,resolved,4 × 10 -3,mbar,generic_pressure,4 × 10 -3 mbar (generic_pressure),,,coreactant,Methanol,10.1021_acs.chemmater.2c02292::F5::a::Methanol
10.1021_acs.chemmater.2c02292|5|5|a|Ethanol|primary,10.1021_acs.chemmater.2c02292,5,5,a,Ethanol,primary,5,5,cycle_number,film_thickness,nm,experimental,single,10.1021_acs.chemmater.2c02292-5a-S8-P000;10.1021_acs.chemmater.2c02292-5a-S8-P001;10.1021_acs.chemmater.2c02292-5a-S8-P002;10.1021_acs.chemmater.2c02292-5a-S8-P003;10.1021_acs.chemmater.2c02292-5a-S8-P004,18,17,"Figure 5: a) Thickness against the number of ALD cycles for the methanol, ethanol, 1-propanol, and 2-propanol (isopropanol) based processes, as obtained from XRR. b) and c) Saturation curves for the RuO4 surface reaction and the alcohol surface reaction, respectively, for these different processes. "," of the alcohol. 94  Therefore, we performed a series of depositions combining RuO4 with ethanol, 1-propanol, and 2-propanol (isopropanol) as the co-reactants. The depositions were performed on H-terminated Si substrates at a temperature of 100°C. As shown in Figure 5a ,  growth occurred for each of",samples of similar thickness,,discrete_experimental_sweep,corroborated,multi_signal(3 families),"['F', 'I', 'M', 'R', 'X']","M: 2-propanol (isopropanol) based processes, as obtained from XRR. b) and c) Saturation curves for the RuO4 surface reaction and the alcohol surf | R: Saturation curves | I: samples of similar thickness","{""discrete_experimental_sweep"": 3}","{""axis_role_coordinate"": false, ""n_source_points"": 5, ""granularity"": ""single""}","[{""quantity_type"": ""base_pressure"", ""symbol"": null, ""value"": ""-6"", ""unit"": ""mbar"", ""species"": null, ""reactant_role"": null, ""assertion_status"": ""direct"", ""scope"": ""paper"", ""source"": ""methods"", ""evidence"": ""valve, such that a base pressure of 10 -6 mbar is achieved. The sample is heated inside the chamber with a resistive heater. A solution of R""}, {""quantity_type"": ""generic_pressure"", ""symbol"": null, ""value"": ""4 × 10 -3"", ""unit"": ""mbar"", ""species"": null, ""reactant_role"": null, ""assertion_status"": ""direct"", ""scope"": ""paper"", ""source"": ""methods"", ""evidence"": ""sed the reactor pressure to increase to 4 × 10 -3 mbar. Hterminated Si (Si-H) substrates were obtained by dipping Si with native oxide in a ""}]",[],paper,resolved,4 × 10 -3,mbar,generic_pressure,4 × 10 -3 mbar (generic_pressure),,,coreactant,Ethanol,10.1021_acs.chemmater.2c02292::F5::a::Ethanol
10.1021_acs.chemmater.2c02292|5|5|a|2-propanol|primary,10.1021_acs.chemmater.2c02292,5,5,a,2-propanol,primary,4,4,cycle_number,film_thickness,nm,experimental,single,10.1021_acs.chemmater.2c02292-5a-S9-P000;10.1021_acs.chemmater.2c02292-5a-S9-P001;10.1021_acs.chemmater.2c02292-5a-S9-P002;10.1021_acs.chemmater.2c02292-5a-S9-P003,18,17,"Figure 5: a) Thickness against the number of ALD cycles for the methanol, ethanol, 1-propanol, and 2-propanol (isopropanol) based processes, as obtained from XRR. b) and c) Saturation curves for the RuO4 surface reaction and the alcohol surface reaction, respectively, for these different processes. "," of the alcohol. 94  Therefore, we performed a series of depositions combining RuO4 with ethanol, 1-propanol, and 2-propanol (isopropanol) as the co-reactants. The depositions were performed on H-terminated Si substrates at a temperature of 100°C. As shown in Figure 5a ,  growth occurred for each of",samples of similar thickness,,discrete_experimental_sweep,corroborated,multi_signal(3 families),"['F', 'I', 'M', 'R', 'X']","M: 2-propanol (isopropanol) based processes, as obtained from XRR. b) and c) Saturation curves for the RuO4 surface reaction and the alcohol surf | R: Saturation curves | I: samples of similar thickness","{""discrete_experimental_sweep"": 3}","{""axis_role_coordinate"": false, ""n_source_points"": 4, ""granularity"": ""single""}","[{""quantity_type"": ""base_pressure"", ""symbol"": null, ""value"": ""-6"", ""unit"": ""mbar"", ""species"": null, ""reactant_role"": null, ""assertion_status"": ""direct"", ""scope"": ""paper"", ""source"": ""methods"", ""evidence"": ""valve, such that a base pressure of 10 -6 mbar is achieved. The sample is heated inside the chamber with a resistive heater. A solution of R""}, {""quantity_type"": ""generic_pressure"", ""symbol"": null, ""value"": ""4 × 10 -3"", ""unit"": ""mbar"", ""species"": null, ""reactant_role"": null, ""assertion_status"": ""direct"", ""scope"": ""paper"", ""source"": ""methods"", ""evidence"": ""sed the reactor pressure to increase to 4 × 10 -3 mbar. Hterminated Si (Si-H) substrates were obtained by dipping Si with native oxide in a ""}]",[],paper,resolved,4 × 10 -3,mbar,generic_pressure,4 × 10 -3 mbar (generic_pressure),,,coreactant,2-propanol,10.1021_acs.chemmater.2c02292::F5::a::2-propanol
10.1021_acs.chemmater.2c02292|5|5|a|1-propanol|primary,10.1021_acs.chemmater.2c02292,5,5,a,1-propanol,primary,4,4,cycle_number,film_thickness,nm,experimental,single,10.1021_acs.chemmater.2c02292-5a-S10-P000;10.1021_acs.chemmater.2c02292-5a-S10-P001;10.1021_acs.chemmater.2c02292-5a-S10-P002;10.1021_acs.chemmater.2c02292-5a-S10-P003,18,17,"Figure 5: a) Thickness against the number of ALD cycles for the methanol, ethanol, 1-propanol, and 2-propanol (isopropanol) based processes, as obtained from XRR. b) and c) Saturation curves for the RuO4 surface reaction and the alcohol surface reaction, respectively, for these different processes. "," of the alcohol. 94  Therefore, we performed a series of depositions combining RuO4 with ethanol, 1-propanol, and 2-propanol (isopropanol) as the co-reactants. The depositions were performed on H-terminated Si substrates at a temperature of 100°C. As shown in Figure 5a ,  growth occurred for each of",samples of similar thickness,,discrete_experimental_sweep,corroborated,multi_signal(3 families),"['F', 'I', 'M', 'R', 'X']","M: 2-propanol (isopropanol) based processes, as obtained from XRR. b) and c) Saturation curves for the RuO4 surface reaction and the alcohol surf | R: Saturation curves | I: samples of similar thickness","{""discrete_experimental_sweep"": 3}","{""axis_role_coordinate"": false, ""n_source_points"": 4, ""granularity"": ""single""}","[{""quantity_type"": ""base_pressure"", ""symbol"": null, ""value"": ""-6"", ""unit"": ""mbar"", ""species"": null, ""reactant_role"": null, ""assertion_status"": ""direct"", ""scope"": ""paper"", ""source"": ""methods"", ""evidence"": ""valve, such that a base pressure of 10 -6 mbar is achieved. The sample is heated inside the chamber with a resistive heater. A solution of R""}, {""quantity_type"": ""generic_pressure"", ""symbol"": null, ""value"": ""4 × 10 -3"", ""unit"": ""mbar"", ""species"": null, ""reactant_role"": null, ""assertion_status"": ""direct"", ""scope"": ""paper"", ""source"": ""methods"", ""evidence"": ""sed the reactor pressure to increase to 4 × 10 -3 mbar. Hterminated Si (Si-H) substrates were obtained by dipping Si with native oxide in a ""}]",[],paper,resolved,4 × 10 -3,mbar,generic_pressure,4 × 10 -3 mbar (generic_pressure),,,coreactant,1-propanol,10.1021_acs.chemmater.2c02292::F5::a::1-propanol
10.1021_acs.chemmater.2c02292|5|5|b|Methanol|primary,10.1021_acs.chemmater.2c02292,5,5,b,Methanol,primary,5,5,pulse_time,growth_per_cycle,nm/cycle,experimental,single,10.1021_acs.chemmater.2c02292-5b-S11-P000;10.1021_acs.chemmater.2c02292-5b-S11-P001;10.1021_acs.chemmater.2c02292-5b-S11-P002;10.1021_acs.chemmater.2c02292-5b-S11-P003;10.1021_acs.chemmater.2c02292-5b-S11-P004,18,17,"Figure 5: a) Thickness against the number of ALD cycles for the methanol, ethanol, 1-propanol, and 2-propanol (isopropanol) based processes, as obtained from XRR. b) and c) Saturation curves for the RuO4 surface reaction and the alcohol surface reaction, respectively, for these different processes. "," of the alcohol. 94  Therefore, we performed a series of depositions combining RuO4 with ethanol, 1-propanol, and 2-propanol (isopropanol) as the co-reactants. The depositions were performed on H-terminated Si substrates at a temperature of 100°C. As shown in Figure 5a ,  growth occurred for each of",samples of similar thickness,,discrete_experimental_sweep,corroborated,multi_signal(3 families),"['F', 'I', 'M', 'R', 'X']","M: 2-propanol (isopropanol) based processes, as obtained from XRR. b) and c) Saturation curves for the RuO4 surface reaction and the alcohol surf | R: Saturation curves | I: samples of similar thickness","{""discrete_experimental_sweep"": 3}","{""axis_role_coordinate"": false, ""n_source_points"": 5, ""granularity"": ""single""}","[{""quantity_type"": ""base_pressure"", ""symbol"": null, ""value"": ""-6"", ""unit"": ""mbar"", ""species"": null, ""reactant_role"": null, ""assertion_status"": ""direct"", ""scope"": ""paper"", ""source"": ""methods"", ""evidence"": ""valve, such that a base pressure of 10 -6 mbar is achieved. The sample is heated inside the chamber with a resistive heater. A solution of R""}, {""quantity_type"": ""generic_pressure"", ""symbol"": null, ""value"": ""4 × 10 -3"", ""unit"": ""mbar"", ""species"": null, ""reactant_role"": null, ""assertion_status"": ""direct"", ""scope"": ""paper"", ""source"": ""methods"", ""evidence"": ""sed the reactor pressure to increase to 4 × 10 -3 mbar. Hterminated Si (Si-H) substrates were obtained by dipping Si with native oxide in a ""}]",[],paper,resolved,4 × 10 -3,mbar,generic_pressure,4 × 10 -3 mbar (generic_pressure),,,coreactant,Methanol,10.1021_acs.chemmater.2c02292::F5::b::Methanol
10.1021_acs.chemmater.2c02292|5|5|b|Ethanol|primary,10.1021_acs.chemmater.2c02292,5,5,b,Ethanol,primary,3,3,pulse_time,growth_per_cycle,nm/cycle,experimental,single,10.1021_acs.chemmater.2c02292-5b-S12-P000;10.1021_acs.chemmater.2c02292-5b-S12-P001;10.1021_acs.chemmater.2c02292-5b-S12-P002,18,17,"Figure 5: a) Thickness against the number of ALD cycles for the methanol, ethanol, 1-propanol, and 2-propanol (isopropanol) based processes, as obtained from XRR. b) and c) Saturation curves for the RuO4 surface reaction and the alcohol surface reaction, respectively, for these different processes. "," of the alcohol. 94  Therefore, we performed a series of depositions combining RuO4 with ethanol, 1-propanol, and 2-propanol (isopropanol) as the co-reactants. The depositions were performed on H-terminated Si substrates at a temperature of 100°C. As shown in Figure 5a ,  growth occurred for each of",samples of similar thickness,,discrete_experimental_sweep,corroborated,multi_signal(3 families),"['F', 'I', 'M', 'R', 'X']","M: 2-propanol (isopropanol) based processes, as obtained from XRR. b) and c) Saturation curves for the RuO4 surface reaction and the alcohol surf | R: Saturation curves | I: samples of similar thickness","{""discrete_experimental_sweep"": 3}","{""axis_role_coordinate"": false, ""n_source_points"": 3, ""granularity"": ""single""}","[{""quantity_type"": ""base_pressure"", ""symbol"": null, ""value"": ""-6"", ""unit"": ""mbar"", ""species"": null, ""reactant_role"": null, ""assertion_status"": ""direct"", ""scope"": ""paper"", ""source"": ""methods"", ""evidence"": ""valve, such that a base pressure of 10 -6 mbar is achieved. The sample is heated inside the chamber with a resistive heater. A solution of R""}, {""quantity_type"": ""generic_pressure"", ""symbol"": null, ""value"": ""4 × 10 -3"", ""unit"": ""mbar"", ""species"": null, ""reactant_role"": null, ""assertion_status"": ""direct"", ""scope"": ""paper"", ""source"": ""methods"", ""evidence"": ""sed the reactor pressure to increase to 4 × 10 -3 mbar. Hterminated Si (Si-H) substrates were obtained by dipping Si with native oxide in a ""}]",[],paper,resolved,4 × 10 -3,mbar,generic_pressure,4 × 10 -3 mbar (generic_pressure),,,coreactant,Ethanol,10.1021_acs.chemmater.2c02292::F5::b::Ethanol
10.1021_acs.chemmater.2c02292|5|5|b|2-propanol|primary,10.1021_acs.chemmater.2c02292,5,5,b,2-propanol,primary,3,3,pulse_time,growth_per_cycle,nm/cycle,experimental,single,10.1021_acs.chemmater.2c02292-5b-S13-P000;10.1021_acs.chemmater.2c02292-5b-S13-P001;10.1021_acs.chemmater.2c02292-5b-S13-P002,18,17,"Figure 5: a) Thickness against the number of ALD cycles for the methanol, ethanol, 1-propanol, and 2-propanol (isopropanol) based processes, as obtained from XRR. b) and c) Saturation curves for the RuO4 surface reaction and the alcohol surface reaction, respectively, for these different processes. "," of the alcohol. 94  Therefore, we performed a series of depositions combining RuO4 with ethanol, 1-propanol, and 2-propanol (isopropanol) as the co-reactants. The depositions were performed on H-terminated Si substrates at a temperature of 100°C. As shown in Figure 5a ,  growth occurred for each of",samples of similar thickness,,discrete_experimental_sweep,corroborated,multi_signal(3 families),"['F', 'I', 'M', 'R', 'X']","M: 2-propanol (isopropanol) based processes, as obtained from XRR. b) and c) Saturation curves for the RuO4 surface reaction and the alcohol surf | R: Saturation curves | I: samples of similar thickness","{""discrete_experimental_sweep"": 3}","{""axis_role_coordinate"": false, ""n_source_points"": 3, ""granularity"": ""single""}","[{""quantity_type"": ""base_pressure"", ""symbol"": null, ""value"": ""-6"", ""unit"": ""mbar"", ""species"": null, ""reactant_role"": null, ""assertion_status"": ""direct"", ""scope"": ""paper"", ""source"": ""methods"", ""evidence"": ""valve, such that a base pressure of 10 -6 mbar is achieved. The sample is heated inside the chamber with a resistive heater. A solution of R""}, {""quantity_type"": ""generic_pressure"", ""symbol"": null, ""value"": ""4 × 10 -3"", ""unit"": ""mbar"", ""species"": null, ""reactant_role"": null, ""assertion_status"": ""direct"", ""scope"": ""paper"", ""source"": ""methods"", ""evidence"": ""sed the reactor pressure to increase to 4 × 10 -3 mbar. Hterminated Si (Si-H) substrates were obtained by dipping Si with native oxide in a ""}]",[],paper,resolved,4 × 10 -3,mbar,generic_pressure,4 × 10 -3 mbar (generic_pressure),,,coreactant,2-propanol,10.1021_acs.chemmater.2c02292::F5::b::2-propanol
10.1021_acs.chemmater.2c02292|5|5|c|Methanol|primary,10.1021_acs.chemmater.2c02292,5,5,c,Methanol,primary,4,4,pulse_time,growth_per_cycle,nm/cycle,experimental,single,10.1021_acs.chemmater.2c02292-5c-S14-P000;10.1021_acs.chemmater.2c02292-5c-S14-P001;10.1021_acs.chemmater.2c02292-5c-S14-P002;10.1021_acs.chemmater.2c02292-5c-S14-P003,18,17,"Figure 5: a) Thickness against the number of ALD cycles for the methanol, ethanol, 1-propanol, and 2-propanol (isopropanol) based processes, as obtained from XRR. b) and c) Saturation curves for the RuO4 surface reaction and the alcohol surface reaction, respectively, for these different processes. "," of the alcohol. 94  Therefore, we performed a series of depositions combining RuO4 with ethanol, 1-propanol, and 2-propanol (isopropanol) as the co-reactants. The depositions were performed on H-terminated Si substrates at a temperature of 100°C. As shown in Figure 5a ,  growth occurred for each of",samples of similar thickness,,discrete_experimental_sweep,corroborated,multi_signal(3 families),"['F', 'I', 'M', 'R', 'X']","M: 2-propanol (isopropanol) based processes, as obtained from XRR. b) and c) Saturation curves for the RuO4 surface reaction and the alcohol surf | R: Saturation curves | I: samples of similar thickness","{""discrete_experimental_sweep"": 3}","{""axis_role_coordinate"": false, ""n_source_points"": 4, ""granularity"": ""single""}","[{""quantity_type"": ""base_pressure"", ""symbol"": null, ""value"": ""-6"", ""unit"": ""mbar"", ""species"": null, ""reactant_role"": null, ""assertion_status"": ""direct"", ""scope"": ""paper"", ""source"": ""methods"", ""evidence"": ""valve, such that a base pressure of 10 -6 mbar is achieved. The sample is heated inside the chamber with a resistive heater. A solution of R""}, {""quantity_type"": ""generic_pressure"", ""symbol"": null, ""value"": ""4 × 10 -3"", ""unit"": ""mbar"", ""species"": null, ""reactant_role"": null, ""assertion_status"": ""direct"", ""scope"": ""paper"", ""source"": ""methods"", ""evidence"": ""sed the reactor pressure to increase to 4 × 10 -3 mbar. Hterminated Si (Si-H) substrates were obtained by dipping Si with native oxide in a ""}]",[],paper,resolved,4 × 10 -3,mbar,generic_pressure,4 × 10 -3 mbar (generic_pressure),,,coreactant,Methanol,10.1021_acs.chemmater.2c02292::F5::c::Methanol
10.1021_acs.chemmater.2c02292|5|5|c|Ethanol|primary,10.1021_acs.chemmater.2c02292,5,5,c,Ethanol,primary,3,3,pulse_time,growth_per_cycle,nm/cycle,experimental,single,10.1021_acs.chemmater.2c02292-5c-S15-P000;10.1021_acs.chemmater.2c02292-5c-S15-P001;10.1021_acs.chemmater.2c02292-5c-S15-P002,18,17,"Figure 5: a) Thickness against the number of ALD cycles for the methanol, ethanol, 1-propanol, and 2-propanol (isopropanol) based processes, as obtained from XRR. b) and c) Saturation curves for the RuO4 surface reaction and the alcohol surface reaction, respectively, for these different processes. "," of the alcohol. 94  Therefore, we performed a series of depositions combining RuO4 with ethanol, 1-propanol, and 2-propanol (isopropanol) as the co-reactants. The depositions were performed on H-terminated Si substrates at a temperature of 100°C. As shown in Figure 5a ,  growth occurred for each of",samples of similar thickness,,discrete_experimental_sweep,corroborated,multi_signal(3 families),"['F', 'I', 'M', 'R', 'X']","M: 2-propanol (isopropanol) based processes, as obtained from XRR. b) and c) Saturation curves for the RuO4 surface reaction and the alcohol surf | R: Saturation curves | I: samples of similar thickness","{""discrete_experimental_sweep"": 3}","{""axis_role_coordinate"": false, ""n_source_points"": 3, ""granularity"": ""single""}","[{""quantity_type"": ""base_pressure"", ""symbol"": null, ""value"": ""-6"", ""unit"": ""mbar"", ""species"": null, ""reactant_role"": null, ""assertion_status"": ""direct"", ""scope"": ""paper"", ""source"": ""methods"", ""evidence"": ""valve, such that a base pressure of 10 -6 mbar is achieved. The sample is heated inside the chamber with a resistive heater. A solution of R""}, {""quantity_type"": ""generic_pressure"", ""symbol"": null, ""value"": ""4 × 10 -3"", ""unit"": ""mbar"", ""species"": null, ""reactant_role"": null, ""assertion_status"": ""direct"", ""scope"": ""paper"", ""source"": ""methods"", ""evidence"": ""sed the reactor pressure to increase to 4 × 10 -3 mbar. Hterminated Si (Si-H) substrates were obtained by dipping Si with native oxide in a ""}]",[],paper,resolved,4 × 10 -3,mbar,generic_pressure,4 × 10 -3 mbar (generic_pressure),,,coreactant,Ethanol,10.1021_acs.chemmater.2c02292::F5::c::Ethanol
10.1021_acs.chemmater.2c02292|5|5|c|2-propanol|primary,10.1021_acs.chemmater.2c02292,5,5,c,2-propanol,primary,3,3,pulse_time,growth_per_cycle,nm/cycle,experimental,single,10.1021_acs.chemmater.2c02292-5c-S16-P000;10.1021_acs.chemmater.2c02292-5c-S16-P001;10.1021_acs.chemmater.2c02292-5c-S16-P002,18,17,"Figure 5: a) Thickness against the number of ALD cycles for the methanol, ethanol, 1-propanol, and 2-propanol (isopropanol) based processes, as obtained from XRR. b) and c) Saturation curves for the RuO4 surface reaction and the alcohol surface reaction, respectively, for these different processes. "," of the alcohol. 94  Therefore, we performed a series of depositions combining RuO4 with ethanol, 1-propanol, and 2-propanol (isopropanol) as the co-reactants. The depositions were performed on H-terminated Si substrates at a temperature of 100°C. As shown in Figure 5a ,  growth occurred for each of",samples of similar thickness,,discrete_experimental_sweep,corroborated,multi_signal(3 families),"['F', 'I', 'M', 'R', 'X']","M: 2-propanol (isopropanol) based processes, as obtained from XRR. b) and c) Saturation curves for the RuO4 surface reaction and the alcohol surf | R: Saturation curves | I: samples of similar thickness","{""discrete_experimental_sweep"": 3}","{""axis_role_coordinate"": false, ""n_source_points"": 3, ""granularity"": ""single""}","[{""quantity_type"": ""base_pressure"", ""symbol"": null, ""value"": ""-6"", ""unit"": ""mbar"", ""species"": null, ""reactant_role"": null, ""assertion_status"": ""direct"", ""scope"": ""paper"", ""source"": ""methods"", ""evidence"": ""valve, such that a base pressure of 10 -6 mbar is achieved. The sample is heated inside the chamber with a resistive heater. A solution of R""}, {""quantity_type"": ""generic_pressure"", ""symbol"": null, ""value"": ""4 × 10 -3"", ""unit"": ""mbar"", ""species"": null, ""reactant_role"": null, ""assertion_status"": ""direct"", ""scope"": ""paper"", ""source"": ""methods"", ""evidence"": ""sed the reactor pressure to increase to 4 × 10 -3 mbar. Hterminated Si (Si-H) substrates were obtained by dipping Si with native oxide in a ""}]",[],paper,resolved,4 × 10 -3,mbar,generic_pressure,4 × 10 -3 mbar (generic_pressure),,,coreactant,2-propanol,10.1021_acs.chemmater.2c02292::F5::c::2-propanol
10.1021_acs.chemmater.2c02292|6|6|a|15|primary,10.1021_acs.chemmater.2c02292,6,6,a,15,primary,1,28,time,Normalised intensity,a.u.,experimental,profile,10.1021_acs.chemmater.2c02292-F6a-34,22,19,"Figure 6: a) , b) In situ mass spectrometry data obtained during successive methanol pulses and successive RuO4 pulses, respectively c) In situ FTIR difference spectra for the methanol (blue) and RuO4 half cycles (red). The methanol difference spectrum is", two reactions in the ALD cycle. 66  Time-resolved full-range mass spectra were collected during the methanol and RuO4 surface reactions with the methodology described in our earlier work ( Figure S9 ). Relevant parts from those fullrange spectra are shown in Figure 6a for the methanol reaction and ,,,unknown,conflicting_signals,tie_between_continuous_trace/multi_output_measurement,"['F', 'M', 'X']",,"{""continuous_trace"": 1, ""multi_output_measurement"": 1}","{""axis_role_coordinate"": true, ""n_source_points"": 28, ""granularity"": ""profile""}","[{""quantity_type"": ""base_pressure"", ""symbol"": null, ""value"": ""-6"", ""unit"": ""mbar"", ""species"": null, ""reactant_role"": null, ""assertion_status"": ""direct"", ""scope"": ""paper"", ""source"": ""methods"", ""evidence"": ""valve, such that a base pressure of 10 -6 mbar is achieved. The sample is heated inside the chamber with a resistive heater. A solution of R""}, {""quantity_type"": ""generic_pressure"", ""symbol"": null, ""value"": ""4 × 10 -3"", ""unit"": ""mbar"", ""species"": null, ""reactant_role"": null, ""assertion_status"": ""direct"", ""scope"": ""paper"", ""source"": ""methods"", ""evidence"": ""sed the reactor pressure to increase to 4 × 10 -3 mbar. Hterminated Si (Si-H) substrates were obtained by dipping Si with native oxide in a ""}]",[],paper,resolved,4 × 10 -3,mbar,generic_pressure,4 × 10 -3 mbar (generic_pressure),,,m/z,15,10.1021_acs.chemmater.2c02292::F6::a::15
10.1021_acs.chemmater.2c02292|6|6|a|18|primary,10.1021_acs.chemmater.2c02292,6,6,a,18,primary,1,28,time,Normalised intensity,a.u.,experimental,profile,10.1021_acs.chemmater.2c02292-F6a-35,22,19,"Figure 6: a) , b) In situ mass spectrometry data obtained during successive methanol pulses and successive RuO4 pulses, respectively c) In situ FTIR difference spectra for the methanol (blue) and RuO4 half cycles (red). The methanol difference spectrum is", two reactions in the ALD cycle. 66  Time-resolved full-range mass spectra were collected during the methanol and RuO4 surface reactions with the methodology described in our earlier work ( Figure S9 ). Relevant parts from those fullrange spectra are shown in Figure 6a for the methanol reaction and ,,,unknown,conflicting_signals,tie_between_continuous_trace/multi_output_measurement,"['F', 'M', 'X']",,"{""continuous_trace"": 1, ""multi_output_measurement"": 1}","{""axis_role_coordinate"": true, ""n_source_points"": 28, ""granularity"": ""profile""}","[{""quantity_type"": ""base_pressure"", ""symbol"": null, ""value"": ""-6"", ""unit"": ""mbar"", ""species"": null, ""reactant_role"": null, ""assertion_status"": ""direct"", ""scope"": ""paper"", ""source"": ""methods"", ""evidence"": ""valve, such that a base pressure of 10 -6 mbar is achieved. The sample is heated inside the chamber with a resistive heater. A solution of R""}, {""quantity_type"": ""generic_pressure"", ""symbol"": null, ""value"": ""4 × 10 -3"", ""unit"": ""mbar"", ""species"": null, ""reactant_role"": null, ""assertion_status"": ""direct"", ""scope"": ""paper"", ""source"": ""methods"", ""evidence"": ""sed the reactor pressure to increase to 4 × 10 -3 mbar. Hterminated Si (Si-H) substrates were obtained by dipping Si with native oxide in a ""}]",[],paper,resolved,4 × 10 -3,mbar,generic_pressure,4 × 10 -3 mbar (generic_pressure),,,m/z,18,10.1021_acs.chemmater.2c02292::F6::a::18
10.1021_acs.chemmater.2c02292|6|6|a|44|primary,10.1021_acs.chemmater.2c02292,6,6,a,44,primary,1,28,time,Normalised intensity,a.u.,experimental,profile,10.1021_acs.chemmater.2c02292-F6a-36,22,19,"Figure 6: a) , b) In situ mass spectrometry data obtained during successive methanol pulses and successive RuO4 pulses, respectively c) In situ FTIR difference spectra for the methanol (blue) and RuO4 half cycles (red). The methanol difference spectrum is", two reactions in the ALD cycle. 66  Time-resolved full-range mass spectra were collected during the methanol and RuO4 surface reactions with the methodology described in our earlier work ( Figure S9 ). Relevant parts from those fullrange spectra are shown in Figure 6a for the methanol reaction and ,,,unknown,conflicting_signals,tie_between_continuous_trace/multi_output_measurement,"['F', 'M', 'X']",,"{""continuous_trace"": 1, ""multi_output_measurement"": 1}","{""axis_role_coordinate"": true, ""n_source_points"": 28, ""granularity"": ""profile""}","[{""quantity_type"": ""base_pressure"", ""symbol"": null, ""value"": ""-6"", ""unit"": ""mbar"", ""species"": null, ""reactant_role"": null, ""assertion_status"": ""direct"", ""scope"": ""paper"", ""source"": ""methods"", ""evidence"": ""valve, such that a base pressure of 10 -6 mbar is achieved. The sample is heated inside the chamber with a resistive heater. A solution of R""}, {""quantity_type"": ""generic_pressure"", ""symbol"": null, ""value"": ""4 × 10 -3"", ""unit"": ""mbar"", ""species"": null, ""reactant_role"": null, ""assertion_status"": ""direct"", ""scope"": ""paper"", ""source"": ""methods"", ""evidence"": ""sed the reactor pressure to increase to 4 × 10 -3 mbar. Hterminated Si (Si-H) substrates were obtained by dipping Si with native oxide in a ""}]",[],paper,resolved,4 × 10 -3,mbar,generic_pressure,4 × 10 -3 mbar (generic_pressure),,,m/z,44,10.1021_acs.chemmater.2c02292::F6::a::44
10.1021_acs.chemmater.2c02292|6|6|b|32|primary,10.1021_acs.chemmater.2c02292,6,6,b,32,primary,1,28,time,Normalised intensity,a.u.,experimental,profile,10.1021_acs.chemmater.2c02292-F6b-37,22,19,"Figure 6: a) , b) In situ mass spectrometry data obtained during successive methanol pulses and successive RuO4 pulses, respectively c) In situ FTIR difference spectra for the methanol (blue) and RuO4 half cycles (red). The methanol difference spectrum is", two reactions in the ALD cycle. 66  Time-resolved full-range mass spectra were collected during the methanol and RuO4 surface reactions with the methodology described in our earlier work ( Figure S9 ). Relevant parts from those fullrange spectra are shown in Figure 6a for the methanol reaction and ,,,unknown,conflicting_signals,tie_between_continuous_trace/multi_output_measurement,"['F', 'M', 'X']",,"{""continuous_trace"": 1, ""multi_output_measurement"": 1}","{""axis_role_coordinate"": true, ""n_source_points"": 28, ""granularity"": ""profile""}","[{""quantity_type"": ""base_pressure"", ""symbol"": null, ""value"": ""-6"", ""unit"": ""mbar"", ""species"": null, ""reactant_role"": null, ""assertion_status"": ""direct"", ""scope"": ""paper"", ""source"": ""methods"", ""evidence"": ""valve, such that a base pressure of 10 -6 mbar is achieved. The sample is heated inside the chamber with a resistive heater. A solution of R""}, {""quantity_type"": ""generic_pressure"", ""symbol"": null, ""value"": ""4 × 10 -3"", ""unit"": ""mbar"", ""species"": null, ""reactant_role"": null, ""assertion_status"": ""direct"", ""scope"": ""paper"", ""source"": ""methods"", ""evidence"": ""sed the reactor pressure to increase to 4 × 10 -3 mbar. Hterminated Si (Si-H) substrates were obtained by dipping Si with native oxide in a ""}]",[],paper,resolved,4 × 10 -3,mbar,generic_pressure,4 × 10 -3 mbar (generic_pressure),,,m/z,32,10.1021_acs.chemmater.2c02292::F6::b::32
10.1021_acs.chemmater.2c02292|6|6|b|44|primary,10.1021_acs.chemmater.2c02292,6,6,b,44,primary,1,27,time,Normalised intensity,a.u.,experimental,profile,10.1021_acs.chemmater.2c02292-F6b-38,22,19,"Figure 6: a) , b) In situ mass spectrometry data obtained during successive methanol pulses and successive RuO4 pulses, respectively c) In situ FTIR difference spectra for the methanol (blue) and RuO4 half cycles (red). The methanol difference spectrum is", two reactions in the ALD cycle. 66  Time-resolved full-range mass spectra were collected during the methanol and RuO4 surface reactions with the methodology described in our earlier work ( Figure S9 ). Relevant parts from those fullrange spectra are shown in Figure 6a for the methanol reaction and ,,,unknown,conflicting_signals,tie_between_continuous_trace/multi_output_measurement,"['F', 'M', 'X']",,"{""continuous_trace"": 1, ""multi_output_measurement"": 1}","{""axis_role_coordinate"": true, ""n_source_points"": 27, ""granularity"": ""profile""}","[{""quantity_type"": ""base_pressure"", ""symbol"": null, ""value"": ""-6"", ""unit"": ""mbar"", ""species"": null, ""reactant_role"": null, ""assertion_status"": ""direct"", ""scope"": ""paper"", ""source"": ""methods"", ""evidence"": ""valve, such that a base pressure of 10 -6 mbar is achieved. The sample is heated inside the chamber with a resistive heater. A solution of R""}, {""quantity_type"": ""generic_pressure"", ""symbol"": null, ""value"": ""4 × 10 -3"", ""unit"": ""mbar"", ""species"": null, ""reactant_role"": null, ""assertion_status"": ""direct"", ""scope"": ""paper"", ""source"": ""methods"", ""evidence"": ""sed the reactor pressure to increase to 4 × 10 -3 mbar. Hterminated Si (Si-H) substrates were obtained by dipping Si with native oxide in a ""}]",[],paper,resolved,4 × 10 -3,mbar,generic_pressure,4 × 10 -3 mbar (generic_pressure),,,m/z,44,10.1021_acs.chemmater.2c02292::F6::b::44
10.1021_acs.chemmater.2c02292|6|6|b|81|primary,10.1021_acs.chemmater.2c02292,6,6,b,81,primary,1,27,time,Normalised intensity,a.u.,experimental,profile,10.1021_acs.chemmater.2c02292-F6b-39,22,19,"Figure 6: a) , b) In situ mass spectrometry data obtained during successive methanol pulses and successive RuO4 pulses, respectively c) In situ FTIR difference spectra for the methanol (blue) and RuO4 half cycles (red). The methanol difference spectrum is", two reactions in the ALD cycle. 66  Time-resolved full-range mass spectra were collected during the methanol and RuO4 surface reactions with the methodology described in our earlier work ( Figure S9 ). Relevant parts from those fullrange spectra are shown in Figure 6a for the methanol reaction and ,,,unknown,conflicting_signals,tie_between_continuous_trace/multi_output_measurement,"['F', 'M', 'X']",,"{""continuous_trace"": 1, ""multi_output_measurement"": 1}","{""axis_role_coordinate"": true, ""n_source_points"": 27, ""granularity"": ""profile""}","[{""quantity_type"": ""base_pressure"", ""symbol"": null, ""value"": ""-6"", ""unit"": ""mbar"", ""species"": null, ""reactant_role"": null, ""assertion_status"": ""direct"", ""scope"": ""paper"", ""source"": ""methods"", ""evidence"": ""valve, such that a base pressure of 10 -6 mbar is achieved. The sample is heated inside the chamber with a resistive heater. A solution of R""}, {""quantity_type"": ""generic_pressure"", ""symbol"": null, ""value"": ""4 × 10 -3"", ""unit"": ""mbar"", ""species"": null, ""reactant_role"": null, ""assertion_status"": ""direct"", ""scope"": ""paper"", ""source"": ""methods"", ""evidence"": ""sed the reactor pressure to increase to 4 × 10 -3 mbar. Hterminated Si (Si-H) substrates were obtained by dipping Si with native oxide in a ""}]",[],paper,resolved,4 × 10 -3,mbar,generic_pressure,4 × 10 -3 mbar (generic_pressure),,,m/z,81,10.1021_acs.chemmater.2c02292::F6::b::81
10.1021_acs.chemmater.2c02292|6|6|c|After RuO4 pulse|primary,10.1021_acs.chemmater.2c02292,6,6,c,After RuO4 pulse,primary,1,12,Wavenumber,Transmittance,a.u.,experimental,unresolved,10.1021_acs.chemmater.2c02292-F6c-40,22,19,"Figure 6: a) , b) In situ mass spectrometry data obtained during successive methanol pulses and successive RuO4 pulses, respectively c) In situ FTIR difference spectra for the methanol (blue) and RuO4 half cycles (red). The methanol difference spectrum is", two reactions in the ALD cycle. 66  Time-resolved full-range mass spectra were collected during the methanol and RuO4 surface reactions with the methodology described in our earlier work ( Figure S9 ). Relevant parts from those fullrange spectra are shown in Figure 6a for the methanol reaction and ,,,unknown,conflicting_signals,tie_between_continuous_trace/multi_output_measurement,"['F', 'M', 'X']",,"{""continuous_trace"": 1, ""multi_output_measurement"": 1}","{""axis_role_coordinate"": false, ""n_source_points"": 12, ""granularity"": ""unresolved""}","[{""quantity_type"": ""base_pressure"", ""symbol"": null, ""value"": ""-6"", ""unit"": ""mbar"", ""species"": null, ""reactant_role"": null, ""assertion_status"": ""direct"", ""scope"": ""paper"", ""source"": ""methods"", ""evidence"": ""valve, such that a base pressure of 10 -6 mbar is achieved. The sample is heated inside the chamber with a resistive heater. A solution of R""}, {""quantity_type"": ""generic_pressure"", ""symbol"": null, ""value"": ""4 × 10 -3"", ""unit"": ""mbar"", ""species"": null, ""reactant_role"": null, ""assertion_status"": ""direct"", ""scope"": ""paper"", ""source"": ""methods"", ""evidence"": ""sed the reactor pressure to increase to 4 × 10 -3 mbar. Hterminated Si (Si-H) substrates were obtained by dipping Si with native oxide in a ""}]",[],paper,resolved,4 × 10 -3,mbar,generic_pressure,4 × 10 -3 mbar (generic_pressure),,,surface condition,After RuO4 pulse,10.1021_acs.chemmater.2c02292::F6::c::After RuO4 pulse
10.1021_acs.chemmater.2c02292|6|6|c|After methanol pulse|primary,10.1021_acs.chemmater.2c02292,6,6,c,After methanol pulse,primary,1,12,Wavenumber,Transmittance,a.u.,experimental,unresolved,10.1021_acs.chemmater.2c02292-F6c-41,22,19,"Figure 6: a) , b) In situ mass spectrometry data obtained during successive methanol pulses and successive RuO4 pulses, respectively c) In situ FTIR difference spectra for the methanol (blue) and RuO4 half cycles (red). The methanol difference spectrum is", two reactions in the ALD cycle. 66  Time-resolved full-range mass spectra were collected during the methanol and RuO4 surface reactions with the methodology described in our earlier work ( Figure S9 ). Relevant parts from those fullrange spectra are shown in Figure 6a for the methanol reaction and ,,,unknown,conflicting_signals,tie_between_continuous_trace/multi_output_measurement,"['F', 'M', 'X']",,"{""continuous_trace"": 1, ""multi_output_measurement"": 1}","{""axis_role_coordinate"": false, ""n_source_points"": 12, ""granularity"": ""unresolved""}","[{""quantity_type"": ""base_pressure"", ""symbol"": null, ""value"": ""-6"", ""unit"": ""mbar"", ""species"": null, ""reactant_role"": null, ""assertion_status"": ""direct"", ""scope"": ""paper"", ""source"": ""methods"", ""evidence"": ""valve, such that a base pressure of 10 -6 mbar is achieved. The sample is heated inside the chamber with a resistive heater. A solution of R""}, {""quantity_type"": ""generic_pressure"", ""symbol"": null, ""value"": ""4 × 10 -3"", ""unit"": ""mbar"", ""species"": null, ""reactant_role"": null, ""assertion_status"": ""direct"", ""scope"": ""paper"", ""source"": ""methods"", ""evidence"": ""sed the reactor pressure to increase to 4 × 10 -3 mbar. Hterminated Si (Si-H) substrates were obtained by dipping Si with native oxide in a ""}]",[],paper,resolved,4 × 10 -3,mbar,generic_pressure,4 × 10 -3 mbar (generic_pressure),,,surface condition,After methanol pulse,10.1021_acs.chemmater.2c02292::F6::c::After methanol pulse
10.1021_acs.chemmater.2c02292|6|6|d|Ending with RuO4|primary,10.1021_acs.chemmater.2c02292,6,6,d,Ending with RuO4,primary,1,11,Binding energy,intensity,a.u.,experimental,unresolved,10.1021_acs.chemmater.2c02292-F6d-42,22,19,"Figure 6: a) , b) In situ mass spectrometry data obtained during successive methanol pulses and successive RuO4 pulses, respectively c) In situ FTIR difference spectra for the methanol (blue) and RuO4 half cycles (red). The methanol difference spectrum is", two reactions in the ALD cycle. 66  Time-resolved full-range mass spectra were collected during the methanol and RuO4 surface reactions with the methodology described in our earlier work ( Figure S9 ). Relevant parts from those fullrange spectra are shown in Figure 6a for the methanol reaction and ,,,multi_output_measurement,corroborated,multi_signal(2 families),"['F', 'M', 'X']","M: pulses and successive RuO4 pulses, respectively c) In situ FTIR difference spectra for the methanol (blue) and RuO4 half cycles (red). The meth | X: x axis 'Binding energy' is a measurement coordinate, not a prepared condition","{""continuous_trace"": 1, ""multi_output_measurement"": 2}","{""axis_role_coordinate"": false, ""n_source_points"": 11, ""granularity"": ""unresolved""}","[{""quantity_type"": ""base_pressure"", ""symbol"": null, ""value"": ""-6"", ""unit"": ""mbar"", ""species"": null, ""reactant_role"": null, ""assertion_status"": ""direct"", ""scope"": ""paper"", ""source"": ""methods"", ""evidence"": ""valve, such that a base pressure of 10 -6 mbar is achieved. The sample is heated inside the chamber with a resistive heater. A solution of R""}, {""quantity_type"": ""generic_pressure"", ""symbol"": null, ""value"": ""4 × 10 -3"", ""unit"": ""mbar"", ""species"": null, ""reactant_role"": null, ""assertion_status"": ""direct"", ""scope"": ""paper"", ""source"": ""methods"", ""evidence"": ""sed the reactor pressure to increase to 4 × 10 -3 mbar. Hterminated Si (Si-H) substrates were obtained by dipping Si with native oxide in a ""}]",[],paper,resolved,4 × 10 -3,mbar,generic_pressure,4 × 10 -3 mbar (generic_pressure),,,surface termination,Ending with RuO4,10.1021_acs.chemmater.2c02292::F6::d::Ending with RuO4
10.1021_acs.chemmater.2c02292|6|6|d|Ending with methanol|primary,10.1021_acs.chemmater.2c02292,6,6,d,Ending with methanol,primary,1,11,Binding energy,intensity,a.u.,experimental,unresolved,10.1021_acs.chemmater.2c02292-F6d-43,22,19,"Figure 6: a) , b) In situ mass spectrometry data obtained during successive methanol pulses and successive RuO4 pulses, respectively c) In situ FTIR difference spectra for the methanol (blue) and RuO4 half cycles (red). The methanol difference spectrum is", two reactions in the ALD cycle. 66  Time-resolved full-range mass spectra were collected during the methanol and RuO4 surface reactions with the methodology described in our earlier work ( Figure S9 ). Relevant parts from those fullrange spectra are shown in Figure 6a for the methanol reaction and ,,,multi_output_measurement,corroborated,multi_signal(2 families),"['F', 'M', 'X']","M: pulses and successive RuO4 pulses, respectively c) In situ FTIR difference spectra for the methanol (blue) and RuO4 half cycles (red). The meth | X: x axis 'Binding energy' is a measurement coordinate, not a prepared condition","{""continuous_trace"": 1, ""multi_output_measurement"": 2}","{""axis_role_coordinate"": false, ""n_source_points"": 11, ""granularity"": ""unresolved""}","[{""quantity_type"": ""base_pressure"", ""symbol"": null, ""value"": ""-6"", ""unit"": ""mbar"", ""species"": null, ""reactant_role"": null, ""assertion_status"": ""direct"", ""scope"": ""paper"", ""source"": ""methods"", ""evidence"": ""valve, such that a base pressure of 10 -6 mbar is achieved. The sample is heated inside the chamber with a resistive heater. A solution of R""}, {""quantity_type"": ""generic_pressure"", ""symbol"": null, ""value"": ""4 × 10 -3"", ""unit"": ""mbar"", ""species"": null, ""reactant_role"": null, ""assertion_status"": ""direct"", ""scope"": ""paper"", ""source"": ""methods"", ""evidence"": ""sed the reactor pressure to increase to 4 × 10 -3 mbar. Hterminated Si (Si-H) substrates were obtained by dipping Si with native oxide in a ""}]",[],paper,resolved,4 × 10 -3,mbar,generic_pressure,4 × 10 -3 mbar (generic_pressure),,,surface termination,Ending with methanol,10.1021_acs.chemmater.2c02292::F6::d::Ending with methanol
10.1021_acs.jpcc.9b08176|6|1|b|r=10^-5|primary,10.1021_acs.jpcc.9b08176,6,1,b,r=10^-5,primary,16,16,aspect_ratio,film_density,,model,single,10.1021_acs.jpcc.9b08176-1b-S0-P000;10.1021_acs.jpcc.9b08176-1b-S0-P001;10.1021_acs.jpcc.9b08176-1b-S0-P002;10.1021_acs.jpcc.9b08176-1b-S0-P003;10.1021_acs.jpcc.9b08176-1b-S0-P004;10.1021_acs.jpcc.9b08176-1b-S0-P005 …+10,2,,"Figure 1. Panel (A) gives a schematic cross-sectional side view of a PillarHall LHAR structure used in this work to study /uniFB01 lm growth by plasma ALD. Through surface recombination, the density of plasma radicals decreases exponentially versus distance into the trench. This sets a practical lim","iting way, while the term -η rn ̃ describes the loss of reactive (co-)reactant species through surface recombination, which continues also after saturation of the surface coverage.

The impact of surface recombination on conformal plasma ALD is illustrated in Figure 1 where the shown radical density",,,model_sweep,single_definitional_signal,provenance_gate(1 families),"['F', 'M', 'X']",F: panel/figure source flag = simulated | F: pipeline relevance=model,"{""model_sweep"": 2}","{""axis_role_coordinate"": false, ""n_source_points"": 16, ""granularity"": ""single""}",[],[],,,,,,,,,surface recombination probability,r=10^-5,10.1021_acs.jpcc.9b08176::F1::b::r=10^-5
10.1021_acs.jpcc.9b08176|6|1|b|r=10^-4|primary,10.1021_acs.jpcc.9b08176,6,1,b,r=10^-4,primary,13,13,aspect_ratio,film_density,,model,single,10.1021_acs.jpcc.9b08176-1b-S1-P000;10.1021_acs.jpcc.9b08176-1b-S1-P001;10.1021_acs.jpcc.9b08176-1b-S1-P002;10.1021_acs.jpcc.9b08176-1b-S1-P003;10.1021_acs.jpcc.9b08176-1b-S1-P004;10.1021_acs.jpcc.9b08176-1b-S1-P005 …+7,2,,"Figure 1. Panel (A) gives a schematic cross-sectional side view of a PillarHall LHAR structure used in this work to study /uniFB01 lm growth by plasma ALD. Through surface recombination, the density of plasma radicals decreases exponentially versus distance into the trench. This sets a practical lim","iting way, while the term -η rn ̃ describes the loss of reactive (co-)reactant species through surface recombination, which continues also after saturation of the surface coverage.

The impact of surface recombination on conformal plasma ALD is illustrated in Figure 1 where the shown radical density",,,model_sweep,single_definitional_signal,provenance_gate(1 families),"['F', 'M', 'X']",F: panel/figure source flag = simulated | F: pipeline relevance=model,"{""model_sweep"": 2}","{""axis_role_coordinate"": false, ""n_source_points"": 13, ""granularity"": ""single""}",[],[],,,,,,,,,surface recombination probability,r=10^-4,10.1021_acs.jpcc.9b08176::F1::b::r=10^-4
10.1021_acs.jpcc.9b08176|6|1|b|r=10^-3|primary,10.1021_acs.jpcc.9b08176,6,1,b,r=10^-3,primary,12,12,aspect_ratio,film_density,,model,single,10.1021_acs.jpcc.9b08176-1b-S2-P000;10.1021_acs.jpcc.9b08176-1b-S2-P001;10.1021_acs.jpcc.9b08176-1b-S2-P002;10.1021_acs.jpcc.9b08176-1b-S2-P003;10.1021_acs.jpcc.9b08176-1b-S2-P004;10.1021_acs.jpcc.9b08176-1b-S2-P005 …+6,2,,"Figure 1. Panel (A) gives a schematic cross-sectional side view of a PillarHall LHAR structure used in this work to study /uniFB01 lm growth by plasma ALD. Through surface recombination, the density of plasma radicals decreases exponentially versus distance into the trench. This sets a practical lim","iting way, while the term -η rn ̃ describes the loss of reactive (co-)reactant species through surface recombination, which continues also after saturation of the surface coverage.

The impact of surface recombination on conformal plasma ALD is illustrated in Figure 1 where the shown radical density",,,model_sweep,single_definitional_signal,provenance_gate(1 families),"['F', 'M', 'X']",F: panel/figure source flag = simulated | F: pipeline relevance=model,"{""model_sweep"": 2}","{""axis_role_coordinate"": false, ""n_source_points"": 12, ""granularity"": ""single""}",[],[],,,,,,,,,surface recombination probability,r=10^-3,10.1021_acs.jpcc.9b08176::F1::b::r=10^-3
10.1021_acs.jpcc.9b08176|6|1|b|r=10^-2|primary,10.1021_acs.jpcc.9b08176,6,1,b,r=10^-2,primary,11,11,aspect_ratio,film_density,,model,single,10.1021_acs.jpcc.9b08176-1b-S3-P000;10.1021_acs.jpcc.9b08176-1b-S3-P001;10.1021_acs.jpcc.9b08176-1b-S3-P002;10.1021_acs.jpcc.9b08176-1b-S3-P003;10.1021_acs.jpcc.9b08176-1b-S3-P004;10.1021_acs.jpcc.9b08176-1b-S3-P005 …+5,2,,"Figure 1. Panel (A) gives a schematic cross-sectional side view of a PillarHall LHAR structure used in this work to study /uniFB01 lm growth by plasma ALD. Through surface recombination, the density of plasma radicals decreases exponentially versus distance into the trench. This sets a practical lim","iting way, while the term -η rn ̃ describes the loss of reactive (co-)reactant species through surface recombination, which continues also after saturation of the surface coverage.

The impact of surface recombination on conformal plasma ALD is illustrated in Figure 1 where the shown radical density",,,model_sweep,single_definitional_signal,provenance_gate(1 families),"['F', 'M', 'X']",F: panel/figure source flag = simulated | F: pipeline relevance=model,"{""model_sweep"": 2}","{""axis_role_coordinate"": false, ""n_source_points"": 11, ""granularity"": ""single""}",[],[],,,,,,,,,surface recombination probability,r=10^-2,10.1021_acs.jpcc.9b08176::F1::b::r=10^-2
10.1021_acs.jpcc.9b08176|6|1|c|t=10^0|primary,10.1021_acs.jpcc.9b08176,6,1,c,t=10^0,primary,14,14,aspect_ratio,film_density,,model,single,10.1021_acs.jpcc.9b08176-1c-S4-P000;10.1021_acs.jpcc.9b08176-1c-S4-P001;10.1021_acs.jpcc.9b08176-1c-S4-P002;10.1021_acs.jpcc.9b08176-1c-S4-P003;10.1021_acs.jpcc.9b08176-1c-S4-P004;10.1021_acs.jpcc.9b08176-1c-S4-P005 …+8,2,,"Figure 1. Panel (A) gives a schematic cross-sectional side view of a PillarHall LHAR structure used in this work to study /uniFB01 lm growth by plasma ALD. Through surface recombination, the density of plasma radicals decreases exponentially versus distance into the trench. This sets a practical lim","iting way, while the term -η rn ̃ describes the loss of reactive (co-)reactant species through surface recombination, which continues also after saturation of the surface coverage.

The impact of surface recombination on conformal plasma ALD is illustrated in Figure 1 where the shown radical density",,,model_sweep,single_definitional_signal,provenance_gate(1 families),"['F', 'M', 'X']",F: panel/figure source flag = simulated | F: pipeline relevance=model,"{""model_sweep"": 2}","{""axis_role_coordinate"": false, ""n_source_points"": 14, ""granularity"": ""single""}",[],[],,,,,,,,,exposure time,t=10^0,10.1021_acs.jpcc.9b08176::F1::c::t=10^0
10.1021_acs.jpcc.9b08176|6|1|c|t=10^1|primary,10.1021_acs.jpcc.9b08176,6,1,c,t=10^1,primary,14,14,aspect_ratio,film_density,,model,single,10.1021_acs.jpcc.9b08176-1c-S5-P000;10.1021_acs.jpcc.9b08176-1c-S5-P001;10.1021_acs.jpcc.9b08176-1c-S5-P002;10.1021_acs.jpcc.9b08176-1c-S5-P003;10.1021_acs.jpcc.9b08176-1c-S5-P004;10.1021_acs.jpcc.9b08176-1c-S5-P005 …+8,2,,"Figure 1. Panel (A) gives a schematic cross-sectional side view of a PillarHall LHAR structure used in this work to study /uniFB01 lm growth by plasma ALD. Through surface recombination, the density of plasma radicals decreases exponentially versus distance into the trench. This sets a practical lim","iting way, while the term -η rn ̃ describes the loss of reactive (co-)reactant species through surface recombination, which continues also after saturation of the surface coverage.

The impact of surface recombination on conformal plasma ALD is illustrated in Figure 1 where the shown radical density",,,model_sweep,single_definitional_signal,provenance_gate(1 families),"['F', 'M', 'X']",F: panel/figure source flag = simulated | F: pipeline relevance=model,"{""model_sweep"": 2}","{""axis_role_coordinate"": false, ""n_source_points"": 14, ""granularity"": ""single""}",[],[],,,,,,,,,exposure time,t=10^1,10.1021_acs.jpcc.9b08176::F1::c::t=10^1
10.1021_acs.jpcc.9b08176|6|1|c|t=10^2|primary,10.1021_acs.jpcc.9b08176,6,1,c,t=10^2,primary,14,14,aspect_ratio,film_density,,model,single,10.1021_acs.jpcc.9b08176-1c-S6-P000;10.1021_acs.jpcc.9b08176-1c-S6-P001;10.1021_acs.jpcc.9b08176-1c-S6-P002;10.1021_acs.jpcc.9b08176-1c-S6-P003;10.1021_acs.jpcc.9b08176-1c-S6-P004;10.1021_acs.jpcc.9b08176-1c-S6-P005 …+8,2,,"Figure 1. Panel (A) gives a schematic cross-sectional side view of a PillarHall LHAR structure used in this work to study /uniFB01 lm growth by plasma ALD. Through surface recombination, the density of plasma radicals decreases exponentially versus distance into the trench. This sets a practical lim","iting way, while the term -η rn ̃ describes the loss of reactive (co-)reactant species through surface recombination, which continues also after saturation of the surface coverage.

The impact of surface recombination on conformal plasma ALD is illustrated in Figure 1 where the shown radical density",,,model_sweep,single_definitional_signal,provenance_gate(1 families),"['F', 'M', 'X']",F: panel/figure source flag = simulated | F: pipeline relevance=model,"{""model_sweep"": 2}","{""axis_role_coordinate"": false, ""n_source_points"": 14, ""granularity"": ""single""}",[],[],,,,,,,,,exposure time,t=10^2,10.1021_acs.jpcc.9b08176::F1::c::t=10^2
10.1021_acs.jpcc.9b08176|6|1|c|t=10^3|primary,10.1021_acs.jpcc.9b08176,6,1,c,t=10^3,primary,14,14,aspect_ratio,film_density,,model,single,10.1021_acs.jpcc.9b08176-1c-S7-P000;10.1021_acs.jpcc.9b08176-1c-S7-P001;10.1021_acs.jpcc.9b08176-1c-S7-P002;10.1021_acs.jpcc.9b08176-1c-S7-P003;10.1021_acs.jpcc.9b08176-1c-S7-P004;10.1021_acs.jpcc.9b08176-1c-S7-P005 …+8,2,,"Figure 1. Panel (A) gives a schematic cross-sectional side view of a PillarHall LHAR structure used in this work to study /uniFB01 lm growth by plasma ALD. Through surface recombination, the density of plasma radicals decreases exponentially versus distance into the trench. This sets a practical lim","iting way, while the term -η rn ̃ describes the loss of reactive (co-)reactant species through surface recombination, which continues also after saturation of the surface coverage.

The impact of surface recombination on conformal plasma ALD is illustrated in Figure 1 where the shown radical density",,,model_sweep,single_definitional_signal,provenance_gate(1 families),"['F', 'M', 'X']",F: panel/figure source flag = simulated | F: pipeline relevance=model,"{""model_sweep"": 2}","{""axis_role_coordinate"": false, ""n_source_points"": 14, ""granularity"": ""single""}",[],[],,,,,,,,,exposure time,t=10^3,10.1021_acs.jpcc.9b08176::F1::c::t=10^3
10.1021_acs.jpcc.9b08176|6|1|c|t=10^4|primary,10.1021_acs.jpcc.9b08176,6,1,c,t=10^4,primary,14,14,aspect_ratio,film_density,,model,single,10.1021_acs.jpcc.9b08176-1c-S8-P000;10.1021_acs.jpcc.9b08176-1c-S8-P001;10.1021_acs.jpcc.9b08176-1c-S8-P002;10.1021_acs.jpcc.9b08176-1c-S8-P003;10.1021_acs.jpcc.9b08176-1c-S8-P004;10.1021_acs.jpcc.9b08176-1c-S8-P005 …+8,2,,"Figure 1. Panel (A) gives a schematic cross-sectional side view of a PillarHall LHAR structure used in this work to study /uniFB01 lm growth by plasma ALD. Through surface recombination, the density of plasma radicals decreases exponentially versus distance into the trench. This sets a practical lim","iting way, while the term -η rn ̃ describes the loss of reactive (co-)reactant species through surface recombination, which continues also after saturation of the surface coverage.

The impact of surface recombination on conformal plasma ALD is illustrated in Figure 1 where the shown radical density",,,model_sweep,single_definitional_signal,provenance_gate(1 families),"['F', 'M', 'X']",F: panel/figure source flag = simulated | F: pipeline relevance=model,"{""model_sweep"": 2}","{""axis_role_coordinate"": false, ""n_source_points"": 14, ""granularity"": ""single""}",[],[],,,,,,,,,exposure time,t=10^4,10.1021_acs.jpcc.9b08176::F1::c::t=10^4
10.1021_acs.jpcc.9b08176|7|2|a|<single>|primary,10.1021_acs.jpcc.9b08176,7,2,a,<single>,primary,8,0,pulse_time,penetration_depth,,experimental,single,10.1021_acs.jpcc.9b08176-2a-S9-P000;10.1021_acs.jpcc.9b08176-2a-S9-P001;10.1021_acs.jpcc.9b08176-2a-S9-P002;10.1021_acs.jpcc.9b08176-2a-S9-P003;10.1021_acs.jpcc.9b08176-2a-S10-P000;10.1021_acs.jpcc.9b08176-2a-S10-P001 …+2,4,,"Figure 2. (A) Top view optical microscope images of PillarHall LHAR structures, after plasma ALD of SiO2, TiO2, Al2O3, or HfO2 and removal of the membrane (note that PillarHall generation 3, which has a smaller pillar spacing than PillarHall-4, was used for SiO 2 growth using 120 s plasma steps). Su","her startup e /uniFB00 ects.

After deposition, the polysilicon membrane of each PillarHall LHAR structure 13,15,17 -21 was removed using adhesive tape such that the deposited /uniFB01 lm and its penetration depth could be analyzed using top-view diagnostics. Figure 2a shows optical microscope image",,,unknown,conflicting_signals,tie_between_none,"['F', 'X']",,{},"{""axis_role_coordinate"": false, ""n_source_points"": 0, ""granularity"": ""single""}",[],[],,,,,,,,,material,<single>,10.1021_acs.jpcc.9b08176::F2::a::<single>
10.1021_acs.jpcc.9b08176|9|3|a|<single>|primary,10.1021_acs.jpcc.9b08176,9,3,a,<single>,primary,6,0,exposure,penetration_depth,,experimental,single,10.1021_acs.jpcc.9b08176-3a-S11-P000;10.1021_acs.jpcc.9b08176-3a-S11-P001;10.1021_acs.jpcc.9b08176-3a-S11-P002;10.1021_acs.jpcc.9b08176-3a-S11-P003;10.1021_acs.jpcc.9b08176-3a-S12-P000;10.1021_acs.jpcc.9b08176-3a-S12-P001,4,3,"Figure 3. Film penetration for plasma ALD of SiO2 and TiO2, as presented in Figure 2, plotted against the natural logarithm of the plasma exposure time. Here, a one second uncertainty in plasma time has been included to account for variation in striking time and other startup e /uniFB00 ects. The sl","PD 50% 50% is the aspect ratio at 50% thickness penetration depth. Without information on t 50% , measuring and plotting z ̃ 50% as a function of ln( t ) directly provide the value of r , as the slope is equal to r 1/ 3 4 . This method will be demonstrated in Figure 3. Note that a di /uniFB00 erent ",,,unknown,conflicting_signals,tie_between_none,"['F', 'X']",,{},"{""axis_role_coordinate"": false, ""n_source_points"": 0, ""granularity"": ""single""}",[],[],,,,,,,,,material,<single>,10.1021_acs.jpcc.9b08176::F3::a::<single>
10.1039_c5tc03561a|7|2|a|<single>|primary,10.1039_c5tc03561a,7,2,a,<single>,primary,3,3,deposition_temperature,growth_per_cycle,nm/cycle,experimental,single,10.1039_c5tc03561a-2a-S0-P000;10.1039_c5tc03561a-2a-S0-P001;10.1039_c5tc03561a-2a-S0-P002,4,4,Fig. 2 (a) GPC plotted versus substrate temperature (b) GPC versus boosting time (standard deviation: 7 measurements on 4 inch wafer). The downward arrow indicates the process parameter chosen for further experiments. The y -axis in red shows the calculated total pressure in the precursor cylinder i,. We varied the substrate temperature from 180 1 C (slightly above precursor temperature) to 250 1 C to establish the ALD temperature regime for py-Ba. Physical thicknesses of the films measured using spectroscopic ellipsometry 28 revealed the GPC as shown in Fig. 2. We identify a constant growth ra,,,discrete_experimental_sweep,corroborated,multi_signal(3 families),"['F', 'M', 'Me', 'R']","M: for py-Ba. Physical thicknesses of the films measured using spectroscopic ellipsometry 28 revealed the GPC as shown in Fig. 2. We identify a constant growth rate pla | Me: Physical thicknesses of the films measured using spectroscopic ellipsometry 28 revealed the GPC as shown in Fig. 2. We identify a constant growt | Me: icroscopy (TEM) (Titan ETEM 300 kV, FEI, USA) and X-ray reflectivity (X'Pe","{""discrete_experimental_sweep"": 5}","{""axis_role_coordinate"": false, ""n_source_points"": 3, ""granularity"": ""single""}","[{""quantity_type"": ""generic_pressure"", ""symbol"": null, ""value"": ""1"", ""unit"": ""mbar"", ""species"": null, ""reactant_role"": null, ""assertion_status"": ""direct"", ""scope"": ""figure"", ""source"": ""body_mention"", ""evidence"": ""per cycle at a differential pressure of 1 mbar (pressure of precursor vapor and Ar boosting Fig. 2 (a) GPC plotted versus substrate temperat""}, {""quantity_type"": ""working_pressure"", ""symbol"": null, ""value"": ""0.6"", ""unit"": ""Torr"", ""species"": null, ""reactant_role"": null, ""assertion_status"": ""direct"", ""scope"": ""paper"", ""source"": ""methods"", ""evidence"": ""ifold resulted in a chamber pressure of 0.6 Torr (measured by a Pirani gauge, Kurt Lesker Company, USA). The chamber exhaust was connected t""}]",[],figure,resolved,1,mbar,generic_pressure,1 mbar (generic_pressure),,,,,10.1039_c5tc03561a::F2::a::<single>
10.1039_c5tc03561a|7|2|b|<single>|primary,10.1039_c5tc03561a,7,2,b,<single>,primary,5,5,pulse_time,growth_per_cycle,nm/cycle,experimental,single,10.1039_c5tc03561a-2b-S1-P000;10.1039_c5tc03561a-2b-S1-P001;10.1039_c5tc03561a-2b-S1-P002;10.1039_c5tc03561a-2b-S1-P003;10.1039_c5tc03561a-2b-S1-P004,4,4,Fig. 2 (a) GPC plotted versus substrate temperature (b) GPC versus boosting time (standard deviation: 7 measurements on 4 inch wafer). The downward arrow indicates the process parameter chosen for further experiments. The y -axis in red shows the calculated total pressure in the precursor cylinder i,. We varied the substrate temperature from 180 1 C (slightly above precursor temperature) to 250 1 C to establish the ALD temperature regime for py-Ba. Physical thicknesses of the films measured using spectroscopic ellipsometry 28 revealed the GPC as shown in Fig. 2. We identify a constant growth ra,,,discrete_experimental_sweep,corroborated,multi_signal(3 families),"['F', 'M', 'Me', 'R']","M: for py-Ba. Physical thicknesses of the films measured using spectroscopic ellipsometry 28 revealed the GPC as shown in Fig. 2. We identify a constant growth rate pla | Me: Physical thicknesses of the films measured using spectroscopic ellipsometry 28 revealed the GPC as shown in Fig. 2. We identify a constant growt | Me: icroscopy (TEM) (Titan ETEM 300 kV, FEI, USA) and X-ray reflectivity (X'Pe","{""discrete_experimental_sweep"": 5}","{""axis_role_coordinate"": false, ""n_source_points"": 5, ""granularity"": ""single""}","[{""quantity_type"": ""generic_pressure"", ""symbol"": null, ""value"": ""1"", ""unit"": ""mbar"", ""species"": null, ""reactant_role"": null, ""assertion_status"": ""direct"", ""scope"": ""figure"", ""source"": ""body_mention"", ""evidence"": ""per cycle at a differential pressure of 1 mbar (pressure of precursor vapor and Ar boosting Fig. 2 (a) GPC plotted versus substrate temperat""}, {""quantity_type"": ""working_pressure"", ""symbol"": null, ""value"": ""0.6"", ""unit"": ""Torr"", ""species"": null, ""reactant_role"": null, ""assertion_status"": ""direct"", ""scope"": ""paper"", ""source"": ""methods"", ""evidence"": ""ifold resulted in a chamber pressure of 0.6 Torr (measured by a Pirani gauge, Kurt Lesker Company, USA). The chamber exhaust was connected t""}]",[],figure,resolved,1,mbar,generic_pressure,1 mbar (generic_pressure),,,,,10.1039_c5tc03561a::F2::b::<single>
10.1039_c5tc03561a|8|3|a|<single>|primary,10.1039_c5tc03561a,8,3,a,<single>,primary,3,3,exposure,film_thickness,nm,experimental,single,10.1039_c5tc03561a-3a-S2-P000;10.1039_c5tc03561a-3a-S2-P001;10.1039_c5tc03561a-3a-S2-P002,5,5,Fig. 3 (a) Film thickness plotted versus number of Ba precursor exposures per BaO full cycle (b) thickness variation as a function of number of oxidant (H2O) pulses. A steady state was attained after 5-10 H2O pulses. 100 cycles were deposited in total.,"ition, we varied the number of Ba dosing sequences per cycle from 1 to 3 keeping the boosting time at 2 s. The BaO growth saturates with the first precursor pulse; the total thickness remains unchanged irrespective of the number of dosing sequences per cycle (Fig. 3a). Varying the number of H2O puls",,,discrete_experimental_sweep,corroborated,multi_signal(3 families),"['F', 'M', 'Me', 'R']","M: † ) shows a thickness map (ellipsometry) of the full wafer. X-ray reflectivity (XRR, ESI, † Fig. S5) validates the f --- sappearance of the adventitious C 1s | Me: Physical thicknesses of the films measured using spectroscopic ellipsometry 28 revealed the GPC as shown in Fig. 2. We identify a constant growt | Me: icroscopy (TEM) (Titan ETEM 300 kV, FEI, USA) and X-ray reflectivity (X'Pert Pro, ","{""continuous_trace"": 1, ""discrete_experimental_sweep"": 5, ""multi_output_measurement"": 1}","{""axis_role_coordinate"": false, ""n_source_points"": 3, ""granularity"": ""single""}","[{""quantity_type"": ""working_pressure"", ""symbol"": null, ""value"": ""0.6"", ""unit"": ""Torr"", ""species"": null, ""reactant_role"": null, ""assertion_status"": ""direct"", ""scope"": ""paper"", ""source"": ""methods"", ""evidence"": ""ifold resulted in a chamber pressure of 0.6 Torr (measured by a Pirani gauge, Kurt Lesker Company, USA). The chamber exhaust was connected t""}]",[],paper,resolved,0.6,Torr,working_pressure,0.6 Torr (working_pressure),,,,,10.1039_c5tc03561a::F3::a::<single>
10.1039_c5tc03561a|8|3|b|<single>|primary,10.1039_c5tc03561a,8,3,b,<single>,primary,4,4,exposure,film_thickness,nm,experimental,single,10.1039_c5tc03561a-3b-S3-P000;10.1039_c5tc03561a-3b-S3-P001;10.1039_c5tc03561a-3b-S3-P002;10.1039_c5tc03561a-3b-S3-P003,5,5,Fig. 3 (a) Film thickness plotted versus number of Ba precursor exposures per BaO full cycle (b) thickness variation as a function of number of oxidant (H2O) pulses. A steady state was attained after 5-10 H2O pulses. 100 cycles were deposited in total.,"ition, we varied the number of Ba dosing sequences per cycle from 1 to 3 keeping the boosting time at 2 s. The BaO growth saturates with the first precursor pulse; the total thickness remains unchanged irrespective of the number of dosing sequences per cycle (Fig. 3a). Varying the number of H2O puls",,,discrete_experimental_sweep,corroborated,multi_signal(3 families),"['F', 'M', 'Me', 'R']","M: † ) shows a thickness map (ellipsometry) of the full wafer. X-ray reflectivity (XRR, ESI, † Fig. S5) validates the f --- sappearance of the adventitious C 1s | Me: Physical thicknesses of the films measured using spectroscopic ellipsometry 28 revealed the GPC as shown in Fig. 2. We identify a constant growt | Me: icroscopy (TEM) (Titan ETEM 300 kV, FEI, USA) and X-ray reflectivity (X'Pert Pro, ","{""continuous_trace"": 1, ""discrete_experimental_sweep"": 5, ""multi_output_measurement"": 1}","{""axis_role_coordinate"": false, ""n_source_points"": 4, ""granularity"": ""single""}","[{""quantity_type"": ""working_pressure"", ""symbol"": null, ""value"": ""0.6"", ""unit"": ""Torr"", ""species"": null, ""reactant_role"": null, ""assertion_status"": ""direct"", ""scope"": ""paper"", ""source"": ""methods"", ""evidence"": ""ifold resulted in a chamber pressure of 0.6 Torr (measured by a Pirani gauge, Kurt Lesker Company, USA). The chamber exhaust was connected t""}]",[],paper,resolved,0.6,Torr,working_pressure,0.6 Torr (working_pressure),,,,,10.1039_c5tc03561a::F3::b::<single>
10.1039_c5tc03561a|9|4|a|Ba|primary,10.1039_c5tc03561a,9,4,a,Ba,primary,1,11,sputtering time,impurity_content,1,experimental,unresolved,10.1039_c5tc03561a-F4a-4,6,5,"Fig. 4 (a) XPS depth profile of BaO film obtained at 210 1 C substrate temperature and 2 s boosting time. (b) C 1s, O 1s and Ba 3d5/2 X-ray photoelectron peaks on the surface of the film and post surface etching.","s allow the reaction to proceed as also reported for other known metal-oxide ALD chemistries. 41,42

## B. Characterization of BaO films

X-ray photoelectron spectroscopy (XPS) depth profile reflects the overall quantitative Ba and O compositional uniformity (Fig. 4(a)).

BaO is not stable when expo",samples to the XPS vacuum chamber after the film,,discrete_experimental_sweep,corroborated,multi_signal(3 families),"['F', 'I', 'M', 'Me', 'R', 'X']","Me: Physical thicknesses of the films measured using spectroscopic ellipsometry 28 revealed the GPC as shown in Fig. 2. We identify a constant growt | Me: icroscopy (TEM) (Titan ETEM 300 kV, FEI, USA) and X-ray reflectivity (X'Pert Pro, PANalytical, Netherlands). The sample for cross-section | Me: confirmed using transmission electron microscopy (TEM) (Titan ETEM 300 kV, FEI, USA) and X-ray reflec","{""continuous_trace"": 1, ""multi_output_measurement"": 2, ""discrete_experimental_sweep"": 5}","{""axis_role_coordinate"": false, ""n_source_points"": 11, ""granularity"": ""unresolved""}","[{""quantity_type"": ""working_pressure"", ""symbol"": null, ""value"": ""0.6"", ""unit"": ""Torr"", ""species"": null, ""reactant_role"": null, ""assertion_status"": ""direct"", ""scope"": ""paper"", ""source"": ""methods"", ""evidence"": ""ifold resulted in a chamber pressure of 0.6 Torr (measured by a Pirani gauge, Kurt Lesker Company, USA). The chamber exhaust was connected t""}]",[],paper,resolved,0.6,Torr,working_pressure,0.6 Torr (working_pressure),,,element,Ba,10.1039_c5tc03561a::F4::a::Ba
10.1039_c5tc03561a|9|4|a|O|primary,10.1039_c5tc03561a,9,4,a,O,primary,1,11,sputtering time,impurity_content,1,experimental,unresolved,10.1039_c5tc03561a-F4a-5,6,5,"Fig. 4 (a) XPS depth profile of BaO film obtained at 210 1 C substrate temperature and 2 s boosting time. (b) C 1s, O 1s and Ba 3d5/2 X-ray photoelectron peaks on the surface of the film and post surface etching.","s allow the reaction to proceed as also reported for other known metal-oxide ALD chemistries. 41,42

## B. Characterization of BaO films

X-ray photoelectron spectroscopy (XPS) depth profile reflects the overall quantitative Ba and O compositional uniformity (Fig. 4(a)).

BaO is not stable when expo",samples to the XPS vacuum chamber after the film,,discrete_experimental_sweep,corroborated,multi_signal(3 families),"['F', 'I', 'M', 'Me', 'R', 'X']","Me: Physical thicknesses of the films measured using spectroscopic ellipsometry 28 revealed the GPC as shown in Fig. 2. We identify a constant growt | Me: icroscopy (TEM) (Titan ETEM 300 kV, FEI, USA) and X-ray reflectivity (X'Pert Pro, PANalytical, Netherlands). The sample for cross-section | Me: confirmed using transmission electron microscopy (TEM) (Titan ETEM 300 kV, FEI, USA) and X-ray reflec","{""continuous_trace"": 1, ""multi_output_measurement"": 2, ""discrete_experimental_sweep"": 5}","{""axis_role_coordinate"": false, ""n_source_points"": 11, ""granularity"": ""unresolved""}","[{""quantity_type"": ""working_pressure"", ""symbol"": null, ""value"": ""0.6"", ""unit"": ""Torr"", ""species"": null, ""reactant_role"": null, ""assertion_status"": ""direct"", ""scope"": ""paper"", ""source"": ""methods"", ""evidence"": ""ifold resulted in a chamber pressure of 0.6 Torr (measured by a Pirani gauge, Kurt Lesker Company, USA). The chamber exhaust was connected t""}]",[],paper,resolved,0.6,Torr,working_pressure,0.6 Torr (working_pressure),,,element,O,10.1039_c5tc03561a::F4::a::O
10.1039_c5tc03561a|9|4|a|C|primary,10.1039_c5tc03561a,9,4,a,C,primary,1,11,sputtering time,impurity_content,1,experimental,unresolved,10.1039_c5tc03561a-F4a-6,6,5,"Fig. 4 (a) XPS depth profile of BaO film obtained at 210 1 C substrate temperature and 2 s boosting time. (b) C 1s, O 1s and Ba 3d5/2 X-ray photoelectron peaks on the surface of the film and post surface etching.","s allow the reaction to proceed as also reported for other known metal-oxide ALD chemistries. 41,42

## B. Characterization of BaO films

X-ray photoelectron spectroscopy (XPS) depth profile reflects the overall quantitative Ba and O compositional uniformity (Fig. 4(a)).

BaO is not stable when expo",samples to the XPS vacuum chamber after the film,,discrete_experimental_sweep,corroborated,multi_signal(3 families),"['F', 'I', 'M', 'Me', 'R', 'X']","Me: Physical thicknesses of the films measured using spectroscopic ellipsometry 28 revealed the GPC as shown in Fig. 2. We identify a constant growt | Me: icroscopy (TEM) (Titan ETEM 300 kV, FEI, USA) and X-ray reflectivity (X'Pert Pro, PANalytical, Netherlands). The sample for cross-section | Me: confirmed using transmission electron microscopy (TEM) (Titan ETEM 300 kV, FEI, USA) and X-ray reflec","{""continuous_trace"": 1, ""multi_output_measurement"": 2, ""discrete_experimental_sweep"": 5}","{""axis_role_coordinate"": false, ""n_source_points"": 11, ""granularity"": ""unresolved""}","[{""quantity_type"": ""working_pressure"", ""symbol"": null, ""value"": ""0.6"", ""unit"": ""Torr"", ""species"": null, ""reactant_role"": null, ""assertion_status"": ""direct"", ""scope"": ""paper"", ""source"": ""methods"", ""evidence"": ""ifold resulted in a chamber pressure of 0.6 Torr (measured by a Pirani gauge, Kurt Lesker Company, USA). The chamber exhaust was connected t""}]",[],paper,resolved,0.6,Torr,working_pressure,0.6 Torr (working_pressure),,,element,C,10.1039_c5tc03561a::F4::a::C
10.1039_c5tc03561a|9|4|a|Si|primary,10.1039_c5tc03561a,9,4,a,Si,primary,1,11,sputtering time,impurity_content,1,experimental,unresolved,10.1039_c5tc03561a-F4a-7,6,5,"Fig. 4 (a) XPS depth profile of BaO film obtained at 210 1 C substrate temperature and 2 s boosting time. (b) C 1s, O 1s and Ba 3d5/2 X-ray photoelectron peaks on the surface of the film and post surface etching.","s allow the reaction to proceed as also reported for other known metal-oxide ALD chemistries. 41,42

## B. Characterization of BaO films

X-ray photoelectron spectroscopy (XPS) depth profile reflects the overall quantitative Ba and O compositional uniformity (Fig. 4(a)).

BaO is not stable when expo",samples to the XPS vacuum chamber after the film,,discrete_experimental_sweep,corroborated,multi_signal(3 families),"['F', 'I', 'M', 'Me', 'R', 'X']","Me: Physical thicknesses of the films measured using spectroscopic ellipsometry 28 revealed the GPC as shown in Fig. 2. We identify a constant growt | Me: icroscopy (TEM) (Titan ETEM 300 kV, FEI, USA) and X-ray reflectivity (X'Pert Pro, PANalytical, Netherlands). The sample for cross-section | Me: confirmed using transmission electron microscopy (TEM) (Titan ETEM 300 kV, FEI, USA) and X-ray reflec","{""continuous_trace"": 1, ""multi_output_measurement"": 2, ""discrete_experimental_sweep"": 5}","{""axis_role_coordinate"": false, ""n_source_points"": 11, ""granularity"": ""unresolved""}","[{""quantity_type"": ""working_pressure"", ""symbol"": null, ""value"": ""0.6"", ""unit"": ""Torr"", ""species"": null, ""reactant_role"": null, ""assertion_status"": ""direct"", ""scope"": ""paper"", ""source"": ""methods"", ""evidence"": ""ifold resulted in a chamber pressure of 0.6 Torr (measured by a Pirani gauge, Kurt Lesker Company, USA). The chamber exhaust was connected t""}]",[],paper,resolved,0.6,Torr,working_pressure,0.6 Torr (working_pressure),,,element,Si,10.1039_c5tc03561a::F4::a::Si
10.1039_c5tc03561a|12|7|a|Ti|primary,10.1039_c5tc03561a,12,7,a,Ti,primary,1,11,Sputtering Time,Atomic Percentage,1,experimental,unresolved,10.1039_c5tc03561a-F7a-8,8,7,Fig. 7 (a) XPS Depth profile of as deposited BTO grown on Si substrate at 210 1 C. (b) High resolution cross sectional TEM image of B 7 nm thick BTO film with stoichiometry at Ti/(Ba + Ti) = 0.53 (Ba : Ti B 1 : 1) on a Si substrate with an interfacial oxide thickness of B 2 nm.,"O dose (0.1 s) separated by a purging step (60 s) for each cycle. The substrate temperature was 210 1 C.

70 supercycles consisting of 4 BaO and 2 TiO2 cycles were deposited resulting in a stoichiometric composition of Ti/(Ba + Ti) = 0.53 (atomic percentage). Fig. 7a shows the uniform distribution o",,,discrete_experimental_sweep,corroborated,multi_signal(2 families),"['F', 'M', 'Me', 'X']","M: d BTO grown on Si substrate at 210 1 C. (b) High resolution cross sectional TEM image of B 7 nm thick BTO film with stoichiometry at Ti/(Ba + Ti) = 0.53 | Me: Physical thicknesses of the films measured using spectroscopic ellipsometry 28 revealed the GPC as shown in Fig. 2. We identify a constant growt | Me: icroscopy (TEM) (Titan ETEM 300 kV, FEI, USA) and X-ray reflectivity (X'Pert Pro, PANal","{""continuous_trace"": 1, ""discrete_experimental_sweep"": 4, ""multi_output_measurement"": 2}","{""axis_role_coordinate"": false, ""n_source_points"": 11, ""granularity"": ""unresolved""}","[{""quantity_type"": ""working_pressure"", ""symbol"": null, ""value"": ""0.6"", ""unit"": ""Torr"", ""species"": null, ""reactant_role"": null, ""assertion_status"": ""direct"", ""scope"": ""paper"", ""source"": ""methods"", ""evidence"": ""ifold resulted in a chamber pressure of 0.6 Torr (measured by a Pirani gauge, Kurt Lesker Company, USA). The chamber exhaust was connected t""}]",[],paper,resolved,0.6,Torr,working_pressure,0.6 Torr (working_pressure),,,element,Ti,10.1039_c5tc03561a::F7::a::Ti
10.1039_c5tc03561a|12|7|a|Ba|primary,10.1039_c5tc03561a,12,7,a,Ba,primary,1,11,Sputtering Time,Atomic Percentage,1,experimental,unresolved,10.1039_c5tc03561a-F7a-9,8,7,Fig. 7 (a) XPS Depth profile of as deposited BTO grown on Si substrate at 210 1 C. (b) High resolution cross sectional TEM image of B 7 nm thick BTO film with stoichiometry at Ti/(Ba + Ti) = 0.53 (Ba : Ti B 1 : 1) on a Si substrate with an interfacial oxide thickness of B 2 nm.,"O dose (0.1 s) separated by a purging step (60 s) for each cycle. The substrate temperature was 210 1 C.

70 supercycles consisting of 4 BaO and 2 TiO2 cycles were deposited resulting in a stoichiometric composition of Ti/(Ba + Ti) = 0.53 (atomic percentage). Fig. 7a shows the uniform distribution o",,,discrete_experimental_sweep,corroborated,multi_signal(2 families),"['F', 'M', 'Me', 'X']","M: d BTO grown on Si substrate at 210 1 C. (b) High resolution cross sectional TEM image of B 7 nm thick BTO film with stoichiometry at Ti/(Ba + Ti) = 0.53 | Me: Physical thicknesses of the films measured using spectroscopic ellipsometry 28 revealed the GPC as shown in Fig. 2. We identify a constant growt | Me: icroscopy (TEM) (Titan ETEM 300 kV, FEI, USA) and X-ray reflectivity (X'Pert Pro, PANal","{""continuous_trace"": 1, ""discrete_experimental_sweep"": 4, ""multi_output_measurement"": 2}","{""axis_role_coordinate"": false, ""n_source_points"": 11, ""granularity"": ""unresolved""}","[{""quantity_type"": ""working_pressure"", ""symbol"": null, ""value"": ""0.6"", ""unit"": ""Torr"", ""species"": null, ""reactant_role"": null, ""assertion_status"": ""direct"", ""scope"": ""paper"", ""source"": ""methods"", ""evidence"": ""ifold resulted in a chamber pressure of 0.6 Torr (measured by a Pirani gauge, Kurt Lesker Company, USA). The chamber exhaust was connected t""}]",[],paper,resolved,0.6,Torr,working_pressure,0.6 Torr (working_pressure),,,element,Ba,10.1039_c5tc03561a::F7::a::Ba
10.1039_c5tc03561a|12|7|a|O|primary,10.1039_c5tc03561a,12,7,a,O,primary,1,11,Sputtering Time,Atomic Percentage,1,experimental,unresolved,10.1039_c5tc03561a-F7a-10,8,7,Fig. 7 (a) XPS Depth profile of as deposited BTO grown on Si substrate at 210 1 C. (b) High resolution cross sectional TEM image of B 7 nm thick BTO film with stoichiometry at Ti/(Ba + Ti) = 0.53 (Ba : Ti B 1 : 1) on a Si substrate with an interfacial oxide thickness of B 2 nm.,"O dose (0.1 s) separated by a purging step (60 s) for each cycle. The substrate temperature was 210 1 C.

70 supercycles consisting of 4 BaO and 2 TiO2 cycles were deposited resulting in a stoichiometric composition of Ti/(Ba + Ti) = 0.53 (atomic percentage). Fig. 7a shows the uniform distribution o",,,discrete_experimental_sweep,corroborated,multi_signal(2 families),"['F', 'M', 'Me', 'X']","M: d BTO grown on Si substrate at 210 1 C. (b) High resolution cross sectional TEM image of B 7 nm thick BTO film with stoichiometry at Ti/(Ba + Ti) = 0.53 | Me: Physical thicknesses of the films measured using spectroscopic ellipsometry 28 revealed the GPC as shown in Fig. 2. We identify a constant growt | Me: icroscopy (TEM) (Titan ETEM 300 kV, FEI, USA) and X-ray reflectivity (X'Pert Pro, PANal","{""continuous_trace"": 1, ""discrete_experimental_sweep"": 4, ""multi_output_measurement"": 2}","{""axis_role_coordinate"": false, ""n_source_points"": 11, ""granularity"": ""unresolved""}","[{""quantity_type"": ""working_pressure"", ""symbol"": null, ""value"": ""0.6"", ""unit"": ""Torr"", ""species"": null, ""reactant_role"": null, ""assertion_status"": ""direct"", ""scope"": ""paper"", ""source"": ""methods"", ""evidence"": ""ifold resulted in a chamber pressure of 0.6 Torr (measured by a Pirani gauge, Kurt Lesker Company, USA). The chamber exhaust was connected t""}]",[],paper,resolved,0.6,Torr,working_pressure,0.6 Torr (working_pressure),,,element,O,10.1039_c5tc03561a::F7::a::O
10.1039_c5tc03561a|12|7|a|C|primary,10.1039_c5tc03561a,12,7,a,C,primary,1,11,Sputtering Time,Atomic Percentage,1,experimental,unresolved,10.1039_c5tc03561a-F7a-11,8,7,Fig. 7 (a) XPS Depth profile of as deposited BTO grown on Si substrate at 210 1 C. (b) High resolution cross sectional TEM image of B 7 nm thick BTO film with stoichiometry at Ti/(Ba + Ti) = 0.53 (Ba : Ti B 1 : 1) on a Si substrate with an interfacial oxide thickness of B 2 nm.,"O dose (0.1 s) separated by a purging step (60 s) for each cycle. The substrate temperature was 210 1 C.

70 supercycles consisting of 4 BaO and 2 TiO2 cycles were deposited resulting in a stoichiometric composition of Ti/(Ba + Ti) = 0.53 (atomic percentage). Fig. 7a shows the uniform distribution o",,,discrete_experimental_sweep,corroborated,multi_signal(2 families),"['F', 'M', 'Me', 'X']","M: d BTO grown on Si substrate at 210 1 C. (b) High resolution cross sectional TEM image of B 7 nm thick BTO film with stoichiometry at Ti/(Ba + Ti) = 0.53 | Me: Physical thicknesses of the films measured using spectroscopic ellipsometry 28 revealed the GPC as shown in Fig. 2. We identify a constant growt | Me: icroscopy (TEM) (Titan ETEM 300 kV, FEI, USA) and X-ray reflectivity (X'Pert Pro, PANal","{""continuous_trace"": 1, ""discrete_experimental_sweep"": 4, ""multi_output_measurement"": 2}","{""axis_role_coordinate"": false, ""n_source_points"": 11, ""granularity"": ""unresolved""}","[{""quantity_type"": ""working_pressure"", ""symbol"": null, ""value"": ""0.6"", ""unit"": ""Torr"", ""species"": null, ""reactant_role"": null, ""assertion_status"": ""direct"", ""scope"": ""paper"", ""source"": ""methods"", ""evidence"": ""ifold resulted in a chamber pressure of 0.6 Torr (measured by a Pirani gauge, Kurt Lesker Company, USA). The chamber exhaust was connected t""}]",[],paper,resolved,0.6,Torr,working_pressure,0.6 Torr (working_pressure),,,element,C,10.1039_c5tc03561a::F7::a::C
10.1039_c5tc03561a|12|7|a|Si|primary,10.1039_c5tc03561a,12,7,a,Si,primary,1,11,Sputtering Time,Atomic Percentage,1,experimental,unresolved,10.1039_c5tc03561a-F7a-12,8,7,Fig. 7 (a) XPS Depth profile of as deposited BTO grown on Si substrate at 210 1 C. (b) High resolution cross sectional TEM image of B 7 nm thick BTO film with stoichiometry at Ti/(Ba + Ti) = 0.53 (Ba : Ti B 1 : 1) on a Si substrate with an interfacial oxide thickness of B 2 nm.,"O dose (0.1 s) separated by a purging step (60 s) for each cycle. The substrate temperature was 210 1 C.

70 supercycles consisting of 4 BaO and 2 TiO2 cycles were deposited resulting in a stoichiometric composition of Ti/(Ba + Ti) = 0.53 (atomic percentage). Fig. 7a shows the uniform distribution o",,,discrete_experimental_sweep,corroborated,multi_signal(2 families),"['F', 'M', 'Me', 'X']","M: d BTO grown on Si substrate at 210 1 C. (b) High resolution cross sectional TEM image of B 7 nm thick BTO film with stoichiometry at Ti/(Ba + Ti) = 0.53 | Me: Physical thicknesses of the films measured using spectroscopic ellipsometry 28 revealed the GPC as shown in Fig. 2. We identify a constant growt | Me: icroscopy (TEM) (Titan ETEM 300 kV, FEI, USA) and X-ray reflectivity (X'Pert Pro, PANal","{""continuous_trace"": 1, ""discrete_experimental_sweep"": 4, ""multi_output_measurement"": 2}","{""axis_role_coordinate"": false, ""n_source_points"": 11, ""granularity"": ""unresolved""}","[{""quantity_type"": ""working_pressure"", ""symbol"": null, ""value"": ""0.6"", ""unit"": ""Torr"", ""species"": null, ""reactant_role"": null, ""assertion_status"": ""direct"", ""scope"": ""paper"", ""source"": ""methods"", ""evidence"": ""ifold resulted in a chamber pressure of 0.6 Torr (measured by a Pirani gauge, Kurt Lesker Company, USA). The chamber exhaust was connected t""}]",[],paper,resolved,0.6,Torr,working_pressure,0.6 Torr (working_pressure),,,element,Si,10.1039_c5tc03561a::F7::a::Si
10.1039_c5tc03561a|13|8|a|<single>|primary,10.1039_c5tc03561a,13,8,a,<single>,primary,1,47,voltage,leakage_current_density,A/cm²,experimental,correlation,10.1039_c5tc03561a-F8a-13,8,8,Fig. 8 Representative leakage current ( I -V ) characteristics of Pt/BTO/Ru capacitor measured for a 20 nm thick BTO layer. The top electrode defines the capacitor area (0.68 /C2 10 /C0 3 ) 2 m 2 .,"eposited BTO grown on Si substrate at 210 1 C. (b) High resolution cross sectional TEM image of B 7 nm thick BTO film with stoichiometry at Ti/(Ba + Ti) = 0.53 (Ba : Ti B 1 : 1) on a Si substrate with an interfacial oxide thickness of B 2 nm.

<!-- image -->

Fig. 8 Representative leakage current ( ",,,discrete_experimental_sweep,corroborated,multi_signal(2 families),"['F', 'M', 'Me']","M: d BTO grown on Si substrate at 210 1 C. (b) High resolution cross sectional TEM image of B 7 nm thick BTO film with stoichiometry at Ti/(Ba + Ti) = 0.53 | Me: Physical thicknesses of the films measured using spectroscopic ellipsometry 28 revealed the GPC as shown in Fig. 2. We identify a constant growt | Me: icroscopy (TEM) (Titan ETEM 300 kV, FEI, USA) and X-ray reflectivity (X'Pert Pro, PANal","{""discrete_experimental_sweep"": 4}","{""axis_role_coordinate"": false, ""n_source_points"": 47, ""granularity"": ""correlation""}","[{""quantity_type"": ""working_pressure"", ""symbol"": null, ""value"": ""0.6"", ""unit"": ""Torr"", ""species"": null, ""reactant_role"": null, ""assertion_status"": ""direct"", ""scope"": ""paper"", ""source"": ""methods"", ""evidence"": ""ifold resulted in a chamber pressure of 0.6 Torr (measured by a Pirani gauge, Kurt Lesker Company, USA). The chamber exhaust was connected t""}]",[],paper,resolved,0.6,Torr,working_pressure,0.6 Torr (working_pressure),,,,,10.1039_c5tc03561a::F8::a::<single>
10.1039_c6dt03571j|6|5|a|<single>|primary,10.1039_c6dt03571j,6,5,a,<single>,primary,7,7,deposition_temperature,growth_per_cycle,nm/cycle,experimental,single,10.1039_c6dt03571j-5a-S0-P000;10.1039_c6dt03571j-5a-S0-P001;10.1039_c6dt03571j-5a-S0-P002;10.1039_c6dt03571j-5a-S0-P003;10.1039_c6dt03571j-5a-S0-P004;10.1039_c6dt03571j-5a-S0-P005 …+1,6,6,"Fig. 5 (a) Growth rate as a function of deposition temperature. An ALD window is observed between 175 and 300 °C. (b) Film thickness as a function of the number of deposition cycles. Data were collected using 4 s and 4 s pulse lengths for [Zn(eeki)2] and H2O, respectively, at 225 °C. (c) Precursor s"," main aims of this work was to develop a water assisted ALD process for zinc oxide at high temperatures and so a series of experiments were designed to assess the characteristic features of ALD such as, the ALD window, self-saturated growth and the linearity. Fig. 5a shows the growth rate per cycle ","Samples were deposited holding the H2O pulse, purges and number","Table 4 Deposition parameters used for the thermal ALD of [Zn(eeki)2]; Table 5 RBS/NRA data for selected ZnO samples deposited at 175 °C, 225 °C and 275 °C. The zinc to oxygen ratio determined by RBS ",discrete_experimental_sweep,corroborated,multi_signal(2 families),"['F', 'I', 'M', 'R', 'T']","R: self-limiting | I: Samples were deposited holding the H2O pulse, purges and number","{""multi_output_measurement"": 1, ""discrete_experimental_sweep"": 2}","{""axis_role_coordinate"": false, ""n_source_points"": 7, ""granularity"": ""single""}",[],[],,,,,,,2,caption: between 175 and 300 °C,,,10.1039_c6dt03571j::F5::a::<single>
10.1039_c6dt03571j|6|5|b|<single>|primary,10.1039_c6dt03571j,6,5,b,<single>,primary,3,3,cycle_number,film_thickness,nm,experimental,single,10.1039_c6dt03571j-5b-S1-P000;10.1039_c6dt03571j-5b-S1-P001;10.1039_c6dt03571j-5b-S1-P002,6,6,"Fig. 5 (a) Growth rate as a function of deposition temperature. An ALD window is observed between 175 and 300 °C. (b) Film thickness as a function of the number of deposition cycles. Data were collected using 4 s and 4 s pulse lengths for [Zn(eeki)2] and H2O, respectively, at 225 °C. (c) Precursor s"," main aims of this work was to develop a water assisted ALD process for zinc oxide at high temperatures and so a series of experiments were designed to assess the characteristic features of ALD such as, the ALD window, self-saturated growth and the linearity. Fig. 5a shows the growth rate per cycle ","Samples were deposited holding the H2O pulse, purges and number","Table 4 Deposition parameters used for the thermal ALD of [Zn(eeki)2]; Table 5 RBS/NRA data for selected ZnO samples deposited at 175 °C, 225 °C and 275 °C. The zinc to oxygen ratio determined by RBS ",discrete_experimental_sweep,corroborated,multi_signal(2 families),"['F', 'I', 'M', 'R', 'T']","R: self-limiting | I: Samples were deposited holding the H2O pulse, purges and number","{""multi_output_measurement"": 1, ""discrete_experimental_sweep"": 2}","{""axis_role_coordinate"": false, ""n_source_points"": 3, ""granularity"": ""single""}",[],[],,,,,,,2,caption: between 175 and 300 °C,,,10.1039_c6dt03571j::F5::b::<single>
10.1039_c6dt03571j|6|5|c|<single>|primary,10.1039_c6dt03571j,6,5,c,<single>,primary,6,6,pulse_time,growth_per_cycle,nm/cycle,experimental,single,10.1039_c6dt03571j-5c-S2-P000;10.1039_c6dt03571j-5c-S2-P001;10.1039_c6dt03571j-5c-S2-P002;10.1039_c6dt03571j-5c-S2-P003;10.1039_c6dt03571j-5c-S2-P004;10.1039_c6dt03571j-5c-S2-P005,6,6,"Fig. 5 (a) Growth rate as a function of deposition temperature. An ALD window is observed between 175 and 300 °C. (b) Film thickness as a function of the number of deposition cycles. Data were collected using 4 s and 4 s pulse lengths for [Zn(eeki)2] and H2O, respectively, at 225 °C. (c) Precursor s"," main aims of this work was to develop a water assisted ALD process for zinc oxide at high temperatures and so a series of experiments were designed to assess the characteristic features of ALD such as, the ALD window, self-saturated growth and the linearity. Fig. 5a shows the growth rate per cycle ","Samples were deposited holding the H2O pulse, purges and number","Table 4 Deposition parameters used for the thermal ALD of [Zn(eeki)2]; Table 5 RBS/NRA data for selected ZnO samples deposited at 175 °C, 225 °C and 275 °C. The zinc to oxygen ratio determined by RBS ",discrete_experimental_sweep,corroborated,multi_signal(2 families),"['F', 'I', 'M', 'R', 'T']","R: self-limiting | I: Samples were deposited holding the H2O pulse, purges and number","{""multi_output_measurement"": 1, ""discrete_experimental_sweep"": 2}","{""axis_role_coordinate"": false, ""n_source_points"": 6, ""granularity"": ""single""}",[],[],,,,,,,2,caption: between 175 and 300 °C,,,10.1039_c6dt03571j::F5::c::<single>
10.1039_c6dt03571j|6|5|d|<single>|primary,10.1039_c6dt03571j,6,5,d,<single>,primary,6,6,pulse_time,growth_per_cycle,nm/cycle,experimental,single,10.1039_c6dt03571j-5d-S3-P000;10.1039_c6dt03571j-5d-S3-P001;10.1039_c6dt03571j-5d-S3-P002;10.1039_c6dt03571j-5d-S3-P003;10.1039_c6dt03571j-5d-S3-P004;10.1039_c6dt03571j-5d-S3-P005,6,6,"Fig. 5 (a) Growth rate as a function of deposition temperature. An ALD window is observed between 175 and 300 °C. (b) Film thickness as a function of the number of deposition cycles. Data were collected using 4 s and 4 s pulse lengths for [Zn(eeki)2] and H2O, respectively, at 225 °C. (c) Precursor s"," main aims of this work was to develop a water assisted ALD process for zinc oxide at high temperatures and so a series of experiments were designed to assess the characteristic features of ALD such as, the ALD window, self-saturated growth and the linearity. Fig. 5a shows the growth rate per cycle ","Samples were deposited holding the H2O pulse, purges and number","Table 4 Deposition parameters used for the thermal ALD of [Zn(eeki)2]; Table 5 RBS/NRA data for selected ZnO samples deposited at 175 °C, 225 °C and 275 °C. The zinc to oxygen ratio determined by RBS ",discrete_experimental_sweep,corroborated,multi_signal(2 families),"['F', 'I', 'M', 'R', 'T']","R: self-limiting | I: Samples were deposited holding the H2O pulse, purges and number","{""multi_output_measurement"": 1, ""discrete_experimental_sweep"": 2}","{""axis_role_coordinate"": false, ""n_source_points"": 6, ""granularity"": ""single""}",[],[],,,,,,,2,caption: between 175 and 300 °C,,,10.1039_c6dt03571j::F5::d::<single>
10.1039_c6dt03571j|7|6|a|150°C|primary,10.1039_c6dt03571j,7,6,a,150°C,primary,1,13,2θ,intensity,a.u.,experimental,unresolved,10.1039_c6dt03571j-F6a-4,7,6,"Fig. 6 GI-XRD patterns of ZnO thin /uniFB01 lms as-deposited by ALD on Si(100) at various stated deposition temperatures (thicknesses ∼ 30 nm). Reference pattern PDF no. 00-036-1451, zincite phase.",e 4. The crystallinity of the ALD grown ZnO thin films (thickness ∼ 30 nm) deposited on the Si(100) was analysed using grazing incidence X-ray diffraction (GI-XRD). As expected the deposition temperature plays a major role in the crystallisation of the films. Fig. 6 shows that all films were found t,,"Table 4 Deposition parameters used for the thermal ALD of [Zn(eeki)2]; Table 5 RBS/NRA data for selected ZnO samples deposited at 175 °C, 225 °C and 275 °C. The zinc to oxygen ratio determined by RBS ",unknown,conflicting_signals,tie_between_multi_output_measurement/discrete_experimental_sweep,"['F', 'M', 'R', 'T', 'X']",,"{""multi_output_measurement"": 2, ""discrete_experimental_sweep"": 2}","{""axis_role_coordinate"": false, ""n_source_points"": 13, ""granularity"": ""unresolved""}",[],[],,,,,,,2,body: between 175 and 300 °C,temperature,150°C,10.1039_c6dt03571j::F6::a::150°C
10.1039_c6dt03571j|7|6|a|175°C|primary,10.1039_c6dt03571j,7,6,a,175°C,primary,1,15,2θ,intensity,a.u.,experimental,unresolved,10.1039_c6dt03571j-F6a-5,7,6,"Fig. 6 GI-XRD patterns of ZnO thin /uniFB01 lms as-deposited by ALD on Si(100) at various stated deposition temperatures (thicknesses ∼ 30 nm). Reference pattern PDF no. 00-036-1451, zincite phase.",e 4. The crystallinity of the ALD grown ZnO thin films (thickness ∼ 30 nm) deposited on the Si(100) was analysed using grazing incidence X-ray diffraction (GI-XRD). As expected the deposition temperature plays a major role in the crystallisation of the films. Fig. 6 shows that all films were found t,,"Table 4 Deposition parameters used for the thermal ALD of [Zn(eeki)2]; Table 5 RBS/NRA data for selected ZnO samples deposited at 175 °C, 225 °C and 275 °C. The zinc to oxygen ratio determined by RBS ",unknown,conflicting_signals,tie_between_multi_output_measurement/discrete_experimental_sweep,"['F', 'M', 'R', 'T', 'X']",,"{""multi_output_measurement"": 2, ""discrete_experimental_sweep"": 2}","{""axis_role_coordinate"": false, ""n_source_points"": 15, ""granularity"": ""unresolved""}",[],[],,,,,,,2,body: between 175 and 300 °C,temperature,175°C,10.1039_c6dt03571j::F6::a::175°C
10.1039_c6dt03571j|7|6|a|200°C|primary,10.1039_c6dt03571j,7,6,a,200°C,primary,1,16,2θ,intensity,a.u.,experimental,unresolved,10.1039_c6dt03571j-F6a-6,7,6,"Fig. 6 GI-XRD patterns of ZnO thin /uniFB01 lms as-deposited by ALD on Si(100) at various stated deposition temperatures (thicknesses ∼ 30 nm). Reference pattern PDF no. 00-036-1451, zincite phase.",e 4. The crystallinity of the ALD grown ZnO thin films (thickness ∼ 30 nm) deposited on the Si(100) was analysed using grazing incidence X-ray diffraction (GI-XRD). As expected the deposition temperature plays a major role in the crystallisation of the films. Fig. 6 shows that all films were found t,,"Table 4 Deposition parameters used for the thermal ALD of [Zn(eeki)2]; Table 5 RBS/NRA data for selected ZnO samples deposited at 175 °C, 225 °C and 275 °C. The zinc to oxygen ratio determined by RBS ",unknown,conflicting_signals,tie_between_multi_output_measurement/discrete_experimental_sweep,"['F', 'M', 'R', 'T', 'X']",,"{""multi_output_measurement"": 2, ""discrete_experimental_sweep"": 2}","{""axis_role_coordinate"": false, ""n_source_points"": 16, ""granularity"": ""unresolved""}",[],[],,,,,,,2,body: between 175 and 300 °C,temperature,200°C,10.1039_c6dt03571j::F6::a::200°C
10.1039_c6dt03571j|7|6|a|225°C|primary,10.1039_c6dt03571j,7,6,a,225°C,primary,1,15,2θ,intensity,a.u.,experimental,unresolved,10.1039_c6dt03571j-F6a-7,7,6,"Fig. 6 GI-XRD patterns of ZnO thin /uniFB01 lms as-deposited by ALD on Si(100) at various stated deposition temperatures (thicknesses ∼ 30 nm). Reference pattern PDF no. 00-036-1451, zincite phase.",e 4. The crystallinity of the ALD grown ZnO thin films (thickness ∼ 30 nm) deposited on the Si(100) was analysed using grazing incidence X-ray diffraction (GI-XRD). As expected the deposition temperature plays a major role in the crystallisation of the films. Fig. 6 shows that all films were found t,,"Table 4 Deposition parameters used for the thermal ALD of [Zn(eeki)2]; Table 5 RBS/NRA data for selected ZnO samples deposited at 175 °C, 225 °C and 275 °C. The zinc to oxygen ratio determined by RBS ",unknown,conflicting_signals,tie_between_multi_output_measurement/discrete_experimental_sweep,"['F', 'M', 'R', 'T', 'X']",,"{""multi_output_measurement"": 2, ""discrete_experimental_sweep"": 2}","{""axis_role_coordinate"": false, ""n_source_points"": 15, ""granularity"": ""unresolved""}",[],[],,,,,,,2,body: between 175 and 300 °C,temperature,225°C,10.1039_c6dt03571j::F6::a::225°C
10.1039_c6dt03571j|7|6|a|250°C|primary,10.1039_c6dt03571j,7,6,a,250°C,primary,1,15,2θ,intensity,a.u.,experimental,unresolved,10.1039_c6dt03571j-F6a-8,7,6,"Fig. 6 GI-XRD patterns of ZnO thin /uniFB01 lms as-deposited by ALD on Si(100) at various stated deposition temperatures (thicknesses ∼ 30 nm). Reference pattern PDF no. 00-036-1451, zincite phase.",e 4. The crystallinity of the ALD grown ZnO thin films (thickness ∼ 30 nm) deposited on the Si(100) was analysed using grazing incidence X-ray diffraction (GI-XRD). As expected the deposition temperature plays a major role in the crystallisation of the films. Fig. 6 shows that all films were found t,,"Table 4 Deposition parameters used for the thermal ALD of [Zn(eeki)2]; Table 5 RBS/NRA data for selected ZnO samples deposited at 175 °C, 225 °C and 275 °C. The zinc to oxygen ratio determined by RBS ",unknown,conflicting_signals,tie_between_multi_output_measurement/discrete_experimental_sweep,"['F', 'M', 'R', 'T', 'X']",,"{""multi_output_measurement"": 2, ""discrete_experimental_sweep"": 2}","{""axis_role_coordinate"": false, ""n_source_points"": 15, ""granularity"": ""unresolved""}",[],[],,,,,,,2,body: between 175 and 300 °C,temperature,250°C,10.1039_c6dt03571j::F6::a::250°C
10.1039_c6dt03571j|7|6|a|275°C|primary,10.1039_c6dt03571j,7,6,a,275°C,primary,1,15,2θ,intensity,a.u.,experimental,unresolved,10.1039_c6dt03571j-F6a-9,7,6,"Fig. 6 GI-XRD patterns of ZnO thin /uniFB01 lms as-deposited by ALD on Si(100) at various stated deposition temperatures (thicknesses ∼ 30 nm). Reference pattern PDF no. 00-036-1451, zincite phase.",e 4. The crystallinity of the ALD grown ZnO thin films (thickness ∼ 30 nm) deposited on the Si(100) was analysed using grazing incidence X-ray diffraction (GI-XRD). As expected the deposition temperature plays a major role in the crystallisation of the films. Fig. 6 shows that all films were found t,,"Table 4 Deposition parameters used for the thermal ALD of [Zn(eeki)2]; Table 5 RBS/NRA data for selected ZnO samples deposited at 175 °C, 225 °C and 275 °C. The zinc to oxygen ratio determined by RBS ",unknown,conflicting_signals,tie_between_multi_output_measurement/discrete_experimental_sweep,"['F', 'M', 'R', 'T', 'X']",,"{""multi_output_measurement"": 2, ""discrete_experimental_sweep"": 2}","{""axis_role_coordinate"": false, ""n_source_points"": 15, ""granularity"": ""unresolved""}",[],[],,,,,,,2,body: between 175 and 300 °C,temperature,275°C,10.1039_c6dt03571j::F6::a::275°C
10.1039_c6dt03571j|7|6|a|300°C|primary,10.1039_c6dt03571j,7,6,a,300°C,primary,1,15,2θ,intensity,a.u.,experimental,unresolved,10.1039_c6dt03571j-F6a-10,7,6,"Fig. 6 GI-XRD patterns of ZnO thin /uniFB01 lms as-deposited by ALD on Si(100) at various stated deposition temperatures (thicknesses ∼ 30 nm). Reference pattern PDF no. 00-036-1451, zincite phase.",e 4. The crystallinity of the ALD grown ZnO thin films (thickness ∼ 30 nm) deposited on the Si(100) was analysed using grazing incidence X-ray diffraction (GI-XRD). As expected the deposition temperature plays a major role in the crystallisation of the films. Fig. 6 shows that all films were found t,,"Table 4 Deposition parameters used for the thermal ALD of [Zn(eeki)2]; Table 5 RBS/NRA data for selected ZnO samples deposited at 175 °C, 225 °C and 275 °C. The zinc to oxygen ratio determined by RBS ",unknown,conflicting_signals,tie_between_multi_output_measurement/discrete_experimental_sweep,"['F', 'M', 'R', 'T', 'X']",,"{""multi_output_measurement"": 2, ""discrete_experimental_sweep"": 2}","{""axis_role_coordinate"": false, ""n_source_points"": 15, ""granularity"": ""unresolved""}",[],[],,,,,,,2,body: between 175 and 300 °C,temperature,300°C,10.1039_c6dt03571j::F6::a::300°C
10.1039_c6dt03571j|8|7|a|150°C|primary,10.1039_c6dt03571j,8,7,a,150°C,primary,1,29,Energy,Scattering Yield,Counts,experimental,unresolved,10.1039_c6dt03571j-F7a-11,,7,Fig. 7 RBS data of ZnO thin /uniFB01 lms as-deposited by ALD on Si(100) at deposition temperatures 150 -300 °C. Spectra are vertically shifted for clarity.,"he c -axis 29 which is also favoured at low deposition temperatures. The chemical compositions of the films deposited at each temperature were investigated using Rutherford backscattering (RBS) and nuclear reaction analysis (NRA) experiments as illustrated in Fig. 7. For all films measured, the zinc",,"Table 4 Deposition parameters used for the thermal ALD of [Zn(eeki)2]; Table 5 RBS/NRA data for selected ZnO samples deposited at 175 °C, 225 °C and 275 °C. The zinc to oxygen ratio determined by RBS ",unknown,conflicting_signals,tie_between_discrete_experimental_sweep/multi_output_measurement,"['F', 'T', 'X']",,"{""discrete_experimental_sweep"": 1, ""multi_output_measurement"": 1}","{""axis_role_coordinate"": false, ""n_source_points"": 29, ""granularity"": ""unresolved""}",[],[],,,,,,,,,temperature,150°C,10.1039_c6dt03571j::F7::a::150°C
10.1039_c6dt03571j|8|7|a|175°C|primary,10.1039_c6dt03571j,8,7,a,175°C,primary,1,31,Energy,Scattering Yield,Counts,experimental,unresolved,10.1039_c6dt03571j-F7a-12,,7,Fig. 7 RBS data of ZnO thin /uniFB01 lms as-deposited by ALD on Si(100) at deposition temperatures 150 -300 °C. Spectra are vertically shifted for clarity.,"he c -axis 29 which is also favoured at low deposition temperatures. The chemical compositions of the films deposited at each temperature were investigated using Rutherford backscattering (RBS) and nuclear reaction analysis (NRA) experiments as illustrated in Fig. 7. For all films measured, the zinc",,"Table 4 Deposition parameters used for the thermal ALD of [Zn(eeki)2]; Table 5 RBS/NRA data for selected ZnO samples deposited at 175 °C, 225 °C and 275 °C. The zinc to oxygen ratio determined by RBS ",unknown,conflicting_signals,tie_between_discrete_experimental_sweep/multi_output_measurement,"['F', 'T', 'X']",,"{""discrete_experimental_sweep"": 1, ""multi_output_measurement"": 1}","{""axis_role_coordinate"": false, ""n_source_points"": 31, ""granularity"": ""unresolved""}",[],[],,,,,,,,,temperature,175°C,10.1039_c6dt03571j::F7::a::175°C
10.1039_c6dt03571j|8|7|a|200°C|primary,10.1039_c6dt03571j,8,7,a,200°C,primary,1,31,Energy,Scattering Yield,Counts,experimental,unresolved,10.1039_c6dt03571j-F7a-13,,7,Fig. 7 RBS data of ZnO thin /uniFB01 lms as-deposited by ALD on Si(100) at deposition temperatures 150 -300 °C. Spectra are vertically shifted for clarity.,"he c -axis 29 which is also favoured at low deposition temperatures. The chemical compositions of the films deposited at each temperature were investigated using Rutherford backscattering (RBS) and nuclear reaction analysis (NRA) experiments as illustrated in Fig. 7. For all films measured, the zinc",,"Table 4 Deposition parameters used for the thermal ALD of [Zn(eeki)2]; Table 5 RBS/NRA data for selected ZnO samples deposited at 175 °C, 225 °C and 275 °C. The zinc to oxygen ratio determined by RBS ",unknown,conflicting_signals,tie_between_discrete_experimental_sweep/multi_output_measurement,"['F', 'T', 'X']",,"{""discrete_experimental_sweep"": 1, ""multi_output_measurement"": 1}","{""axis_role_coordinate"": false, ""n_source_points"": 31, ""granularity"": ""unresolved""}",[],[],,,,,,,,,temperature,200°C,10.1039_c6dt03571j::F7::a::200°C
10.1039_c6dt03571j|8|7|a|225°C|primary,10.1039_c6dt03571j,8,7,a,225°C,primary,1,31,Energy,Scattering Yield,Counts,experimental,unresolved,10.1039_c6dt03571j-F7a-14,,7,Fig. 7 RBS data of ZnO thin /uniFB01 lms as-deposited by ALD on Si(100) at deposition temperatures 150 -300 °C. Spectra are vertically shifted for clarity.,"he c -axis 29 which is also favoured at low deposition temperatures. The chemical compositions of the films deposited at each temperature were investigated using Rutherford backscattering (RBS) and nuclear reaction analysis (NRA) experiments as illustrated in Fig. 7. For all films measured, the zinc",,"Table 4 Deposition parameters used for the thermal ALD of [Zn(eeki)2]; Table 5 RBS/NRA data for selected ZnO samples deposited at 175 °C, 225 °C and 275 °C. The zinc to oxygen ratio determined by RBS ",unknown,conflicting_signals,tie_between_discrete_experimental_sweep/multi_output_measurement,"['F', 'T', 'X']",,"{""discrete_experimental_sweep"": 1, ""multi_output_measurement"": 1}","{""axis_role_coordinate"": false, ""n_source_points"": 31, ""granularity"": ""unresolved""}",[],[],,,,,,,,,temperature,225°C,10.1039_c6dt03571j::F7::a::225°C
10.1039_c6dt03571j|8|7|a|250°C|primary,10.1039_c6dt03571j,8,7,a,250°C,primary,1,31,Energy,Scattering Yield,Counts,experimental,unresolved,10.1039_c6dt03571j-F7a-15,,7,Fig. 7 RBS data of ZnO thin /uniFB01 lms as-deposited by ALD on Si(100) at deposition temperatures 150 -300 °C. Spectra are vertically shifted for clarity.,"he c -axis 29 which is also favoured at low deposition temperatures. The chemical compositions of the films deposited at each temperature were investigated using Rutherford backscattering (RBS) and nuclear reaction analysis (NRA) experiments as illustrated in Fig. 7. For all films measured, the zinc",,"Table 4 Deposition parameters used for the thermal ALD of [Zn(eeki)2]; Table 5 RBS/NRA data for selected ZnO samples deposited at 175 °C, 225 °C and 275 °C. The zinc to oxygen ratio determined by RBS ",unknown,conflicting_signals,tie_between_discrete_experimental_sweep/multi_output_measurement,"['F', 'T', 'X']",,"{""discrete_experimental_sweep"": 1, ""multi_output_measurement"": 1}","{""axis_role_coordinate"": false, ""n_source_points"": 31, ""granularity"": ""unresolved""}",[],[],,,,,,,,,temperature,250°C,10.1039_c6dt03571j::F7::a::250°C
10.1039_c6dt03571j|8|7|a|275°C|primary,10.1039_c6dt03571j,8,7,a,275°C,primary,1,31,Energy,Scattering Yield,Counts,experimental,unresolved,10.1039_c6dt03571j-F7a-16,,7,Fig. 7 RBS data of ZnO thin /uniFB01 lms as-deposited by ALD on Si(100) at deposition temperatures 150 -300 °C. Spectra are vertically shifted for clarity.,"he c -axis 29 which is also favoured at low deposition temperatures. The chemical compositions of the films deposited at each temperature were investigated using Rutherford backscattering (RBS) and nuclear reaction analysis (NRA) experiments as illustrated in Fig. 7. For all films measured, the zinc",,"Table 4 Deposition parameters used for the thermal ALD of [Zn(eeki)2]; Table 5 RBS/NRA data for selected ZnO samples deposited at 175 °C, 225 °C and 275 °C. The zinc to oxygen ratio determined by RBS ",unknown,conflicting_signals,tie_between_discrete_experimental_sweep/multi_output_measurement,"['F', 'T', 'X']",,"{""discrete_experimental_sweep"": 1, ""multi_output_measurement"": 1}","{""axis_role_coordinate"": false, ""n_source_points"": 31, ""granularity"": ""unresolved""}",[],[],,,,,,,,,temperature,275°C,10.1039_c6dt03571j::F7::a::275°C
10.1039_c6dt03571j|8|7|a|300°C|primary,10.1039_c6dt03571j,8,7,a,300°C,primary,1,31,Energy,Scattering Yield,Counts,experimental,unresolved,10.1039_c6dt03571j-F7a-17,,7,Fig. 7 RBS data of ZnO thin /uniFB01 lms as-deposited by ALD on Si(100) at deposition temperatures 150 -300 °C. Spectra are vertically shifted for clarity.,"he c -axis 29 which is also favoured at low deposition temperatures. The chemical compositions of the films deposited at each temperature were investigated using Rutherford backscattering (RBS) and nuclear reaction analysis (NRA) experiments as illustrated in Fig. 7. For all films measured, the zinc",,"Table 4 Deposition parameters used for the thermal ALD of [Zn(eeki)2]; Table 5 RBS/NRA data for selected ZnO samples deposited at 175 °C, 225 °C and 275 °C. The zinc to oxygen ratio determined by RBS ",unknown,conflicting_signals,tie_between_discrete_experimental_sweep/multi_output_measurement,"['F', 'T', 'X']",,"{""discrete_experimental_sweep"": 1, ""multi_output_measurement"": 1}","{""axis_role_coordinate"": false, ""n_source_points"": 31, ""granularity"": ""unresolved""}",[],[],,,,,,,,,temperature,300°C,10.1039_c6dt03571j::F7::a::300°C
10.1039_c6dt03571j|9|8|a|Sputtered|primary,10.1039_c6dt03571j,9,8,a,Sputtered,primary,1,33,Binding Energy,intensity,a.u.,experimental,unresolved,10.1039_c6dt03571j-F8a-18,8,7,Fig. 8 (a) XPS survey spectra of a ZnO /uniFB01 lm deposited on Si(100) at 225 °C both as introduced and after 1 min sputtering. (b) O 1s binding energy peaks (i) as introduced & (ii) after sputtering. (c) Zn 2p3/2 binding energy peaks (i) as introduced & (ii) after sputtering.,"ntary XPS measurements were carried out to devise a greater knowledge of the chemical composition at the surface. XPS analyses were carried out on selected ZnO films deposited at 175 °C, 225 °C and 275 °C to further investigate the stoichiometry of the films. Fig. 8 shows the complete survey spectra",samples were analysed,"Table 4 Deposition parameters used for the thermal ALD of [Zn(eeki)2]; Table 5 RBS/NRA data for selected ZnO samples deposited at 175 °C, 225 °C and 275 °C. The zinc to oxygen ratio determined by RBS ",multi_output_measurement,corroborated,multi_signal(2 families),"['F', 'I', 'M', 'T', 'X']","M: Fig. 8 (a) XPS survey spectra of a ZnO /uniFB01 lm deposited on Si(100) at 225 °C both as intr | X: x axis 'Binding Energy' is a measurement coordinate, not a prepared condition","{""multi_output_measurement"": 2, ""discrete_experimental_sweep"": 1}","{""axis_role_coordinate"": false, ""n_source_points"": 33, ""granularity"": ""unresolved""}",[],[],,,,,,,,,sample condition,Sputtered,10.1039_c6dt03571j::F8::a::Sputtered
10.1039_c6dt03571j|9|8|a|As introduced|primary,10.1039_c6dt03571j,9,8,a,As introduced,primary,1,33,Binding Energy,intensity,a.u.,experimental,unresolved,10.1039_c6dt03571j-F8a-19,8,7,Fig. 8 (a) XPS survey spectra of a ZnO /uniFB01 lm deposited on Si(100) at 225 °C both as introduced and after 1 min sputtering. (b) O 1s binding energy peaks (i) as introduced & (ii) after sputtering. (c) Zn 2p3/2 binding energy peaks (i) as introduced & (ii) after sputtering.,"ntary XPS measurements were carried out to devise a greater knowledge of the chemical composition at the surface. XPS analyses were carried out on selected ZnO films deposited at 175 °C, 225 °C and 275 °C to further investigate the stoichiometry of the films. Fig. 8 shows the complete survey spectra",samples were analysed,"Table 4 Deposition parameters used for the thermal ALD of [Zn(eeki)2]; Table 5 RBS/NRA data for selected ZnO samples deposited at 175 °C, 225 °C and 275 °C. The zinc to oxygen ratio determined by RBS ",multi_output_measurement,corroborated,multi_signal(2 families),"['F', 'I', 'M', 'T', 'X']","M: Fig. 8 (a) XPS survey spectra of a ZnO /uniFB01 lm deposited on Si(100) at 225 °C both as intr | X: x axis 'Binding Energy' is a measurement coordinate, not a prepared condition","{""multi_output_measurement"": 2, ""discrete_experimental_sweep"": 1}","{""axis_role_coordinate"": false, ""n_source_points"": 33, ""granularity"": ""unresolved""}",[],[],,,,,,,,,sample condition,As introduced,10.1039_c6dt03571j::F8::a::As introduced
10.1039_c6dt03571j|9|8|-|As introduced O 1s|primary,10.1039_c6dt03571j,9,8,,As introduced O 1s,primary,1,0,Binding Energy,intensity,a.u.,experimental,unresolved,10.1039_c6dt03571j-F8-20,8,7,Fig. 8 (a) XPS survey spectra of a ZnO /uniFB01 lm deposited on Si(100) at 225 °C both as introduced and after 1 min sputtering. (b) O 1s binding energy peaks (i) as introduced & (ii) after sputtering. (c) Zn 2p3/2 binding energy peaks (i) as introduced & (ii) after sputtering.,"ntary XPS measurements were carried out to devise a greater knowledge of the chemical composition at the surface. XPS analyses were carried out on selected ZnO films deposited at 175 °C, 225 °C and 275 °C to further investigate the stoichiometry of the films. Fig. 8 shows the complete survey spectra",samples were analysed,"Table 4 Deposition parameters used for the thermal ALD of [Zn(eeki)2]; Table 5 RBS/NRA data for selected ZnO samples deposited at 175 °C, 225 °C and 275 °C. The zinc to oxygen ratio determined by RBS ",multi_output_measurement,corroborated,multi_signal(2 families),"['F', 'I', 'M', 'T']","M: Fig. 8 (a) XPS survey spectra of a ZnO /uniFB01 lm deposited on Si(100) at 225 °C both as intr | X: x axis 'Binding Energy' is a measurement coordinate, not a prepared condition","{""multi_output_measurement"": 2, ""discrete_experimental_sweep"": 1}","{""axis_role_coordinate"": false, ""n_source_points"": 0, ""granularity"": ""unresolved""}",[],[],,,,,,,,,,,10.1039_c6dt03571j::F8::-::As introduced O 1s
10.1039_c6dt03571j|9|8|-|Sputtered O 1s|primary,10.1039_c6dt03571j,9,8,,Sputtered O 1s,primary,1,0,Binding Energy,intensity,a.u.,experimental,unresolved,10.1039_c6dt03571j-F8-21,8,7,Fig. 8 (a) XPS survey spectra of a ZnO /uniFB01 lm deposited on Si(100) at 225 °C both as introduced and after 1 min sputtering. (b) O 1s binding energy peaks (i) as introduced & (ii) after sputtering. (c) Zn 2p3/2 binding energy peaks (i) as introduced & (ii) after sputtering.,"ntary XPS measurements were carried out to devise a greater knowledge of the chemical composition at the surface. XPS analyses were carried out on selected ZnO films deposited at 175 °C, 225 °C and 275 °C to further investigate the stoichiometry of the films. Fig. 8 shows the complete survey spectra",samples were analysed,"Table 4 Deposition parameters used for the thermal ALD of [Zn(eeki)2]; Table 5 RBS/NRA data for selected ZnO samples deposited at 175 °C, 225 °C and 275 °C. The zinc to oxygen ratio determined by RBS ",multi_output_measurement,corroborated,multi_signal(2 families),"['F', 'I', 'M', 'T']","M: Fig. 8 (a) XPS survey spectra of a ZnO /uniFB01 lm deposited on Si(100) at 225 °C both as intr | X: x axis 'Binding Energy' is a measurement coordinate, not a prepared condition","{""multi_output_measurement"": 2, ""discrete_experimental_sweep"": 1}","{""axis_role_coordinate"": false, ""n_source_points"": 0, ""granularity"": ""unresolved""}",[],[],,,,,,,,,,,10.1039_c6dt03571j::F8::-::Sputtered O 1s
10.1039_c6dt03571j|9|8|-|As introduced Zn 2p3/2|primary,10.1039_c6dt03571j,9,8,,As introduced Zn 2p3/2,primary,1,0,Binding Energy,intensity,a.u.,experimental,unresolved,10.1039_c6dt03571j-F8-22,8,7,Fig. 8 (a) XPS survey spectra of a ZnO /uniFB01 lm deposited on Si(100) at 225 °C both as introduced and after 1 min sputtering. (b) O 1s binding energy peaks (i) as introduced & (ii) after sputtering. (c) Zn 2p3/2 binding energy peaks (i) as introduced & (ii) after sputtering.,"ntary XPS measurements were carried out to devise a greater knowledge of the chemical composition at the surface. XPS analyses were carried out on selected ZnO films deposited at 175 °C, 225 °C and 275 °C to further investigate the stoichiometry of the films. Fig. 8 shows the complete survey spectra",samples were analysed,"Table 4 Deposition parameters used for the thermal ALD of [Zn(eeki)2]; Table 5 RBS/NRA data for selected ZnO samples deposited at 175 °C, 225 °C and 275 °C. The zinc to oxygen ratio determined by RBS ",multi_output_measurement,corroborated,multi_signal(2 families),"['F', 'I', 'M', 'T']","M: Fig. 8 (a) XPS survey spectra of a ZnO /uniFB01 lm deposited on Si(100) at 225 °C both as intr | X: x axis 'Binding Energy' is a measurement coordinate, not a prepared condition","{""multi_output_measurement"": 2, ""discrete_experimental_sweep"": 1}","{""axis_role_coordinate"": false, ""n_source_points"": 0, ""granularity"": ""unresolved""}",[],[],,,,,,,,,,,10.1039_c6dt03571j::F8::-::As introduced Zn 2p3/2
10.1039_c6dt03571j|9|8|-|Sputtered Zn 2p3/2|primary,10.1039_c6dt03571j,9,8,,Sputtered Zn 2p3/2,primary,1,0,Binding Energy,intensity,a.u.,experimental,unresolved,10.1039_c6dt03571j-F8-23,8,7,Fig. 8 (a) XPS survey spectra of a ZnO /uniFB01 lm deposited on Si(100) at 225 °C both as introduced and after 1 min sputtering. (b) O 1s binding energy peaks (i) as introduced & (ii) after sputtering. (c) Zn 2p3/2 binding energy peaks (i) as introduced & (ii) after sputtering.,"ntary XPS measurements were carried out to devise a greater knowledge of the chemical composition at the surface. XPS analyses were carried out on selected ZnO films deposited at 175 °C, 225 °C and 275 °C to further investigate the stoichiometry of the films. Fig. 8 shows the complete survey spectra",samples were analysed,"Table 4 Deposition parameters used for the thermal ALD of [Zn(eeki)2]; Table 5 RBS/NRA data for selected ZnO samples deposited at 175 °C, 225 °C and 275 °C. The zinc to oxygen ratio determined by RBS ",multi_output_measurement,corroborated,multi_signal(2 families),"['F', 'I', 'M', 'T']","M: Fig. 8 (a) XPS survey spectra of a ZnO /uniFB01 lm deposited on Si(100) at 225 °C both as intr | X: x axis 'Binding Energy' is a measurement coordinate, not a prepared condition","{""multi_output_measurement"": 2, ""discrete_experimental_sweep"": 1}","{""axis_role_coordinate"": false, ""n_source_points"": 0, ""granularity"": ""unresolved""}",[],[],,,,,,,,,,,10.1039_c6dt03571j::F8::-::Sputtered Zn 2p3/2
10.1039_c6dt03571j|10|9|a|<single>|primary,10.1039_c6dt03571j,10,9,a,<single>,primary,1,49,wavelength,Transmission,1,experimental,correlation,10.1039_c6dt03571j-F9a-24,8,8,Fig. 9 (a) Optical transmission and (b) the derived Tauc plot of a ZnO /uniFB01 lm deposited at 225 °C on quartz glass. The /uniFB02 uctuation seen within the Tauc plot corresponds to the changing of the lamps in the spectrometer at low wavelengths.,"3/2 signal was fitted with two components at 1021.7 eV and 1023.1 eV assigned to ZnO and Zn(OH)2, respectively. 33 In order for ZnO to be implemented for potential TCO applications such as, as a transparent electrode or for solar cell devices with aluminium,

Fig. 9 (a) Optical transmission and (b) ",sample is high,"Table 4 Deposition parameters used for the thermal ALD of [Zn(eeki)2]; Table 5 RBS/NRA data for selected ZnO samples deposited at 175 °C, 225 °C and 275 °C. The zinc to oxygen ratio determined by RBS ",unknown,conflicting_signals,tie_between_discrete_experimental_sweep/multi_output_measurement,"['F', 'I', 'T']",,"{""discrete_experimental_sweep"": 1, ""multi_output_measurement"": 1}","{""axis_role_coordinate"": false, ""n_source_points"": 49, ""granularity"": ""correlation""}",[],[],,,,,,,,,,,10.1039_c6dt03571j::F9::a::<single>
10.1039_c6dt03571j|10|9|b|<single>|primary,10.1039_c6dt03571j,10,9,b,<single>,primary,1,29,hv,(\alpha hv)^2,cm^-1 eV)^2,experimental,unresolved,10.1039_c6dt03571j-F9b-25,8,8,Fig. 9 (a) Optical transmission and (b) the derived Tauc plot of a ZnO /uniFB01 lm deposited at 225 °C on quartz glass. The /uniFB02 uctuation seen within the Tauc plot corresponds to the changing of the lamps in the spectrometer at low wavelengths.,"3/2 signal was fitted with two components at 1021.7 eV and 1023.1 eV assigned to ZnO and Zn(OH)2, respectively. 33 In order for ZnO to be implemented for potential TCO applications such as, as a transparent electrode or for solar cell devices with aluminium,

Fig. 9 (a) Optical transmission and (b) ",sample is high,"Table 4 Deposition parameters used for the thermal ALD of [Zn(eeki)2]; Table 5 RBS/NRA data for selected ZnO samples deposited at 175 °C, 225 °C and 275 °C. The zinc to oxygen ratio determined by RBS ",unknown,insufficient_corroboration,only_one_signal_family(discrete_experimental_sweep),"['F', 'I', 'T']",,"{""discrete_experimental_sweep"": 1}","{""axis_role_coordinate"": false, ""n_source_points"": 29, ""granularity"": ""unresolved""}",[],[],,,,,,,,,,,10.1039_c6dt03571j::F9::b::<single>
10.1039_c7ra07722j|4|2|-|<single>|primary,10.1039_c7ra07722j,4,2,,<single>,primary,32,0,pulse_time,growth_per_cycle,Å,experimental,single,10.1039_c7ra07722j-2-S0-P000;10.1039_c7ra07722j-2-S0-P001;10.1039_c7ra07722j-2-S0-P002;10.1039_c7ra07722j-2-S0-P003;10.1039_c7ra07722j-2-S0-P004;10.1039_c7ra07722j-2-S0-P005 …+26,3,,Fig. 2 Saturation curves for (a) thermal and (b) plasma-assisted ALD of Li2CO3 obtained at 150 /C14 C showing the self-limiting growth behavior of the ALD process. The solid line serves as a guide to the eye. Dotted lines indicate the chosen standard values and the corresponding growth per cycle. No,"ctions during the subcycles of both thermal and plasma ALD Li2CO3. Film thickness was monitored every 10 cycles by in situ SE measurements while changing precursor or co-reactant dose times. Saturation curves for the thermal ALD process of Li2CO3 are shown in Fig. 2a. A LiO t Bu dose of 6 s, a water",,Table 1 Li2CO3 ALD process details collected from earlier publications; Table 2 Properties of /C24 50 nm /uniFB01 lms fabricated using the standard thermal ALD process at 150 /C14 C and plasma ALD pro,continuous_trace,corroborated,multi_signal(2 families),"['F', 'M', 'Me', 'R', 'T']",M: ALD Li2CO3. Film thickness was monitored every 10 cycles by in situ SE measurements while changing precursor or co-reactant dose times. Saturation | M: O3. Film thickness was monitored every 10 cycles by in situ SE measurements while changing precursor or co-reactant dose times. Saturation cur | Me: thickness and dielectric function were monitored in situ by spectroscopic ellipsometry (SE) with,"{""continuous_trace"": 3, ""discrete_experimental_sweep"": 2}","{""axis_role_coordinate"": false, ""n_source_points"": 0, ""granularity"": ""single""}","[{""quantity_type"": ""base_pressure"", ""symbol"": null, ""value"": ""6"", ""unit"": ""Torr"", ""species"": null, ""reactant_role"": null, ""assertion_status"": ""direct"", ""scope"": ""paper"", ""source"": ""methods"", ""evidence"": ""can reach a base pressure of &lt;10 /C0 6 Torr by overnight pumping. The pump unit as well as the inductively coupled plasma (ICP) source ar""}, {""quantity_type"": ""working_pressure"", ""symbol"": null, ""value"": ""20"", ""unit"": ""mTorr"", ""species"": null, ""reactant_role"": null, ""assertion_status"": ""direct"", ""scope"": ""paper"", ""source"": ""methods"", ""evidence"": ""or pod with Ar at a reactor pressure of 20 mTorr and the precursor and precursor supply line were heated to 140 /C14 C and 150 /C14 C respec""}, {""quantity_type"": ""working_pressure"", ""symbol"": null, ""value"": ""13"", ""unit"": ""mTorr"", ""species"": null, ""reactant_role"": null, ""assertion_status"": ""direct"", ""scope"": ""paper"", ""source"": ""methods"", ""evid",[],paper,ambiguous,,,,13 mTorr (working_pressure); 20 mTorr (working_pressure),,,,,10.1039_c7ra07722j::F2::-::<single>
10.1039_c7ra07722j|5|3|a|Thermal 150 °C|primary,10.1039_c7ra07722j,5,3,a,Thermal 150 °C,primary,13,13,cycle_number,film_thickness,nm,experimental,single,10.1039_c7ra07722j-3a-S5-P000;10.1039_c7ra07722j-3a-S5-P001;10.1039_c7ra07722j-3a-S5-P002;10.1039_c7ra07722j-3a-S5-P003;10.1039_c7ra07722j-3a-S5-P004;10.1039_c7ra07722j-3a-S5-P005 …+7,4,,"Fig. 3 (a) In situ thickness measurements by SE for plasma-assisted ALDof Li2CO3 at 50, 200, 275 and 300 /C14 Candthermal ALD of Li2CO3 at 150 /C14 C. The /uniFB01 lm growth between 50 and 200 /C14 C with plasma ALD was very similar (see ESI † ). (b) Growth per cycle as a function of process table t","ing was kept at 4 s.

<!-- image -->

o  en have a higher growth per cycle when compared to thermal processes which is in agreement with our results. 21

Next, the process window of ALD  lms was extended to deposition temperatures between 50 and 300 /C14 C. Fig. 3a shows the thickness evolution as",,Table 1 Li2CO3 ALD process details collected from earlier publications; Table 2 Properties of /C24 50 nm /uniFB01 lms fabricated using the standard thermal ALD process at 150 /C14 C and plasma ALD pro,discrete_experimental_sweep,corroborated,multi_signal(4 families),"['F', 'M', 'Me', 'R', 'T', 'X']","M: 50 /C14 C varied --- large height di /uniFB00 erences (see SEM images in the next section), which complicated the extraction of the  lm thick | Me: ickness values were con  rmed by high resolution SEM (Zeiss Sigma) operated at 2 kV acceleration voltage. The entire chem | R: as a function of process table temperature | X: series_axis 'process and temperature' with numeric label 'Thermal 150 °C","{""continuous_trace"": 3, ""discrete_experimental_sweep"": 4}","{""axis_role_coordinate"": false, ""n_source_points"": 13, ""granularity"": ""single""}","[{""quantity_type"": ""base_pressure"", ""symbol"": null, ""value"": ""6"", ""unit"": ""Torr"", ""species"": null, ""reactant_role"": null, ""assertion_status"": ""direct"", ""scope"": ""paper"", ""source"": ""methods"", ""evidence"": ""can reach a base pressure of &lt;10 /C0 6 Torr by overnight pumping. The pump unit as well as the inductively coupled plasma (ICP) source ar""}, {""quantity_type"": ""working_pressure"", ""symbol"": null, ""value"": ""20"", ""unit"": ""mTorr"", ""species"": null, ""reactant_role"": null, ""assertion_status"": ""direct"", ""scope"": ""paper"", ""source"": ""methods"", ""evidence"": ""or pod with Ar at a reactor pressure of 20 mTorr and the precursor and precursor supply line were heated to 140 /C14 C and 150 /C14 C respec""}, {""quantity_type"": ""working_pressure"", ""symbol"": null, ""value"": ""13"", ""unit"": ""mTorr"", ""species"": null, ""reactant_role"": null, ""assertion_status"": ""direct"", ""scope"": ""paper"", ""source"": ""methods"", ""evid",[],paper,ambiguous,,,,13 mTorr (working_pressure); 20 mTorr (working_pressure),,,process and temperature,Thermal 150 °C,10.1039_c7ra07722j::F3::a::Thermal 150 °C
10.1039_c7ra07722j|5|3|a|Plasma 50 °C|primary,10.1039_c7ra07722j,5,3,a,Plasma 50 °C,primary,13,13,cycle_number,film_thickness,nm,experimental,single,10.1039_c7ra07722j-3a-S6-P000;10.1039_c7ra07722j-3a-S6-P001;10.1039_c7ra07722j-3a-S6-P002;10.1039_c7ra07722j-3a-S6-P003;10.1039_c7ra07722j-3a-S6-P004;10.1039_c7ra07722j-3a-S6-P005 …+7,4,,"Fig. 3 (a) In situ thickness measurements by SE for plasma-assisted ALDof Li2CO3 at 50, 200, 275 and 300 /C14 Candthermal ALD of Li2CO3 at 150 /C14 C. The /uniFB01 lm growth between 50 and 200 /C14 C with plasma ALD was very similar (see ESI † ). (b) Growth per cycle as a function of process table t","ing was kept at 4 s.

<!-- image -->

o  en have a higher growth per cycle when compared to thermal processes which is in agreement with our results. 21

Next, the process window of ALD  lms was extended to deposition temperatures between 50 and 300 /C14 C. Fig. 3a shows the thickness evolution as",,Table 1 Li2CO3 ALD process details collected from earlier publications; Table 2 Properties of /C24 50 nm /uniFB01 lms fabricated using the standard thermal ALD process at 150 /C14 C and plasma ALD pro,discrete_experimental_sweep,corroborated,multi_signal(4 families),"['F', 'M', 'Me', 'R', 'T', 'X']","M: 50 /C14 C varied --- large height di /uniFB00 erences (see SEM images in the next section), which complicated the extraction of the  lm thick | Me: ickness values were con  rmed by high resolution SEM (Zeiss Sigma) operated at 2 kV acceleration voltage. The entire chem | R: as a function of process table temperature | X: series_axis 'process and temperature' with numeric label 'Plasma 50 °C'","{""continuous_trace"": 3, ""discrete_experimental_sweep"": 4}","{""axis_role_coordinate"": false, ""n_source_points"": 13, ""granularity"": ""single""}","[{""quantity_type"": ""base_pressure"", ""symbol"": null, ""value"": ""6"", ""unit"": ""Torr"", ""species"": null, ""reactant_role"": null, ""assertion_status"": ""direct"", ""scope"": ""paper"", ""source"": ""methods"", ""evidence"": ""can reach a base pressure of &lt;10 /C0 6 Torr by overnight pumping. The pump unit as well as the inductively coupled plasma (ICP) source ar""}, {""quantity_type"": ""working_pressure"", ""symbol"": null, ""value"": ""20"", ""unit"": ""mTorr"", ""species"": null, ""reactant_role"": null, ""assertion_status"": ""direct"", ""scope"": ""paper"", ""source"": ""methods"", ""evidence"": ""or pod with Ar at a reactor pressure of 20 mTorr and the precursor and precursor supply line were heated to 140 /C14 C and 150 /C14 C respec""}, {""quantity_type"": ""working_pressure"", ""symbol"": null, ""value"": ""13"", ""unit"": ""mTorr"", ""species"": null, ""reactant_role"": null, ""assertion_status"": ""direct"", ""scope"": ""paper"", ""source"": ""methods"", ""evid",[],paper,ambiguous,,,,13 mTorr (working_pressure); 20 mTorr (working_pressure),,,process and temperature,Plasma 50 °C,10.1039_c7ra07722j::F3::a::Plasma 50 °C
10.1039_c7ra07722j|5|3|a|Plasma 200 °C|primary,10.1039_c7ra07722j,5,3,a,Plasma 200 °C,primary,13,13,cycle_number,film_thickness,nm,experimental,single,10.1039_c7ra07722j-3a-S7-P000;10.1039_c7ra07722j-3a-S7-P001;10.1039_c7ra07722j-3a-S7-P002;10.1039_c7ra07722j-3a-S7-P003;10.1039_c7ra07722j-3a-S7-P004;10.1039_c7ra07722j-3a-S7-P005 …+7,4,,"Fig. 3 (a) In situ thickness measurements by SE for plasma-assisted ALDof Li2CO3 at 50, 200, 275 and 300 /C14 Candthermal ALD of Li2CO3 at 150 /C14 C. The /uniFB01 lm growth between 50 and 200 /C14 C with plasma ALD was very similar (see ESI † ). (b) Growth per cycle as a function of process table t","ing was kept at 4 s.

<!-- image -->

o  en have a higher growth per cycle when compared to thermal processes which is in agreement with our results. 21

Next, the process window of ALD  lms was extended to deposition temperatures between 50 and 300 /C14 C. Fig. 3a shows the thickness evolution as",,Table 1 Li2CO3 ALD process details collected from earlier publications; Table 2 Properties of /C24 50 nm /uniFB01 lms fabricated using the standard thermal ALD process at 150 /C14 C and plasma ALD pro,discrete_experimental_sweep,corroborated,multi_signal(4 families),"['F', 'M', 'Me', 'R', 'T', 'X']","M: 50 /C14 C varied --- large height di /uniFB00 erences (see SEM images in the next section), which complicated the extraction of the  lm thick | Me: ickness values were con  rmed by high resolution SEM (Zeiss Sigma) operated at 2 kV acceleration voltage. The entire chem | R: as a function of process table temperature | X: series_axis 'process and temperature' with numeric label 'Plasma 200 °C'","{""continuous_trace"": 3, ""discrete_experimental_sweep"": 4}","{""axis_role_coordinate"": false, ""n_source_points"": 13, ""granularity"": ""single""}","[{""quantity_type"": ""base_pressure"", ""symbol"": null, ""value"": ""6"", ""unit"": ""Torr"", ""species"": null, ""reactant_role"": null, ""assertion_status"": ""direct"", ""scope"": ""paper"", ""source"": ""methods"", ""evidence"": ""can reach a base pressure of &lt;10 /C0 6 Torr by overnight pumping. The pump unit as well as the inductively coupled plasma (ICP) source ar""}, {""quantity_type"": ""working_pressure"", ""symbol"": null, ""value"": ""20"", ""unit"": ""mTorr"", ""species"": null, ""reactant_role"": null, ""assertion_status"": ""direct"", ""scope"": ""paper"", ""source"": ""methods"", ""evidence"": ""or pod with Ar at a reactor pressure of 20 mTorr and the precursor and precursor supply line were heated to 140 /C14 C and 150 /C14 C respec""}, {""quantity_type"": ""working_pressure"", ""symbol"": null, ""value"": ""13"", ""unit"": ""mTorr"", ""species"": null, ""reactant_role"": null, ""assertion_status"": ""direct"", ""scope"": ""paper"", ""source"": ""methods"", ""evid",[],paper,ambiguous,,,,13 mTorr (working_pressure); 20 mTorr (working_pressure),,,process and temperature,Plasma 200 °C,10.1039_c7ra07722j::F3::a::Plasma 200 °C
10.1039_c7ra07722j|5|3|a|Plasma 275 °C|primary,10.1039_c7ra07722j,5,3,a,Plasma 275 °C,primary,10,10,cycle_number,film_thickness,nm,experimental,single,10.1039_c7ra07722j-3a-S8-P000;10.1039_c7ra07722j-3a-S8-P001;10.1039_c7ra07722j-3a-S8-P002;10.1039_c7ra07722j-3a-S8-P003;10.1039_c7ra07722j-3a-S8-P004;10.1039_c7ra07722j-3a-S8-P005 …+4,4,,"Fig. 3 (a) In situ thickness measurements by SE for plasma-assisted ALDof Li2CO3 at 50, 200, 275 and 300 /C14 Candthermal ALD of Li2CO3 at 150 /C14 C. The /uniFB01 lm growth between 50 and 200 /C14 C with plasma ALD was very similar (see ESI † ). (b) Growth per cycle as a function of process table t","ing was kept at 4 s.

<!-- image -->

o  en have a higher growth per cycle when compared to thermal processes which is in agreement with our results. 21

Next, the process window of ALD  lms was extended to deposition temperatures between 50 and 300 /C14 C. Fig. 3a shows the thickness evolution as",,Table 1 Li2CO3 ALD process details collected from earlier publications; Table 2 Properties of /C24 50 nm /uniFB01 lms fabricated using the standard thermal ALD process at 150 /C14 C and plasma ALD pro,discrete_experimental_sweep,corroborated,multi_signal(4 families),"['F', 'M', 'Me', 'R', 'T', 'X']","M: 50 /C14 C varied --- large height di /uniFB00 erences (see SEM images in the next section), which complicated the extraction of the  lm thick | Me: ickness values were con  rmed by high resolution SEM (Zeiss Sigma) operated at 2 kV acceleration voltage. The entire chem | R: as a function of process table temperature | X: series_axis 'process and temperature' with numeric label 'Plasma 275 °C'","{""continuous_trace"": 3, ""discrete_experimental_sweep"": 4}","{""axis_role_coordinate"": false, ""n_source_points"": 10, ""granularity"": ""single""}","[{""quantity_type"": ""base_pressure"", ""symbol"": null, ""value"": ""6"", ""unit"": ""Torr"", ""species"": null, ""reactant_role"": null, ""assertion_status"": ""direct"", ""scope"": ""paper"", ""source"": ""methods"", ""evidence"": ""can reach a base pressure of &lt;10 /C0 6 Torr by overnight pumping. The pump unit as well as the inductively coupled plasma (ICP) source ar""}, {""quantity_type"": ""working_pressure"", ""symbol"": null, ""value"": ""20"", ""unit"": ""mTorr"", ""species"": null, ""reactant_role"": null, ""assertion_status"": ""direct"", ""scope"": ""paper"", ""source"": ""methods"", ""evidence"": ""or pod with Ar at a reactor pressure of 20 mTorr and the precursor and precursor supply line were heated to 140 /C14 C and 150 /C14 C respec""}, {""quantity_type"": ""working_pressure"", ""symbol"": null, ""value"": ""13"", ""unit"": ""mTorr"", ""species"": null, ""reactant_role"": null, ""assertion_status"": ""direct"", ""scope"": ""paper"", ""source"": ""methods"", ""evid",[],paper,ambiguous,,,,13 mTorr (working_pressure); 20 mTorr (working_pressure),,,process and temperature,Plasma 275 °C,10.1039_c7ra07722j::F3::a::Plasma 275 °C
10.1039_c7ra07722j|5|3|a|Plasma 300 °C|primary,10.1039_c7ra07722j,5,3,a,Plasma 300 °C,primary,10,10,cycle_number,film_thickness,nm,experimental,single,10.1039_c7ra07722j-3a-S9-P000;10.1039_c7ra07722j-3a-S9-P001;10.1039_c7ra07722j-3a-S9-P002;10.1039_c7ra07722j-3a-S9-P003;10.1039_c7ra07722j-3a-S9-P004;10.1039_c7ra07722j-3a-S9-P005 …+4,4,,"Fig. 3 (a) In situ thickness measurements by SE for plasma-assisted ALDof Li2CO3 at 50, 200, 275 and 300 /C14 Candthermal ALD of Li2CO3 at 150 /C14 C. The /uniFB01 lm growth between 50 and 200 /C14 C with plasma ALD was very similar (see ESI † ). (b) Growth per cycle as a function of process table t","ing was kept at 4 s.

<!-- image -->

o  en have a higher growth per cycle when compared to thermal processes which is in agreement with our results. 21

Next, the process window of ALD  lms was extended to deposition temperatures between 50 and 300 /C14 C. Fig. 3a shows the thickness evolution as",,Table 1 Li2CO3 ALD process details collected from earlier publications; Table 2 Properties of /C24 50 nm /uniFB01 lms fabricated using the standard thermal ALD process at 150 /C14 C and plasma ALD pro,discrete_experimental_sweep,corroborated,multi_signal(4 families),"['F', 'M', 'Me', 'R', 'T', 'X']","M: 50 /C14 C varied --- large height di /uniFB00 erences (see SEM images in the next section), which complicated the extraction of the  lm thick | Me: ickness values were con  rmed by high resolution SEM (Zeiss Sigma) operated at 2 kV acceleration voltage. The entire chem | R: as a function of process table temperature | X: series_axis 'process and temperature' with numeric label 'Plasma 300 °C'","{""continuous_trace"": 3, ""discrete_experimental_sweep"": 4}","{""axis_role_coordinate"": false, ""n_source_points"": 10, ""granularity"": ""single""}","[{""quantity_type"": ""base_pressure"", ""symbol"": null, ""value"": ""6"", ""unit"": ""Torr"", ""species"": null, ""reactant_role"": null, ""assertion_status"": ""direct"", ""scope"": ""paper"", ""source"": ""methods"", ""evidence"": ""can reach a base pressure of &lt;10 /C0 6 Torr by overnight pumping. The pump unit as well as the inductively coupled plasma (ICP) source ar""}, {""quantity_type"": ""working_pressure"", ""symbol"": null, ""value"": ""20"", ""unit"": ""mTorr"", ""species"": null, ""reactant_role"": null, ""assertion_status"": ""direct"", ""scope"": ""paper"", ""source"": ""methods"", ""evidence"": ""or pod with Ar at a reactor pressure of 20 mTorr and the precursor and precursor supply line were heated to 140 /C14 C and 150 /C14 C respec""}, {""quantity_type"": ""working_pressure"", ""symbol"": null, ""value"": ""13"", ""unit"": ""mTorr"", ""species"": null, ""reactant_role"": null, ""assertion_status"": ""direct"", ""scope"": ""paper"", ""source"": ""methods"", ""evid",[],paper,ambiguous,,,,13 mTorr (working_pressure); 20 mTorr (working_pressure),,,process and temperature,Plasma 300 °C,10.1039_c7ra07722j::F3::a::Plasma 300 °C
"10.1039_c7ra07722j|5|3|b|SE, thermal|primary",10.1039_c7ra07722j,5,3,b,"SE, thermal",primary,6,6,deposition_temperature,growth_per_cycle,Å,experimental,single,10.1039_c7ra07722j-3b-S10-P000;10.1039_c7ra07722j-3b-S10-P001;10.1039_c7ra07722j-3b-S10-P002;10.1039_c7ra07722j-3b-S10-P003;10.1039_c7ra07722j-3b-S10-P004;10.1039_c7ra07722j-3b-S10-P005,4,,"Fig. 3 (a) In situ thickness measurements by SE for plasma-assisted ALDof Li2CO3 at 50, 200, 275 and 300 /C14 Candthermal ALD of Li2CO3 at 150 /C14 C. The /uniFB01 lm growth between 50 and 200 /C14 C with plasma ALD was very similar (see ESI † ). (b) Growth per cycle as a function of process table t","ing was kept at 4 s.

<!-- image -->

o  en have a higher growth per cycle when compared to thermal processes which is in agreement with our results. 21

Next, the process window of ALD  lms was extended to deposition temperatures between 50 and 300 /C14 C. Fig. 3a shows the thickness evolution as",,Table 1 Li2CO3 ALD process details collected from earlier publications; Table 2 Properties of /C24 50 nm /uniFB01 lms fabricated using the standard thermal ALD process at 150 /C14 C and plasma ALD pro,discrete_experimental_sweep,corroborated,multi_signal(3 families),"['F', 'M', 'Me', 'R', 'T', 'X']","M: 50 /C14 C varied --- large height di /uniFB00 erences (see SEM images in the next section), which complicated the extraction of the  lm thick | Me: ickness values were con  rmed by high resolution SEM (Zeiss Sigma) operated at 2 kV acceleration voltage. The entire chem | R: as a function of process table temperature","{""continuous_trace"": 3, ""discrete_experimental_sweep"": 3}","{""axis_role_coordinate"": false, ""n_source_points"": 6, ""granularity"": ""single""}","[{""quantity_type"": ""base_pressure"", ""symbol"": null, ""value"": ""6"", ""unit"": ""Torr"", ""species"": null, ""reactant_role"": null, ""assertion_status"": ""direct"", ""scope"": ""paper"", ""source"": ""methods"", ""evidence"": ""can reach a base pressure of &lt;10 /C0 6 Torr by overnight pumping. The pump unit as well as the inductively coupled plasma (ICP) source ar""}, {""quantity_type"": ""working_pressure"", ""symbol"": null, ""value"": ""20"", ""unit"": ""mTorr"", ""species"": null, ""reactant_role"": null, ""assertion_status"": ""direct"", ""scope"": ""paper"", ""source"": ""methods"", ""evidence"": ""or pod with Ar at a reactor pressure of 20 mTorr and the precursor and precursor supply line were heated to 140 /C14 C and 150 /C14 C respec""}, {""quantity_type"": ""working_pressure"", ""symbol"": null, ""value"": ""13"", ""unit"": ""mTorr"", ""species"": null, ""reactant_role"": null, ""assertion_status"": ""direct"", ""scope"": ""paper"", ""source"": ""methods"", ""evid",[],paper,ambiguous,,,,13 mTorr (working_pressure); 20 mTorr (working_pressure),,,measurement method and process,"SE, thermal","10.1039_c7ra07722j::F3::b::SE, thermal"
"10.1039_c7ra07722j|5|3|b|SE, plasma|primary",10.1039_c7ra07722j,5,3,b,"SE, plasma",primary,7,7,deposition_temperature,growth_per_cycle,Å,experimental,single,10.1039_c7ra07722j-3b-S11-P000;10.1039_c7ra07722j-3b-S11-P001;10.1039_c7ra07722j-3b-S11-P002;10.1039_c7ra07722j-3b-S11-P003;10.1039_c7ra07722j-3b-S11-P004;10.1039_c7ra07722j-3b-S11-P005 …+1,4,,"Fig. 3 (a) In situ thickness measurements by SE for plasma-assisted ALDof Li2CO3 at 50, 200, 275 and 300 /C14 Candthermal ALD of Li2CO3 at 150 /C14 C. The /uniFB01 lm growth between 50 and 200 /C14 C with plasma ALD was very similar (see ESI † ). (b) Growth per cycle as a function of process table t","ing was kept at 4 s.

<!-- image -->

o  en have a higher growth per cycle when compared to thermal processes which is in agreement with our results. 21

Next, the process window of ALD  lms was extended to deposition temperatures between 50 and 300 /C14 C. Fig. 3a shows the thickness evolution as",,Table 1 Li2CO3 ALD process details collected from earlier publications; Table 2 Properties of /C24 50 nm /uniFB01 lms fabricated using the standard thermal ALD process at 150 /C14 C and plasma ALD pro,discrete_experimental_sweep,corroborated,multi_signal(3 families),"['F', 'M', 'Me', 'R', 'T', 'X']","M: 50 /C14 C varied --- large height di /uniFB00 erences (see SEM images in the next section), which complicated the extraction of the  lm thick | Me: ickness values were con  rmed by high resolution SEM (Zeiss Sigma) operated at 2 kV acceleration voltage. The entire chem | R: as a function of process table temperature","{""continuous_trace"": 3, ""discrete_experimental_sweep"": 3}","{""axis_role_coordinate"": false, ""n_source_points"": 7, ""granularity"": ""single""}","[{""quantity_type"": ""base_pressure"", ""symbol"": null, ""value"": ""6"", ""unit"": ""Torr"", ""species"": null, ""reactant_role"": null, ""assertion_status"": ""direct"", ""scope"": ""paper"", ""source"": ""methods"", ""evidence"": ""can reach a base pressure of &lt;10 /C0 6 Torr by overnight pumping. The pump unit as well as the inductively coupled plasma (ICP) source ar""}, {""quantity_type"": ""working_pressure"", ""symbol"": null, ""value"": ""20"", ""unit"": ""mTorr"", ""species"": null, ""reactant_role"": null, ""assertion_status"": ""direct"", ""scope"": ""paper"", ""source"": ""methods"", ""evidence"": ""or pod with Ar at a reactor pressure of 20 mTorr and the precursor and precursor supply line were heated to 140 /C14 C and 150 /C14 C respec""}, {""quantity_type"": ""working_pressure"", ""symbol"": null, ""value"": ""13"", ""unit"": ""mTorr"", ""species"": null, ""reactant_role"": null, ""assertion_status"": ""direct"", ""scope"": ""paper"", ""source"": ""methods"", ""evid",[],paper,ambiguous,,,,13 mTorr (working_pressure); 20 mTorr (working_pressure),,,measurement method and process,"SE, plasma","10.1039_c7ra07722j::F3::b::SE, plasma"
"10.1039_c7ra07722j|5|3|b|EBS, thermal|primary",10.1039_c7ra07722j,5,3,b,"EBS, thermal",primary,1,1,deposition_temperature,growth_per_cycle,Å,experimental,single,10.1039_c7ra07722j-F3b-12,4,,"Fig. 3 (a) In situ thickness measurements by SE for plasma-assisted ALDof Li2CO3 at 50, 200, 275 and 300 /C14 Candthermal ALD of Li2CO3 at 150 /C14 C. The /uniFB01 lm growth between 50 and 200 /C14 C with plasma ALD was very similar (see ESI † ). (b) Growth per cycle as a function of process table t","ing was kept at 4 s.

<!-- image -->

o  en have a higher growth per cycle when compared to thermal processes which is in agreement with our results. 21

Next, the process window of ALD  lms was extended to deposition temperatures between 50 and 300 /C14 C. Fig. 3a shows the thickness evolution as",,Table 1 Li2CO3 ALD process details collected from earlier publications; Table 2 Properties of /C24 50 nm /uniFB01 lms fabricated using the standard thermal ALD process at 150 /C14 C and plasma ALD pro,discrete_experimental_sweep,corroborated,multi_signal(3 families),"['F', 'M', 'Me', 'R', 'T', 'X']","M: 50 /C14 C varied --- large height di /uniFB00 erences (see SEM images in the next section), which complicated the extraction of the  lm thick | Me: ickness values were con  rmed by high resolution SEM (Zeiss Sigma) operated at 2 kV acceleration voltage. The entire chem | R: as a function of process table temperature","{""continuous_trace"": 3, ""discrete_experimental_sweep"": 3}","{""axis_role_coordinate"": false, ""n_source_points"": 1, ""granularity"": ""single""}","[{""quantity_type"": ""base_pressure"", ""symbol"": null, ""value"": ""6"", ""unit"": ""Torr"", ""species"": null, ""reactant_role"": null, ""assertion_status"": ""direct"", ""scope"": ""paper"", ""source"": ""methods"", ""evidence"": ""can reach a base pressure of &lt;10 /C0 6 Torr by overnight pumping. The pump unit as well as the inductively coupled plasma (ICP) source ar""}, {""quantity_type"": ""working_pressure"", ""symbol"": null, ""value"": ""20"", ""unit"": ""mTorr"", ""species"": null, ""reactant_role"": null, ""assertion_status"": ""direct"", ""scope"": ""paper"", ""source"": ""methods"", ""evidence"": ""or pod with Ar at a reactor pressure of 20 mTorr and the precursor and precursor supply line were heated to 140 /C14 C and 150 /C14 C respec""}, {""quantity_type"": ""working_pressure"", ""symbol"": null, ""value"": ""13"", ""unit"": ""mTorr"", ""species"": null, ""reactant_role"": null, ""assertion_status"": ""direct"", ""scope"": ""paper"", ""source"": ""methods"", ""evid",[],paper,ambiguous,,,,13 mTorr (working_pressure); 20 mTorr (working_pressure),,,measurement method and process,"EBS, thermal","10.1039_c7ra07722j::F3::b::EBS, thermal"
"10.1039_c7ra07722j|5|3|b|EBS, plasma|primary",10.1039_c7ra07722j,5,3,b,"EBS, plasma",primary,4,4,deposition_temperature,growth_per_cycle,Å,experimental,single,10.1039_c7ra07722j-3b-S12-P000;10.1039_c7ra07722j-3b-S12-P001;10.1039_c7ra07722j-3b-S12-P002;10.1039_c7ra07722j-3b-S12-P003,4,,"Fig. 3 (a) In situ thickness measurements by SE for plasma-assisted ALDof Li2CO3 at 50, 200, 275 and 300 /C14 Candthermal ALD of Li2CO3 at 150 /C14 C. The /uniFB01 lm growth between 50 and 200 /C14 C with plasma ALD was very similar (see ESI † ). (b) Growth per cycle as a function of process table t","ing was kept at 4 s.

<!-- image -->

o  en have a higher growth per cycle when compared to thermal processes which is in agreement with our results. 21

Next, the process window of ALD  lms was extended to deposition temperatures between 50 and 300 /C14 C. Fig. 3a shows the thickness evolution as",,Table 1 Li2CO3 ALD process details collected from earlier publications; Table 2 Properties of /C24 50 nm /uniFB01 lms fabricated using the standard thermal ALD process at 150 /C14 C and plasma ALD pro,discrete_experimental_sweep,corroborated,multi_signal(3 families),"['F', 'M', 'Me', 'R', 'T', 'X']","M: 50 /C14 C varied --- large height di /uniFB00 erences (see SEM images in the next section), which complicated the extraction of the  lm thick | Me: ickness values were con  rmed by high resolution SEM (Zeiss Sigma) operated at 2 kV acceleration voltage. The entire chem | R: as a function of process table temperature","{""continuous_trace"": 3, ""discrete_experimental_sweep"": 3}","{""axis_role_coordinate"": false, ""n_source_points"": 4, ""granularity"": ""single""}","[{""quantity_type"": ""base_pressure"", ""symbol"": null, ""value"": ""6"", ""unit"": ""Torr"", ""species"": null, ""reactant_role"": null, ""assertion_status"": ""direct"", ""scope"": ""paper"", ""source"": ""methods"", ""evidence"": ""can reach a base pressure of &lt;10 /C0 6 Torr by overnight pumping. The pump unit as well as the inductively coupled plasma (ICP) source ar""}, {""quantity_type"": ""working_pressure"", ""symbol"": null, ""value"": ""20"", ""unit"": ""mTorr"", ""species"": null, ""reactant_role"": null, ""assertion_status"": ""direct"", ""scope"": ""paper"", ""source"": ""methods"", ""evidence"": ""or pod with Ar at a reactor pressure of 20 mTorr and the precursor and precursor supply line were heated to 140 /C14 C and 150 /C14 C respec""}, {""quantity_type"": ""working_pressure"", ""symbol"": null, ""value"": ""13"", ""unit"": ""mTorr"", ""species"": null, ""reactant_role"": null, ""assertion_status"": ""direct"", ""scope"": ""paper"", ""source"": ""methods"", ""evid",[],paper,ambiguous,,,,13 mTorr (working_pressure); 20 mTorr (working_pressure),,,measurement method and process,"EBS, plasma","10.1039_c7ra07722j::F3::b::EBS, plasma"
10.1039_c7ra07722j|6|4|a|250 °C|primary,10.1039_c7ra07722j,6,4,a,250 °C,primary,1,30,Measurement number,surface_coverage,°,experimental,unresolved,10.1039_c7ra07722j-F4a-14,5,,"Fig. 4 Phase shift of the incident light ( D ) from in situ SE measurements of the reaction of CO2 and H2O with /C24 50 nm plasma ALD /uniFB01 lms grown at 250, 275 and 300 /C14 C. First, CO2 was dosed into the reaction chamber 20 times with pulses of 2 s, next H2O was pulsed 20 times for 50 ms and ",fabricated at di /uniFB00 erent deposition temperatures. These were then subsequently exposed to CO2 and H2O pulses inside the ALD reactor. The  lms were measured by in situ SE and the phase change ( D ) was monitored at 589 nm a  er every pulse as shown in Fig. 4. For plasma depositions at 250 /C,sample was subjected to H2O pulses,Table 1 Li2CO3 ALD process details collected from earlier publications; Table 2 Properties of /C24 50 nm /uniFB01 lms fabricated using the standard thermal ALD process at 150 /C14 C and plasma ALD pro,discrete_experimental_sweep,corroborated,multi_signal(3 families),"['F', 'I', 'M', 'Me', 'T', 'X']",Me: ickness values were con  rmed by high resolution SEM (Zeiss Sigma) operated at 2 kV acceleration voltage. The entire chem | I: sample was subjected to H2O pulses | X: series_axis 'deposition_temperature' with numeric label '250 °C',"{""continuous_trace"": 3, ""multi_output_measurement"": 1, ""discrete_experimental_sweep"": 3}","{""axis_role_coordinate"": false, ""n_source_points"": 30, ""granularity"": ""unresolved""}","[{""quantity_type"": ""base_pressure"", ""symbol"": null, ""value"": ""6"", ""unit"": ""Torr"", ""species"": null, ""reactant_role"": null, ""assertion_status"": ""direct"", ""scope"": ""paper"", ""source"": ""methods"", ""evidence"": ""can reach a base pressure of &lt;10 /C0 6 Torr by overnight pumping. The pump unit as well as the inductively coupled plasma (ICP) source ar""}, {""quantity_type"": ""working_pressure"", ""symbol"": null, ""value"": ""20"", ""unit"": ""mTorr"", ""species"": null, ""reactant_role"": null, ""assertion_status"": ""direct"", ""scope"": ""paper"", ""source"": ""methods"", ""evidence"": ""or pod with Ar at a reactor pressure of 20 mTorr and the precursor and precursor supply line were heated to 140 /C14 C and 150 /C14 C respec""}, {""quantity_type"": ""working_pressure"", ""symbol"": null, ""value"": ""13"", ""unit"": ""mTorr"", ""species"": null, ""reactant_role"": null, ""assertion_status"": ""direct"", ""scope"": ""paper"", ""source"": ""methods"", ""evid",[],paper,ambiguous,,,,13 mTorr (working_pressure); 20 mTorr (working_pressure),,,deposition_temperature,250 °C,10.1039_c7ra07722j::F4::a::250 °C
10.1039_c7ra07722j|6|4|a|275 °C|primary,10.1039_c7ra07722j,6,4,a,275 °C,primary,1,40,Measurement number,surface_coverage,°,experimental,unresolved,10.1039_c7ra07722j-F4a-15,5,,"Fig. 4 Phase shift of the incident light ( D ) from in situ SE measurements of the reaction of CO2 and H2O with /C24 50 nm plasma ALD /uniFB01 lms grown at 250, 275 and 300 /C14 C. First, CO2 was dosed into the reaction chamber 20 times with pulses of 2 s, next H2O was pulsed 20 times for 50 ms and ",fabricated at di /uniFB00 erent deposition temperatures. These were then subsequently exposed to CO2 and H2O pulses inside the ALD reactor. The  lms were measured by in situ SE and the phase change ( D ) was monitored at 589 nm a  er every pulse as shown in Fig. 4. For plasma depositions at 250 /C,sample was subjected to H2O pulses,Table 1 Li2CO3 ALD process details collected from earlier publications; Table 2 Properties of /C24 50 nm /uniFB01 lms fabricated using the standard thermal ALD process at 150 /C14 C and plasma ALD pro,discrete_experimental_sweep,corroborated,multi_signal(3 families),"['F', 'I', 'M', 'Me', 'T', 'X']",Me: ickness values were con  rmed by high resolution SEM (Zeiss Sigma) operated at 2 kV acceleration voltage. The entire chem | I: sample was subjected to H2O pulses | X: series_axis 'deposition_temperature' with numeric label '275 °C',"{""continuous_trace"": 3, ""multi_output_measurement"": 1, ""discrete_experimental_sweep"": 3}","{""axis_role_coordinate"": false, ""n_source_points"": 40, ""granularity"": ""unresolved""}","[{""quantity_type"": ""base_pressure"", ""symbol"": null, ""value"": ""6"", ""unit"": ""Torr"", ""species"": null, ""reactant_role"": null, ""assertion_status"": ""direct"", ""scope"": ""paper"", ""source"": ""methods"", ""evidence"": ""can reach a base pressure of &lt;10 /C0 6 Torr by overnight pumping. The pump unit as well as the inductively coupled plasma (ICP) source ar""}, {""quantity_type"": ""working_pressure"", ""symbol"": null, ""value"": ""20"", ""unit"": ""mTorr"", ""species"": null, ""reactant_role"": null, ""assertion_status"": ""direct"", ""scope"": ""paper"", ""source"": ""methods"", ""evidence"": ""or pod with Ar at a reactor pressure of 20 mTorr and the precursor and precursor supply line were heated to 140 /C14 C and 150 /C14 C respec""}, {""quantity_type"": ""working_pressure"", ""symbol"": null, ""value"": ""13"", ""unit"": ""mTorr"", ""species"": null, ""reactant_role"": null, ""assertion_status"": ""direct"", ""scope"": ""paper"", ""source"": ""methods"", ""evid",[],paper,ambiguous,,,,13 mTorr (working_pressure); 20 mTorr (working_pressure),,,deposition_temperature,275 °C,10.1039_c7ra07722j::F4::a::275 °C
10.1039_c7ra07722j|6|4|a|300 °C|primary,10.1039_c7ra07722j,6,4,a,300 °C,primary,1,30,Measurement number,surface_coverage,°,experimental,unresolved,10.1039_c7ra07722j-F4a-16,5,,"Fig. 4 Phase shift of the incident light ( D ) from in situ SE measurements of the reaction of CO2 and H2O with /C24 50 nm plasma ALD /uniFB01 lms grown at 250, 275 and 300 /C14 C. First, CO2 was dosed into the reaction chamber 20 times with pulses of 2 s, next H2O was pulsed 20 times for 50 ms and ",fabricated at di /uniFB00 erent deposition temperatures. These were then subsequently exposed to CO2 and H2O pulses inside the ALD reactor. The  lms were measured by in situ SE and the phase change ( D ) was monitored at 589 nm a  er every pulse as shown in Fig. 4. For plasma depositions at 250 /C,sample was subjected to H2O pulses,Table 1 Li2CO3 ALD process details collected from earlier publications; Table 2 Properties of /C24 50 nm /uniFB01 lms fabricated using the standard thermal ALD process at 150 /C14 C and plasma ALD pro,discrete_experimental_sweep,corroborated,multi_signal(3 families),"['F', 'I', 'M', 'Me', 'T', 'X']",Me: ickness values were con  rmed by high resolution SEM (Zeiss Sigma) operated at 2 kV acceleration voltage. The entire chem | I: sample was subjected to H2O pulses | X: series_axis 'deposition_temperature' with numeric label '300 °C',"{""continuous_trace"": 3, ""multi_output_measurement"": 1, ""discrete_experimental_sweep"": 3}","{""axis_role_coordinate"": false, ""n_source_points"": 30, ""granularity"": ""unresolved""}","[{""quantity_type"": ""base_pressure"", ""symbol"": null, ""value"": ""6"", ""unit"": ""Torr"", ""species"": null, ""reactant_role"": null, ""assertion_status"": ""direct"", ""scope"": ""paper"", ""source"": ""methods"", ""evidence"": ""can reach a base pressure of &lt;10 /C0 6 Torr by overnight pumping. The pump unit as well as the inductively coupled plasma (ICP) source ar""}, {""quantity_type"": ""working_pressure"", ""symbol"": null, ""value"": ""20"", ""unit"": ""mTorr"", ""species"": null, ""reactant_role"": null, ""assertion_status"": ""direct"", ""scope"": ""paper"", ""source"": ""methods"", ""evidence"": ""or pod with Ar at a reactor pressure of 20 mTorr and the precursor and precursor supply line were heated to 140 /C14 C and 150 /C14 C respec""}, {""quantity_type"": ""working_pressure"", ""symbol"": null, ""value"": ""13"", ""unit"": ""mTorr"", ""species"": null, ""reactant_role"": null, ""assertion_status"": ""direct"", ""scope"": ""paper"", ""source"": ""methods"", ""evid",[],paper,ambiguous,,,,13 mTorr (working_pressure); 20 mTorr (working_pressure),,,deposition_temperature,300 °C,10.1039_c7ra07722j::F4::a::300 °C
10.1039_c7ra07722j|7|5|a|3 s plasma|primary,10.1039_c7ra07722j,7,5,a,3 s plasma,primary,41,41,cycle_number,film_thickness,nm,experimental,single,10.1039_c7ra07722j-5a-S13-P000;10.1039_c7ra07722j-5a-S13-P001;10.1039_c7ra07722j-5a-S13-P002;10.1039_c7ra07722j-5a-S13-P003;10.1039_c7ra07722j-5a-S13-P004;10.1039_c7ra07722j-5a-S13-P005 …+35,6,,Fig. 5 In situ SE thickness measurement for plasma-assisted ALD of Li2CO3 at 300 /C14 C using di /uniFB00 erent O2 plasma exposure times.,"nd 300 /C14 C. First, CO2 was dosed into the reaction chamber 20 times with pulses of 2 s, next H2O was pulsed 20 times for 50 ms and afterwards CO2 was again pulsed 20 times. SE data was recorded after every pulse and D is plotted at 589 nm.

<!-- image -->

Fig. 5 In situ SE thickness measurement ",,Table 1 Li2CO3 ALD process details collected from earlier publications; Table 2 Properties of /C24 50 nm /uniFB01 lms fabricated using the standard thermal ALD process at 150 /C14 C and plasma ALD pro,discrete_experimental_sweep,corroborated,multi_signal(3 families),"['F', 'M', 'Me', 'R', 'T', 'X']",Me: ickness values were con  rmed by high resolution SEM (Zeiss Sigma) operated at 2 kV acceleration voltage. The entire chem | R: versus number of ALD cycles | X: series_axis 'plasma exposure time' with numeric label '3 s plasma',"{""continuous_trace"": 3, ""multi_output_measurement"": 1, ""discrete_experimental_sweep"": 3}","{""axis_role_coordinate"": false, ""n_source_points"": 41, ""granularity"": ""single""}","[{""quantity_type"": ""base_pressure"", ""symbol"": null, ""value"": ""6"", ""unit"": ""Torr"", ""species"": null, ""reactant_role"": null, ""assertion_status"": ""direct"", ""scope"": ""paper"", ""source"": ""methods"", ""evidence"": ""can reach a base pressure of &lt;10 /C0 6 Torr by overnight pumping. The pump unit as well as the inductively coupled plasma (ICP) source ar""}, {""quantity_type"": ""working_pressure"", ""symbol"": null, ""value"": ""20"", ""unit"": ""mTorr"", ""species"": null, ""reactant_role"": null, ""assertion_status"": ""direct"", ""scope"": ""paper"", ""source"": ""methods"", ""evidence"": ""or pod with Ar at a reactor pressure of 20 mTorr and the precursor and precursor supply line were heated to 140 /C14 C and 150 /C14 C respec""}, {""quantity_type"": ""working_pressure"", ""symbol"": null, ""value"": ""13"", ""unit"": ""mTorr"", ""species"": null, ""reactant_role"": null, ""assertion_status"": ""direct"", ""scope"": ""paper"", ""source"": ""methods"", ""evid",[],paper,ambiguous,,,,13 mTorr (working_pressure); 20 mTorr (working_pressure),,,plasma exposure time,3 s plasma,10.1039_c7ra07722j::F5::a::3 s plasma
10.1039_c7ra07722j|7|5|a|5 s plasma|primary,10.1039_c7ra07722j,7,5,a,5 s plasma,primary,38,38,cycle_number,film_thickness,nm,experimental,single,10.1039_c7ra07722j-5a-S14-P000;10.1039_c7ra07722j-5a-S14-P001;10.1039_c7ra07722j-5a-S14-P002;10.1039_c7ra07722j-5a-S14-P003;10.1039_c7ra07722j-5a-S14-P004;10.1039_c7ra07722j-5a-S14-P005 …+32,6,,Fig. 5 In situ SE thickness measurement for plasma-assisted ALD of Li2CO3 at 300 /C14 C using di /uniFB00 erent O2 plasma exposure times.,"nd 300 /C14 C. First, CO2 was dosed into the reaction chamber 20 times with pulses of 2 s, next H2O was pulsed 20 times for 50 ms and afterwards CO2 was again pulsed 20 times. SE data was recorded after every pulse and D is plotted at 589 nm.

<!-- image -->

Fig. 5 In situ SE thickness measurement ",,Table 1 Li2CO3 ALD process details collected from earlier publications; Table 2 Properties of /C24 50 nm /uniFB01 lms fabricated using the standard thermal ALD process at 150 /C14 C and plasma ALD pro,discrete_experimental_sweep,corroborated,multi_signal(3 families),"['F', 'M', 'Me', 'R', 'T', 'X']",Me: ickness values were con  rmed by high resolution SEM (Zeiss Sigma) operated at 2 kV acceleration voltage. The entire chem | R: versus number of ALD cycles | X: series_axis 'plasma exposure time' with numeric label '5 s plasma',"{""continuous_trace"": 3, ""multi_output_measurement"": 1, ""discrete_experimental_sweep"": 3}","{""axis_role_coordinate"": false, ""n_source_points"": 38, ""granularity"": ""single""}","[{""quantity_type"": ""base_pressure"", ""symbol"": null, ""value"": ""6"", ""unit"": ""Torr"", ""species"": null, ""reactant_role"": null, ""assertion_status"": ""direct"", ""scope"": ""paper"", ""source"": ""methods"", ""evidence"": ""can reach a base pressure of &lt;10 /C0 6 Torr by overnight pumping. The pump unit as well as the inductively coupled plasma (ICP) source ar""}, {""quantity_type"": ""working_pressure"", ""symbol"": null, ""value"": ""20"", ""unit"": ""mTorr"", ""species"": null, ""reactant_role"": null, ""assertion_status"": ""direct"", ""scope"": ""paper"", ""source"": ""methods"", ""evidence"": ""or pod with Ar at a reactor pressure of 20 mTorr and the precursor and precursor supply line were heated to 140 /C14 C and 150 /C14 C respec""}, {""quantity_type"": ""working_pressure"", ""symbol"": null, ""value"": ""13"", ""unit"": ""mTorr"", ""species"": null, ""reactant_role"": null, ""assertion_status"": ""direct"", ""scope"": ""paper"", ""source"": ""methods"", ""evid",[],paper,ambiguous,,,,13 mTorr (working_pressure); 20 mTorr (working_pressure),,,plasma exposure time,5 s plasma,10.1039_c7ra07722j::F5::a::5 s plasma
10.1039_c7ra07722j|7|5|a|20 s plasma|primary,10.1039_c7ra07722j,7,5,a,20 s plasma,primary,35,35,cycle_number,film_thickness,nm,experimental,single,10.1039_c7ra07722j-5a-S15-P000;10.1039_c7ra07722j-5a-S15-P001;10.1039_c7ra07722j-5a-S15-P002;10.1039_c7ra07722j-5a-S15-P003;10.1039_c7ra07722j-5a-S15-P004;10.1039_c7ra07722j-5a-S15-P005 …+29,6,,Fig. 5 In situ SE thickness measurement for plasma-assisted ALD of Li2CO3 at 300 /C14 C using di /uniFB00 erent O2 plasma exposure times.,"nd 300 /C14 C. First, CO2 was dosed into the reaction chamber 20 times with pulses of 2 s, next H2O was pulsed 20 times for 50 ms and afterwards CO2 was again pulsed 20 times. SE data was recorded after every pulse and D is plotted at 589 nm.

<!-- image -->

Fig. 5 In situ SE thickness measurement ",,Table 1 Li2CO3 ALD process details collected from earlier publications; Table 2 Properties of /C24 50 nm /uniFB01 lms fabricated using the standard thermal ALD process at 150 /C14 C and plasma ALD pro,discrete_experimental_sweep,corroborated,multi_signal(3 families),"['F', 'M', 'Me', 'R', 'T', 'X']",Me: ickness values were con  rmed by high resolution SEM (Zeiss Sigma) operated at 2 kV acceleration voltage. The entire chem | R: versus number of ALD cycles | X: series_axis 'plasma exposure time' with numeric label '20 s plasma',"{""continuous_trace"": 3, ""multi_output_measurement"": 1, ""discrete_experimental_sweep"": 3}","{""axis_role_coordinate"": false, ""n_source_points"": 35, ""granularity"": ""single""}","[{""quantity_type"": ""base_pressure"", ""symbol"": null, ""value"": ""6"", ""unit"": ""Torr"", ""species"": null, ""reactant_role"": null, ""assertion_status"": ""direct"", ""scope"": ""paper"", ""source"": ""methods"", ""evidence"": ""can reach a base pressure of &lt;10 /C0 6 Torr by overnight pumping. The pump unit as well as the inductively coupled plasma (ICP) source ar""}, {""quantity_type"": ""working_pressure"", ""symbol"": null, ""value"": ""20"", ""unit"": ""mTorr"", ""species"": null, ""reactant_role"": null, ""assertion_status"": ""direct"", ""scope"": ""paper"", ""source"": ""methods"", ""evidence"": ""or pod with Ar at a reactor pressure of 20 mTorr and the precursor and precursor supply line were heated to 140 /C14 C and 150 /C14 C respec""}, {""quantity_type"": ""working_pressure"", ""symbol"": null, ""value"": ""13"", ""unit"": ""mTorr"", ""species"": null, ""reactant_role"": null, ""assertion_status"": ""direct"", ""scope"": ""paper"", ""source"": ""methods"", ""evid",[],paper,ambiguous,,,,13 mTorr (working_pressure); 20 mTorr (working_pressure),,,plasma exposure time,20 s plasma,10.1039_c7ra07722j::F5::a::20 s plasma
10.1039_c7ra07722j|8|6|a|<single>|primary,10.1039_c7ra07722j,8,6,a,<single>,primary,1,0,Binding energy,intensity,a.u.,experimental,unresolved,10.1039_c7ra07722j-F6a-20,6,6,"Fig. 6 XPS (a) C 1s, (b) Li 1s and (c) O 1s spectra for Li2CO3 grown by thermal ALD at 150 /C14 C. The measured spectra (black line) and /uniFB01 tted peaks (blue and red) are plotted together. The obtained Li2CO3 stoichiometry is 33.0 at% Li, 17.7 at% C and 49.3 at% O.","rther studied by ex situ XPS. No sputtering procedure was adopted, as it was found that the stoichiometry of the  lms changed due to interaction with Ar ions. Upon chemical decomposition during sputtering, Li2CO3 experiences a transition to Li2O (ESI † ). In Fig. 6, the XPS core level spectra of C ",sample surface,Table 1 Li2CO3 ALD process details collected from earlier publications; Table 2 Properties of /C24 50 nm /uniFB01 lms fabricated using the standard thermal ALD process at 150 /C14 C and plasma ALD pro,multi_output_measurement,corroborated,multi_signal(2 families),"['F', 'I', 'M', 'Me', 'T', 'X']","M: Fig. 6 XPS (a) C 1s, (b) Li 1s and (c) O 1s spectra for Li2CO3 grown by thermal ALD at 150 | M: ocess could be preferred. ## Crystallinity and morphology XRD was used to determine the crystallinity of the  lms deposited at di /uniFB00 e | X: x axis 'Binding energy' is a measurement coordinate, not a prepared condition","{""multi_output_measurement"": 3, ""continuous_trace"": 1, ""discrete_experimental_sweep"": 2}","{""axis_role_coordinate"": false, ""n_source_points"": 0, ""granularity"": ""unresolved""}","[{""quantity_type"": ""base_pressure"", ""symbol"": null, ""value"": ""6"", ""unit"": ""Torr"", ""species"": null, ""reactant_role"": null, ""assertion_status"": ""direct"", ""scope"": ""paper"", ""source"": ""methods"", ""evidence"": ""can reach a base pressure of &lt;10 /C0 6 Torr by overnight pumping. The pump unit as well as the inductively coupled plasma (ICP) source ar""}, {""quantity_type"": ""working_pressure"", ""symbol"": null, ""value"": ""20"", ""unit"": ""mTorr"", ""species"": null, ""reactant_role"": null, ""assertion_status"": ""direct"", ""scope"": ""paper"", ""source"": ""methods"", ""evidence"": ""or pod with Ar at a reactor pressure of 20 mTorr and the precursor and precursor supply line were heated to 140 /C14 C and 150 /C14 C respec""}, {""quantity_type"": ""working_pressure"", ""symbol"": null, ""value"": ""13"", ""unit"": ""mTorr"", ""species"": null, ""reactant_role"": null, ""assertion_status"": ""direct"", ""scope"": ""paper"", ""source"": ""methods"", ""evid",[],paper,ambiguous,,,,13 mTorr (working_pressure); 20 mTorr (working_pressure),,,component,<single>,10.1039_c7ra07722j::F6::a::<single>
10.1039_c7ra07722j|8|6|a|C-C / C-O / C=O|primary,10.1039_c7ra07722j,8,6,a,C-C / C-O / C=O,primary,1,12,Binding energy,intensity,a.u.,experimental,unresolved,10.1039_c7ra07722j-F6a-21,6,6,"Fig. 6 XPS (a) C 1s, (b) Li 1s and (c) O 1s spectra for Li2CO3 grown by thermal ALD at 150 /C14 C. The measured spectra (black line) and /uniFB01 tted peaks (blue and red) are plotted together. The obtained Li2CO3 stoichiometry is 33.0 at% Li, 17.7 at% C and 49.3 at% O.","rther studied by ex situ XPS. No sputtering procedure was adopted, as it was found that the stoichiometry of the  lms changed due to interaction with Ar ions. Upon chemical decomposition during sputtering, Li2CO3 experiences a transition to Li2O (ESI † ). In Fig. 6, the XPS core level spectra of C ",sample surface,Table 1 Li2CO3 ALD process details collected from earlier publications; Table 2 Properties of /C24 50 nm /uniFB01 lms fabricated using the standard thermal ALD process at 150 /C14 C and plasma ALD pro,multi_output_measurement,corroborated,multi_signal(2 families),"['F', 'I', 'M', 'Me', 'T', 'X']","M: Fig. 6 XPS (a) C 1s, (b) Li 1s and (c) O 1s spectra for Li2CO3 grown by thermal ALD at 150 | M: ocess could be preferred. ## Crystallinity and morphology XRD was used to determine the crystallinity of the  lms deposited at di /uniFB00 e | X: x axis 'Binding energy' is a measurement coordinate, not a prepared condition","{""multi_output_measurement"": 3, ""continuous_trace"": 1, ""discrete_experimental_sweep"": 2}","{""axis_role_coordinate"": false, ""n_source_points"": 12, ""granularity"": ""unresolved""}","[{""quantity_type"": ""base_pressure"", ""symbol"": null, ""value"": ""6"", ""unit"": ""Torr"", ""species"": null, ""reactant_role"": null, ""assertion_status"": ""direct"", ""scope"": ""paper"", ""source"": ""methods"", ""evidence"": ""can reach a base pressure of &lt;10 /C0 6 Torr by overnight pumping. The pump unit as well as the inductively coupled plasma (ICP) source ar""}, {""quantity_type"": ""working_pressure"", ""symbol"": null, ""value"": ""20"", ""unit"": ""mTorr"", ""species"": null, ""reactant_role"": null, ""assertion_status"": ""direct"", ""scope"": ""paper"", ""source"": ""methods"", ""evidence"": ""or pod with Ar at a reactor pressure of 20 mTorr and the precursor and precursor supply line were heated to 140 /C14 C and 150 /C14 C respec""}, {""quantity_type"": ""working_pressure"", ""symbol"": null, ""value"": ""13"", ""unit"": ""mTorr"", ""species"": null, ""reactant_role"": null, ""assertion_status"": ""direct"", ""scope"": ""paper"", ""source"": ""methods"", ""evid",[],paper,ambiguous,,,,13 mTorr (working_pressure); 20 mTorr (working_pressure),,,component,C-C / C-O / C=O,10.1039_c7ra07722j::F6::a::C-C / C-O / C=O
10.1039_c7ra07722j|8|6|b|<single>|primary,10.1039_c7ra07722j,8,6,b,<single>,primary,1,13,Binding energy,intensity,a.u.,experimental,unresolved,10.1039_c7ra07722j-F6b-22,6,6,"Fig. 6 XPS (a) C 1s, (b) Li 1s and (c) O 1s spectra for Li2CO3 grown by thermal ALD at 150 /C14 C. The measured spectra (black line) and /uniFB01 tted peaks (blue and red) are plotted together. The obtained Li2CO3 stoichiometry is 33.0 at% Li, 17.7 at% C and 49.3 at% O.","rther studied by ex situ XPS. No sputtering procedure was adopted, as it was found that the stoichiometry of the  lms changed due to interaction with Ar ions. Upon chemical decomposition during sputtering, Li2CO3 experiences a transition to Li2O (ESI † ). In Fig. 6, the XPS core level spectra of C ",sample surface,Table 1 Li2CO3 ALD process details collected from earlier publications; Table 2 Properties of /C24 50 nm /uniFB01 lms fabricated using the standard thermal ALD process at 150 /C14 C and plasma ALD pro,multi_output_measurement,corroborated,multi_signal(2 families),"['F', 'I', 'M', 'Me', 'T', 'X']","M: Fig. 6 XPS (a) C 1s, (b) Li 1s and (c) O 1s spectra for Li2CO3 grown by thermal ALD at 150 | M: ocess could be preferred. ## Crystallinity and morphology XRD was used to determine the crystallinity of the  lms deposited at di /uniFB00 e | X: x axis 'Binding energy' is a measurement coordinate, not a prepared condition","{""multi_output_measurement"": 3, ""continuous_trace"": 1, ""discrete_experimental_sweep"": 2}","{""axis_role_coordinate"": false, ""n_source_points"": 13, ""granularity"": ""unresolved""}","[{""quantity_type"": ""base_pressure"", ""symbol"": null, ""value"": ""6"", ""unit"": ""Torr"", ""species"": null, ""reactant_role"": null, ""assertion_status"": ""direct"", ""scope"": ""paper"", ""source"": ""methods"", ""evidence"": ""can reach a base pressure of &lt;10 /C0 6 Torr by overnight pumping. The pump unit as well as the inductively coupled plasma (ICP) source ar""}, {""quantity_type"": ""working_pressure"", ""symbol"": null, ""value"": ""20"", ""unit"": ""mTorr"", ""species"": null, ""reactant_role"": null, ""assertion_status"": ""direct"", ""scope"": ""paper"", ""source"": ""methods"", ""evidence"": ""or pod with Ar at a reactor pressure of 20 mTorr and the precursor and precursor supply line were heated to 140 /C14 C and 150 /C14 C respec""}, {""quantity_type"": ""working_pressure"", ""symbol"": null, ""value"": ""13"", ""unit"": ""mTorr"", ""species"": null, ""reactant_role"": null, ""assertion_status"": ""direct"", ""scope"": ""paper"", ""source"": ""methods"", ""evid",[],paper,ambiguous,,,,13 mTorr (working_pressure); 20 mTorr (working_pressure),,,component,<single>,10.1039_c7ra07722j::F6::b::<single>
10.1039_c7ra07722j|8|6|c|<single>|primary,10.1039_c7ra07722j,8,6,c,<single>,primary,1,12,Binding energy,intensity,a.u.,experimental,unresolved,10.1039_c7ra07722j-F6c-23,6,6,"Fig. 6 XPS (a) C 1s, (b) Li 1s and (c) O 1s spectra for Li2CO3 grown by thermal ALD at 150 /C14 C. The measured spectra (black line) and /uniFB01 tted peaks (blue and red) are plotted together. The obtained Li2CO3 stoichiometry is 33.0 at% Li, 17.7 at% C and 49.3 at% O.","rther studied by ex situ XPS. No sputtering procedure was adopted, as it was found that the stoichiometry of the  lms changed due to interaction with Ar ions. Upon chemical decomposition during sputtering, Li2CO3 experiences a transition to Li2O (ESI † ). In Fig. 6, the XPS core level spectra of C ",sample surface,Table 1 Li2CO3 ALD process details collected from earlier publications; Table 2 Properties of /C24 50 nm /uniFB01 lms fabricated using the standard thermal ALD process at 150 /C14 C and plasma ALD pro,multi_output_measurement,corroborated,multi_signal(2 families),"['F', 'I', 'M', 'Me', 'T', 'X']","M: Fig. 6 XPS (a) C 1s, (b) Li 1s and (c) O 1s spectra for Li2CO3 grown by thermal ALD at 150 | M: ocess could be preferred. ## Crystallinity and morphology XRD was used to determine the crystallinity of the  lms deposited at di /uniFB00 e | X: x axis 'Binding energy' is a measurement coordinate, not a prepared condition","{""multi_output_measurement"": 3, ""continuous_trace"": 1, ""discrete_experimental_sweep"": 2}","{""axis_role_coordinate"": false, ""n_source_points"": 12, ""granularity"": ""unresolved""}","[{""quantity_type"": ""base_pressure"", ""symbol"": null, ""value"": ""6"", ""unit"": ""Torr"", ""species"": null, ""reactant_role"": null, ""assertion_status"": ""direct"", ""scope"": ""paper"", ""source"": ""methods"", ""evidence"": ""can reach a base pressure of &lt;10 /C0 6 Torr by overnight pumping. The pump unit as well as the inductively coupled plasma (ICP) source ar""}, {""quantity_type"": ""working_pressure"", ""symbol"": null, ""value"": ""20"", ""unit"": ""mTorr"", ""species"": null, ""reactant_role"": null, ""assertion_status"": ""direct"", ""scope"": ""paper"", ""source"": ""methods"", ""evidence"": ""or pod with Ar at a reactor pressure of 20 mTorr and the precursor and precursor supply line were heated to 140 /C14 C and 150 /C14 C respec""}, {""quantity_type"": ""working_pressure"", ""symbol"": null, ""value"": ""13"", ""unit"": ""mTorr"", ""species"": null, ""reactant_role"": null, ""assertion_status"": ""direct"", ""scope"": ""paper"", ""source"": ""methods"", ""evid",[],paper,ambiguous,,,,13 mTorr (working_pressure); 20 mTorr (working_pressure),,,component,<single>,10.1039_c7ra07722j::F6::c::<single>
10.1039_c7ra07722j|9|7|a|Thermal 300 °C|primary,10.1039_c7ra07722j,9,7,a,Thermal 300 °C,primary,1,32,2-theta,intensity,a.u.,experimental,unresolved,10.1039_c7ra07722j-F7a-24,,6,Fig. 7 XRD gonio scans of /C24 50 nm thick Li2CO3 /uniFB01 lms grown on TiN using thermal (blue) and plasma (red) ALD at di /uniFB00 erent processing temperatures. The bars in the lower panel indicate the expected di /uniFB00 raction from a Li2CO3 powder sample. The re /uniFB02 ections at /C24 42.5 ,"oying also precursors or co-reactants which require higher deposition temperatures, the thermal process could be preferred.

## Crystallinity and morphology

XRD was used to determine the crystallinity of the  lms deposited at di /uniFB00 erent temperatures. Fig. 7 shows the X-ray diffractograms fo",,Table 1 Li2CO3 ALD process details collected from earlier publications; Table 2 Properties of /C24 50 nm /uniFB01 lms fabricated using the standard thermal ALD process at 150 /C14 C and plasma ALD pro,discrete_experimental_sweep,corroborated,multi_signal(2 families),"['F', 'M', 'Me', 'T', 'X']",Me: ickness values were con  rmed by high resolution SEM (Zeiss Sigma) operated at 2 kV acceleration voltage. The entire chem | X: series_axis 'process type and temperature' with numeric label 'Thermal 300 °C',"{""multi_output_measurement"": 2, ""continuous_trace"": 1, ""discrete_experimental_sweep"": 2}","{""axis_role_coordinate"": false, ""n_source_points"": 32, ""granularity"": ""unresolved""}","[{""quantity_type"": ""base_pressure"", ""symbol"": null, ""value"": ""6"", ""unit"": ""Torr"", ""species"": null, ""reactant_role"": null, ""assertion_status"": ""direct"", ""scope"": ""paper"", ""source"": ""methods"", ""evidence"": ""can reach a base pressure of &lt;10 /C0 6 Torr by overnight pumping. The pump unit as well as the inductively coupled plasma (ICP) source ar""}, {""quantity_type"": ""working_pressure"", ""symbol"": null, ""value"": ""20"", ""unit"": ""mTorr"", ""species"": null, ""reactant_role"": null, ""assertion_status"": ""direct"", ""scope"": ""paper"", ""source"": ""methods"", ""evidence"": ""or pod with Ar at a reactor pressure of 20 mTorr and the precursor and precursor supply line were heated to 140 /C14 C and 150 /C14 C respec""}, {""quantity_type"": ""working_pressure"", ""symbol"": null, ""value"": ""13"", ""unit"": ""mTorr"", ""species"": null, ""reactant_role"": null, ""assertion_status"": ""direct"", ""scope"": ""paper"", ""source"": ""methods"", ""evid",[],paper,ambiguous,,,,13 mTorr (working_pressure); 20 mTorr (working_pressure),,,process type and temperature,Thermal 300 °C,10.1039_c7ra07722j::F7::a::Thermal 300 °C
10.1039_c7ra07722j|9|7|a|Thermal 150 °C|primary,10.1039_c7ra07722j,9,7,a,Thermal 150 °C,primary,1,32,2-theta,intensity,a.u.,experimental,unresolved,10.1039_c7ra07722j-F7a-25,,6,Fig. 7 XRD gonio scans of /C24 50 nm thick Li2CO3 /uniFB01 lms grown on TiN using thermal (blue) and plasma (red) ALD at di /uniFB00 erent processing temperatures. The bars in the lower panel indicate the expected di /uniFB00 raction from a Li2CO3 powder sample. The re /uniFB02 ections at /C24 42.5 ,"oying also precursors or co-reactants which require higher deposition temperatures, the thermal process could be preferred.

## Crystallinity and morphology

XRD was used to determine the crystallinity of the  lms deposited at di /uniFB00 erent temperatures. Fig. 7 shows the X-ray diffractograms fo",,Table 1 Li2CO3 ALD process details collected from earlier publications; Table 2 Properties of /C24 50 nm /uniFB01 lms fabricated using the standard thermal ALD process at 150 /C14 C and plasma ALD pro,discrete_experimental_sweep,corroborated,multi_signal(2 families),"['F', 'M', 'Me', 'T', 'X']",Me: ickness values were con  rmed by high resolution SEM (Zeiss Sigma) operated at 2 kV acceleration voltage. The entire chem | X: series_axis 'process type and temperature' with numeric label 'Thermal 150 °C',"{""multi_output_measurement"": 2, ""continuous_trace"": 1, ""discrete_experimental_sweep"": 2}","{""axis_role_coordinate"": false, ""n_source_points"": 32, ""granularity"": ""unresolved""}","[{""quantity_type"": ""base_pressure"", ""symbol"": null, ""value"": ""6"", ""unit"": ""Torr"", ""species"": null, ""reactant_role"": null, ""assertion_status"": ""direct"", ""scope"": ""paper"", ""source"": ""methods"", ""evidence"": ""can reach a base pressure of &lt;10 /C0 6 Torr by overnight pumping. The pump unit as well as the inductively coupled plasma (ICP) source ar""}, {""quantity_type"": ""working_pressure"", ""symbol"": null, ""value"": ""20"", ""unit"": ""mTorr"", ""species"": null, ""reactant_role"": null, ""assertion_status"": ""direct"", ""scope"": ""paper"", ""source"": ""methods"", ""evidence"": ""or pod with Ar at a reactor pressure of 20 mTorr and the precursor and precursor supply line were heated to 140 /C14 C and 150 /C14 C respec""}, {""quantity_type"": ""working_pressure"", ""symbol"": null, ""value"": ""13"", ""unit"": ""mTorr"", ""species"": null, ""reactant_role"": null, ""assertion_status"": ""direct"", ""scope"": ""paper"", ""source"": ""methods"", ""evid",[],paper,ambiguous,,,,13 mTorr (working_pressure); 20 mTorr (working_pressure),,,process type and temperature,Thermal 150 °C,10.1039_c7ra07722j::F7::a::Thermal 150 °C
10.1039_c7ra07722j|9|7|a|Thermal 100 °C|primary,10.1039_c7ra07722j,9,7,a,Thermal 100 °C,primary,1,32,2-theta,intensity,a.u.,experimental,unresolved,10.1039_c7ra07722j-F7a-26,,6,Fig. 7 XRD gonio scans of /C24 50 nm thick Li2CO3 /uniFB01 lms grown on TiN using thermal (blue) and plasma (red) ALD at di /uniFB00 erent processing temperatures. The bars in the lower panel indicate the expected di /uniFB00 raction from a Li2CO3 powder sample. The re /uniFB02 ections at /C24 42.5 ,"oying also precursors or co-reactants which require higher deposition temperatures, the thermal process could be preferred.

## Crystallinity and morphology

XRD was used to determine the crystallinity of the  lms deposited at di /uniFB00 erent temperatures. Fig. 7 shows the X-ray diffractograms fo",,Table 1 Li2CO3 ALD process details collected from earlier publications; Table 2 Properties of /C24 50 nm /uniFB01 lms fabricated using the standard thermal ALD process at 150 /C14 C and plasma ALD pro,discrete_experimental_sweep,corroborated,multi_signal(2 families),"['F', 'M', 'Me', 'T', 'X']",Me: ickness values were con  rmed by high resolution SEM (Zeiss Sigma) operated at 2 kV acceleration voltage. The entire chem | X: series_axis 'process type and temperature' with numeric label 'Thermal 100 °C',"{""multi_output_measurement"": 2, ""continuous_trace"": 1, ""discrete_experimental_sweep"": 2}","{""axis_role_coordinate"": false, ""n_source_points"": 32, ""granularity"": ""unresolved""}","[{""quantity_type"": ""base_pressure"", ""symbol"": null, ""value"": ""6"", ""unit"": ""Torr"", ""species"": null, ""reactant_role"": null, ""assertion_status"": ""direct"", ""scope"": ""paper"", ""source"": ""methods"", ""evidence"": ""can reach a base pressure of &lt;10 /C0 6 Torr by overnight pumping. The pump unit as well as the inductively coupled plasma (ICP) source ar""}, {""quantity_type"": ""working_pressure"", ""symbol"": null, ""value"": ""20"", ""unit"": ""mTorr"", ""species"": null, ""reactant_role"": null, ""assertion_status"": ""direct"", ""scope"": ""paper"", ""source"": ""methods"", ""evidence"": ""or pod with Ar at a reactor pressure of 20 mTorr and the precursor and precursor supply line were heated to 140 /C14 C and 150 /C14 C respec""}, {""quantity_type"": ""working_pressure"", ""symbol"": null, ""value"": ""13"", ""unit"": ""mTorr"", ""species"": null, ""reactant_role"": null, ""assertion_status"": ""direct"", ""scope"": ""paper"", ""source"": ""methods"", ""evid",[],paper,ambiguous,,,,13 mTorr (working_pressure); 20 mTorr (working_pressure),,,process type and temperature,Thermal 100 °C,10.1039_c7ra07722j::F7::a::Thermal 100 °C
10.1039_c7ra07722j|9|7|a|Plasma 250 °C|primary,10.1039_c7ra07722j,9,7,a,Plasma 250 °C,primary,1,30,2-theta,intensity,a.u.,experimental,unresolved,10.1039_c7ra07722j-F7a-27,,6,Fig. 7 XRD gonio scans of /C24 50 nm thick Li2CO3 /uniFB01 lms grown on TiN using thermal (blue) and plasma (red) ALD at di /uniFB00 erent processing temperatures. The bars in the lower panel indicate the expected di /uniFB00 raction from a Li2CO3 powder sample. The re /uniFB02 ections at /C24 42.5 ,"oying also precursors or co-reactants which require higher deposition temperatures, the thermal process could be preferred.

## Crystallinity and morphology

XRD was used to determine the crystallinity of the  lms deposited at di /uniFB00 erent temperatures. Fig. 7 shows the X-ray diffractograms fo",,Table 1 Li2CO3 ALD process details collected from earlier publications; Table 2 Properties of /C24 50 nm /uniFB01 lms fabricated using the standard thermal ALD process at 150 /C14 C and plasma ALD pro,discrete_experimental_sweep,corroborated,multi_signal(2 families),"['F', 'M', 'Me', 'T', 'X']",Me: ickness values were con  rmed by high resolution SEM (Zeiss Sigma) operated at 2 kV acceleration voltage. The entire chem | X: series_axis 'process type and temperature' with numeric label 'Plasma 250 °C',"{""multi_output_measurement"": 2, ""continuous_trace"": 1, ""discrete_experimental_sweep"": 2}","{""axis_role_coordinate"": false, ""n_source_points"": 30, ""granularity"": ""unresolved""}","[{""quantity_type"": ""base_pressure"", ""symbol"": null, ""value"": ""6"", ""unit"": ""Torr"", ""species"": null, ""reactant_role"": null, ""assertion_status"": ""direct"", ""scope"": ""paper"", ""source"": ""methods"", ""evidence"": ""can reach a base pressure of &lt;10 /C0 6 Torr by overnight pumping. The pump unit as well as the inductively coupled plasma (ICP) source ar""}, {""quantity_type"": ""working_pressure"", ""symbol"": null, ""value"": ""20"", ""unit"": ""mTorr"", ""species"": null, ""reactant_role"": null, ""assertion_status"": ""direct"", ""scope"": ""paper"", ""source"": ""methods"", ""evidence"": ""or pod with Ar at a reactor pressure of 20 mTorr and the precursor and precursor supply line were heated to 140 /C14 C and 150 /C14 C respec""}, {""quantity_type"": ""working_pressure"", ""symbol"": null, ""value"": ""13"", ""unit"": ""mTorr"", ""species"": null, ""reactant_role"": null, ""assertion_status"": ""direct"", ""scope"": ""paper"", ""source"": ""methods"", ""evid",[],paper,ambiguous,,,,13 mTorr (working_pressure); 20 mTorr (working_pressure),,,process type and temperature,Plasma 250 °C,10.1039_c7ra07722j::F7::a::Plasma 250 °C
10.1039_c7ra07722j|9|7|a|Plasma 150 °C|primary,10.1039_c7ra07722j,9,7,a,Plasma 150 °C,primary,1,30,2-theta,intensity,a.u.,experimental,unresolved,10.1039_c7ra07722j-F7a-28,,6,Fig. 7 XRD gonio scans of /C24 50 nm thick Li2CO3 /uniFB01 lms grown on TiN using thermal (blue) and plasma (red) ALD at di /uniFB00 erent processing temperatures. The bars in the lower panel indicate the expected di /uniFB00 raction from a Li2CO3 powder sample. The re /uniFB02 ections at /C24 42.5 ,"oying also precursors or co-reactants which require higher deposition temperatures, the thermal process could be preferred.

## Crystallinity and morphology

XRD was used to determine the crystallinity of the  lms deposited at di /uniFB00 erent temperatures. Fig. 7 shows the X-ray diffractograms fo",,Table 1 Li2CO3 ALD process details collected from earlier publications; Table 2 Properties of /C24 50 nm /uniFB01 lms fabricated using the standard thermal ALD process at 150 /C14 C and plasma ALD pro,discrete_experimental_sweep,corroborated,multi_signal(2 families),"['F', 'M', 'Me', 'T', 'X']",Me: ickness values were con  rmed by high resolution SEM (Zeiss Sigma) operated at 2 kV acceleration voltage. The entire chem | X: series_axis 'process type and temperature' with numeric label 'Plasma 150 °C',"{""multi_output_measurement"": 2, ""continuous_trace"": 1, ""discrete_experimental_sweep"": 2}","{""axis_role_coordinate"": false, ""n_source_points"": 30, ""granularity"": ""unresolved""}","[{""quantity_type"": ""base_pressure"", ""symbol"": null, ""value"": ""6"", ""unit"": ""Torr"", ""species"": null, ""reactant_role"": null, ""assertion_status"": ""direct"", ""scope"": ""paper"", ""source"": ""methods"", ""evidence"": ""can reach a base pressure of &lt;10 /C0 6 Torr by overnight pumping. The pump unit as well as the inductively coupled plasma (ICP) source ar""}, {""quantity_type"": ""working_pressure"", ""symbol"": null, ""value"": ""20"", ""unit"": ""mTorr"", ""species"": null, ""reactant_role"": null, ""assertion_status"": ""direct"", ""scope"": ""paper"", ""source"": ""methods"", ""evidence"": ""or pod with Ar at a reactor pressure of 20 mTorr and the precursor and precursor supply line were heated to 140 /C14 C and 150 /C14 C respec""}, {""quantity_type"": ""working_pressure"", ""symbol"": null, ""value"": ""13"", ""unit"": ""mTorr"", ""species"": null, ""reactant_role"": null, ""assertion_status"": ""direct"", ""scope"": ""paper"", ""source"": ""methods"", ""evid",[],paper,ambiguous,,,,13 mTorr (working_pressure); 20 mTorr (working_pressure),,,process type and temperature,Plasma 150 °C,10.1039_c7ra07722j::F7::a::Plasma 150 °C
10.1039_c7ra07722j|9|7|a|Plasma 50 °C|primary,10.1039_c7ra07722j,9,7,a,Plasma 50 °C,primary,1,32,2-theta,intensity,a.u.,experimental,unresolved,10.1039_c7ra07722j-F7a-29,,6,Fig. 7 XRD gonio scans of /C24 50 nm thick Li2CO3 /uniFB01 lms grown on TiN using thermal (blue) and plasma (red) ALD at di /uniFB00 erent processing temperatures. The bars in the lower panel indicate the expected di /uniFB00 raction from a Li2CO3 powder sample. The re /uniFB02 ections at /C24 42.5 ,"oying also precursors or co-reactants which require higher deposition temperatures, the thermal process could be preferred.

## Crystallinity and morphology

XRD was used to determine the crystallinity of the  lms deposited at di /uniFB00 erent temperatures. Fig. 7 shows the X-ray diffractograms fo",,Table 1 Li2CO3 ALD process details collected from earlier publications; Table 2 Properties of /C24 50 nm /uniFB01 lms fabricated using the standard thermal ALD process at 150 /C14 C and plasma ALD pro,discrete_experimental_sweep,corroborated,multi_signal(2 families),"['F', 'M', 'Me', 'T', 'X']",Me: ickness values were con  rmed by high resolution SEM (Zeiss Sigma) operated at 2 kV acceleration voltage. The entire chem | X: series_axis 'process type and temperature' with numeric label 'Plasma 50 °C',"{""multi_output_measurement"": 2, ""continuous_trace"": 1, ""discrete_experimental_sweep"": 2}","{""axis_role_coordinate"": false, ""n_source_points"": 32, ""granularity"": ""unresolved""}","[{""quantity_type"": ""base_pressure"", ""symbol"": null, ""value"": ""6"", ""unit"": ""Torr"", ""species"": null, ""reactant_role"": null, ""assertion_status"": ""direct"", ""scope"": ""paper"", ""source"": ""methods"", ""evidence"": ""can reach a base pressure of &lt;10 /C0 6 Torr by overnight pumping. The pump unit as well as the inductively coupled plasma (ICP) source ar""}, {""quantity_type"": ""working_pressure"", ""symbol"": null, ""value"": ""20"", ""unit"": ""mTorr"", ""species"": null, ""reactant_role"": null, ""assertion_status"": ""direct"", ""scope"": ""paper"", ""source"": ""methods"", ""evidence"": ""or pod with Ar at a reactor pressure of 20 mTorr and the precursor and precursor supply line were heated to 140 /C14 C and 150 /C14 C respec""}, {""quantity_type"": ""working_pressure"", ""symbol"": null, ""value"": ""13"", ""unit"": ""mTorr"", ""species"": null, ""reactant_role"": null, ""assertion_status"": ""direct"", ""scope"": ""paper"", ""source"": ""methods"", ""evid",[],paper,ambiguous,,,,13 mTorr (working_pressure); 20 mTorr (working_pressure),,,process type and temperature,Plasma 50 °C,10.1039_c7ra07722j::F7::a::Plasma 50 °C
10.1039_c7ra07722j|12|10|a|Plasma|primary,10.1039_c7ra07722j,12,10,a,Plasma,primary,1,29,Z_Re,Z_Im,kΩ,experimental,unresolved,10.1039_c7ra07722j-F10a-30,8,8,Fig. 10 (a) Impedance spectroscopy of 50 nm Li2CO3 /uniFB01 lms prepared by thermal (blue) and plasma-assisted (red) ALD at 150 /C14 C and (b) equivalent circuit models used to /uniFB01 t the data.,ductivity of plasma and thermal ALD Li2CO3 layers was investigated using impedance spectroscopy. The measurements were performed at open circuit potential (OCP) on 50 nm Li2CO3  lms deposited at 150 /C14 C on a TiN current collector. The results are shown in Fig. 10a on a complex plane plot. Both t,,Table 1 Li2CO3 ALD process details collected from earlier publications; Table 2 Properties of /C24 50 nm /uniFB01 lms fabricated using the standard thermal ALD process at 150 /C14 C and plasma ALD pro,continuous_trace,corroborated,multi_signal(2 families),"['F', 'M', 'Me', 'T', 'X']","M: Fig. 10 (a) Impedance spectroscopy of 50 nm Li2CO3 /uniFB01 lms prepared by thermal (blue) and plasma | Me: thickness and dielectric function were monitored in situ by spectroscopic ellipsometry (SE) with a J.A. Woollam, Inc. M2000U (","{""continuous_trace"": 2, ""discrete_experimental_sweep"": 1}","{""axis_role_coordinate"": false, ""n_source_points"": 29, ""granularity"": ""unresolved""}","[{""quantity_type"": ""base_pressure"", ""symbol"": null, ""value"": ""6"", ""unit"": ""Torr"", ""species"": null, ""reactant_role"": null, ""assertion_status"": ""direct"", ""scope"": ""paper"", ""source"": ""methods"", ""evidence"": ""can reach a base pressure of &lt;10 /C0 6 Torr by overnight pumping. The pump unit as well as the inductively coupled plasma (ICP) source ar""}, {""quantity_type"": ""working_pressure"", ""symbol"": null, ""value"": ""20"", ""unit"": ""mTorr"", ""species"": null, ""reactant_role"": null, ""assertion_status"": ""direct"", ""scope"": ""paper"", ""source"": ""methods"", ""evidence"": ""or pod with Ar at a reactor pressure of 20 mTorr and the precursor and precursor supply line were heated to 140 /C14 C and 150 /C14 C respec""}, {""quantity_type"": ""working_pressure"", ""symbol"": null, ""value"": ""13"", ""unit"": ""mTorr"", ""species"": null, ""reactant_role"": null, ""assertion_status"": ""direct"", ""scope"": ""paper"", ""source"": ""methods"", ""evid",[],paper,ambiguous,,,,13 mTorr (working_pressure); 20 mTorr (working_pressure),,,ALD mode,Plasma,10.1039_c7ra07722j::F10::a::Plasma
10.1039_c7ra07722j|12|10|a|Thermal|primary,10.1039_c7ra07722j,12,10,a,Thermal,primary,1,34,Z_Re,Z_Im,kΩ,experimental,unresolved,10.1039_c7ra07722j-F10a-31,8,8,Fig. 10 (a) Impedance spectroscopy of 50 nm Li2CO3 /uniFB01 lms prepared by thermal (blue) and plasma-assisted (red) ALD at 150 /C14 C and (b) equivalent circuit models used to /uniFB01 t the data.,ductivity of plasma and thermal ALD Li2CO3 layers was investigated using impedance spectroscopy. The measurements were performed at open circuit potential (OCP) on 50 nm Li2CO3  lms deposited at 150 /C14 C on a TiN current collector. The results are shown in Fig. 10a on a complex plane plot. Both t,,Table 1 Li2CO3 ALD process details collected from earlier publications; Table 2 Properties of /C24 50 nm /uniFB01 lms fabricated using the standard thermal ALD process at 150 /C14 C and plasma ALD pro,continuous_trace,corroborated,multi_signal(2 families),"['F', 'M', 'Me', 'T', 'X']","M: Fig. 10 (a) Impedance spectroscopy of 50 nm Li2CO3 /uniFB01 lms prepared by thermal (blue) and plasma | Me: thickness and dielectric function were monitored in situ by spectroscopic ellipsometry (SE) with a J.A. Woollam, Inc. M2000U (","{""continuous_trace"": 2, ""discrete_experimental_sweep"": 1}","{""axis_role_coordinate"": false, ""n_source_points"": 34, ""granularity"": ""unresolved""}","[{""quantity_type"": ""base_pressure"", ""symbol"": null, ""value"": ""6"", ""unit"": ""Torr"", ""species"": null, ""reactant_role"": null, ""assertion_status"": ""direct"", ""scope"": ""paper"", ""source"": ""methods"", ""evidence"": ""can reach a base pressure of &lt;10 /C0 6 Torr by overnight pumping. The pump unit as well as the inductively coupled plasma (ICP) source ar""}, {""quantity_type"": ""working_pressure"", ""symbol"": null, ""value"": ""20"", ""unit"": ""mTorr"", ""species"": null, ""reactant_role"": null, ""assertion_status"": ""direct"", ""scope"": ""paper"", ""source"": ""methods"", ""evidence"": ""or pod with Ar at a reactor pressure of 20 mTorr and the precursor and precursor supply line were heated to 140 /C14 C and 150 /C14 C respec""}, {""quantity_type"": ""working_pressure"", ""symbol"": null, ""value"": ""13"", ""unit"": ""mTorr"", ""species"": null, ""reactant_role"": null, ""assertion_status"": ""direct"", ""scope"": ""paper"", ""source"": ""methods"", ""evid",[],paper,ambiguous,,,,13 mTorr (working_pressure); 20 mTorr (working_pressure),,,ALD mode,Thermal,10.1039_c7ra07722j::F10::a::Thermal
10.1039_c7ra07722j|12|10|a|Plasma fit|primary,10.1039_c7ra07722j,12,10,a,Plasma fit,primary,1,23,Z_Re,Z_Im,kΩ,experimental,unresolved,10.1039_c7ra07722j-F10a-32,8,8,Fig. 10 (a) Impedance spectroscopy of 50 nm Li2CO3 /uniFB01 lms prepared by thermal (blue) and plasma-assisted (red) ALD at 150 /C14 C and (b) equivalent circuit models used to /uniFB01 t the data.,ductivity of plasma and thermal ALD Li2CO3 layers was investigated using impedance spectroscopy. The measurements were performed at open circuit potential (OCP) on 50 nm Li2CO3  lms deposited at 150 /C14 C on a TiN current collector. The results are shown in Fig. 10a on a complex plane plot. Both t,,Table 1 Li2CO3 ALD process details collected from earlier publications; Table 2 Properties of /C24 50 nm /uniFB01 lms fabricated using the standard thermal ALD process at 150 /C14 C and plasma ALD pro,fit,single_definitional_signal,provenance_gate(1 families),"['F', 'L', 'M', 'Me', 'T', 'X']",L: series label 'Plasma fit',"{""fit"": 1}","{""axis_role_coordinate"": false, ""n_source_points"": 23, ""granularity"": ""unresolved""}","[{""quantity_type"": ""base_pressure"", ""symbol"": null, ""value"": ""6"", ""unit"": ""Torr"", ""species"": null, ""reactant_role"": null, ""assertion_status"": ""direct"", ""scope"": ""paper"", ""source"": ""methods"", ""evidence"": ""can reach a base pressure of &lt;10 /C0 6 Torr by overnight pumping. The pump unit as well as the inductively coupled plasma (ICP) source ar""}, {""quantity_type"": ""working_pressure"", ""symbol"": null, ""value"": ""20"", ""unit"": ""mTorr"", ""species"": null, ""reactant_role"": null, ""assertion_status"": ""direct"", ""scope"": ""paper"", ""source"": ""methods"", ""evidence"": ""or pod with Ar at a reactor pressure of 20 mTorr and the precursor and precursor supply line were heated to 140 /C14 C and 150 /C14 C respec""}, {""quantity_type"": ""working_pressure"", ""symbol"": null, ""value"": ""13"", ""unit"": ""mTorr"", ""species"": null, ""reactant_role"": null, ""assertion_status"": ""direct"", ""scope"": ""paper"", ""source"": ""methods"", ""evid",[],paper,ambiguous,,,,13 mTorr (working_pressure); 20 mTorr (working_pressure),,,ALD mode,Plasma fit,10.1039_c7ra07722j::F10::a::Plasma fit
10.1039_c7ra07722j|12|10|a|Thermal fit|primary,10.1039_c7ra07722j,12,10,a,Thermal fit,primary,1,36,Z_Re,Z_Im,kΩ,experimental,unresolved,10.1039_c7ra07722j-F10a-33,8,8,Fig. 10 (a) Impedance spectroscopy of 50 nm Li2CO3 /uniFB01 lms prepared by thermal (blue) and plasma-assisted (red) ALD at 150 /C14 C and (b) equivalent circuit models used to /uniFB01 t the data.,ductivity of plasma and thermal ALD Li2CO3 layers was investigated using impedance spectroscopy. The measurements were performed at open circuit potential (OCP) on 50 nm Li2CO3  lms deposited at 150 /C14 C on a TiN current collector. The results are shown in Fig. 10a on a complex plane plot. Both t,,Table 1 Li2CO3 ALD process details collected from earlier publications; Table 2 Properties of /C24 50 nm /uniFB01 lms fabricated using the standard thermal ALD process at 150 /C14 C and plasma ALD pro,fit,single_definitional_signal,provenance_gate(1 families),"['F', 'L', 'M', 'Me', 'T', 'X']",L: series label 'Thermal fit',"{""fit"": 1}","{""axis_role_coordinate"": false, ""n_source_points"": 36, ""granularity"": ""unresolved""}","[{""quantity_type"": ""base_pressure"", ""symbol"": null, ""value"": ""6"", ""unit"": ""Torr"", ""species"": null, ""reactant_role"": null, ""assertion_status"": ""direct"", ""scope"": ""paper"", ""source"": ""methods"", ""evidence"": ""can reach a base pressure of &lt;10 /C0 6 Torr by overnight pumping. The pump unit as well as the inductively coupled plasma (ICP) source ar""}, {""quantity_type"": ""working_pressure"", ""symbol"": null, ""value"": ""20"", ""unit"": ""mTorr"", ""species"": null, ""reactant_role"": null, ""assertion_status"": ""direct"", ""scope"": ""paper"", ""source"": ""methods"", ""evidence"": ""or pod with Ar at a reactor pressure of 20 mTorr and the precursor and precursor supply line were heated to 140 /C14 C and 150 /C14 C respec""}, {""quantity_type"": ""working_pressure"", ""symbol"": null, ""value"": ""13"", ""unit"": ""mTorr"", ""species"": null, ""reactant_role"": null, ""assertion_status"": ""direct"", ""scope"": ""paper"", ""source"": ""methods"", ""evid",[],paper,ambiguous,,,,13 mTorr (working_pressure); 20 mTorr (working_pressure),,,ALD mode,Thermal fit,10.1039_c7ra07722j::F10::a::Thermal fit
10.1039_d0cp03358h|6|2|a|<single>|as_measured,10.1039_d0cp03358h,6,2,a,<single>,as_measured,1,30,spatial_coordinate,film_thickness,nm,experimental,profile,10.1039_d0cp03358h-F2a-0,3,,"Fig. 2 Summary of the proposed saturation profile classification: (a) as-measured saturation profile, (b) scaled saturation profile, (c) Type 1 normalized saturation profile ( x ˜ = x / H ), and (d) Type 2 normalized saturation profile ( x = x / L ).","k.

## B. Saturation profile terminology

This section develops and discusses terminology related to saturation profiles before entering into experimental details.

First, we propose a general classification of saturation profile types in LHAR features, as in Fig. 2. Examples are provided where thes",,,experimental_profile,corroborated,coordinate_axis_gate(2 families),"['F', 'Me']",X: x axis 'spatial_coordinate' is a spatial coordinate; the curve is one specimen's profile | Me: on. Scanning or transmission electron microscopy (SEM or TEM) images acquired after careful specimen preparation allow the,"{""discrete_experimental_sweep"": 1, ""experimental_profile"": 1}","{""axis_role_coordinate"": true, ""n_source_points"": 30, ""granularity"": ""profile""}",[],[],,,,,,,,,,,10.1039_d0cp03358h::F2::a::<single>
10.1039_d0cp03358h|6|2|b|<single>|scaled,10.1039_d0cp03358h,6,2,b,<single>,scaled,1,30,spatial_coordinate,growth_per_cycle,nm/cycle,experimental,profile,10.1039_d0cp03358h-F2b-1,3,,"Fig. 2 Summary of the proposed saturation profile classification: (a) as-measured saturation profile, (b) scaled saturation profile, (c) Type 1 normalized saturation profile ( x ˜ = x / H ), and (d) Type 2 normalized saturation profile ( x = x / L ).","k.

## B. Saturation profile terminology

This section develops and discusses terminology related to saturation profiles before entering into experimental details.

First, we propose a general classification of saturation profile types in LHAR features, as in Fig. 2. Examples are provided where thes",,,experimental_profile,corroborated,coordinate_axis_gate(2 families),"['F', 'Me']",X: x axis 'spatial_coordinate' is a spatial coordinate; the curve is one specimen's profile | Me: on. Scanning or transmission electron microscopy (SEM or TEM) images acquired after careful specimen preparation allow the,"{""discrete_experimental_sweep"": 1, ""experimental_profile"": 1}","{""axis_role_coordinate"": true, ""n_source_points"": 30, ""granularity"": ""profile""}",[],[],,,,,,,,,,,10.1039_d0cp03358h::F2::b::<single>
10.1039_d0cp03358h|6|2|c|<single>|normalized,10.1039_d0cp03358h,6,2,c,<single>,normalized,1,30,spatial_coordinate,normalized_thickness,,experimental,profile,10.1039_d0cp03358h-F2c-2,3,,"Fig. 2 Summary of the proposed saturation profile classification: (a) as-measured saturation profile, (b) scaled saturation profile, (c) Type 1 normalized saturation profile ( x ˜ = x / H ), and (d) Type 2 normalized saturation profile ( x = x / L ).","k.

## B. Saturation profile terminology

This section develops and discusses terminology related to saturation profiles before entering into experimental details.

First, we propose a general classification of saturation profile types in LHAR features, as in Fig. 2. Examples are provided where thes",,,experimental_profile,corroborated,coordinate_axis_gate(2 families),"['F', 'Me']",X: x axis 'spatial_coordinate' is a spatial coordinate; the curve is one specimen's profile | Me: on. Scanning or transmission electron microscopy (SEM or TEM) images acquired after careful specimen preparation allow the,"{""discrete_experimental_sweep"": 1, ""experimental_profile"": 1}","{""axis_role_coordinate"": true, ""n_source_points"": 30, ""granularity"": ""profile""}",[],[],,,,,,,,,,,10.1039_d0cp03358h::F2::c::<single>
10.1039_d0cp03358h|6|2|d|<single>|normalized,10.1039_d0cp03358h,6,2,d,<single>,normalized,1,27,spatial_coordinate,normalized_thickness,,experimental,profile,10.1039_d0cp03358h-F2d-3,3,,"Fig. 2 Summary of the proposed saturation profile classification: (a) as-measured saturation profile, (b) scaled saturation profile, (c) Type 1 normalized saturation profile ( x ˜ = x / H ), and (d) Type 2 normalized saturation profile ( x = x / L ).","k.

## B. Saturation profile terminology

This section develops and discusses terminology related to saturation profiles before entering into experimental details.

First, we propose a general classification of saturation profile types in LHAR features, as in Fig. 2. Examples are provided where thes",,,experimental_profile,corroborated,coordinate_axis_gate(2 families),"['F', 'Me']",X: x axis 'spatial_coordinate' is a spatial coordinate; the curve is one specimen's profile | Me: on. Scanning or transmission electron microscopy (SEM or TEM) images acquired after careful specimen preparation allow the,"{""discrete_experimental_sweep"": 1, ""experimental_profile"": 1}","{""axis_role_coordinate"": true, ""n_source_points"": 27, ""granularity"": ""profile""}",[],[],,,,,,,,,,,10.1039_d0cp03358h::F2::d::<single>
10.1039_d0cp03358h|7|3|a|simulated profile|scaled,10.1039_d0cp03358h,7,3,a,simulated profile,scaled,1,29,spatial_coordinate,growth_per_cycle,,model,profile,10.1039_d0cp03358h-F3a-4,3,3,"Fig. 3 Saturation profile region classification and terminology, as used in this work for (a) the ideal simulated scaled saturation profile and (b) the experimental scaled saturation profile (experimental data for Al2O3 ALD). Region I is located outside the LHAR channel. Region II begins at zero, at"," x ( x = x / L ). 32 Yanguas-Gil et al. 32,58 have used the Type 2 normalized saturation profile to develop criteria comparing diffusion-limited and reaction-limited ALD growth.

Second, we divide the saturation profile into four characteristic regions, as in Fig. 3a. The regions are developed to di",,,simulation,corroborated,provenance_gate(3 families),"['F', 'L', 'Me']","L: series label 'simulated profile' | F: panel/figure source flag = simulated | F: pipeline relevance=model | R: ion profile region classification and terminology, as used in this work for (a) the ideal simulated scaled saturation profile and (b) the experimental scaled s","{""simulation"": 4}","{""axis_role_coordinate"": true, ""n_source_points"": 29, ""granularity"": ""profile""}",[],[],,,,,,,,,,,10.1039_d0cp03358h::F3::a::simulated profile
10.1039_d0cp03358h|7|3|b|experimental profile|scaled,10.1039_d0cp03358h,7,3,b,experimental profile,scaled,1,44,spatial_coordinate,growth_per_cycle,,experimental,profile,10.1039_d0cp03358h-F3b-5,3,3,"Fig. 3 Saturation profile region classification and terminology, as used in this work for (a) the ideal simulated scaled saturation profile and (b) the experimental scaled saturation profile (experimental data for Al2O3 ALD). Region I is located outside the LHAR channel. Region II begins at zero, at"," x ( x = x / L ). 32 Yanguas-Gil et al. 32,58 have used the Type 2 normalized saturation profile to develop criteria comparing diffusion-limited and reaction-limited ALD growth.

Second, we divide the saturation profile into four characteristic regions, as in Fig. 3a. The regions are developed to di",,,simulation,single_definitional_signal,provenance_gate(1 families),"['F', 'Me']","R: ion profile region classification and terminology, as used in this work for (a) the ideal simulated scaled saturation profile and (b) the experimental scaled s","{""simulation"": 1}","{""axis_role_coordinate"": true, ""n_source_points"": 44, ""granularity"": ""profile""}",[],[],,,,,,,,,,,10.1039_d0cp03358h::F3::b::experimental profile
10.1039_d0cp03358h|10|5|b|Si|primary,10.1039_d0cp03358h,10,5,b,Si,primary,1,51,spatial_coordinate,intensity,a.u.,experimental,profile,10.1039_d0cp03358h-F5b-6,6,6,"Fig. 5 (a) SEM image of sample 11 surface (top view) with an overlayer of corresponding Al-K a X-ray count map in red. 1000 growth cycles were used on the LHAR channels with a design height of 500 nm (sample details are reported in Table 1). (b) SEM-EDS line scans of elemental profiles for Al, Si, a","n the target. Fig. S4 (ESI † ) shows the saturation profiles for different pillar layout designs. For layouts v1a and v1b, saturation profiles overlapped. Similar to the previous microscopy results, a lower penetration depth was also observed for layout v2a.

Fig. 5a presents an SEM image of the Al2",sample 11 surface,,experimental_profile,corroborated,coordinate_axis_gate(5 families),"['F', 'I', 'M', 'Me', 'R', 'X']",X: x axis 'spatial_coordinate' is a spatial coordinate; the curve is one specimen's profile | M: Fig. 5 (a) SEM image of sample 11 surface (top view) with an overlayer of corresponding Al-K a | Me: on. Scanning or transmission electron microscopy (SEM or TEM) images acquired after careful specimen preparation allow the | R: sample 11 in Table,"{""discrete_experimental_sweep"": 4, ""experimental_profile"": 1}","{""axis_role_coordinate"": true, ""n_source_points"": 51, ""granularity"": ""profile""}",[],[],,,,,,,,,element,Si,10.1039_d0cp03358h::F5::b::Si
10.1039_d0cp03358h|10|5|b|O|primary,10.1039_d0cp03358h,10,5,b,O,primary,1,51,spatial_coordinate,intensity,a.u.,experimental,profile,10.1039_d0cp03358h-F5b-7,6,6,"Fig. 5 (a) SEM image of sample 11 surface (top view) with an overlayer of corresponding Al-K a X-ray count map in red. 1000 growth cycles were used on the LHAR channels with a design height of 500 nm (sample details are reported in Table 1). (b) SEM-EDS line scans of elemental profiles for Al, Si, a","n the target. Fig. S4 (ESI † ) shows the saturation profiles for different pillar layout designs. For layouts v1a and v1b, saturation profiles overlapped. Similar to the previous microscopy results, a lower penetration depth was also observed for layout v2a.

Fig. 5a presents an SEM image of the Al2",sample 11 surface,,experimental_profile,corroborated,coordinate_axis_gate(5 families),"['F', 'I', 'M', 'Me', 'R', 'X']",X: x axis 'spatial_coordinate' is a spatial coordinate; the curve is one specimen's profile | M: Fig. 5 (a) SEM image of sample 11 surface (top view) with an overlayer of corresponding Al-K a | Me: on. Scanning or transmission electron microscopy (SEM or TEM) images acquired after careful specimen preparation allow the | R: sample 11 in Table,"{""discrete_experimental_sweep"": 4, ""experimental_profile"": 1}","{""axis_role_coordinate"": true, ""n_source_points"": 51, ""granularity"": ""profile""}",[],[],,,,,,,,,element,O,10.1039_d0cp03358h::F5::b::O
10.1039_d0cp03358h|10|5|b|Al|primary,10.1039_d0cp03358h,10,5,b,Al,primary,1,51,spatial_coordinate,intensity,a.u.,experimental,profile,10.1039_d0cp03358h-F5b-8,6,6,"Fig. 5 (a) SEM image of sample 11 surface (top view) with an overlayer of corresponding Al-K a X-ray count map in red. 1000 growth cycles were used on the LHAR channels with a design height of 500 nm (sample details are reported in Table 1). (b) SEM-EDS line scans of elemental profiles for Al, Si, a","n the target. Fig. S4 (ESI † ) shows the saturation profiles for different pillar layout designs. For layouts v1a and v1b, saturation profiles overlapped. Similar to the previous microscopy results, a lower penetration depth was also observed for layout v2a.

Fig. 5a presents an SEM image of the Al2",sample 11 surface,,experimental_profile,corroborated,coordinate_axis_gate(5 families),"['F', 'I', 'M', 'Me', 'R', 'X']",X: x axis 'spatial_coordinate' is a spatial coordinate; the curve is one specimen's profile | M: Fig. 5 (a) SEM image of sample 11 surface (top view) with an overlayer of corresponding Al-K a | Me: on. Scanning or transmission electron microscopy (SEM or TEM) images acquired after careful specimen preparation allow the | R: sample 11 in Table,"{""discrete_experimental_sweep"": 4, ""experimental_profile"": 1}","{""axis_role_coordinate"": true, ""n_source_points"": 51, ""granularity"": ""profile""}",[],[],,,,,,,,,element,Al,10.1039_d0cp03358h::F5::b::Al
10.1039_d0cp03358h|13|7|a|X5 (50 μm)|primary,10.1039_d0cp03358h,13,7,a,X5 (50 μm),primary,1,42,spatial_coordinate,film_thickness,nm,experimental,profile,10.1039_d0cp03358h-F7a-9,7,,"Fig. 7 As-measured saturation profiles for ALD Al2O3 as a function of reflectometer spot sizes. Samples 4, 5, and 6 (Table 1 Series B).","roughness begins (Region IIa of Fig. 3b). A curtain-shaped waviness was observed from this region (moving from Region IIa to IIb). The nanostep was detected in the AFM line scan (Fig. S6, ESI † ).

## B. Effect of spot size on the measured saturation profile

Fig. 7 shows the as-measured saturation ","Samples 4, 5, and 6",,experimental_profile,corroborated,coordinate_axis_gate(4 families),"['F', 'I', 'Me', 'R', 'X']","X: x axis 'spatial_coordinate' is a spatial coordinate; the curve is one specimen's profile | Me: on. Scanning or transmission electron microscopy (SEM or TEM) images acquired after careful specimen preparation allow the | R: Samples 4, 5, and 6 (Table | I: Samples 4, 5, and 6","{""discrete_experimental_sweep"": 3, ""experimental_profile"": 1}","{""axis_role_coordinate"": true, ""n_source_points"": 42, ""granularity"": ""profile""}",[],[],,,,,,,2,"caption: Samples 4, 5, and",spot size,X5 (50 μm),10.1039_d0cp03358h::F7::a::X5 (50 μm)
10.1039_d0cp03358h|13|7|a|X10 (25 μm)|primary,10.1039_d0cp03358h,13,7,a,X10 (25 μm),primary,1,52,spatial_coordinate,film_thickness,nm,experimental,profile,10.1039_d0cp03358h-F7a-10,7,,"Fig. 7 As-measured saturation profiles for ALD Al2O3 as a function of reflectometer spot sizes. Samples 4, 5, and 6 (Table 1 Series B).","roughness begins (Region IIa of Fig. 3b). A curtain-shaped waviness was observed from this region (moving from Region IIa to IIb). The nanostep was detected in the AFM line scan (Fig. S6, ESI † ).

## B. Effect of spot size on the measured saturation profile

Fig. 7 shows the as-measured saturation ","Samples 4, 5, and 6",,experimental_profile,corroborated,coordinate_axis_gate(4 families),"['F', 'I', 'Me', 'R', 'X']","X: x axis 'spatial_coordinate' is a spatial coordinate; the curve is one specimen's profile | Me: on. Scanning or transmission electron microscopy (SEM or TEM) images acquired after careful specimen preparation allow the | R: Samples 4, 5, and 6 (Table | I: Samples 4, 5, and 6","{""discrete_experimental_sweep"": 3, ""experimental_profile"": 1}","{""axis_role_coordinate"": true, ""n_source_points"": 52, ""granularity"": ""profile""}",[],[],,,,,,,2,"caption: Samples 4, 5, and",spot size,X10 (25 μm),10.1039_d0cp03358h::F7::a::X10 (25 μm)
10.1039_d0cp03358h|13|7|a|X50 (5 μm)|primary,10.1039_d0cp03358h,13,7,a,X50 (5 μm),primary,1,45,spatial_coordinate,film_thickness,nm,experimental,profile,10.1039_d0cp03358h-F7a-11,7,,"Fig. 7 As-measured saturation profiles for ALD Al2O3 as a function of reflectometer spot sizes. Samples 4, 5, and 6 (Table 1 Series B).","roughness begins (Region IIa of Fig. 3b). A curtain-shaped waviness was observed from this region (moving from Region IIa to IIb). The nanostep was detected in the AFM line scan (Fig. S6, ESI † ).

## B. Effect of spot size on the measured saturation profile

Fig. 7 shows the as-measured saturation ","Samples 4, 5, and 6",,experimental_profile,corroborated,coordinate_axis_gate(4 families),"['F', 'I', 'Me', 'R', 'X']","X: x axis 'spatial_coordinate' is a spatial coordinate; the curve is one specimen's profile | Me: on. Scanning or transmission electron microscopy (SEM or TEM) images acquired after careful specimen preparation allow the | R: Samples 4, 5, and 6 (Table | I: Samples 4, 5, and 6","{""discrete_experimental_sweep"": 3, ""experimental_profile"": 1}","{""axis_role_coordinate"": true, ""n_source_points"": 45, ""granularity"": ""profile""}",[],[],,,,,,,2,"caption: Samples 4, 5, and",spot size,X50 (5 μm),10.1039_d0cp03358h::F7::a::X50 (5 μm)
10.1039_d0cp03358h|14|8|a|0.1|primary,10.1039_d0cp03358h,14,8,a,0.1,primary,1,15,spatial_coordinate,film_thickness,nm,experimental,profile,10.1039_d0cp03358h-F8a-12,7,7,"Fig. 8 Repeatability of saturation profile measurement (a) for ALD Al2O3 film grown on a LHAR channel (sample 8 in Table 1) and reproducibility of ALD runs (b) for Al2O3 films made in 500 cycles on various LHAR channels, having the same design channel height of 500 nm and pillar design of v1b. Sampl","oles left by ripped off pillars in black.

Fig. 7 As-measured saturation profiles for ALD Al2O3 as a function of reflectometer spot sizes. Samples 4, 5, and 6 (Table 1 Series B).

<!-- image -->

## C. Repeatability and reproducibility of saturation profiles

Fig. 8a presents the repeatability of re",sample 8 in Table 1,,experimental_profile,corroborated,coordinate_axis_gate(4 families),"['F', 'I', 'Me', 'R', 'X']",X: x axis 'spatial_coordinate' is a spatial coordinate; the curve is one specimen's profile | Me: on. Scanning or transmission electron microscopy (SEM or TEM) images acquired after careful specimen preparation allow the | R: sample 8 in Table | I: sample 8 in Table 1,"{""discrete_experimental_sweep"": 3, ""experimental_profile"": 2}","{""axis_role_coordinate"": true, ""n_source_points"": 15, ""granularity"": ""profile""}",[],[],,,,,,,2,"body: Samples 4, 5, and",channel width,0.1,10.1039_d0cp03358h::F8::a::0.1
10.1039_d0cp03358h|14|8|a|0.5|primary,10.1039_d0cp03358h,14,8,a,0.5,primary,1,17,spatial_coordinate,film_thickness,nm,experimental,profile,10.1039_d0cp03358h-F8a-13,7,7,"Fig. 8 Repeatability of saturation profile measurement (a) for ALD Al2O3 film grown on a LHAR channel (sample 8 in Table 1) and reproducibility of ALD runs (b) for Al2O3 films made in 500 cycles on various LHAR channels, having the same design channel height of 500 nm and pillar design of v1b. Sampl","oles left by ripped off pillars in black.

Fig. 7 As-measured saturation profiles for ALD Al2O3 as a function of reflectometer spot sizes. Samples 4, 5, and 6 (Table 1 Series B).

<!-- image -->

## C. Repeatability and reproducibility of saturation profiles

Fig. 8a presents the repeatability of re",sample 8 in Table 1,,experimental_profile,corroborated,coordinate_axis_gate(4 families),"['F', 'I', 'Me', 'R', 'X']",X: x axis 'spatial_coordinate' is a spatial coordinate; the curve is one specimen's profile | Me: on. Scanning or transmission electron microscopy (SEM or TEM) images acquired after careful specimen preparation allow the | R: sample 8 in Table | I: sample 8 in Table 1,"{""discrete_experimental_sweep"": 3, ""experimental_profile"": 2}","{""axis_role_coordinate"": true, ""n_source_points"": 17, ""granularity"": ""profile""}",[],[],,,,,,,2,"body: Samples 4, 5, and",channel width,0.5,10.1039_d0cp03358h::F8::a::0.5
10.1039_d0cp03358h|14|8|a|1|primary,10.1039_d0cp03358h,14,8,a,1,primary,1,19,spatial_coordinate,film_thickness,nm,experimental,profile,10.1039_d0cp03358h-F8a-14,7,7,"Fig. 8 Repeatability of saturation profile measurement (a) for ALD Al2O3 film grown on a LHAR channel (sample 8 in Table 1) and reproducibility of ALD runs (b) for Al2O3 films made in 500 cycles on various LHAR channels, having the same design channel height of 500 nm and pillar design of v1b. Sampl","oles left by ripped off pillars in black.

Fig. 7 As-measured saturation profiles for ALD Al2O3 as a function of reflectometer spot sizes. Samples 4, 5, and 6 (Table 1 Series B).

<!-- image -->

## C. Repeatability and reproducibility of saturation profiles

Fig. 8a presents the repeatability of re",sample 8 in Table 1,,experimental_profile,corroborated,coordinate_axis_gate(4 families),"['F', 'I', 'Me', 'R', 'X']",X: x axis 'spatial_coordinate' is a spatial coordinate; the curve is one specimen's profile | Me: on. Scanning or transmission electron microscopy (SEM or TEM) images acquired after careful specimen preparation allow the | R: sample 8 in Table | I: sample 8 in Table 1,"{""discrete_experimental_sweep"": 3, ""experimental_profile"": 2}","{""axis_role_coordinate"": true, ""n_source_points"": 19, ""granularity"": ""profile""}",[],[],,,,,,,2,"body: Samples 4, 5, and",channel width,1,10.1039_d0cp03358h::F8::a::1
10.1039_d0cp03358h|14|8|a|5|primary,10.1039_d0cp03358h,14,8,a,5,primary,1,20,spatial_coordinate,film_thickness,nm,experimental,profile,10.1039_d0cp03358h-F8a-15,7,7,"Fig. 8 Repeatability of saturation profile measurement (a) for ALD Al2O3 film grown on a LHAR channel (sample 8 in Table 1) and reproducibility of ALD runs (b) for Al2O3 films made in 500 cycles on various LHAR channels, having the same design channel height of 500 nm and pillar design of v1b. Sampl","oles left by ripped off pillars in black.

Fig. 7 As-measured saturation profiles for ALD Al2O3 as a function of reflectometer spot sizes. Samples 4, 5, and 6 (Table 1 Series B).

<!-- image -->

## C. Repeatability and reproducibility of saturation profiles

Fig. 8a presents the repeatability of re",sample 8 in Table 1,,experimental_profile,corroborated,coordinate_axis_gate(4 families),"['F', 'I', 'Me', 'R', 'X']",X: x axis 'spatial_coordinate' is a spatial coordinate; the curve is one specimen's profile | Me: on. Scanning or transmission electron microscopy (SEM or TEM) images acquired after careful specimen preparation allow the | R: sample 8 in Table | I: sample 8 in Table 1,"{""discrete_experimental_sweep"": 3, ""experimental_profile"": 2}","{""axis_role_coordinate"": true, ""n_source_points"": 20, ""granularity"": ""profile""}",[],[],,,,,,,2,"body: Samples 4, 5, and",channel width,5,10.1039_d0cp03358h::F8::a::5
10.1039_d0cp03358h|14|8|b|Sample 2|primary,10.1039_d0cp03358h,14,8,b,Sample 2,primary,1,32,spatial_coordinate,film_thickness,nm,experimental,profile,10.1039_d0cp03358h-F8b-16,7,7,"Fig. 8 Repeatability of saturation profile measurement (a) for ALD Al2O3 film grown on a LHAR channel (sample 8 in Table 1) and reproducibility of ALD runs (b) for Al2O3 films made in 500 cycles on various LHAR channels, having the same design channel height of 500 nm and pillar design of v1b. Sampl","oles left by ripped off pillars in black.

Fig. 7 As-measured saturation profiles for ALD Al2O3 as a function of reflectometer spot sizes. Samples 4, 5, and 6 (Table 1 Series B).

<!-- image -->

## C. Repeatability and reproducibility of saturation profiles

Fig. 8a presents the repeatability of re",sample 8 in Table 1,,experimental_profile,corroborated,coordinate_axis_gate(4 families),"['F', 'I', 'Me', 'R', 'X']",X: x axis 'spatial_coordinate' is a spatial coordinate; the curve is one specimen's profile | Me: on. Scanning or transmission electron microscopy (SEM or TEM) images acquired after careful specimen preparation allow the | R: sample 8 in Table | I: sample 8 in Table 1,"{""discrete_experimental_sweep"": 3, ""experimental_profile"": 1}","{""axis_role_coordinate"": true, ""n_source_points"": 32, ""granularity"": ""profile""}",[],[],,,,,,,2,"body: Samples 4, 5, and",sample,Sample 2,10.1039_d0cp03358h::F8::b::Sample 2
10.1039_d0cp03358h|14|8|b|Sample 4|primary,10.1039_d0cp03358h,14,8,b,Sample 4,primary,1,28,spatial_coordinate,film_thickness,nm,experimental,profile,10.1039_d0cp03358h-F8b-17,7,7,"Fig. 8 Repeatability of saturation profile measurement (a) for ALD Al2O3 film grown on a LHAR channel (sample 8 in Table 1) and reproducibility of ALD runs (b) for Al2O3 films made in 500 cycles on various LHAR channels, having the same design channel height of 500 nm and pillar design of v1b. Sampl","oles left by ripped off pillars in black.

Fig. 7 As-measured saturation profiles for ALD Al2O3 as a function of reflectometer spot sizes. Samples 4, 5, and 6 (Table 1 Series B).

<!-- image -->

## C. Repeatability and reproducibility of saturation profiles

Fig. 8a presents the repeatability of re",sample 8 in Table 1,,experimental_profile,corroborated,coordinate_axis_gate(4 families),"['F', 'I', 'Me', 'R', 'X']",X: x axis 'spatial_coordinate' is a spatial coordinate; the curve is one specimen's profile | Me: on. Scanning or transmission electron microscopy (SEM or TEM) images acquired after careful specimen preparation allow the | R: sample 8 in Table | I: sample 8 in Table 1,"{""discrete_experimental_sweep"": 3, ""experimental_profile"": 1}","{""axis_role_coordinate"": true, ""n_source_points"": 28, ""granularity"": ""profile""}",[],[],,,,,,,2,"body: Samples 4, 5, and",sample,Sample 4,10.1039_d0cp03358h::F8::b::Sample 4
10.1039_d0cp03358h|14|8|b|Sample 8|primary,10.1039_d0cp03358h,14,8,b,Sample 8,primary,1,31,spatial_coordinate,film_thickness,nm,experimental,profile,10.1039_d0cp03358h-F8b-18,7,7,"Fig. 8 Repeatability of saturation profile measurement (a) for ALD Al2O3 film grown on a LHAR channel (sample 8 in Table 1) and reproducibility of ALD runs (b) for Al2O3 films made in 500 cycles on various LHAR channels, having the same design channel height of 500 nm and pillar design of v1b. Sampl","oles left by ripped off pillars in black.

Fig. 7 As-measured saturation profiles for ALD Al2O3 as a function of reflectometer spot sizes. Samples 4, 5, and 6 (Table 1 Series B).

<!-- image -->

## C. Repeatability and reproducibility of saturation profiles

Fig. 8a presents the repeatability of re",sample 8 in Table 1,,experimental_profile,corroborated,coordinate_axis_gate(4 families),"['F', 'I', 'Me', 'R', 'X']",X: x axis 'spatial_coordinate' is a spatial coordinate; the curve is one specimen's profile | Me: on. Scanning or transmission electron microscopy (SEM or TEM) images acquired after careful specimen preparation allow the | R: sample 8 in Table | I: sample 8 in Table 1,"{""discrete_experimental_sweep"": 3, ""experimental_profile"": 1}","{""axis_role_coordinate"": true, ""n_source_points"": 31, ""granularity"": ""profile""}",[],[],,,,,,,2,"body: Samples 4, 5, and",sample,Sample 8,10.1039_d0cp03358h::F8::b::Sample 8
10.1039_d0cp03358h|14|8|b|Sample 12|primary,10.1039_d0cp03358h,14,8,b,Sample 12,primary,1,31,spatial_coordinate,film_thickness,nm,experimental,profile,10.1039_d0cp03358h-F8b-19,7,7,"Fig. 8 Repeatability of saturation profile measurement (a) for ALD Al2O3 film grown on a LHAR channel (sample 8 in Table 1) and reproducibility of ALD runs (b) for Al2O3 films made in 500 cycles on various LHAR channels, having the same design channel height of 500 nm and pillar design of v1b. Sampl","oles left by ripped off pillars in black.

Fig. 7 As-measured saturation profiles for ALD Al2O3 as a function of reflectometer spot sizes. Samples 4, 5, and 6 (Table 1 Series B).

<!-- image -->

## C. Repeatability and reproducibility of saturation profiles

Fig. 8a presents the repeatability of re",sample 8 in Table 1,,experimental_profile,corroborated,coordinate_axis_gate(4 families),"['F', 'I', 'Me', 'R', 'X']",X: x axis 'spatial_coordinate' is a spatial coordinate; the curve is one specimen's profile | Me: on. Scanning or transmission electron microscopy (SEM or TEM) images acquired after careful specimen preparation allow the | R: sample 8 in Table | I: sample 8 in Table 1,"{""discrete_experimental_sweep"": 3, ""experimental_profile"": 1}","{""axis_role_coordinate"": true, ""n_source_points"": 31, ""granularity"": ""profile""}",[],[],,,,,,,2,"body: Samples 4, 5, and",sample,Sample 12,10.1039_d0cp03358h::F8::b::Sample 12
10.1039_d0cp03358h|16|9|a|100 nm|as_measured,10.1039_d0cp03358h,16,9,a,100 nm,as_measured,1,15,spatial_coordinate,film_thickness,nm,experimental,profile,10.1039_d0cp03358h-F9a-20,8,7,"Fig. 9 Saturation profile of ALD Al2O3 coated in rectangular LHAR channels at 300 1 C. Top row, varying channel height H and constant number of cycles N of 500: (a) as-measured saturation profile, (b) scaled saturation profile, and (c) Type 1 normalized saturation profile. Sample 7, 8, and 9 (Table ","in the ALD runs, reflectometer measurements, and the actual channel height compared to design values are among the uncertainty sources as discussed in more detail in Section E.

## D. Effect of the channel height and film thickness on the saturation profiles

Fig. 9 (panels a-c) presents the effect ","Sample 7, 8, and 9",,experimental_profile,corroborated,coordinate_axis_gate(4 families),"['F', 'I', 'Me', 'R', 'X']","X: x axis 'spatial_coordinate' is a spatial coordinate; the curve is one specimen's profile | Me: on. Scanning or transmission electron microscopy (SEM or TEM) images acquired after careful specimen preparation allow the | R: effect of the number of ALD cycles | I: Sample 7, 8, and 9","{""discrete_experimental_sweep"": 3, ""experimental_profile"": 2}","{""axis_role_coordinate"": true, ""n_source_points"": 15, ""granularity"": ""profile""}",[],[],,,,,,,2,"caption: Sample 7, 8, and",channel height,100 nm,10.1039_d0cp03358h::F9::a::100 nm
10.1039_d0cp03358h|16|9|a|500 nm|as_measured,10.1039_d0cp03358h,16,9,a,500 nm,as_measured,1,15,spatial_coordinate,film_thickness,nm,experimental,profile,10.1039_d0cp03358h-F9a-21,8,7,"Fig. 9 Saturation profile of ALD Al2O3 coated in rectangular LHAR channels at 300 1 C. Top row, varying channel height H and constant number of cycles N of 500: (a) as-measured saturation profile, (b) scaled saturation profile, and (c) Type 1 normalized saturation profile. Sample 7, 8, and 9 (Table ","in the ALD runs, reflectometer measurements, and the actual channel height compared to design values are among the uncertainty sources as discussed in more detail in Section E.

## D. Effect of the channel height and film thickness on the saturation profiles

Fig. 9 (panels a-c) presents the effect ","Sample 7, 8, and 9",,experimental_profile,corroborated,coordinate_axis_gate(4 families),"['F', 'I', 'Me', 'R', 'X']","X: x axis 'spatial_coordinate' is a spatial coordinate; the curve is one specimen's profile | Me: on. Scanning or transmission electron microscopy (SEM or TEM) images acquired after careful specimen preparation allow the | R: effect of the number of ALD cycles | I: Sample 7, 8, and 9","{""discrete_experimental_sweep"": 3, ""experimental_profile"": 2}","{""axis_role_coordinate"": true, ""n_source_points"": 15, ""granularity"": ""profile""}",[],[],,,,,,,2,"caption: Sample 7, 8, and",channel height,500 nm,10.1039_d0cp03358h::F9::a::500 nm
10.1039_d0cp03358h|16|9|a|2000 nm|as_measured,10.1039_d0cp03358h,16,9,a,2000 nm,as_measured,1,14,spatial_coordinate,film_thickness,nm,experimental,profile,10.1039_d0cp03358h-F9a-22,8,7,"Fig. 9 Saturation profile of ALD Al2O3 coated in rectangular LHAR channels at 300 1 C. Top row, varying channel height H and constant number of cycles N of 500: (a) as-measured saturation profile, (b) scaled saturation profile, and (c) Type 1 normalized saturation profile. Sample 7, 8, and 9 (Table ","in the ALD runs, reflectometer measurements, and the actual channel height compared to design values are among the uncertainty sources as discussed in more detail in Section E.

## D. Effect of the channel height and film thickness on the saturation profiles

Fig. 9 (panels a-c) presents the effect ","Sample 7, 8, and 9",,experimental_profile,corroborated,coordinate_axis_gate(4 families),"['F', 'I', 'Me', 'R', 'X']","X: x axis 'spatial_coordinate' is a spatial coordinate; the curve is one specimen's profile | Me: on. Scanning or transmission electron microscopy (SEM or TEM) images acquired after careful specimen preparation allow the | R: effect of the number of ALD cycles | I: Sample 7, 8, and 9","{""discrete_experimental_sweep"": 3, ""experimental_profile"": 2}","{""axis_role_coordinate"": true, ""n_source_points"": 14, ""granularity"": ""profile""}",[],[],,,,,,,2,"caption: Sample 7, 8, and",channel height,2000 nm,10.1039_d0cp03358h::F9::a::2000 nm
10.1039_d0cp03358h|16|9|b|100 nm|scaled,10.1039_d0cp03358h,16,9,b,100 nm,scaled,1,14,spatial_coordinate,growth_per_cycle,nm/cycle,experimental,profile,10.1039_d0cp03358h-F9b-23,8,7,"Fig. 9 Saturation profile of ALD Al2O3 coated in rectangular LHAR channels at 300 1 C. Top row, varying channel height H and constant number of cycles N of 500: (a) as-measured saturation profile, (b) scaled saturation profile, and (c) Type 1 normalized saturation profile. Sample 7, 8, and 9 (Table ","in the ALD runs, reflectometer measurements, and the actual channel height compared to design values are among the uncertainty sources as discussed in more detail in Section E.

## D. Effect of the channel height and film thickness on the saturation profiles

Fig. 9 (panels a-c) presents the effect ","Sample 7, 8, and 9",,experimental_profile,corroborated,coordinate_axis_gate(4 families),"['F', 'I', 'Me', 'R', 'X']","X: x axis 'spatial_coordinate' is a spatial coordinate; the curve is one specimen's profile | Me: on. Scanning or transmission electron microscopy (SEM or TEM) images acquired after careful specimen preparation allow the | R: effect of the number of ALD cycles | I: Sample 7, 8, and 9","{""discrete_experimental_sweep"": 3, ""experimental_profile"": 2}","{""axis_role_coordinate"": true, ""n_source_points"": 14, ""granularity"": ""profile""}",[],[],,,,,,,2,"caption: Sample 7, 8, and",channel height,100 nm,10.1039_d0cp03358h::F9::b::100 nm
10.1039_d0cp03358h|16|9|b|500 nm|scaled,10.1039_d0cp03358h,16,9,b,500 nm,scaled,1,17,spatial_coordinate,growth_per_cycle,nm/cycle,experimental,profile,10.1039_d0cp03358h-F9b-24,8,7,"Fig. 9 Saturation profile of ALD Al2O3 coated in rectangular LHAR channels at 300 1 C. Top row, varying channel height H and constant number of cycles N of 500: (a) as-measured saturation profile, (b) scaled saturation profile, and (c) Type 1 normalized saturation profile. Sample 7, 8, and 9 (Table ","in the ALD runs, reflectometer measurements, and the actual channel height compared to design values are among the uncertainty sources as discussed in more detail in Section E.

## D. Effect of the channel height and film thickness on the saturation profiles

Fig. 9 (panels a-c) presents the effect ","Sample 7, 8, and 9",,experimental_profile,corroborated,coordinate_axis_gate(4 families),"['F', 'I', 'Me', 'R', 'X']","X: x axis 'spatial_coordinate' is a spatial coordinate; the curve is one specimen's profile | Me: on. Scanning or transmission electron microscopy (SEM or TEM) images acquired after careful specimen preparation allow the | R: effect of the number of ALD cycles | I: Sample 7, 8, and 9","{""discrete_experimental_sweep"": 3, ""experimental_profile"": 2}","{""axis_role_coordinate"": true, ""n_source_points"": 17, ""granularity"": ""profile""}",[],[],,,,,,,2,"caption: Sample 7, 8, and",channel height,500 nm,10.1039_d0cp03358h::F9::b::500 nm
10.1039_d0cp03358h|16|9|b|2000 nm|scaled,10.1039_d0cp03358h,16,9,b,2000 nm,scaled,1,11,spatial_coordinate,growth_per_cycle,nm/cycle,experimental,profile,10.1039_d0cp03358h-F9b-25,8,7,"Fig. 9 Saturation profile of ALD Al2O3 coated in rectangular LHAR channels at 300 1 C. Top row, varying channel height H and constant number of cycles N of 500: (a) as-measured saturation profile, (b) scaled saturation profile, and (c) Type 1 normalized saturation profile. Sample 7, 8, and 9 (Table ","in the ALD runs, reflectometer measurements, and the actual channel height compared to design values are among the uncertainty sources as discussed in more detail in Section E.

## D. Effect of the channel height and film thickness on the saturation profiles

Fig. 9 (panels a-c) presents the effect ","Sample 7, 8, and 9",,experimental_profile,corroborated,coordinate_axis_gate(4 families),"['F', 'I', 'Me', 'R', 'X']","X: x axis 'spatial_coordinate' is a spatial coordinate; the curve is one specimen's profile | Me: on. Scanning or transmission electron microscopy (SEM or TEM) images acquired after careful specimen preparation allow the | R: effect of the number of ALD cycles | I: Sample 7, 8, and 9","{""discrete_experimental_sweep"": 3, ""experimental_profile"": 2}","{""axis_role_coordinate"": true, ""n_source_points"": 11, ""granularity"": ""profile""}",[],[],,,,,,,2,"caption: Sample 7, 8, and",channel height,2000 nm,10.1039_d0cp03358h::F9::b::2000 nm
10.1039_d0cp03358h|16|9|c|100 nm|normalized,10.1039_d0cp03358h,16,9,c,100 nm,normalized,1,13,spatial_coordinate,normalized_thickness,,experimental,profile,10.1039_d0cp03358h-F9c-26,8,7,"Fig. 9 Saturation profile of ALD Al2O3 coated in rectangular LHAR channels at 300 1 C. Top row, varying channel height H and constant number of cycles N of 500: (a) as-measured saturation profile, (b) scaled saturation profile, and (c) Type 1 normalized saturation profile. Sample 7, 8, and 9 (Table ","in the ALD runs, reflectometer measurements, and the actual channel height compared to design values are among the uncertainty sources as discussed in more detail in Section E.

## D. Effect of the channel height and film thickness on the saturation profiles

Fig. 9 (panels a-c) presents the effect ","Sample 7, 8, and 9",,experimental_profile,corroborated,coordinate_axis_gate(4 families),"['F', 'I', 'Me', 'R', 'X']","X: x axis 'spatial_coordinate' is a spatial coordinate; the curve is one specimen's profile | Me: on. Scanning or transmission electron microscopy (SEM or TEM) images acquired after careful specimen preparation allow the | R: effect of the number of ALD cycles | I: Sample 7, 8, and 9","{""discrete_experimental_sweep"": 3, ""experimental_profile"": 2}","{""axis_role_coordinate"": true, ""n_source_points"": 13, ""granularity"": ""profile""}",[],[],,,,,,,2,"caption: Sample 7, 8, and",channel height,100 nm,10.1039_d0cp03358h::F9::c::100 nm
10.1039_d0cp03358h|16|9|c|500 nm|normalized,10.1039_d0cp03358h,16,9,c,500 nm,normalized,1,17,spatial_coordinate,normalized_thickness,,experimental,profile,10.1039_d0cp03358h-F9c-27,8,7,"Fig. 9 Saturation profile of ALD Al2O3 coated in rectangular LHAR channels at 300 1 C. Top row, varying channel height H and constant number of cycles N of 500: (a) as-measured saturation profile, (b) scaled saturation profile, and (c) Type 1 normalized saturation profile. Sample 7, 8, and 9 (Table ","in the ALD runs, reflectometer measurements, and the actual channel height compared to design values are among the uncertainty sources as discussed in more detail in Section E.

## D. Effect of the channel height and film thickness on the saturation profiles

Fig. 9 (panels a-c) presents the effect ","Sample 7, 8, and 9",,experimental_profile,corroborated,coordinate_axis_gate(4 families),"['F', 'I', 'Me', 'R', 'X']","X: x axis 'spatial_coordinate' is a spatial coordinate; the curve is one specimen's profile | Me: on. Scanning or transmission electron microscopy (SEM or TEM) images acquired after careful specimen preparation allow the | R: effect of the number of ALD cycles | I: Sample 7, 8, and 9","{""discrete_experimental_sweep"": 3, ""experimental_profile"": 2}","{""axis_role_coordinate"": true, ""n_source_points"": 17, ""granularity"": ""profile""}",[],[],,,,,,,2,"caption: Sample 7, 8, and",channel height,500 nm,10.1039_d0cp03358h::F9::c::500 nm
10.1039_d0cp03358h|16|9|c|2000 nm|normalized,10.1039_d0cp03358h,16,9,c,2000 nm,normalized,1,11,spatial_coordinate,normalized_thickness,,experimental,profile,10.1039_d0cp03358h-F9c-28,8,7,"Fig. 9 Saturation profile of ALD Al2O3 coated in rectangular LHAR channels at 300 1 C. Top row, varying channel height H and constant number of cycles N of 500: (a) as-measured saturation profile, (b) scaled saturation profile, and (c) Type 1 normalized saturation profile. Sample 7, 8, and 9 (Table ","in the ALD runs, reflectometer measurements, and the actual channel height compared to design values are among the uncertainty sources as discussed in more detail in Section E.

## D. Effect of the channel height and film thickness on the saturation profiles

Fig. 9 (panels a-c) presents the effect ","Sample 7, 8, and 9",,experimental_profile,corroborated,coordinate_axis_gate(4 families),"['F', 'I', 'Me', 'R', 'X']","X: x axis 'spatial_coordinate' is a spatial coordinate; the curve is one specimen's profile | Me: on. Scanning or transmission electron microscopy (SEM or TEM) images acquired after careful specimen preparation allow the | R: effect of the number of ALD cycles | I: Sample 7, 8, and 9","{""discrete_experimental_sweep"": 3, ""experimental_profile"": 2}","{""axis_role_coordinate"": true, ""n_source_points"": 11, ""granularity"": ""profile""}",[],[],,,,,,,2,"caption: Sample 7, 8, and",channel height,2000 nm,10.1039_d0cp03358h::F9::c::2000 nm
10.1039_d0cp03358h|16|9|d|250 cycles|as_measured,10.1039_d0cp03358h,16,9,d,250 cycles,as_measured,1,16,spatial_coordinate,film_thickness,nm,experimental,profile,10.1039_d0cp03358h-F9d-29,8,7,"Fig. 9 Saturation profile of ALD Al2O3 coated in rectangular LHAR channels at 300 1 C. Top row, varying channel height H and constant number of cycles N of 500: (a) as-measured saturation profile, (b) scaled saturation profile, and (c) Type 1 normalized saturation profile. Sample 7, 8, and 9 (Table ","in the ALD runs, reflectometer measurements, and the actual channel height compared to design values are among the uncertainty sources as discussed in more detail in Section E.

## D. Effect of the channel height and film thickness on the saturation profiles

Fig. 9 (panels a-c) presents the effect ","Sample 7, 8, and 9",,experimental_profile,corroborated,coordinate_axis_gate(4 families),"['F', 'I', 'Me', 'R', 'X']","X: x axis 'spatial_coordinate' is a spatial coordinate; the curve is one specimen's profile | Me: on. Scanning or transmission electron microscopy (SEM or TEM) images acquired after careful specimen preparation allow the | R: effect of the number of ALD cycles | I: Sample 7, 8, and 9","{""discrete_experimental_sweep"": 3, ""experimental_profile"": 2}","{""axis_role_coordinate"": true, ""n_source_points"": 16, ""granularity"": ""profile""}",[],[],,,,,,,2,"caption: Sample 7, 8, and",cycle_number,250 cycles,10.1039_d0cp03358h::F9::d::250 cycles
10.1039_d0cp03358h|16|9|d|500 cycles|as_measured,10.1039_d0cp03358h,16,9,d,500 cycles,as_measured,1,16,spatial_coordinate,film_thickness,nm,experimental,profile,10.1039_d0cp03358h-F9d-30,8,7,"Fig. 9 Saturation profile of ALD Al2O3 coated in rectangular LHAR channels at 300 1 C. Top row, varying channel height H and constant number of cycles N of 500: (a) as-measured saturation profile, (b) scaled saturation profile, and (c) Type 1 normalized saturation profile. Sample 7, 8, and 9 (Table ","in the ALD runs, reflectometer measurements, and the actual channel height compared to design values are among the uncertainty sources as discussed in more detail in Section E.

## D. Effect of the channel height and film thickness on the saturation profiles

Fig. 9 (panels a-c) presents the effect ","Sample 7, 8, and 9",,experimental_profile,corroborated,coordinate_axis_gate(4 families),"['F', 'I', 'Me', 'R', 'X']","X: x axis 'spatial_coordinate' is a spatial coordinate; the curve is one specimen's profile | Me: on. Scanning or transmission electron microscopy (SEM or TEM) images acquired after careful specimen preparation allow the | R: effect of the number of ALD cycles | I: Sample 7, 8, and 9","{""discrete_experimental_sweep"": 3, ""experimental_profile"": 2}","{""axis_role_coordinate"": true, ""n_source_points"": 16, ""granularity"": ""profile""}",[],[],,,,,,,2,"caption: Sample 7, 8, and",cycle_number,500 cycles,10.1039_d0cp03358h::F9::d::500 cycles
10.1039_d0cp03358h|16|9|d|1000 cycles|as_measured,10.1039_d0cp03358h,16,9,d,1000 cycles,as_measured,1,19,spatial_coordinate,film_thickness,nm,experimental,profile,10.1039_d0cp03358h-F9d-31,8,7,"Fig. 9 Saturation profile of ALD Al2O3 coated in rectangular LHAR channels at 300 1 C. Top row, varying channel height H and constant number of cycles N of 500: (a) as-measured saturation profile, (b) scaled saturation profile, and (c) Type 1 normalized saturation profile. Sample 7, 8, and 9 (Table ","in the ALD runs, reflectometer measurements, and the actual channel height compared to design values are among the uncertainty sources as discussed in more detail in Section E.

## D. Effect of the channel height and film thickness on the saturation profiles

Fig. 9 (panels a-c) presents the effect ","Sample 7, 8, and 9",,experimental_profile,corroborated,coordinate_axis_gate(4 families),"['F', 'I', 'Me', 'R', 'X']","X: x axis 'spatial_coordinate' is a spatial coordinate; the curve is one specimen's profile | Me: on. Scanning or transmission electron microscopy (SEM or TEM) images acquired after careful specimen preparation allow the | R: effect of the number of ALD cycles | I: Sample 7, 8, and 9","{""discrete_experimental_sweep"": 3, ""experimental_profile"": 2}","{""axis_role_coordinate"": true, ""n_source_points"": 19, ""granularity"": ""profile""}",[],[],,,,,,,2,"caption: Sample 7, 8, and",cycle_number,1000 cycles,10.1039_d0cp03358h::F9::d::1000 cycles
10.1039_d0cp03358h|16|9|e|250 cycles|scaled,10.1039_d0cp03358h,16,9,e,250 cycles,scaled,1,13,spatial_coordinate,growth_per_cycle,nm/cycle,experimental,profile,10.1039_d0cp03358h-F9e-32,8,7,"Fig. 9 Saturation profile of ALD Al2O3 coated in rectangular LHAR channels at 300 1 C. Top row, varying channel height H and constant number of cycles N of 500: (a) as-measured saturation profile, (b) scaled saturation profile, and (c) Type 1 normalized saturation profile. Sample 7, 8, and 9 (Table ","in the ALD runs, reflectometer measurements, and the actual channel height compared to design values are among the uncertainty sources as discussed in more detail in Section E.

## D. Effect of the channel height and film thickness on the saturation profiles

Fig. 9 (panels a-c) presents the effect ","Sample 7, 8, and 9",,experimental_profile,corroborated,coordinate_axis_gate(4 families),"['F', 'I', 'Me', 'R', 'X']","X: x axis 'spatial_coordinate' is a spatial coordinate; the curve is one specimen's profile | Me: on. Scanning or transmission electron microscopy (SEM or TEM) images acquired after careful specimen preparation allow the | R: effect of the number of ALD cycles | I: Sample 7, 8, and 9","{""discrete_experimental_sweep"": 3, ""experimental_profile"": 2}","{""axis_role_coordinate"": true, ""n_source_points"": 13, ""granularity"": ""profile""}",[],[],,,,,,,2,"caption: Sample 7, 8, and",cycle_number,250 cycles,10.1039_d0cp03358h::F9::e::250 cycles
10.1039_d0cp03358h|16|9|e|500 cycles|scaled,10.1039_d0cp03358h,16,9,e,500 cycles,scaled,1,17,spatial_coordinate,growth_per_cycle,nm/cycle,experimental,profile,10.1039_d0cp03358h-F9e-33,8,7,"Fig. 9 Saturation profile of ALD Al2O3 coated in rectangular LHAR channels at 300 1 C. Top row, varying channel height H and constant number of cycles N of 500: (a) as-measured saturation profile, (b) scaled saturation profile, and (c) Type 1 normalized saturation profile. Sample 7, 8, and 9 (Table ","in the ALD runs, reflectometer measurements, and the actual channel height compared to design values are among the uncertainty sources as discussed in more detail in Section E.

## D. Effect of the channel height and film thickness on the saturation profiles

Fig. 9 (panels a-c) presents the effect ","Sample 7, 8, and 9",,experimental_profile,corroborated,coordinate_axis_gate(4 families),"['F', 'I', 'Me', 'R', 'X']","X: x axis 'spatial_coordinate' is a spatial coordinate; the curve is one specimen's profile | Me: on. Scanning or transmission electron microscopy (SEM or TEM) images acquired after careful specimen preparation allow the | R: effect of the number of ALD cycles | I: Sample 7, 8, and 9","{""discrete_experimental_sweep"": 3, ""experimental_profile"": 2}","{""axis_role_coordinate"": true, ""n_source_points"": 17, ""granularity"": ""profile""}",[],[],,,,,,,2,"caption: Sample 7, 8, and",cycle_number,500 cycles,10.1039_d0cp03358h::F9::e::500 cycles
10.1039_d0cp03358h|16|9|e|1000 cycles|scaled,10.1039_d0cp03358h,16,9,e,1000 cycles,scaled,1,19,spatial_coordinate,growth_per_cycle,nm/cycle,experimental,profile,10.1039_d0cp03358h-F9e-34,8,7,"Fig. 9 Saturation profile of ALD Al2O3 coated in rectangular LHAR channels at 300 1 C. Top row, varying channel height H and constant number of cycles N of 500: (a) as-measured saturation profile, (b) scaled saturation profile, and (c) Type 1 normalized saturation profile. Sample 7, 8, and 9 (Table ","in the ALD runs, reflectometer measurements, and the actual channel height compared to design values are among the uncertainty sources as discussed in more detail in Section E.

## D. Effect of the channel height and film thickness on the saturation profiles

Fig. 9 (panels a-c) presents the effect ","Sample 7, 8, and 9",,experimental_profile,corroborated,coordinate_axis_gate(4 families),"['F', 'I', 'Me', 'R', 'X']","X: x axis 'spatial_coordinate' is a spatial coordinate; the curve is one specimen's profile | Me: on. Scanning or transmission electron microscopy (SEM or TEM) images acquired after careful specimen preparation allow the | R: effect of the number of ALD cycles | I: Sample 7, 8, and 9","{""discrete_experimental_sweep"": 3, ""experimental_profile"": 2}","{""axis_role_coordinate"": true, ""n_source_points"": 19, ""granularity"": ""profile""}",[],[],,,,,,,2,"caption: Sample 7, 8, and",cycle_number,1000 cycles,10.1039_d0cp03358h::F9::e::1000 cycles
10.1039_d0cp03358h|16|9|f|250 cycles|normalized,10.1039_d0cp03358h,16,9,f,250 cycles,normalized,1,13,spatial_coordinate,normalized_thickness,,experimental,profile,10.1039_d0cp03358h-F9f-35,8,7,"Fig. 9 Saturation profile of ALD Al2O3 coated in rectangular LHAR channels at 300 1 C. Top row, varying channel height H and constant number of cycles N of 500: (a) as-measured saturation profile, (b) scaled saturation profile, and (c) Type 1 normalized saturation profile. Sample 7, 8, and 9 (Table ","in the ALD runs, reflectometer measurements, and the actual channel height compared to design values are among the uncertainty sources as discussed in more detail in Section E.

## D. Effect of the channel height and film thickness on the saturation profiles

Fig. 9 (panels a-c) presents the effect ","Sample 7, 8, and 9",,experimental_profile,corroborated,coordinate_axis_gate(4 families),"['F', 'I', 'Me', 'R', 'X']","X: x axis 'spatial_coordinate' is a spatial coordinate; the curve is one specimen's profile | Me: on. Scanning or transmission electron microscopy (SEM or TEM) images acquired after careful specimen preparation allow the | R: effect of the number of ALD cycles | I: Sample 7, 8, and 9","{""discrete_experimental_sweep"": 3, ""experimental_profile"": 2}","{""axis_role_coordinate"": true, ""n_source_points"": 13, ""granularity"": ""profile""}",[],[],,,,,,,2,"caption: Sample 7, 8, and",cycle_number,250 cycles,10.1039_d0cp03358h::F9::f::250 cycles
10.1039_d0cp03358h|16|9|f|500 cycles|normalized,10.1039_d0cp03358h,16,9,f,500 cycles,normalized,1,17,spatial_coordinate,normalized_thickness,,experimental,profile,10.1039_d0cp03358h-F9f-36,8,7,"Fig. 9 Saturation profile of ALD Al2O3 coated in rectangular LHAR channels at 300 1 C. Top row, varying channel height H and constant number of cycles N of 500: (a) as-measured saturation profile, (b) scaled saturation profile, and (c) Type 1 normalized saturation profile. Sample 7, 8, and 9 (Table ","in the ALD runs, reflectometer measurements, and the actual channel height compared to design values are among the uncertainty sources as discussed in more detail in Section E.

## D. Effect of the channel height and film thickness on the saturation profiles

Fig. 9 (panels a-c) presents the effect ","Sample 7, 8, and 9",,experimental_profile,corroborated,coordinate_axis_gate(4 families),"['F', 'I', 'Me', 'R', 'X']","X: x axis 'spatial_coordinate' is a spatial coordinate; the curve is one specimen's profile | Me: on. Scanning or transmission electron microscopy (SEM or TEM) images acquired after careful specimen preparation allow the | R: effect of the number of ALD cycles | I: Sample 7, 8, and 9","{""discrete_experimental_sweep"": 3, ""experimental_profile"": 2}","{""axis_role_coordinate"": true, ""n_source_points"": 17, ""granularity"": ""profile""}",[],[],,,,,,,2,"caption: Sample 7, 8, and",cycle_number,500 cycles,10.1039_d0cp03358h::F9::f::500 cycles
10.1039_d0cp03358h|16|9|f|1000 cycles|normalized,10.1039_d0cp03358h,16,9,f,1000 cycles,normalized,1,19,spatial_coordinate,normalized_thickness,,experimental,profile,10.1039_d0cp03358h-F9f-37,8,7,"Fig. 9 Saturation profile of ALD Al2O3 coated in rectangular LHAR channels at 300 1 C. Top row, varying channel height H and constant number of cycles N of 500: (a) as-measured saturation profile, (b) scaled saturation profile, and (c) Type 1 normalized saturation profile. Sample 7, 8, and 9 (Table ","in the ALD runs, reflectometer measurements, and the actual channel height compared to design values are among the uncertainty sources as discussed in more detail in Section E.

## D. Effect of the channel height and film thickness on the saturation profiles

Fig. 9 (panels a-c) presents the effect ","Sample 7, 8, and 9",,experimental_profile,corroborated,coordinate_axis_gate(4 families),"['F', 'I', 'Me', 'R', 'X']","X: x axis 'spatial_coordinate' is a spatial coordinate; the curve is one specimen's profile | Me: on. Scanning or transmission electron microscopy (SEM or TEM) images acquired after careful specimen preparation allow the | R: effect of the number of ALD cycles | I: Sample 7, 8, and 9","{""discrete_experimental_sweep"": 3, ""experimental_profile"": 2}","{""axis_role_coordinate"": true, ""n_source_points"": 19, ""granularity"": ""profile""}",[],[],,,,,,,2,"caption: Sample 7, 8, and",cycle_number,1000 cycles,10.1039_d0cp03358h::F9::f::1000 cycles
10.1039_d0cp03358h|18|10|a|100 nm|as_measured,10.1039_d0cp03358h,18,10,a,100 nm,as_measured,1,13,spatial_coordinate,film_thickness,nm,model,profile,10.1039_d0cp03358h-F10a-38,9,8,"Fig. 10 Simulated saturation profiles of ALD Al2O3 in microscopic rectangular LHAR channels, created with a MATLAB re-implementation of the Ylilammi et al. 33 diffusion-reaction model. Top row, varying channel height H and constant number of cycles N of 500: (a) as-measured saturation profile, (b) s"," intensities, in line with the reflectometer measurement results.

The effects of increasing the channel height and number of ALD cycles were simulated with the Ylilammi et al. 33 diffusionreaction model and compared with the experimental saturation profiles. Fig. 10 shows the simulated saturation p",Series E,,simulation,corroborated,provenance_gate(2 families),"['F', 'I', 'Me', 'R', 'X']",F: panel/figure source flag = simulated | F: pipeline relevance=model | R: 10 Simulated saturation profiles of ALD Al2O3 in microscopic rectangular,"{""simulation"": 3}","{""axis_role_coordinate"": true, ""n_source_points"": 13, ""granularity"": ""profile""}","[{""quantity_type"": ""precursor_partial_pressure"", ""symbol"": ""p_A0"", ""value"": ""65"", ""unit"": ""Pa"", ""species"": ""TMA"", ""reactant_role"": ""precursor"", ""assertion_status"": ""direct"", ""scope"": ""figure"", ""source"": ""caption"", ""evidence"": ""p A0 = 65 Pa""}, {""quantity_type"": ""carrier_gas_partial_pressure"", ""symbol"": ""p_B"", ""value"": ""300"", ""unit"": ""Pa"", ""species"": ""N2"", ""reactant_role"": ""carrier_or_coreactant"", ""assertion_status"": ""direct"", ""scope"": ""figure"", ""source"": ""caption"", ""evidence"": ""p B = 300 Pa""}, {""quantity_type"": ""precursor_partial_pressure"", ""symbol"": ""p_A0"", ""value"": ""65"", ""unit"": ""Pa"", ""species"": ""TMA"", ""reactant_role"": ""precursor"", ""assertion_status"": ""direct"", ""scope"": ""figure"", ""source"": ""body_mention"", ""evidence"": ""p A0 = 65 Pa""}, {""quantity_type"": ""carrier_gas_partial_pressure"", ""symbol"": ""p_B"", ""value"": ""300"", ""unit"": ""Pa"", ""species"": ""N2"", ""reactant_role"": ""carrier_or_coreactant"",",[],figure,ambiguous,,,,300 Pa (carrier_gas_partial_pressure); 65 Pa (precursor_partial_pressure),,,channel height,100 nm,10.1039_d0cp03358h::F10::a::100 nm
10.1039_d0cp03358h|18|10|a|200 nm|as_measured,10.1039_d0cp03358h,18,10,a,200 nm,as_measured,1,13,spatial_coordinate,film_thickness,nm,model,profile,10.1039_d0cp03358h-F10a-39,9,8,"Fig. 10 Simulated saturation profiles of ALD Al2O3 in microscopic rectangular LHAR channels, created with a MATLAB re-implementation of the Ylilammi et al. 33 diffusion-reaction model. Top row, varying channel height H and constant number of cycles N of 500: (a) as-measured saturation profile, (b) s"," intensities, in line with the reflectometer measurement results.

The effects of increasing the channel height and number of ALD cycles were simulated with the Ylilammi et al. 33 diffusionreaction model and compared with the experimental saturation profiles. Fig. 10 shows the simulated saturation p",Series E,,simulation,corroborated,provenance_gate(2 families),"['F', 'I', 'Me', 'R', 'X']",F: panel/figure source flag = simulated | F: pipeline relevance=model | R: 10 Simulated saturation profiles of ALD Al2O3 in microscopic rectangular,"{""simulation"": 3}","{""axis_role_coordinate"": true, ""n_source_points"": 13, ""granularity"": ""profile""}","[{""quantity_type"": ""precursor_partial_pressure"", ""symbol"": ""p_A0"", ""value"": ""65"", ""unit"": ""Pa"", ""species"": ""TMA"", ""reactant_role"": ""precursor"", ""assertion_status"": ""direct"", ""scope"": ""figure"", ""source"": ""caption"", ""evidence"": ""p A0 = 65 Pa""}, {""quantity_type"": ""carrier_gas_partial_pressure"", ""symbol"": ""p_B"", ""value"": ""300"", ""unit"": ""Pa"", ""species"": ""N2"", ""reactant_role"": ""carrier_or_coreactant"", ""assertion_status"": ""direct"", ""scope"": ""figure"", ""source"": ""caption"", ""evidence"": ""p B = 300 Pa""}, {""quantity_type"": ""precursor_partial_pressure"", ""symbol"": ""p_A0"", ""value"": ""65"", ""unit"": ""Pa"", ""species"": ""TMA"", ""reactant_role"": ""precursor"", ""assertion_status"": ""direct"", ""scope"": ""figure"", ""source"": ""body_mention"", ""evidence"": ""p A0 = 65 Pa""}, {""quantity_type"": ""carrier_gas_partial_pressure"", ""symbol"": ""p_B"", ""value"": ""300"", ""unit"": ""Pa"", ""species"": ""N2"", ""reactant_role"": ""carrier_or_coreactant"",",[],figure,ambiguous,,,,300 Pa (carrier_gas_partial_pressure); 65 Pa (precursor_partial_pressure),,,channel height,200 nm,10.1039_d0cp03358h::F10::a::200 nm
10.1039_d0cp03358h|18|10|a|500 nm|as_measured,10.1039_d0cp03358h,18,10,a,500 nm,as_measured,1,13,spatial_coordinate,film_thickness,nm,model,profile,10.1039_d0cp03358h-F10a-40,9,8,"Fig. 10 Simulated saturation profiles of ALD Al2O3 in microscopic rectangular LHAR channels, created with a MATLAB re-implementation of the Ylilammi et al. 33 diffusion-reaction model. Top row, varying channel height H and constant number of cycles N of 500: (a) as-measured saturation profile, (b) s"," intensities, in line with the reflectometer measurement results.

The effects of increasing the channel height and number of ALD cycles were simulated with the Ylilammi et al. 33 diffusionreaction model and compared with the experimental saturation profiles. Fig. 10 shows the simulated saturation p",Series E,,simulation,corroborated,provenance_gate(2 families),"['F', 'I', 'Me', 'R', 'X']",F: panel/figure source flag = simulated | F: pipeline relevance=model | R: 10 Simulated saturation profiles of ALD Al2O3 in microscopic rectangular,"{""simulation"": 3}","{""axis_role_coordinate"": true, ""n_source_points"": 13, ""granularity"": ""profile""}","[{""quantity_type"": ""precursor_partial_pressure"", ""symbol"": ""p_A0"", ""value"": ""65"", ""unit"": ""Pa"", ""species"": ""TMA"", ""reactant_role"": ""precursor"", ""assertion_status"": ""direct"", ""scope"": ""figure"", ""source"": ""caption"", ""evidence"": ""p A0 = 65 Pa""}, {""quantity_type"": ""carrier_gas_partial_pressure"", ""symbol"": ""p_B"", ""value"": ""300"", ""unit"": ""Pa"", ""species"": ""N2"", ""reactant_role"": ""carrier_or_coreactant"", ""assertion_status"": ""direct"", ""scope"": ""figure"", ""source"": ""caption"", ""evidence"": ""p B = 300 Pa""}, {""quantity_type"": ""precursor_partial_pressure"", ""symbol"": ""p_A0"", ""value"": ""65"", ""unit"": ""Pa"", ""species"": ""TMA"", ""reactant_role"": ""precursor"", ""assertion_status"": ""direct"", ""scope"": ""figure"", ""source"": ""body_mention"", ""evidence"": ""p A0 = 65 Pa""}, {""quantity_type"": ""carrier_gas_partial_pressure"", ""symbol"": ""p_B"", ""value"": ""300"", ""unit"": ""Pa"", ""species"": ""N2"", ""reactant_role"": ""carrier_or_coreactant"",",[],figure,ambiguous,,,,300 Pa (carrier_gas_partial_pressure); 65 Pa (precursor_partial_pressure),,,channel height,500 nm,10.1039_d0cp03358h::F10::a::500 nm
10.1039_d0cp03358h|18|10|a|1000 nm|as_measured,10.1039_d0cp03358h,18,10,a,1000 nm,as_measured,1,13,spatial_coordinate,film_thickness,nm,model,profile,10.1039_d0cp03358h-F10a-41,9,8,"Fig. 10 Simulated saturation profiles of ALD Al2O3 in microscopic rectangular LHAR channels, created with a MATLAB re-implementation of the Ylilammi et al. 33 diffusion-reaction model. Top row, varying channel height H and constant number of cycles N of 500: (a) as-measured saturation profile, (b) s"," intensities, in line with the reflectometer measurement results.

The effects of increasing the channel height and number of ALD cycles were simulated with the Ylilammi et al. 33 diffusionreaction model and compared with the experimental saturation profiles. Fig. 10 shows the simulated saturation p",Series E,,simulation,corroborated,provenance_gate(2 families),"['F', 'I', 'Me', 'R', 'X']",F: panel/figure source flag = simulated | F: pipeline relevance=model | R: 10 Simulated saturation profiles of ALD Al2O3 in microscopic rectangular,"{""simulation"": 3}","{""axis_role_coordinate"": true, ""n_source_points"": 13, ""granularity"": ""profile""}","[{""quantity_type"": ""precursor_partial_pressure"", ""symbol"": ""p_A0"", ""value"": ""65"", ""unit"": ""Pa"", ""species"": ""TMA"", ""reactant_role"": ""precursor"", ""assertion_status"": ""direct"", ""scope"": ""figure"", ""source"": ""caption"", ""evidence"": ""p A0 = 65 Pa""}, {""quantity_type"": ""carrier_gas_partial_pressure"", ""symbol"": ""p_B"", ""value"": ""300"", ""unit"": ""Pa"", ""species"": ""N2"", ""reactant_role"": ""carrier_or_coreactant"", ""assertion_status"": ""direct"", ""scope"": ""figure"", ""source"": ""caption"", ""evidence"": ""p B = 300 Pa""}, {""quantity_type"": ""precursor_partial_pressure"", ""symbol"": ""p_A0"", ""value"": ""65"", ""unit"": ""Pa"", ""species"": ""TMA"", ""reactant_role"": ""precursor"", ""assertion_status"": ""direct"", ""scope"": ""figure"", ""source"": ""body_mention"", ""evidence"": ""p A0 = 65 Pa""}, {""quantity_type"": ""carrier_gas_partial_pressure"", ""symbol"": ""p_B"", ""value"": ""300"", ""unit"": ""Pa"", ""species"": ""N2"", ""reactant_role"": ""carrier_or_coreactant"",",[],figure,ambiguous,,,,300 Pa (carrier_gas_partial_pressure); 65 Pa (precursor_partial_pressure),,,channel height,1000 nm,10.1039_d0cp03358h::F10::a::1000 nm
10.1039_d0cp03358h|18|10|a|2000 nm|as_measured,10.1039_d0cp03358h,18,10,a,2000 nm,as_measured,1,12,spatial_coordinate,film_thickness,nm,model,profile,10.1039_d0cp03358h-F10a-42,9,8,"Fig. 10 Simulated saturation profiles of ALD Al2O3 in microscopic rectangular LHAR channels, created with a MATLAB re-implementation of the Ylilammi et al. 33 diffusion-reaction model. Top row, varying channel height H and constant number of cycles N of 500: (a) as-measured saturation profile, (b) s"," intensities, in line with the reflectometer measurement results.

The effects of increasing the channel height and number of ALD cycles were simulated with the Ylilammi et al. 33 diffusionreaction model and compared with the experimental saturation profiles. Fig. 10 shows the simulated saturation p",Series E,,simulation,corroborated,provenance_gate(2 families),"['F', 'I', 'Me', 'R', 'X']",F: panel/figure source flag = simulated | F: pipeline relevance=model | R: 10 Simulated saturation profiles of ALD Al2O3 in microscopic rectangular,"{""simulation"": 3}","{""axis_role_coordinate"": true, ""n_source_points"": 12, ""granularity"": ""profile""}","[{""quantity_type"": ""precursor_partial_pressure"", ""symbol"": ""p_A0"", ""value"": ""65"", ""unit"": ""Pa"", ""species"": ""TMA"", ""reactant_role"": ""precursor"", ""assertion_status"": ""direct"", ""scope"": ""figure"", ""source"": ""caption"", ""evidence"": ""p A0 = 65 Pa""}, {""quantity_type"": ""carrier_gas_partial_pressure"", ""symbol"": ""p_B"", ""value"": ""300"", ""unit"": ""Pa"", ""species"": ""N2"", ""reactant_role"": ""carrier_or_coreactant"", ""assertion_status"": ""direct"", ""scope"": ""figure"", ""source"": ""caption"", ""evidence"": ""p B = 300 Pa""}, {""quantity_type"": ""precursor_partial_pressure"", ""symbol"": ""p_A0"", ""value"": ""65"", ""unit"": ""Pa"", ""species"": ""TMA"", ""reactant_role"": ""precursor"", ""assertion_status"": ""direct"", ""scope"": ""figure"", ""source"": ""body_mention"", ""evidence"": ""p A0 = 65 Pa""}, {""quantity_type"": ""carrier_gas_partial_pressure"", ""symbol"": ""p_B"", ""value"": ""300"", ""unit"": ""Pa"", ""species"": ""N2"", ""reactant_role"": ""carrier_or_coreactant"",",[],figure,ambiguous,,,,300 Pa (carrier_gas_partial_pressure); 65 Pa (precursor_partial_pressure),,,channel height,2000 nm,10.1039_d0cp03358h::F10::a::2000 nm
10.1039_d0cp03358h|18|10|b|100 nm|scaled,10.1039_d0cp03358h,18,10,b,100 nm,scaled,1,14,spatial_coordinate,growth_per_cycle,nm/cycle,model,profile,10.1039_d0cp03358h-F10b-43,9,8,"Fig. 10 Simulated saturation profiles of ALD Al2O3 in microscopic rectangular LHAR channels, created with a MATLAB re-implementation of the Ylilammi et al. 33 diffusion-reaction model. Top row, varying channel height H and constant number of cycles N of 500: (a) as-measured saturation profile, (b) s"," intensities, in line with the reflectometer measurement results.

The effects of increasing the channel height and number of ALD cycles were simulated with the Ylilammi et al. 33 diffusionreaction model and compared with the experimental saturation profiles. Fig. 10 shows the simulated saturation p",Series E,,simulation,corroborated,provenance_gate(2 families),"['F', 'I', 'Me', 'R', 'X']",F: panel/figure source flag = simulated | F: pipeline relevance=model | R: 10 Simulated saturation profiles of ALD Al2O3 in microscopic rectangular,"{""simulation"": 3}","{""axis_role_coordinate"": true, ""n_source_points"": 14, ""granularity"": ""profile""}","[{""quantity_type"": ""precursor_partial_pressure"", ""symbol"": ""p_A0"", ""value"": ""65"", ""unit"": ""Pa"", ""species"": ""TMA"", ""reactant_role"": ""precursor"", ""assertion_status"": ""direct"", ""scope"": ""figure"", ""source"": ""caption"", ""evidence"": ""p A0 = 65 Pa""}, {""quantity_type"": ""carrier_gas_partial_pressure"", ""symbol"": ""p_B"", ""value"": ""300"", ""unit"": ""Pa"", ""species"": ""N2"", ""reactant_role"": ""carrier_or_coreactant"", ""assertion_status"": ""direct"", ""scope"": ""figure"", ""source"": ""caption"", ""evidence"": ""p B = 300 Pa""}, {""quantity_type"": ""precursor_partial_pressure"", ""symbol"": ""p_A0"", ""value"": ""65"", ""unit"": ""Pa"", ""species"": ""TMA"", ""reactant_role"": ""precursor"", ""assertion_status"": ""direct"", ""scope"": ""figure"", ""source"": ""body_mention"", ""evidence"": ""p A0 = 65 Pa""}, {""quantity_type"": ""carrier_gas_partial_pressure"", ""symbol"": ""p_B"", ""value"": ""300"", ""unit"": ""Pa"", ""species"": ""N2"", ""reactant_role"": ""carrier_or_coreactant"",",[],figure,ambiguous,,,,300 Pa (carrier_gas_partial_pressure); 65 Pa (precursor_partial_pressure),,,channel height,100 nm,10.1039_d0cp03358h::F10::b::100 nm
10.1039_d0cp03358h|18|10|b|200 nm|scaled,10.1039_d0cp03358h,18,10,b,200 nm,scaled,1,11,spatial_coordinate,growth_per_cycle,nm/cycle,model,profile,10.1039_d0cp03358h-F10b-44,9,8,"Fig. 10 Simulated saturation profiles of ALD Al2O3 in microscopic rectangular LHAR channels, created with a MATLAB re-implementation of the Ylilammi et al. 33 diffusion-reaction model. Top row, varying channel height H and constant number of cycles N of 500: (a) as-measured saturation profile, (b) s"," intensities, in line with the reflectometer measurement results.

The effects of increasing the channel height and number of ALD cycles were simulated with the Ylilammi et al. 33 diffusionreaction model and compared with the experimental saturation profiles. Fig. 10 shows the simulated saturation p",Series E,,simulation,corroborated,provenance_gate(2 families),"['F', 'I', 'Me', 'R', 'X']",F: panel/figure source flag = simulated | F: pipeline relevance=model | R: 10 Simulated saturation profiles of ALD Al2O3 in microscopic rectangular,"{""simulation"": 3}","{""axis_role_coordinate"": true, ""n_source_points"": 11, ""granularity"": ""profile""}","[{""quantity_type"": ""precursor_partial_pressure"", ""symbol"": ""p_A0"", ""value"": ""65"", ""unit"": ""Pa"", ""species"": ""TMA"", ""reactant_role"": ""precursor"", ""assertion_status"": ""direct"", ""scope"": ""figure"", ""source"": ""caption"", ""evidence"": ""p A0 = 65 Pa""}, {""quantity_type"": ""carrier_gas_partial_pressure"", ""symbol"": ""p_B"", ""value"": ""300"", ""unit"": ""Pa"", ""species"": ""N2"", ""reactant_role"": ""carrier_or_coreactant"", ""assertion_status"": ""direct"", ""scope"": ""figure"", ""source"": ""caption"", ""evidence"": ""p B = 300 Pa""}, {""quantity_type"": ""precursor_partial_pressure"", ""symbol"": ""p_A0"", ""value"": ""65"", ""unit"": ""Pa"", ""species"": ""TMA"", ""reactant_role"": ""precursor"", ""assertion_status"": ""direct"", ""scope"": ""figure"", ""source"": ""body_mention"", ""evidence"": ""p A0 = 65 Pa""}, {""quantity_type"": ""carrier_gas_partial_pressure"", ""symbol"": ""p_B"", ""value"": ""300"", ""unit"": ""Pa"", ""species"": ""N2"", ""reactant_role"": ""carrier_or_coreactant"",",[],figure,ambiguous,,,,300 Pa (carrier_gas_partial_pressure); 65 Pa (precursor_partial_pressure),,,channel height,200 nm,10.1039_d0cp03358h::F10::b::200 nm
10.1039_d0cp03358h|18|10|b|500 nm|scaled,10.1039_d0cp03358h,18,10,b,500 nm,scaled,1,11,spatial_coordinate,growth_per_cycle,nm/cycle,model,profile,10.1039_d0cp03358h-F10b-45,9,8,"Fig. 10 Simulated saturation profiles of ALD Al2O3 in microscopic rectangular LHAR channels, created with a MATLAB re-implementation of the Ylilammi et al. 33 diffusion-reaction model. Top row, varying channel height H and constant number of cycles N of 500: (a) as-measured saturation profile, (b) s"," intensities, in line with the reflectometer measurement results.

The effects of increasing the channel height and number of ALD cycles were simulated with the Ylilammi et al. 33 diffusionreaction model and compared with the experimental saturation profiles. Fig. 10 shows the simulated saturation p",Series E,,simulation,corroborated,provenance_gate(2 families),"['F', 'I', 'Me', 'R', 'X']",F: panel/figure source flag = simulated | F: pipeline relevance=model | R: 10 Simulated saturation profiles of ALD Al2O3 in microscopic rectangular,"{""simulation"": 3}","{""axis_role_coordinate"": true, ""n_source_points"": 11, ""granularity"": ""profile""}","[{""quantity_type"": ""precursor_partial_pressure"", ""symbol"": ""p_A0"", ""value"": ""65"", ""unit"": ""Pa"", ""species"": ""TMA"", ""reactant_role"": ""precursor"", ""assertion_status"": ""direct"", ""scope"": ""figure"", ""source"": ""caption"", ""evidence"": ""p A0 = 65 Pa""}, {""quantity_type"": ""carrier_gas_partial_pressure"", ""symbol"": ""p_B"", ""value"": ""300"", ""unit"": ""Pa"", ""species"": ""N2"", ""reactant_role"": ""carrier_or_coreactant"", ""assertion_status"": ""direct"", ""scope"": ""figure"", ""source"": ""caption"", ""evidence"": ""p B = 300 Pa""}, {""quantity_type"": ""precursor_partial_pressure"", ""symbol"": ""p_A0"", ""value"": ""65"", ""unit"": ""Pa"", ""species"": ""TMA"", ""reactant_role"": ""precursor"", ""assertion_status"": ""direct"", ""scope"": ""figure"", ""source"": ""body_mention"", ""evidence"": ""p A0 = 65 Pa""}, {""quantity_type"": ""carrier_gas_partial_pressure"", ""symbol"": ""p_B"", ""value"": ""300"", ""unit"": ""Pa"", ""species"": ""N2"", ""reactant_role"": ""carrier_or_coreactant"",",[],figure,ambiguous,,,,300 Pa (carrier_gas_partial_pressure); 65 Pa (precursor_partial_pressure),,,channel height,500 nm,10.1039_d0cp03358h::F10::b::500 nm
10.1039_d0cp03358h|18|10|b|1000 nm|scaled,10.1039_d0cp03358h,18,10,b,1000 nm,scaled,1,10,spatial_coordinate,growth_per_cycle,nm/cycle,model,profile,10.1039_d0cp03358h-F10b-46,9,8,"Fig. 10 Simulated saturation profiles of ALD Al2O3 in microscopic rectangular LHAR channels, created with a MATLAB re-implementation of the Ylilammi et al. 33 diffusion-reaction model. Top row, varying channel height H and constant number of cycles N of 500: (a) as-measured saturation profile, (b) s"," intensities, in line with the reflectometer measurement results.

The effects of increasing the channel height and number of ALD cycles were simulated with the Ylilammi et al. 33 diffusionreaction model and compared with the experimental saturation profiles. Fig. 10 shows the simulated saturation p",Series E,,simulation,corroborated,provenance_gate(2 families),"['F', 'I', 'Me', 'R', 'X']",F: panel/figure source flag = simulated | F: pipeline relevance=model | R: 10 Simulated saturation profiles of ALD Al2O3 in microscopic rectangular,"{""simulation"": 3}","{""axis_role_coordinate"": true, ""n_source_points"": 10, ""granularity"": ""profile""}","[{""quantity_type"": ""precursor_partial_pressure"", ""symbol"": ""p_A0"", ""value"": ""65"", ""unit"": ""Pa"", ""species"": ""TMA"", ""reactant_role"": ""precursor"", ""assertion_status"": ""direct"", ""scope"": ""figure"", ""source"": ""caption"", ""evidence"": ""p A0 = 65 Pa""}, {""quantity_type"": ""carrier_gas_partial_pressure"", ""symbol"": ""p_B"", ""value"": ""300"", ""unit"": ""Pa"", ""species"": ""N2"", ""reactant_role"": ""carrier_or_coreactant"", ""assertion_status"": ""direct"", ""scope"": ""figure"", ""source"": ""caption"", ""evidence"": ""p B = 300 Pa""}, {""quantity_type"": ""precursor_partial_pressure"", ""symbol"": ""p_A0"", ""value"": ""65"", ""unit"": ""Pa"", ""species"": ""TMA"", ""reactant_role"": ""precursor"", ""assertion_status"": ""direct"", ""scope"": ""figure"", ""source"": ""body_mention"", ""evidence"": ""p A0 = 65 Pa""}, {""quantity_type"": ""carrier_gas_partial_pressure"", ""symbol"": ""p_B"", ""value"": ""300"", ""unit"": ""Pa"", ""species"": ""N2"", ""reactant_role"": ""carrier_or_coreactant"",",[],figure,ambiguous,,,,300 Pa (carrier_gas_partial_pressure); 65 Pa (precursor_partial_pressure),,,channel height,1000 nm,10.1039_d0cp03358h::F10::b::1000 nm
10.1039_d0cp03358h|18|10|b|2000 nm|scaled,10.1039_d0cp03358h,18,10,b,2000 nm,scaled,1,10,spatial_coordinate,growth_per_cycle,nm/cycle,model,profile,10.1039_d0cp03358h-F10b-47,9,8,"Fig. 10 Simulated saturation profiles of ALD Al2O3 in microscopic rectangular LHAR channels, created with a MATLAB re-implementation of the Ylilammi et al. 33 diffusion-reaction model. Top row, varying channel height H and constant number of cycles N of 500: (a) as-measured saturation profile, (b) s"," intensities, in line with the reflectometer measurement results.

The effects of increasing the channel height and number of ALD cycles were simulated with the Ylilammi et al. 33 diffusionreaction model and compared with the experimental saturation profiles. Fig. 10 shows the simulated saturation p",Series E,,simulation,corroborated,provenance_gate(2 families),"['F', 'I', 'Me', 'R', 'X']",F: panel/figure source flag = simulated | F: pipeline relevance=model | R: 10 Simulated saturation profiles of ALD Al2O3 in microscopic rectangular,"{""simulation"": 3}","{""axis_role_coordinate"": true, ""n_source_points"": 10, ""granularity"": ""profile""}","[{""quantity_type"": ""precursor_partial_pressure"", ""symbol"": ""p_A0"", ""value"": ""65"", ""unit"": ""Pa"", ""species"": ""TMA"", ""reactant_role"": ""precursor"", ""assertion_status"": ""direct"", ""scope"": ""figure"", ""source"": ""caption"", ""evidence"": ""p A0 = 65 Pa""}, {""quantity_type"": ""carrier_gas_partial_pressure"", ""symbol"": ""p_B"", ""value"": ""300"", ""unit"": ""Pa"", ""species"": ""N2"", ""reactant_role"": ""carrier_or_coreactant"", ""assertion_status"": ""direct"", ""scope"": ""figure"", ""source"": ""caption"", ""evidence"": ""p B = 300 Pa""}, {""quantity_type"": ""precursor_partial_pressure"", ""symbol"": ""p_A0"", ""value"": ""65"", ""unit"": ""Pa"", ""species"": ""TMA"", ""reactant_role"": ""precursor"", ""assertion_status"": ""direct"", ""scope"": ""figure"", ""source"": ""body_mention"", ""evidence"": ""p A0 = 65 Pa""}, {""quantity_type"": ""carrier_gas_partial_pressure"", ""symbol"": ""p_B"", ""value"": ""300"", ""unit"": ""Pa"", ""species"": ""N2"", ""reactant_role"": ""carrier_or_coreactant"",",[],figure,ambiguous,,,,300 Pa (carrier_gas_partial_pressure); 65 Pa (precursor_partial_pressure),,,channel height,2000 nm,10.1039_d0cp03358h::F10::b::2000 nm
10.1039_d0cp03358h|18|10|c|100 nm|normalized,10.1039_d0cp03358h,18,10,c,100 nm,normalized,1,14,spatial_coordinate,normalized_thickness,,model,profile,10.1039_d0cp03358h-F10c-48,9,8,"Fig. 10 Simulated saturation profiles of ALD Al2O3 in microscopic rectangular LHAR channels, created with a MATLAB re-implementation of the Ylilammi et al. 33 diffusion-reaction model. Top row, varying channel height H and constant number of cycles N of 500: (a) as-measured saturation profile, (b) s"," intensities, in line with the reflectometer measurement results.

The effects of increasing the channel height and number of ALD cycles were simulated with the Ylilammi et al. 33 diffusionreaction model and compared with the experimental saturation profiles. Fig. 10 shows the simulated saturation p",Series E,,simulation,corroborated,provenance_gate(2 families),"['F', 'I', 'Me', 'R', 'X']",F: panel/figure source flag = simulated | F: pipeline relevance=model | R: 10 Simulated saturation profiles of ALD Al2O3 in microscopic rectangular,"{""simulation"": 3}","{""axis_role_coordinate"": true, ""n_source_points"": 14, ""granularity"": ""profile""}","[{""quantity_type"": ""precursor_partial_pressure"", ""symbol"": ""p_A0"", ""value"": ""65"", ""unit"": ""Pa"", ""species"": ""TMA"", ""reactant_role"": ""precursor"", ""assertion_status"": ""direct"", ""scope"": ""figure"", ""source"": ""caption"", ""evidence"": ""p A0 = 65 Pa""}, {""quantity_type"": ""carrier_gas_partial_pressure"", ""symbol"": ""p_B"", ""value"": ""300"", ""unit"": ""Pa"", ""species"": ""N2"", ""reactant_role"": ""carrier_or_coreactant"", ""assertion_status"": ""direct"", ""scope"": ""figure"", ""source"": ""caption"", ""evidence"": ""p B = 300 Pa""}, {""quantity_type"": ""precursor_partial_pressure"", ""symbol"": ""p_A0"", ""value"": ""65"", ""unit"": ""Pa"", ""species"": ""TMA"", ""reactant_role"": ""precursor"", ""assertion_status"": ""direct"", ""scope"": ""figure"", ""source"": ""body_mention"", ""evidence"": ""p A0 = 65 Pa""}, {""quantity_type"": ""carrier_gas_partial_pressure"", ""symbol"": ""p_B"", ""value"": ""300"", ""unit"": ""Pa"", ""species"": ""N2"", ""reactant_role"": ""carrier_or_coreactant"",",[],figure,ambiguous,,,,300 Pa (carrier_gas_partial_pressure); 65 Pa (precursor_partial_pressure),,,channel height,100 nm,10.1039_d0cp03358h::F10::c::100 nm
10.1039_d0cp03358h|18|10|c|200 nm|normalized,10.1039_d0cp03358h,18,10,c,200 nm,normalized,1,11,spatial_coordinate,normalized_thickness,,model,profile,10.1039_d0cp03358h-F10c-49,9,8,"Fig. 10 Simulated saturation profiles of ALD Al2O3 in microscopic rectangular LHAR channels, created with a MATLAB re-implementation of the Ylilammi et al. 33 diffusion-reaction model. Top row, varying channel height H and constant number of cycles N of 500: (a) as-measured saturation profile, (b) s"," intensities, in line with the reflectometer measurement results.

The effects of increasing the channel height and number of ALD cycles were simulated with the Ylilammi et al. 33 diffusionreaction model and compared with the experimental saturation profiles. Fig. 10 shows the simulated saturation p",Series E,,simulation,corroborated,provenance_gate(2 families),"['F', 'I', 'Me', 'R', 'X']",F: panel/figure source flag = simulated | F: pipeline relevance=model | R: 10 Simulated saturation profiles of ALD Al2O3 in microscopic rectangular,"{""simulation"": 3}","{""axis_role_coordinate"": true, ""n_source_points"": 11, ""granularity"": ""profile""}","[{""quantity_type"": ""precursor_partial_pressure"", ""symbol"": ""p_A0"", ""value"": ""65"", ""unit"": ""Pa"", ""species"": ""TMA"", ""reactant_role"": ""precursor"", ""assertion_status"": ""direct"", ""scope"": ""figure"", ""source"": ""caption"", ""evidence"": ""p A0 = 65 Pa""}, {""quantity_type"": ""carrier_gas_partial_pressure"", ""symbol"": ""p_B"", ""value"": ""300"", ""unit"": ""Pa"", ""species"": ""N2"", ""reactant_role"": ""carrier_or_coreactant"", ""assertion_status"": ""direct"", ""scope"": ""figure"", ""source"": ""caption"", ""evidence"": ""p B = 300 Pa""}, {""quantity_type"": ""precursor_partial_pressure"", ""symbol"": ""p_A0"", ""value"": ""65"", ""unit"": ""Pa"", ""species"": ""TMA"", ""reactant_role"": ""precursor"", ""assertion_status"": ""direct"", ""scope"": ""figure"", ""source"": ""body_mention"", ""evidence"": ""p A0 = 65 Pa""}, {""quantity_type"": ""carrier_gas_partial_pressure"", ""symbol"": ""p_B"", ""value"": ""300"", ""unit"": ""Pa"", ""species"": ""N2"", ""reactant_role"": ""carrier_or_coreactant"",",[],figure,ambiguous,,,,300 Pa (carrier_gas_partial_pressure); 65 Pa (precursor_partial_pressure),,,channel height,200 nm,10.1039_d0cp03358h::F10::c::200 nm
10.1039_d0cp03358h|18|10|c|500 nm|normalized,10.1039_d0cp03358h,18,10,c,500 nm,normalized,1,11,spatial_coordinate,normalized_thickness,,model,profile,10.1039_d0cp03358h-F10c-50,9,8,"Fig. 10 Simulated saturation profiles of ALD Al2O3 in microscopic rectangular LHAR channels, created with a MATLAB re-implementation of the Ylilammi et al. 33 diffusion-reaction model. Top row, varying channel height H and constant number of cycles N of 500: (a) as-measured saturation profile, (b) s"," intensities, in line with the reflectometer measurement results.

The effects of increasing the channel height and number of ALD cycles were simulated with the Ylilammi et al. 33 diffusionreaction model and compared with the experimental saturation profiles. Fig. 10 shows the simulated saturation p",Series E,,simulation,corroborated,provenance_gate(2 families),"['F', 'I', 'Me', 'R', 'X']",F: panel/figure source flag = simulated | F: pipeline relevance=model | R: 10 Simulated saturation profiles of ALD Al2O3 in microscopic rectangular,"{""simulation"": 3}","{""axis_role_coordinate"": true, ""n_source_points"": 11, ""granularity"": ""profile""}","[{""quantity_type"": ""precursor_partial_pressure"", ""symbol"": ""p_A0"", ""value"": ""65"", ""unit"": ""Pa"", ""species"": ""TMA"", ""reactant_role"": ""precursor"", ""assertion_status"": ""direct"", ""scope"": ""figure"", ""source"": ""caption"", ""evidence"": ""p A0 = 65 Pa""}, {""quantity_type"": ""carrier_gas_partial_pressure"", ""symbol"": ""p_B"", ""value"": ""300"", ""unit"": ""Pa"", ""species"": ""N2"", ""reactant_role"": ""carrier_or_coreactant"", ""assertion_status"": ""direct"", ""scope"": ""figure"", ""source"": ""caption"", ""evidence"": ""p B = 300 Pa""}, {""quantity_type"": ""precursor_partial_pressure"", ""symbol"": ""p_A0"", ""value"": ""65"", ""unit"": ""Pa"", ""species"": ""TMA"", ""reactant_role"": ""precursor"", ""assertion_status"": ""direct"", ""scope"": ""figure"", ""source"": ""body_mention"", ""evidence"": ""p A0 = 65 Pa""}, {""quantity_type"": ""carrier_gas_partial_pressure"", ""symbol"": ""p_B"", ""value"": ""300"", ""unit"": ""Pa"", ""species"": ""N2"", ""reactant_role"": ""carrier_or_coreactant"",",[],figure,ambiguous,,,,300 Pa (carrier_gas_partial_pressure); 65 Pa (precursor_partial_pressure),,,channel height,500 nm,10.1039_d0cp03358h::F10::c::500 nm
10.1039_d0cp03358h|18|10|c|1000 nm|normalized,10.1039_d0cp03358h,18,10,c,1000 nm,normalized,1,10,spatial_coordinate,normalized_thickness,,model,profile,10.1039_d0cp03358h-F10c-51,9,8,"Fig. 10 Simulated saturation profiles of ALD Al2O3 in microscopic rectangular LHAR channels, created with a MATLAB re-implementation of the Ylilammi et al. 33 diffusion-reaction model. Top row, varying channel height H and constant number of cycles N of 500: (a) as-measured saturation profile, (b) s"," intensities, in line with the reflectometer measurement results.

The effects of increasing the channel height and number of ALD cycles were simulated with the Ylilammi et al. 33 diffusionreaction model and compared with the experimental saturation profiles. Fig. 10 shows the simulated saturation p",Series E,,simulation,corroborated,provenance_gate(2 families),"['F', 'I', 'Me', 'R', 'X']",F: panel/figure source flag = simulated | F: pipeline relevance=model | R: 10 Simulated saturation profiles of ALD Al2O3 in microscopic rectangular,"{""simulation"": 3}","{""axis_role_coordinate"": true, ""n_source_points"": 10, ""granularity"": ""profile""}","[{""quantity_type"": ""precursor_partial_pressure"", ""symbol"": ""p_A0"", ""value"": ""65"", ""unit"": ""Pa"", ""species"": ""TMA"", ""reactant_role"": ""precursor"", ""assertion_status"": ""direct"", ""scope"": ""figure"", ""source"": ""caption"", ""evidence"": ""p A0 = 65 Pa""}, {""quantity_type"": ""carrier_gas_partial_pressure"", ""symbol"": ""p_B"", ""value"": ""300"", ""unit"": ""Pa"", ""species"": ""N2"", ""reactant_role"": ""carrier_or_coreactant"", ""assertion_status"": ""direct"", ""scope"": ""figure"", ""source"": ""caption"", ""evidence"": ""p B = 300 Pa""}, {""quantity_type"": ""precursor_partial_pressure"", ""symbol"": ""p_A0"", ""value"": ""65"", ""unit"": ""Pa"", ""species"": ""TMA"", ""reactant_role"": ""precursor"", ""assertion_status"": ""direct"", ""scope"": ""figure"", ""source"": ""body_mention"", ""evidence"": ""p A0 = 65 Pa""}, {""quantity_type"": ""carrier_gas_partial_pressure"", ""symbol"": ""p_B"", ""value"": ""300"", ""unit"": ""Pa"", ""species"": ""N2"", ""reactant_role"": ""carrier_or_coreactant"",",[],figure,ambiguous,,,,300 Pa (carrier_gas_partial_pressure); 65 Pa (precursor_partial_pressure),,,channel height,1000 nm,10.1039_d0cp03358h::F10::c::1000 nm
10.1039_d0cp03358h|18|10|c|2000 nm|normalized,10.1039_d0cp03358h,18,10,c,2000 nm,normalized,1,10,spatial_coordinate,normalized_thickness,,model,profile,10.1039_d0cp03358h-F10c-52,9,8,"Fig. 10 Simulated saturation profiles of ALD Al2O3 in microscopic rectangular LHAR channels, created with a MATLAB re-implementation of the Ylilammi et al. 33 diffusion-reaction model. Top row, varying channel height H and constant number of cycles N of 500: (a) as-measured saturation profile, (b) s"," intensities, in line with the reflectometer measurement results.

The effects of increasing the channel height and number of ALD cycles were simulated with the Ylilammi et al. 33 diffusionreaction model and compared with the experimental saturation profiles. Fig. 10 shows the simulated saturation p",Series E,,simulation,corroborated,provenance_gate(2 families),"['F', 'I', 'Me', 'R', 'X']",F: panel/figure source flag = simulated | F: pipeline relevance=model | R: 10 Simulated saturation profiles of ALD Al2O3 in microscopic rectangular,"{""simulation"": 3}","{""axis_role_coordinate"": true, ""n_source_points"": 10, ""granularity"": ""profile""}","[{""quantity_type"": ""precursor_partial_pressure"", ""symbol"": ""p_A0"", ""value"": ""65"", ""unit"": ""Pa"", ""species"": ""TMA"", ""reactant_role"": ""precursor"", ""assertion_status"": ""direct"", ""scope"": ""figure"", ""source"": ""caption"", ""evidence"": ""p A0 = 65 Pa""}, {""quantity_type"": ""carrier_gas_partial_pressure"", ""symbol"": ""p_B"", ""value"": ""300"", ""unit"": ""Pa"", ""species"": ""N2"", ""reactant_role"": ""carrier_or_coreactant"", ""assertion_status"": ""direct"", ""scope"": ""figure"", ""source"": ""caption"", ""evidence"": ""p B = 300 Pa""}, {""quantity_type"": ""precursor_partial_pressure"", ""symbol"": ""p_A0"", ""value"": ""65"", ""unit"": ""Pa"", ""species"": ""TMA"", ""reactant_role"": ""precursor"", ""assertion_status"": ""direct"", ""scope"": ""figure"", ""source"": ""body_mention"", ""evidence"": ""p A0 = 65 Pa""}, {""quantity_type"": ""carrier_gas_partial_pressure"", ""symbol"": ""p_B"", ""value"": ""300"", ""unit"": ""Pa"", ""species"": ""N2"", ""reactant_role"": ""carrier_or_coreactant"",",[],figure,ambiguous,,,,300 Pa (carrier_gas_partial_pressure); 65 Pa (precursor_partial_pressure),,,channel height,2000 nm,10.1039_d0cp03358h::F10::c::2000 nm
10.1039_d0cp03358h|18|10|d|100 cycles|as_measured,10.1039_d0cp03358h,18,10,d,100 cycles,as_measured,1,9,spatial_coordinate,film_thickness,nm,model,profile,10.1039_d0cp03358h-F10d-53,9,8,"Fig. 10 Simulated saturation profiles of ALD Al2O3 in microscopic rectangular LHAR channels, created with a MATLAB re-implementation of the Ylilammi et al. 33 diffusion-reaction model. Top row, varying channel height H and constant number of cycles N of 500: (a) as-measured saturation profile, (b) s"," intensities, in line with the reflectometer measurement results.

The effects of increasing the channel height and number of ALD cycles were simulated with the Ylilammi et al. 33 diffusionreaction model and compared with the experimental saturation profiles. Fig. 10 shows the simulated saturation p",Series E,,simulation,corroborated,provenance_gate(2 families),"['F', 'I', 'Me', 'R', 'X']",F: panel/figure source flag = simulated | F: pipeline relevance=model | R: 10 Simulated saturation profiles of ALD Al2O3 in microscopic rectangular,"{""simulation"": 3}","{""axis_role_coordinate"": true, ""n_source_points"": 9, ""granularity"": ""profile""}","[{""quantity_type"": ""precursor_partial_pressure"", ""symbol"": ""p_A0"", ""value"": ""65"", ""unit"": ""Pa"", ""species"": ""TMA"", ""reactant_role"": ""precursor"", ""assertion_status"": ""direct"", ""scope"": ""figure"", ""source"": ""caption"", ""evidence"": ""p A0 = 65 Pa""}, {""quantity_type"": ""carrier_gas_partial_pressure"", ""symbol"": ""p_B"", ""value"": ""300"", ""unit"": ""Pa"", ""species"": ""N2"", ""reactant_role"": ""carrier_or_coreactant"", ""assertion_status"": ""direct"", ""scope"": ""figure"", ""source"": ""caption"", ""evidence"": ""p B = 300 Pa""}, {""quantity_type"": ""precursor_partial_pressure"", ""symbol"": ""p_A0"", ""value"": ""65"", ""unit"": ""Pa"", ""species"": ""TMA"", ""reactant_role"": ""precursor"", ""assertion_status"": ""direct"", ""scope"": ""figure"", ""source"": ""body_mention"", ""evidence"": ""p A0 = 65 Pa""}, {""quantity_type"": ""carrier_gas_partial_pressure"", ""symbol"": ""p_B"", ""value"": ""300"", ""unit"": ""Pa"", ""species"": ""N2"", ""reactant_role"": ""carrier_or_coreactant"",",[],figure,ambiguous,,,,300 Pa (carrier_gas_partial_pressure); 65 Pa (precursor_partial_pressure),,,number of cycles,100 cycles,10.1039_d0cp03358h::F10::d::100 cycles
10.1039_d0cp03358h|18|10|d|250 cycles|as_measured,10.1039_d0cp03358h,18,10,d,250 cycles,as_measured,1,9,spatial_coordinate,film_thickness,nm,model,profile,10.1039_d0cp03358h-F10d-54,9,8,"Fig. 10 Simulated saturation profiles of ALD Al2O3 in microscopic rectangular LHAR channels, created with a MATLAB re-implementation of the Ylilammi et al. 33 diffusion-reaction model. Top row, varying channel height H and constant number of cycles N of 500: (a) as-measured saturation profile, (b) s"," intensities, in line with the reflectometer measurement results.

The effects of increasing the channel height and number of ALD cycles were simulated with the Ylilammi et al. 33 diffusionreaction model and compared with the experimental saturation profiles. Fig. 10 shows the simulated saturation p",Series E,,simulation,corroborated,provenance_gate(2 families),"['F', 'I', 'Me', 'R', 'X']",F: panel/figure source flag = simulated | F: pipeline relevance=model | R: 10 Simulated saturation profiles of ALD Al2O3 in microscopic rectangular,"{""simulation"": 3}","{""axis_role_coordinate"": true, ""n_source_points"": 9, ""granularity"": ""profile""}","[{""quantity_type"": ""precursor_partial_pressure"", ""symbol"": ""p_A0"", ""value"": ""65"", ""unit"": ""Pa"", ""species"": ""TMA"", ""reactant_role"": ""precursor"", ""assertion_status"": ""direct"", ""scope"": ""figure"", ""source"": ""caption"", ""evidence"": ""p A0 = 65 Pa""}, {""quantity_type"": ""carrier_gas_partial_pressure"", ""symbol"": ""p_B"", ""value"": ""300"", ""unit"": ""Pa"", ""species"": ""N2"", ""reactant_role"": ""carrier_or_coreactant"", ""assertion_status"": ""direct"", ""scope"": ""figure"", ""source"": ""caption"", ""evidence"": ""p B = 300 Pa""}, {""quantity_type"": ""precursor_partial_pressure"", ""symbol"": ""p_A0"", ""value"": ""65"", ""unit"": ""Pa"", ""species"": ""TMA"", ""reactant_role"": ""precursor"", ""assertion_status"": ""direct"", ""scope"": ""figure"", ""source"": ""body_mention"", ""evidence"": ""p A0 = 65 Pa""}, {""quantity_type"": ""carrier_gas_partial_pressure"", ""symbol"": ""p_B"", ""value"": ""300"", ""unit"": ""Pa"", ""species"": ""N2"", ""reactant_role"": ""carrier_or_coreactant"",",[],figure,ambiguous,,,,300 Pa (carrier_gas_partial_pressure); 65 Pa (precursor_partial_pressure),,,number of cycles,250 cycles,10.1039_d0cp03358h::F10::d::250 cycles
10.1039_d0cp03358h|18|10|d|500 cycles|as_measured,10.1039_d0cp03358h,18,10,d,500 cycles,as_measured,1,9,spatial_coordinate,film_thickness,nm,model,profile,10.1039_d0cp03358h-F10d-55,9,8,"Fig. 10 Simulated saturation profiles of ALD Al2O3 in microscopic rectangular LHAR channels, created with a MATLAB re-implementation of the Ylilammi et al. 33 diffusion-reaction model. Top row, varying channel height H and constant number of cycles N of 500: (a) as-measured saturation profile, (b) s"," intensities, in line with the reflectometer measurement results.

The effects of increasing the channel height and number of ALD cycles were simulated with the Ylilammi et al. 33 diffusionreaction model and compared with the experimental saturation profiles. Fig. 10 shows the simulated saturation p",Series E,,simulation,corroborated,provenance_gate(2 families),"['F', 'I', 'Me', 'R', 'X']",F: panel/figure source flag = simulated | F: pipeline relevance=model | R: 10 Simulated saturation profiles of ALD Al2O3 in microscopic rectangular,"{""simulation"": 3}","{""axis_role_coordinate"": true, ""n_source_points"": 9, ""granularity"": ""profile""}","[{""quantity_type"": ""precursor_partial_pressure"", ""symbol"": ""p_A0"", ""value"": ""65"", ""unit"": ""Pa"", ""species"": ""TMA"", ""reactant_role"": ""precursor"", ""assertion_status"": ""direct"", ""scope"": ""figure"", ""source"": ""caption"", ""evidence"": ""p A0 = 65 Pa""}, {""quantity_type"": ""carrier_gas_partial_pressure"", ""symbol"": ""p_B"", ""value"": ""300"", ""unit"": ""Pa"", ""species"": ""N2"", ""reactant_role"": ""carrier_or_coreactant"", ""assertion_status"": ""direct"", ""scope"": ""figure"", ""source"": ""caption"", ""evidence"": ""p B = 300 Pa""}, {""quantity_type"": ""precursor_partial_pressure"", ""symbol"": ""p_A0"", ""value"": ""65"", ""unit"": ""Pa"", ""species"": ""TMA"", ""reactant_role"": ""precursor"", ""assertion_status"": ""direct"", ""scope"": ""figure"", ""source"": ""body_mention"", ""evidence"": ""p A0 = 65 Pa""}, {""quantity_type"": ""carrier_gas_partial_pressure"", ""symbol"": ""p_B"", ""value"": ""300"", ""unit"": ""Pa"", ""species"": ""N2"", ""reactant_role"": ""carrier_or_coreactant"",",[],figure,ambiguous,,,,300 Pa (carrier_gas_partial_pressure); 65 Pa (precursor_partial_pressure),,,number of cycles,500 cycles,10.1039_d0cp03358h::F10::d::500 cycles
10.1039_d0cp03358h|18|10|d|1000 cycles|as_measured,10.1039_d0cp03358h,18,10,d,1000 cycles,as_measured,1,11,spatial_coordinate,film_thickness,nm,model,profile,10.1039_d0cp03358h-F10d-56,9,8,"Fig. 10 Simulated saturation profiles of ALD Al2O3 in microscopic rectangular LHAR channels, created with a MATLAB re-implementation of the Ylilammi et al. 33 diffusion-reaction model. Top row, varying channel height H and constant number of cycles N of 500: (a) as-measured saturation profile, (b) s"," intensities, in line with the reflectometer measurement results.

The effects of increasing the channel height and number of ALD cycles were simulated with the Ylilammi et al. 33 diffusionreaction model and compared with the experimental saturation profiles. Fig. 10 shows the simulated saturation p",Series E,,simulation,corroborated,provenance_gate(2 families),"['F', 'I', 'Me', 'R', 'X']",F: panel/figure source flag = simulated | F: pipeline relevance=model | R: 10 Simulated saturation profiles of ALD Al2O3 in microscopic rectangular,"{""simulation"": 3}","{""axis_role_coordinate"": true, ""n_source_points"": 11, ""granularity"": ""profile""}","[{""quantity_type"": ""precursor_partial_pressure"", ""symbol"": ""p_A0"", ""value"": ""65"", ""unit"": ""Pa"", ""species"": ""TMA"", ""reactant_role"": ""precursor"", ""assertion_status"": ""direct"", ""scope"": ""figure"", ""source"": ""caption"", ""evidence"": ""p A0 = 65 Pa""}, {""quantity_type"": ""carrier_gas_partial_pressure"", ""symbol"": ""p_B"", ""value"": ""300"", ""unit"": ""Pa"", ""species"": ""N2"", ""reactant_role"": ""carrier_or_coreactant"", ""assertion_status"": ""direct"", ""scope"": ""figure"", ""source"": ""caption"", ""evidence"": ""p B = 300 Pa""}, {""quantity_type"": ""precursor_partial_pressure"", ""symbol"": ""p_A0"", ""value"": ""65"", ""unit"": ""Pa"", ""species"": ""TMA"", ""reactant_role"": ""precursor"", ""assertion_status"": ""direct"", ""scope"": ""figure"", ""source"": ""body_mention"", ""evidence"": ""p A0 = 65 Pa""}, {""quantity_type"": ""carrier_gas_partial_pressure"", ""symbol"": ""p_B"", ""value"": ""300"", ""unit"": ""Pa"", ""species"": ""N2"", ""reactant_role"": ""carrier_or_coreactant"",",[],figure,ambiguous,,,,300 Pa (carrier_gas_partial_pressure); 65 Pa (precursor_partial_pressure),,,number of cycles,1000 cycles,10.1039_d0cp03358h::F10::d::1000 cycles
10.1039_d0cp03358h|18|10|d|2000 cycles|as_measured,10.1039_d0cp03358h,18,10,d,2000 cycles,as_measured,1,12,spatial_coordinate,film_thickness,nm,model,profile,10.1039_d0cp03358h-F10d-57,9,8,"Fig. 10 Simulated saturation profiles of ALD Al2O3 in microscopic rectangular LHAR channels, created with a MATLAB re-implementation of the Ylilammi et al. 33 diffusion-reaction model. Top row, varying channel height H and constant number of cycles N of 500: (a) as-measured saturation profile, (b) s"," intensities, in line with the reflectometer measurement results.

The effects of increasing the channel height and number of ALD cycles were simulated with the Ylilammi et al. 33 diffusionreaction model and compared with the experimental saturation profiles. Fig. 10 shows the simulated saturation p",Series E,,simulation,corroborated,provenance_gate(2 families),"['F', 'I', 'Me', 'R', 'X']",F: panel/figure source flag = simulated | F: pipeline relevance=model | R: 10 Simulated saturation profiles of ALD Al2O3 in microscopic rectangular,"{""simulation"": 3}","{""axis_role_coordinate"": true, ""n_source_points"": 12, ""granularity"": ""profile""}","[{""quantity_type"": ""precursor_partial_pressure"", ""symbol"": ""p_A0"", ""value"": ""65"", ""unit"": ""Pa"", ""species"": ""TMA"", ""reactant_role"": ""precursor"", ""assertion_status"": ""direct"", ""scope"": ""figure"", ""source"": ""caption"", ""evidence"": ""p A0 = 65 Pa""}, {""quantity_type"": ""carrier_gas_partial_pressure"", ""symbol"": ""p_B"", ""value"": ""300"", ""unit"": ""Pa"", ""species"": ""N2"", ""reactant_role"": ""carrier_or_coreactant"", ""assertion_status"": ""direct"", ""scope"": ""figure"", ""source"": ""caption"", ""evidence"": ""p B = 300 Pa""}, {""quantity_type"": ""precursor_partial_pressure"", ""symbol"": ""p_A0"", ""value"": ""65"", ""unit"": ""Pa"", ""species"": ""TMA"", ""reactant_role"": ""precursor"", ""assertion_status"": ""direct"", ""scope"": ""figure"", ""source"": ""body_mention"", ""evidence"": ""p A0 = 65 Pa""}, {""quantity_type"": ""carrier_gas_partial_pressure"", ""symbol"": ""p_B"", ""value"": ""300"", ""unit"": ""Pa"", ""species"": ""N2"", ""reactant_role"": ""carrier_or_coreactant"",",[],figure,ambiguous,,,,300 Pa (carrier_gas_partial_pressure); 65 Pa (precursor_partial_pressure),,,number of cycles,2000 cycles,10.1039_d0cp03358h::F10::d::2000 cycles
10.1039_d0cp03358h|18|10|e|100 cycles|scaled,10.1039_d0cp03358h,18,10,e,100 cycles,scaled,1,10,spatial_coordinate,growth_per_cycle,nm/cycle,model,profile,10.1039_d0cp03358h-F10e-58,9,8,"Fig. 10 Simulated saturation profiles of ALD Al2O3 in microscopic rectangular LHAR channels, created with a MATLAB re-implementation of the Ylilammi et al. 33 diffusion-reaction model. Top row, varying channel height H and constant number of cycles N of 500: (a) as-measured saturation profile, (b) s"," intensities, in line with the reflectometer measurement results.

The effects of increasing the channel height and number of ALD cycles were simulated with the Ylilammi et al. 33 diffusionreaction model and compared with the experimental saturation profiles. Fig. 10 shows the simulated saturation p",Series E,,simulation,corroborated,provenance_gate(2 families),"['F', 'I', 'Me', 'R', 'X']",F: panel/figure source flag = simulated | F: pipeline relevance=model | R: 10 Simulated saturation profiles of ALD Al2O3 in microscopic rectangular,"{""simulation"": 3}","{""axis_role_coordinate"": true, ""n_source_points"": 10, ""granularity"": ""profile""}","[{""quantity_type"": ""precursor_partial_pressure"", ""symbol"": ""p_A0"", ""value"": ""65"", ""unit"": ""Pa"", ""species"": ""TMA"", ""reactant_role"": ""precursor"", ""assertion_status"": ""direct"", ""scope"": ""figure"", ""source"": ""caption"", ""evidence"": ""p A0 = 65 Pa""}, {""quantity_type"": ""carrier_gas_partial_pressure"", ""symbol"": ""p_B"", ""value"": ""300"", ""unit"": ""Pa"", ""species"": ""N2"", ""reactant_role"": ""carrier_or_coreactant"", ""assertion_status"": ""direct"", ""scope"": ""figure"", ""source"": ""caption"", ""evidence"": ""p B = 300 Pa""}, {""quantity_type"": ""precursor_partial_pressure"", ""symbol"": ""p_A0"", ""value"": ""65"", ""unit"": ""Pa"", ""species"": ""TMA"", ""reactant_role"": ""precursor"", ""assertion_status"": ""direct"", ""scope"": ""figure"", ""source"": ""body_mention"", ""evidence"": ""p A0 = 65 Pa""}, {""quantity_type"": ""carrier_gas_partial_pressure"", ""symbol"": ""p_B"", ""value"": ""300"", ""unit"": ""Pa"", ""species"": ""N2"", ""reactant_role"": ""carrier_or_coreactant"",",[],figure,ambiguous,,,,300 Pa (carrier_gas_partial_pressure); 65 Pa (precursor_partial_pressure),,,number of cycles,100 cycles,10.1039_d0cp03358h::F10::e::100 cycles
10.1039_d0cp03358h|18|10|e|250 cycles|scaled,10.1039_d0cp03358h,18,10,e,250 cycles,scaled,1,10,spatial_coordinate,growth_per_cycle,nm/cycle,model,profile,10.1039_d0cp03358h-F10e-59,9,8,"Fig. 10 Simulated saturation profiles of ALD Al2O3 in microscopic rectangular LHAR channels, created with a MATLAB re-implementation of the Ylilammi et al. 33 diffusion-reaction model. Top row, varying channel height H and constant number of cycles N of 500: (a) as-measured saturation profile, (b) s"," intensities, in line with the reflectometer measurement results.

The effects of increasing the channel height and number of ALD cycles were simulated with the Ylilammi et al. 33 diffusionreaction model and compared with the experimental saturation profiles. Fig. 10 shows the simulated saturation p",Series E,,simulation,corroborated,provenance_gate(2 families),"['F', 'I', 'Me', 'R', 'X']",F: panel/figure source flag = simulated | F: pipeline relevance=model | R: 10 Simulated saturation profiles of ALD Al2O3 in microscopic rectangular,"{""simulation"": 3}","{""axis_role_coordinate"": true, ""n_source_points"": 10, ""granularity"": ""profile""}","[{""quantity_type"": ""precursor_partial_pressure"", ""symbol"": ""p_A0"", ""value"": ""65"", ""unit"": ""Pa"", ""species"": ""TMA"", ""reactant_role"": ""precursor"", ""assertion_status"": ""direct"", ""scope"": ""figure"", ""source"": ""caption"", ""evidence"": ""p A0 = 65 Pa""}, {""quantity_type"": ""carrier_gas_partial_pressure"", ""symbol"": ""p_B"", ""value"": ""300"", ""unit"": ""Pa"", ""species"": ""N2"", ""reactant_role"": ""carrier_or_coreactant"", ""assertion_status"": ""direct"", ""scope"": ""figure"", ""source"": ""caption"", ""evidence"": ""p B = 300 Pa""}, {""quantity_type"": ""precursor_partial_pressure"", ""symbol"": ""p_A0"", ""value"": ""65"", ""unit"": ""Pa"", ""species"": ""TMA"", ""reactant_role"": ""precursor"", ""assertion_status"": ""direct"", ""scope"": ""figure"", ""source"": ""body_mention"", ""evidence"": ""p A0 = 65 Pa""}, {""quantity_type"": ""carrier_gas_partial_pressure"", ""symbol"": ""p_B"", ""value"": ""300"", ""unit"": ""Pa"", ""species"": ""N2"", ""reactant_role"": ""carrier_or_coreactant"",",[],figure,ambiguous,,,,300 Pa (carrier_gas_partial_pressure); 65 Pa (precursor_partial_pressure),,,number of cycles,250 cycles,10.1039_d0cp03358h::F10::e::250 cycles
10.1039_d0cp03358h|18|10|e|500 cycles|scaled,10.1039_d0cp03358h,18,10,e,500 cycles,scaled,1,11,spatial_coordinate,growth_per_cycle,nm/cycle,model,profile,10.1039_d0cp03358h-F10e-60,9,8,"Fig. 10 Simulated saturation profiles of ALD Al2O3 in microscopic rectangular LHAR channels, created with a MATLAB re-implementation of the Ylilammi et al. 33 diffusion-reaction model. Top row, varying channel height H and constant number of cycles N of 500: (a) as-measured saturation profile, (b) s"," intensities, in line with the reflectometer measurement results.

The effects of increasing the channel height and number of ALD cycles were simulated with the Ylilammi et al. 33 diffusionreaction model and compared with the experimental saturation profiles. Fig. 10 shows the simulated saturation p",Series E,,simulation,corroborated,provenance_gate(2 families),"['F', 'I', 'Me', 'R', 'X']",F: panel/figure source flag = simulated | F: pipeline relevance=model | R: 10 Simulated saturation profiles of ALD Al2O3 in microscopic rectangular,"{""simulation"": 3}","{""axis_role_coordinate"": true, ""n_source_points"": 11, ""granularity"": ""profile""}","[{""quantity_type"": ""precursor_partial_pressure"", ""symbol"": ""p_A0"", ""value"": ""65"", ""unit"": ""Pa"", ""species"": ""TMA"", ""reactant_role"": ""precursor"", ""assertion_status"": ""direct"", ""scope"": ""figure"", ""source"": ""caption"", ""evidence"": ""p A0 = 65 Pa""}, {""quantity_type"": ""carrier_gas_partial_pressure"", ""symbol"": ""p_B"", ""value"": ""300"", ""unit"": ""Pa"", ""species"": ""N2"", ""reactant_role"": ""carrier_or_coreactant"", ""assertion_status"": ""direct"", ""scope"": ""figure"", ""source"": ""caption"", ""evidence"": ""p B = 300 Pa""}, {""quantity_type"": ""precursor_partial_pressure"", ""symbol"": ""p_A0"", ""value"": ""65"", ""unit"": ""Pa"", ""species"": ""TMA"", ""reactant_role"": ""precursor"", ""assertion_status"": ""direct"", ""scope"": ""figure"", ""source"": ""body_mention"", ""evidence"": ""p A0 = 65 Pa""}, {""quantity_type"": ""carrier_gas_partial_pressure"", ""symbol"": ""p_B"", ""value"": ""300"", ""unit"": ""Pa"", ""species"": ""N2"", ""reactant_role"": ""carrier_or_coreactant"",",[],figure,ambiguous,,,,300 Pa (carrier_gas_partial_pressure); 65 Pa (precursor_partial_pressure),,,number of cycles,500 cycles,10.1039_d0cp03358h::F10::e::500 cycles
10.1039_d0cp03358h|18|10|e|1000 cycles|scaled,10.1039_d0cp03358h,18,10,e,1000 cycles,scaled,1,11,spatial_coordinate,growth_per_cycle,nm/cycle,model,profile,10.1039_d0cp03358h-F10e-61,9,8,"Fig. 10 Simulated saturation profiles of ALD Al2O3 in microscopic rectangular LHAR channels, created with a MATLAB re-implementation of the Ylilammi et al. 33 diffusion-reaction model. Top row, varying channel height H and constant number of cycles N of 500: (a) as-measured saturation profile, (b) s"," intensities, in line with the reflectometer measurement results.

The effects of increasing the channel height and number of ALD cycles were simulated with the Ylilammi et al. 33 diffusionreaction model and compared with the experimental saturation profiles. Fig. 10 shows the simulated saturation p",Series E,,simulation,corroborated,provenance_gate(2 families),"['F', 'I', 'Me', 'R', 'X']",F: panel/figure source flag = simulated | F: pipeline relevance=model | R: 10 Simulated saturation profiles of ALD Al2O3 in microscopic rectangular,"{""simulation"": 3}","{""axis_role_coordinate"": true, ""n_source_points"": 11, ""granularity"": ""profile""}","[{""quantity_type"": ""precursor_partial_pressure"", ""symbol"": ""p_A0"", ""value"": ""65"", ""unit"": ""Pa"", ""species"": ""TMA"", ""reactant_role"": ""precursor"", ""assertion_status"": ""direct"", ""scope"": ""figure"", ""source"": ""caption"", ""evidence"": ""p A0 = 65 Pa""}, {""quantity_type"": ""carrier_gas_partial_pressure"", ""symbol"": ""p_B"", ""value"": ""300"", ""unit"": ""Pa"", ""species"": ""N2"", ""reactant_role"": ""carrier_or_coreactant"", ""assertion_status"": ""direct"", ""scope"": ""figure"", ""source"": ""caption"", ""evidence"": ""p B = 300 Pa""}, {""quantity_type"": ""precursor_partial_pressure"", ""symbol"": ""p_A0"", ""value"": ""65"", ""unit"": ""Pa"", ""species"": ""TMA"", ""reactant_role"": ""precursor"", ""assertion_status"": ""direct"", ""scope"": ""figure"", ""source"": ""body_mention"", ""evidence"": ""p A0 = 65 Pa""}, {""quantity_type"": ""carrier_gas_partial_pressure"", ""symbol"": ""p_B"", ""value"": ""300"", ""unit"": ""Pa"", ""species"": ""N2"", ""reactant_role"": ""carrier_or_coreactant"",",[],figure,ambiguous,,,,300 Pa (carrier_gas_partial_pressure); 65 Pa (precursor_partial_pressure),,,number of cycles,1000 cycles,10.1039_d0cp03358h::F10::e::1000 cycles
10.1039_d0cp03358h|18|10|e|2000 cycles|scaled,10.1039_d0cp03358h,18,10,e,2000 cycles,scaled,1,11,spatial_coordinate,growth_per_cycle,nm/cycle,model,profile,10.1039_d0cp03358h-F10e-62,9,8,"Fig. 10 Simulated saturation profiles of ALD Al2O3 in microscopic rectangular LHAR channels, created with a MATLAB re-implementation of the Ylilammi et al. 33 diffusion-reaction model. Top row, varying channel height H and constant number of cycles N of 500: (a) as-measured saturation profile, (b) s"," intensities, in line with the reflectometer measurement results.

The effects of increasing the channel height and number of ALD cycles were simulated with the Ylilammi et al. 33 diffusionreaction model and compared with the experimental saturation profiles. Fig. 10 shows the simulated saturation p",Series E,,simulation,corroborated,provenance_gate(2 families),"['F', 'I', 'Me', 'R', 'X']",F: panel/figure source flag = simulated | F: pipeline relevance=model | R: 10 Simulated saturation profiles of ALD Al2O3 in microscopic rectangular,"{""simulation"": 3}","{""axis_role_coordinate"": true, ""n_source_points"": 11, ""granularity"": ""profile""}","[{""quantity_type"": ""precursor_partial_pressure"", ""symbol"": ""p_A0"", ""value"": ""65"", ""unit"": ""Pa"", ""species"": ""TMA"", ""reactant_role"": ""precursor"", ""assertion_status"": ""direct"", ""scope"": ""figure"", ""source"": ""caption"", ""evidence"": ""p A0 = 65 Pa""}, {""quantity_type"": ""carrier_gas_partial_pressure"", ""symbol"": ""p_B"", ""value"": ""300"", ""unit"": ""Pa"", ""species"": ""N2"", ""reactant_role"": ""carrier_or_coreactant"", ""assertion_status"": ""direct"", ""scope"": ""figure"", ""source"": ""caption"", ""evidence"": ""p B = 300 Pa""}, {""quantity_type"": ""precursor_partial_pressure"", ""symbol"": ""p_A0"", ""value"": ""65"", ""unit"": ""Pa"", ""species"": ""TMA"", ""reactant_role"": ""precursor"", ""assertion_status"": ""direct"", ""scope"": ""figure"", ""source"": ""body_mention"", ""evidence"": ""p A0 = 65 Pa""}, {""quantity_type"": ""carrier_gas_partial_pressure"", ""symbol"": ""p_B"", ""value"": ""300"", ""unit"": ""Pa"", ""species"": ""N2"", ""reactant_role"": ""carrier_or_coreactant"",",[],figure,ambiguous,,,,300 Pa (carrier_gas_partial_pressure); 65 Pa (precursor_partial_pressure),,,number of cycles,2000 cycles,10.1039_d0cp03358h::F10::e::2000 cycles
10.1039_d0cp03358h|18|10|f|100 cycles|normalized,10.1039_d0cp03358h,18,10,f,100 cycles,normalized,1,10,spatial_coordinate,normalized_thickness,,model,profile,10.1039_d0cp03358h-F10f-63,9,8,"Fig. 10 Simulated saturation profiles of ALD Al2O3 in microscopic rectangular LHAR channels, created with a MATLAB re-implementation of the Ylilammi et al. 33 diffusion-reaction model. Top row, varying channel height H and constant number of cycles N of 500: (a) as-measured saturation profile, (b) s"," intensities, in line with the reflectometer measurement results.

The effects of increasing the channel height and number of ALD cycles were simulated with the Ylilammi et al. 33 diffusionreaction model and compared with the experimental saturation profiles. Fig. 10 shows the simulated saturation p",Series E,,simulation,corroborated,provenance_gate(2 families),"['F', 'I', 'Me', 'R', 'X']",F: panel/figure source flag = simulated | F: pipeline relevance=model | R: 10 Simulated saturation profiles of ALD Al2O3 in microscopic rectangular,"{""simulation"": 3}","{""axis_role_coordinate"": true, ""n_source_points"": 10, ""granularity"": ""profile""}","[{""quantity_type"": ""precursor_partial_pressure"", ""symbol"": ""p_A0"", ""value"": ""65"", ""unit"": ""Pa"", ""species"": ""TMA"", ""reactant_role"": ""precursor"", ""assertion_status"": ""direct"", ""scope"": ""figure"", ""source"": ""caption"", ""evidence"": ""p A0 = 65 Pa""}, {""quantity_type"": ""carrier_gas_partial_pressure"", ""symbol"": ""p_B"", ""value"": ""300"", ""unit"": ""Pa"", ""species"": ""N2"", ""reactant_role"": ""carrier_or_coreactant"", ""assertion_status"": ""direct"", ""scope"": ""figure"", ""source"": ""caption"", ""evidence"": ""p B = 300 Pa""}, {""quantity_type"": ""precursor_partial_pressure"", ""symbol"": ""p_A0"", ""value"": ""65"", ""unit"": ""Pa"", ""species"": ""TMA"", ""reactant_role"": ""precursor"", ""assertion_status"": ""direct"", ""scope"": ""figure"", ""source"": ""body_mention"", ""evidence"": ""p A0 = 65 Pa""}, {""quantity_type"": ""carrier_gas_partial_pressure"", ""symbol"": ""p_B"", ""value"": ""300"", ""unit"": ""Pa"", ""species"": ""N2"", ""reactant_role"": ""carrier_or_coreactant"",",[],figure,ambiguous,,,,300 Pa (carrier_gas_partial_pressure); 65 Pa (precursor_partial_pressure),,,number of cycles,100 cycles,10.1039_d0cp03358h::F10::f::100 cycles
10.1039_d0cp03358h|18|10|f|250 cycles|normalized,10.1039_d0cp03358h,18,10,f,250 cycles,normalized,1,10,spatial_coordinate,normalized_thickness,,model,profile,10.1039_d0cp03358h-F10f-64,9,8,"Fig. 10 Simulated saturation profiles of ALD Al2O3 in microscopic rectangular LHAR channels, created with a MATLAB re-implementation of the Ylilammi et al. 33 diffusion-reaction model. Top row, varying channel height H and constant number of cycles N of 500: (a) as-measured saturation profile, (b) s"," intensities, in line with the reflectometer measurement results.

The effects of increasing the channel height and number of ALD cycles were simulated with the Ylilammi et al. 33 diffusionreaction model and compared with the experimental saturation profiles. Fig. 10 shows the simulated saturation p",Series E,,simulation,corroborated,provenance_gate(2 families),"['F', 'I', 'Me', 'R', 'X']",F: panel/figure source flag = simulated | F: pipeline relevance=model | R: 10 Simulated saturation profiles of ALD Al2O3 in microscopic rectangular,"{""simulation"": 3}","{""axis_role_coordinate"": true, ""n_source_points"": 10, ""granularity"": ""profile""}","[{""quantity_type"": ""precursor_partial_pressure"", ""symbol"": ""p_A0"", ""value"": ""65"", ""unit"": ""Pa"", ""species"": ""TMA"", ""reactant_role"": ""precursor"", ""assertion_status"": ""direct"", ""scope"": ""figure"", ""source"": ""caption"", ""evidence"": ""p A0 = 65 Pa""}, {""quantity_type"": ""carrier_gas_partial_pressure"", ""symbol"": ""p_B"", ""value"": ""300"", ""unit"": ""Pa"", ""species"": ""N2"", ""reactant_role"": ""carrier_or_coreactant"", ""assertion_status"": ""direct"", ""scope"": ""figure"", ""source"": ""caption"", ""evidence"": ""p B = 300 Pa""}, {""quantity_type"": ""precursor_partial_pressure"", ""symbol"": ""p_A0"", ""value"": ""65"", ""unit"": ""Pa"", ""species"": ""TMA"", ""reactant_role"": ""precursor"", ""assertion_status"": ""direct"", ""scope"": ""figure"", ""source"": ""body_mention"", ""evidence"": ""p A0 = 65 Pa""}, {""quantity_type"": ""carrier_gas_partial_pressure"", ""symbol"": ""p_B"", ""value"": ""300"", ""unit"": ""Pa"", ""species"": ""N2"", ""reactant_role"": ""carrier_or_coreactant"",",[],figure,ambiguous,,,,300 Pa (carrier_gas_partial_pressure); 65 Pa (precursor_partial_pressure),,,number of cycles,250 cycles,10.1039_d0cp03358h::F10::f::250 cycles
10.1039_d0cp03358h|18|10|f|500 cycles|normalized,10.1039_d0cp03358h,18,10,f,500 cycles,normalized,1,11,spatial_coordinate,normalized_thickness,,model,profile,10.1039_d0cp03358h-F10f-65,9,8,"Fig. 10 Simulated saturation profiles of ALD Al2O3 in microscopic rectangular LHAR channels, created with a MATLAB re-implementation of the Ylilammi et al. 33 diffusion-reaction model. Top row, varying channel height H and constant number of cycles N of 500: (a) as-measured saturation profile, (b) s"," intensities, in line with the reflectometer measurement results.

The effects of increasing the channel height and number of ALD cycles were simulated with the Ylilammi et al. 33 diffusionreaction model and compared with the experimental saturation profiles. Fig. 10 shows the simulated saturation p",Series E,,simulation,corroborated,provenance_gate(2 families),"['F', 'I', 'Me', 'R', 'X']",F: panel/figure source flag = simulated | F: pipeline relevance=model | R: 10 Simulated saturation profiles of ALD Al2O3 in microscopic rectangular,"{""simulation"": 3}","{""axis_role_coordinate"": true, ""n_source_points"": 11, ""granularity"": ""profile""}","[{""quantity_type"": ""precursor_partial_pressure"", ""symbol"": ""p_A0"", ""value"": ""65"", ""unit"": ""Pa"", ""species"": ""TMA"", ""reactant_role"": ""precursor"", ""assertion_status"": ""direct"", ""scope"": ""figure"", ""source"": ""caption"", ""evidence"": ""p A0 = 65 Pa""}, {""quantity_type"": ""carrier_gas_partial_pressure"", ""symbol"": ""p_B"", ""value"": ""300"", ""unit"": ""Pa"", ""species"": ""N2"", ""reactant_role"": ""carrier_or_coreactant"", ""assertion_status"": ""direct"", ""scope"": ""figure"", ""source"": ""caption"", ""evidence"": ""p B = 300 Pa""}, {""quantity_type"": ""precursor_partial_pressure"", ""symbol"": ""p_A0"", ""value"": ""65"", ""unit"": ""Pa"", ""species"": ""TMA"", ""reactant_role"": ""precursor"", ""assertion_status"": ""direct"", ""scope"": ""figure"", ""source"": ""body_mention"", ""evidence"": ""p A0 = 65 Pa""}, {""quantity_type"": ""carrier_gas_partial_pressure"", ""symbol"": ""p_B"", ""value"": ""300"", ""unit"": ""Pa"", ""species"": ""N2"", ""reactant_role"": ""carrier_or_coreactant"",",[],figure,ambiguous,,,,300 Pa (carrier_gas_partial_pressure); 65 Pa (precursor_partial_pressure),,,number of cycles,500 cycles,10.1039_d0cp03358h::F10::f::500 cycles
10.1039_d0cp03358h|18|10|f|1000 cycles|normalized,10.1039_d0cp03358h,18,10,f,1000 cycles,normalized,1,11,spatial_coordinate,normalized_thickness,,model,profile,10.1039_d0cp03358h-F10f-66,9,8,"Fig. 10 Simulated saturation profiles of ALD Al2O3 in microscopic rectangular LHAR channels, created with a MATLAB re-implementation of the Ylilammi et al. 33 diffusion-reaction model. Top row, varying channel height H and constant number of cycles N of 500: (a) as-measured saturation profile, (b) s"," intensities, in line with the reflectometer measurement results.

The effects of increasing the channel height and number of ALD cycles were simulated with the Ylilammi et al. 33 diffusionreaction model and compared with the experimental saturation profiles. Fig. 10 shows the simulated saturation p",Series E,,simulation,corroborated,provenance_gate(2 families),"['F', 'I', 'Me', 'R', 'X']",F: panel/figure source flag = simulated | F: pipeline relevance=model | R: 10 Simulated saturation profiles of ALD Al2O3 in microscopic rectangular,"{""simulation"": 3}","{""axis_role_coordinate"": true, ""n_source_points"": 11, ""granularity"": ""profile""}","[{""quantity_type"": ""precursor_partial_pressure"", ""symbol"": ""p_A0"", ""value"": ""65"", ""unit"": ""Pa"", ""species"": ""TMA"", ""reactant_role"": ""precursor"", ""assertion_status"": ""direct"", ""scope"": ""figure"", ""source"": ""caption"", ""evidence"": ""p A0 = 65 Pa""}, {""quantity_type"": ""carrier_gas_partial_pressure"", ""symbol"": ""p_B"", ""value"": ""300"", ""unit"": ""Pa"", ""species"": ""N2"", ""reactant_role"": ""carrier_or_coreactant"", ""assertion_status"": ""direct"", ""scope"": ""figure"", ""source"": ""caption"", ""evidence"": ""p B = 300 Pa""}, {""quantity_type"": ""precursor_partial_pressure"", ""symbol"": ""p_A0"", ""value"": ""65"", ""unit"": ""Pa"", ""species"": ""TMA"", ""reactant_role"": ""precursor"", ""assertion_status"": ""direct"", ""scope"": ""figure"", ""source"": ""body_mention"", ""evidence"": ""p A0 = 65 Pa""}, {""quantity_type"": ""carrier_gas_partial_pressure"", ""symbol"": ""p_B"", ""value"": ""300"", ""unit"": ""Pa"", ""species"": ""N2"", ""reactant_role"": ""carrier_or_coreactant"",",[],figure,ambiguous,,,,300 Pa (carrier_gas_partial_pressure); 65 Pa (precursor_partial_pressure),,,number of cycles,1000 cycles,10.1039_d0cp03358h::F10::f::1000 cycles
10.1039_d0cp03358h|18|10|f|2000 cycles|normalized,10.1039_d0cp03358h,18,10,f,2000 cycles,normalized,1,11,spatial_coordinate,normalized_thickness,,model,profile,10.1039_d0cp03358h-F10f-67,9,8,"Fig. 10 Simulated saturation profiles of ALD Al2O3 in microscopic rectangular LHAR channels, created with a MATLAB re-implementation of the Ylilammi et al. 33 diffusion-reaction model. Top row, varying channel height H and constant number of cycles N of 500: (a) as-measured saturation profile, (b) s"," intensities, in line with the reflectometer measurement results.

The effects of increasing the channel height and number of ALD cycles were simulated with the Ylilammi et al. 33 diffusionreaction model and compared with the experimental saturation profiles. Fig. 10 shows the simulated saturation p",Series E,,simulation,corroborated,provenance_gate(2 families),"['F', 'I', 'Me', 'R', 'X']",F: panel/figure source flag = simulated | F: pipeline relevance=model | R: 10 Simulated saturation profiles of ALD Al2O3 in microscopic rectangular,"{""simulation"": 3}","{""axis_role_coordinate"": true, ""n_source_points"": 11, ""granularity"": ""profile""}","[{""quantity_type"": ""precursor_partial_pressure"", ""symbol"": ""p_A0"", ""value"": ""65"", ""unit"": ""Pa"", ""species"": ""TMA"", ""reactant_role"": ""precursor"", ""assertion_status"": ""direct"", ""scope"": ""figure"", ""source"": ""caption"", ""evidence"": ""p A0 = 65 Pa""}, {""quantity_type"": ""carrier_gas_partial_pressure"", ""symbol"": ""p_B"", ""value"": ""300"", ""unit"": ""Pa"", ""species"": ""N2"", ""reactant_role"": ""carrier_or_coreactant"", ""assertion_status"": ""direct"", ""scope"": ""figure"", ""source"": ""caption"", ""evidence"": ""p B = 300 Pa""}, {""quantity_type"": ""precursor_partial_pressure"", ""symbol"": ""p_A0"", ""value"": ""65"", ""unit"": ""Pa"", ""species"": ""TMA"", ""reactant_role"": ""precursor"", ""assertion_status"": ""direct"", ""scope"": ""figure"", ""source"": ""body_mention"", ""evidence"": ""p A0 = 65 Pa""}, {""quantity_type"": ""carrier_gas_partial_pressure"", ""symbol"": ""p_B"", ""value"": ""300"", ""unit"": ""Pa"", ""species"": ""N2"", ""reactant_role"": ""carrier_or_coreactant"",",[],figure,ambiguous,,,,300 Pa (carrier_gas_partial_pressure); 65 Pa (precursor_partial_pressure),,,number of cycles,2000 cycles,10.1039_d0cp03358h::F10::f::2000 cycles
10.1039_d0cp03358h|19|11|a|0.1 s|primary,10.1039_d0cp03358h,19,11,a,0.1 s,primary,1,29,spatial_coordinate,film_thickness,nm,experimental,profile,10.1039_d0cp03358h-F11a-68,10,8,"Fig. 11 The thicknesses of the Al2O3 ALD film grown at 300 1 C using (a) different TMA pulse times (sample 12, 13, and 14 in Table 1 Series E) and (b) purge times in the LHAR channel with a design channel height of 500 nm (sample 12, 15, and 16 in Table 1 Series F). Note that the horizontal scale di"," edges of the scaled saturation profiles overlapped, and PD 50% decreased when the number of ALD cycles increased. The trends in the simulated results closely resembled the experimental saturation profiles.

## E. Characteristics of the TMA-water ALD process

Fig. 11a shows the effect of TMA pulse t","sample 12, 13, and 14 in Table 1 Series E",,experimental_profile,corroborated,coordinate_axis_gate(4 families),"['F', 'I', 'Me', 'R', 'X']","X: x axis 'spatial_coordinate' is a spatial coordinate; the curve is one specimen's profile | Me: on. Scanning or transmission electron microscopy (SEM or TEM) images acquired after careful specimen preparation allow the | R: effect of TMA pulse | I: sample 12, 13, and 14 in Table 1 Series E","{""discrete_experimental_sweep"": 3, ""experimental_profile"": 2}","{""axis_role_coordinate"": true, ""n_source_points"": 29, ""granularity"": ""profile""}",[],[],,,,,,,2,"caption: sample 12, 13, and",TMA pulse time,0.1 s,10.1039_d0cp03358h::F11::a::0.1 s
10.1039_d0cp03358h|19|11|a|0.2 s|primary,10.1039_d0cp03358h,19,11,a,0.2 s,primary,1,27,spatial_coordinate,film_thickness,nm,experimental,profile,10.1039_d0cp03358h-F11a-69,10,8,"Fig. 11 The thicknesses of the Al2O3 ALD film grown at 300 1 C using (a) different TMA pulse times (sample 12, 13, and 14 in Table 1 Series E) and (b) purge times in the LHAR channel with a design channel height of 500 nm (sample 12, 15, and 16 in Table 1 Series F). Note that the horizontal scale di"," edges of the scaled saturation profiles overlapped, and PD 50% decreased when the number of ALD cycles increased. The trends in the simulated results closely resembled the experimental saturation profiles.

## E. Characteristics of the TMA-water ALD process

Fig. 11a shows the effect of TMA pulse t","sample 12, 13, and 14 in Table 1 Series E",,experimental_profile,corroborated,coordinate_axis_gate(4 families),"['F', 'I', 'Me', 'R', 'X']","X: x axis 'spatial_coordinate' is a spatial coordinate; the curve is one specimen's profile | Me: on. Scanning or transmission electron microscopy (SEM or TEM) images acquired after careful specimen preparation allow the | R: effect of TMA pulse | I: sample 12, 13, and 14 in Table 1 Series E","{""discrete_experimental_sweep"": 3, ""experimental_profile"": 2}","{""axis_role_coordinate"": true, ""n_source_points"": 27, ""granularity"": ""profile""}",[],[],,,,,,,2,"caption: sample 12, 13, and",TMA pulse time,0.2 s,10.1039_d0cp03358h::F11::a::0.2 s
10.1039_d0cp03358h|19|11|a|0.4 s|primary,10.1039_d0cp03358h,19,11,a,0.4 s,primary,1,30,spatial_coordinate,film_thickness,nm,experimental,profile,10.1039_d0cp03358h-F11a-70,10,8,"Fig. 11 The thicknesses of the Al2O3 ALD film grown at 300 1 C using (a) different TMA pulse times (sample 12, 13, and 14 in Table 1 Series E) and (b) purge times in the LHAR channel with a design channel height of 500 nm (sample 12, 15, and 16 in Table 1 Series F). Note that the horizontal scale di"," edges of the scaled saturation profiles overlapped, and PD 50% decreased when the number of ALD cycles increased. The trends in the simulated results closely resembled the experimental saturation profiles.

## E. Characteristics of the TMA-water ALD process

Fig. 11a shows the effect of TMA pulse t","sample 12, 13, and 14 in Table 1 Series E",,experimental_profile,corroborated,coordinate_axis_gate(4 families),"['F', 'I', 'Me', 'R', 'X']","X: x axis 'spatial_coordinate' is a spatial coordinate; the curve is one specimen's profile | Me: on. Scanning or transmission electron microscopy (SEM or TEM) images acquired after careful specimen preparation allow the | R: effect of TMA pulse | I: sample 12, 13, and 14 in Table 1 Series E","{""discrete_experimental_sweep"": 3, ""experimental_profile"": 2}","{""axis_role_coordinate"": true, ""n_source_points"": 30, ""granularity"": ""profile""}",[],[],,,,,,,2,"caption: sample 12, 13, and",TMA pulse time,0.4 s,10.1039_d0cp03358h::F11::a::0.4 s
10.1039_d0cp03358h|19|11|b|1 s|primary,10.1039_d0cp03358h,19,11,b,1 s,primary,1,39,spatial_coordinate,film_thickness,nm,experimental,profile,10.1039_d0cp03358h-F11b-71,10,8,"Fig. 11 The thicknesses of the Al2O3 ALD film grown at 300 1 C using (a) different TMA pulse times (sample 12, 13, and 14 in Table 1 Series E) and (b) purge times in the LHAR channel with a design channel height of 500 nm (sample 12, 15, and 16 in Table 1 Series F). Note that the horizontal scale di"," edges of the scaled saturation profiles overlapped, and PD 50% decreased when the number of ALD cycles increased. The trends in the simulated results closely resembled the experimental saturation profiles.

## E. Characteristics of the TMA-water ALD process

Fig. 11a shows the effect of TMA pulse t","sample 12, 13, and 14 in Table 1 Series E",,experimental_profile,corroborated,coordinate_axis_gate(4 families),"['F', 'I', 'Me', 'R', 'X']","X: x axis 'spatial_coordinate' is a spatial coordinate; the curve is one specimen's profile | Me: on. Scanning or transmission electron microscopy (SEM or TEM) images acquired after careful specimen preparation allow the | R: effect of TMA pulse | I: sample 12, 13, and 14 in Table 1 Series E","{""discrete_experimental_sweep"": 3, ""experimental_profile"": 2}","{""axis_role_coordinate"": true, ""n_source_points"": 39, ""granularity"": ""profile""}",[],[],,,,,,,2,"caption: sample 12, 13, and",purge time,1 s,10.1039_d0cp03358h::F11::b::1 s
10.1039_d0cp03358h|19|11|b|4 s|primary,10.1039_d0cp03358h,19,11,b,4 s,primary,1,39,spatial_coordinate,film_thickness,nm,experimental,profile,10.1039_d0cp03358h-F11b-72,10,8,"Fig. 11 The thicknesses of the Al2O3 ALD film grown at 300 1 C using (a) different TMA pulse times (sample 12, 13, and 14 in Table 1 Series E) and (b) purge times in the LHAR channel with a design channel height of 500 nm (sample 12, 15, and 16 in Table 1 Series F). Note that the horizontal scale di"," edges of the scaled saturation profiles overlapped, and PD 50% decreased when the number of ALD cycles increased. The trends in the simulated results closely resembled the experimental saturation profiles.

## E. Characteristics of the TMA-water ALD process

Fig. 11a shows the effect of TMA pulse t","sample 12, 13, and 14 in Table 1 Series E",,experimental_profile,corroborated,coordinate_axis_gate(4 families),"['F', 'I', 'Me', 'R', 'X']","X: x axis 'spatial_coordinate' is a spatial coordinate; the curve is one specimen's profile | Me: on. Scanning or transmission electron microscopy (SEM or TEM) images acquired after careful specimen preparation allow the | R: effect of TMA pulse | I: sample 12, 13, and 14 in Table 1 Series E","{""discrete_experimental_sweep"": 3, ""experimental_profile"": 2}","{""axis_role_coordinate"": true, ""n_source_points"": 39, ""granularity"": ""profile""}",[],[],,,,,,,2,"caption: sample 12, 13, and",purge time,4 s,10.1039_d0cp03358h::F11::b::4 s
10.1039_d0cp03358h|19|11|b|10 s|primary,10.1039_d0cp03358h,19,11,b,10 s,primary,1,40,spatial_coordinate,film_thickness,nm,experimental,profile,10.1039_d0cp03358h-F11b-73,10,8,"Fig. 11 The thicknesses of the Al2O3 ALD film grown at 300 1 C using (a) different TMA pulse times (sample 12, 13, and 14 in Table 1 Series E) and (b) purge times in the LHAR channel with a design channel height of 500 nm (sample 12, 15, and 16 in Table 1 Series F). Note that the horizontal scale di"," edges of the scaled saturation profiles overlapped, and PD 50% decreased when the number of ALD cycles increased. The trends in the simulated results closely resembled the experimental saturation profiles.

## E. Characteristics of the TMA-water ALD process

Fig. 11a shows the effect of TMA pulse t","sample 12, 13, and 14 in Table 1 Series E",,experimental_profile,corroborated,coordinate_axis_gate(4 families),"['F', 'I', 'Me', 'R', 'X']","X: x axis 'spatial_coordinate' is a spatial coordinate; the curve is one specimen's profile | Me: on. Scanning or transmission electron microscopy (SEM or TEM) images acquired after careful specimen preparation allow the | R: effect of TMA pulse | I: sample 12, 13, and 14 in Table 1 Series E","{""discrete_experimental_sweep"": 3, ""experimental_profile"": 2}","{""axis_role_coordinate"": true, ""n_source_points"": 40, ""granularity"": ""profile""}",[],[],,,,,,,2,"caption: sample 12, 13, and",purge time,10 s,10.1039_d0cp03358h::F11::b::10 s
10.1039_d3dt01824e|5|2|a|Si|primary,10.1039_d3dt01824e,5,2,a,Si,primary,6,6,pulse_time,growth_per_cycle,nm/cycle,experimental,single,10.1039_d3dt01824e-2a-S0-P000;10.1039_d3dt01824e-2a-S0-P001;10.1039_d3dt01824e-2a-S0-P002;10.1039_d3dt01824e-2a-S0-P003;10.1039_d3dt01824e-2a-S0-P004;10.1039_d3dt01824e-2a-S0-P005,,3,Fig. 2 Dependence of Er2O3 /uniFB01 lm growth rate on the pulse length of 1 . Si(100) and SiO2 substrates were used at 200 °C with 1000 growth cycles.,"ate temperature of 200 °C with 1000 ALD cycles on Si(100) and SiO2 substrates. The saturative growth behavior of 1 was evaluated first using the following pulse/purge sequence: 1 (varied), N2 purge (8.0 s), water (0.3 s), and N2 purge (10.0 s). As depicted in Fig. 2, saturative growth was observed f",,,discrete_experimental_sweep,corroborated,multi_signal(2 families),"['F', 'Me', 'R', 'X']","Me: d composition using scanning electron microscopy (SEM), grazing incidence X-ray di /uniFB00 raction (GI-XRD), atomic force | R: Dependence of Er2O3 /uniFB01 lm growth rate on the pulse","{""discrete_experimental_sweep"": 2}","{""axis_role_coordinate"": false, ""n_source_points"": 6, ""granularity"": ""single""}",[],[],,,,,,,2,body: of 1 and 2 s,substrate,Si,10.1039_d3dt01824e::F2::a::Si
10.1039_d3dt01824e|5|2|a|SiO2|primary,10.1039_d3dt01824e,5,2,a,SiO2,primary,6,6,pulse_time,growth_per_cycle,nm/cycle,experimental,single,10.1039_d3dt01824e-2a-S1-P000;10.1039_d3dt01824e-2a-S1-P001;10.1039_d3dt01824e-2a-S1-P002;10.1039_d3dt01824e-2a-S1-P003;10.1039_d3dt01824e-2a-S1-P004;10.1039_d3dt01824e-2a-S1-P005,,3,Fig. 2 Dependence of Er2O3 /uniFB01 lm growth rate on the pulse length of 1 . Si(100) and SiO2 substrates were used at 200 °C with 1000 growth cycles.,"ate temperature of 200 °C with 1000 ALD cycles on Si(100) and SiO2 substrates. The saturative growth behavior of 1 was evaluated first using the following pulse/purge sequence: 1 (varied), N2 purge (8.0 s), water (0.3 s), and N2 purge (10.0 s). As depicted in Fig. 2, saturative growth was observed f",,,discrete_experimental_sweep,corroborated,multi_signal(2 families),"['F', 'Me', 'R', 'X']","Me: d composition using scanning electron microscopy (SEM), grazing incidence X-ray di /uniFB00 raction (GI-XRD), atomic force | R: Dependence of Er2O3 /uniFB01 lm growth rate on the pulse","{""discrete_experimental_sweep"": 2}","{""axis_role_coordinate"": false, ""n_source_points"": 6, ""granularity"": ""single""}",[],[],,,,,,,2,body: of 1 and 2 s,substrate,SiO2,10.1039_d3dt01824e::F2::a::SiO2
10.1039_d3dt01824e|6|3|a|Si|primary,10.1039_d3dt01824e,6,3,a,Si,primary,3,3,pulse_time,growth_per_cycle,nm/cycle,experimental,single,10.1039_d3dt01824e-3a-S2-P000;10.1039_d3dt01824e-3a-S2-P001;10.1039_d3dt01824e-3a-S2-P002,,,Fig. 3 Dependence of Er2O3 /uniFB01 lm growth rate on the water pulse length. Si(100) and SiO2 substrates were used at 200 °C with 1000 growth cycles.,"ehavior of the water precursor was evaluated next. A pulse/purge sequence of 1 (5.0 s),

Fig. 2 Dependence of Er2O3 /uniFB01 lm growth rate on the pulse length of 1 . Si(100) and SiO2 substrates were used at 200 °C with 1000 growth cycles.

<!-- image -->

|

Fig. 3 Dependence of Er2O3 /uniFB01 lm g",,,discrete_experimental_sweep,corroborated,multi_signal(2 families),"['F', 'Me', 'R', 'X']","Me: d composition using scanning electron microscopy (SEM), grazing incidence X-ray di /uniFB00 raction (GI-XRD), atomic force | R: Dependence of Er2O3 /uniFB01 lm growth rate on the pulse","{""discrete_experimental_sweep"": 2}","{""axis_role_coordinate"": false, ""n_source_points"": 3, ""granularity"": ""single""}",[],[],,,,,,,2,body: of 150 to 275 °C,substrate,Si,10.1039_d3dt01824e::F3::a::Si
10.1039_d3dt01824e|6|3|a|SiO2|primary,10.1039_d3dt01824e,6,3,a,SiO2,primary,3,3,pulse_time,growth_per_cycle,nm/cycle,experimental,single,10.1039_d3dt01824e-3a-S3-P000;10.1039_d3dt01824e-3a-S3-P001;10.1039_d3dt01824e-3a-S3-P002,,,Fig. 3 Dependence of Er2O3 /uniFB01 lm growth rate on the water pulse length. Si(100) and SiO2 substrates were used at 200 °C with 1000 growth cycles.,"ehavior of the water precursor was evaluated next. A pulse/purge sequence of 1 (5.0 s),

Fig. 2 Dependence of Er2O3 /uniFB01 lm growth rate on the pulse length of 1 . Si(100) and SiO2 substrates were used at 200 °C with 1000 growth cycles.

<!-- image -->

|

Fig. 3 Dependence of Er2O3 /uniFB01 lm g",,,discrete_experimental_sweep,corroborated,multi_signal(2 families),"['F', 'Me', 'R', 'X']","Me: d composition using scanning electron microscopy (SEM), grazing incidence X-ray di /uniFB00 raction (GI-XRD), atomic force | R: Dependence of Er2O3 /uniFB01 lm growth rate on the pulse","{""discrete_experimental_sweep"": 2}","{""axis_role_coordinate"": false, ""n_source_points"": 3, ""granularity"": ""single""}",[],[],,,,,,,2,body: of 150 to 275 °C,substrate,SiO2,10.1039_d3dt01824e::F3::a::SiO2
10.1039_d3dt01824e|7|4|a|Si|primary,10.1039_d3dt01824e,7,4,a,Si,primary,6,6,deposition_temperature,growth_per_cycle,nm/cycle,experimental,single,10.1039_d3dt01824e-4a-S4-P000;10.1039_d3dt01824e-4a-S4-P001;10.1039_d3dt01824e-4a-S4-P002;10.1039_d3dt01824e-4a-S4-P003;10.1039_d3dt01824e-4a-S4-P004;10.1039_d3dt01824e-4a-S4-P005,,3,Fig. 4 Dependence of Er2O3 /uniFB01 lm growth rate on Si(100) and SiO2 substrates as a function of deposition temperature.,"re range of 150 to 275 °C, with 25 °C temperature increments. Depositions were conducted with the optimized precursor pulse and purge lengths established above: 1 (5.0 s)/N2 purge (8.0 s)/water (0.2 s)/N2 purge (10.0 s) with 1000 ALD cycles. As illustrated in Fig. 4, the growth rate increased from 0",,,discrete_experimental_sweep,corroborated,multi_signal(2 families),"['F', 'Me', 'R', 'X']","Me: d composition using scanning electron microscopy (SEM), grazing incidence X-ray di /uniFB00 raction (GI-XRD), atomic force | R: as a function of deposition temperature","{""discrete_experimental_sweep"": 2}","{""axis_role_coordinate"": false, ""n_source_points"": 6, ""granularity"": ""single""}",[],[],,,,,,,2,body: of 150 to 275 °C,substrate,Si,10.1039_d3dt01824e::F4::a::Si
10.1039_d3dt01824e|7|4|a|SiO2|primary,10.1039_d3dt01824e,7,4,a,SiO2,primary,6,6,deposition_temperature,growth_per_cycle,nm/cycle,experimental,single,10.1039_d3dt01824e-4a-S5-P000;10.1039_d3dt01824e-4a-S5-P001;10.1039_d3dt01824e-4a-S5-P002;10.1039_d3dt01824e-4a-S5-P003;10.1039_d3dt01824e-4a-S5-P004;10.1039_d3dt01824e-4a-S5-P005,,3,Fig. 4 Dependence of Er2O3 /uniFB01 lm growth rate on Si(100) and SiO2 substrates as a function of deposition temperature.,"re range of 150 to 275 °C, with 25 °C temperature increments. Depositions were conducted with the optimized precursor pulse and purge lengths established above: 1 (5.0 s)/N2 purge (8.0 s)/water (0.2 s)/N2 purge (10.0 s) with 1000 ALD cycles. As illustrated in Fig. 4, the growth rate increased from 0",,,discrete_experimental_sweep,corroborated,multi_signal(2 families),"['F', 'Me', 'R', 'X']","Me: d composition using scanning electron microscopy (SEM), grazing incidence X-ray di /uniFB00 raction (GI-XRD), atomic force | R: as a function of deposition temperature","{""discrete_experimental_sweep"": 2}","{""axis_role_coordinate"": false, ""n_source_points"": 6, ""granularity"": ""single""}",[],[],,,,,,,2,body: of 150 to 275 °C,substrate,SiO2,10.1039_d3dt01824e::F4::a::SiO2
10.1039_d3dt01824e|10|7|a|150 °C|primary,10.1039_d3dt01824e,10,7,a,150 °C,primary,1,37,2θ,intensity,a.u.,experimental,unresolved,10.1039_d3dt01824e-F7a-6,,4,"Fig. 7 X-ray di /uniFB00 raction patterns of 25 nm thick Er2O3 thin /uniFB01 lms deposited at substrate temperatures of 150, 200, and 250 °C on Si(100) with 1000 cycles. The dotted lines represent the reference for cubic Er2O3 (COD 1010334 Er2O3)."," ALD cycles with a Si(100) substrate at 200 °C.

Fig. 6 AFM height images of 33 nm thick Er2O3 thin /uniFB01 lms grown on Si (100) (left, RMS roughness = 1.76 nm) and SiO2 (right, RMS roughness = 0.75 nm) at a substrate temperature of 200 °C.

<!-- image -->

Fig. 7 X-ray di /uniFB00 raction pattern",,,multi_output_measurement,corroborated,multi_signal(2 families),"['F', 'M', 'Me']","M: Si(100) and SiO2 with 1000 ALD cycles. Fig. 7 shows the GI-XRD di /uniFB00 raction patterns of films grown on Si(100) substrates. Films grown | X: x axis '2θ' is a measurement coordinate, not a prepared condition","{""multi_output_measurement"": 2, ""discrete_experimental_sweep"": 1}","{""axis_role_coordinate"": false, ""n_source_points"": 37, ""granularity"": ""unresolved""}",[],[],,,,,,,,,,,10.1039_d3dt01824e::F7::a::150 °C
10.1039_d3dt01824e|10|7|b|200 °C|primary,10.1039_d3dt01824e,10,7,b,200 °C,primary,1,37,2θ,intensity,a.u.,experimental,unresolved,10.1039_d3dt01824e-F7b-7,,4,"Fig. 7 X-ray di /uniFB00 raction patterns of 25 nm thick Er2O3 thin /uniFB01 lms deposited at substrate temperatures of 150, 200, and 250 °C on Si(100) with 1000 cycles. The dotted lines represent the reference for cubic Er2O3 (COD 1010334 Er2O3)."," ALD cycles with a Si(100) substrate at 200 °C.

Fig. 6 AFM height images of 33 nm thick Er2O3 thin /uniFB01 lms grown on Si (100) (left, RMS roughness = 1.76 nm) and SiO2 (right, RMS roughness = 0.75 nm) at a substrate temperature of 200 °C.

<!-- image -->

Fig. 7 X-ray di /uniFB00 raction pattern",,,multi_output_measurement,corroborated,multi_signal(2 families),"['F', 'M', 'Me']","M: Si(100) and SiO2 with 1000 ALD cycles. Fig. 7 shows the GI-XRD di /uniFB00 raction patterns of films grown on Si(100) substrates. Films grown | X: x axis '2θ' is a measurement coordinate, not a prepared condition","{""multi_output_measurement"": 2, ""discrete_experimental_sweep"": 1}","{""axis_role_coordinate"": false, ""n_source_points"": 37, ""granularity"": ""unresolved""}",[],[],,,,,,,,,,,10.1039_d3dt01824e::F7::b::200 °C
10.1039_d3dt01824e|10|7|c|250 °C|primary,10.1039_d3dt01824e,10,7,c,250 °C,primary,1,34,2θ,intensity,a.u.,experimental,unresolved,10.1039_d3dt01824e-F7c-8,,4,"Fig. 7 X-ray di /uniFB00 raction patterns of 25 nm thick Er2O3 thin /uniFB01 lms deposited at substrate temperatures of 150, 200, and 250 °C on Si(100) with 1000 cycles. The dotted lines represent the reference for cubic Er2O3 (COD 1010334 Er2O3)."," ALD cycles with a Si(100) substrate at 200 °C.

Fig. 6 AFM height images of 33 nm thick Er2O3 thin /uniFB01 lms grown on Si (100) (left, RMS roughness = 1.76 nm) and SiO2 (right, RMS roughness = 0.75 nm) at a substrate temperature of 200 °C.

<!-- image -->

Fig. 7 X-ray di /uniFB00 raction pattern",,,multi_output_measurement,corroborated,multi_signal(2 families),"['F', 'M', 'Me']","M: Si(100) and SiO2 with 1000 ALD cycles. Fig. 7 shows the GI-XRD di /uniFB00 raction patterns of films grown on Si(100) substrates. Films grown | X: x axis '2θ' is a measurement coordinate, not a prepared condition","{""multi_output_measurement"": 2, ""discrete_experimental_sweep"": 1}","{""axis_role_coordinate"": false, ""n_source_points"": 34, ""granularity"": ""unresolved""}",[],[],,,,,,,,,,,10.1039_d3dt01824e::F7::c::250 °C
10.1039_d3dt01824e|10|7|d|<single>|primary,10.1039_d3dt01824e,10,7,d,<single>,primary,1,51,2θ,intensity,a.u.,experimental,unresolved,10.1039_d3dt01824e-F7d-9,,4,"Fig. 7 X-ray di /uniFB00 raction patterns of 25 nm thick Er2O3 thin /uniFB01 lms deposited at substrate temperatures of 150, 200, and 250 °C on Si(100) with 1000 cycles. The dotted lines represent the reference for cubic Er2O3 (COD 1010334 Er2O3)."," ALD cycles with a Si(100) substrate at 200 °C.

Fig. 6 AFM height images of 33 nm thick Er2O3 thin /uniFB01 lms grown on Si (100) (left, RMS roughness = 1.76 nm) and SiO2 (right, RMS roughness = 0.75 nm) at a substrate temperature of 200 °C.

<!-- image -->

Fig. 7 X-ray di /uniFB00 raction pattern",,,multi_output_measurement,corroborated,multi_signal(2 families),"['F', 'M', 'Me']","M: Si(100) and SiO2 with 1000 ALD cycles. Fig. 7 shows the GI-XRD di /uniFB00 raction patterns of films grown on Si(100) substrates. Films grown | X: x axis '2θ' is a measurement coordinate, not a prepared condition","{""multi_output_measurement"": 2, ""discrete_experimental_sweep"": 1}","{""axis_role_coordinate"": false, ""n_source_points"": 51, ""granularity"": ""unresolved""}",[],[],,,,,,,,,,,10.1039_d3dt01824e::F7::d::<single>
10.1039_d3dt01824e|11|8|a|ET=0 min|primary,10.1039_d3dt01824e,11,8,a,ET=0 min,primary,1,20,Binding energy,intensity,cps,experimental,unresolved,10.1039_d3dt01824e-F8a-10,5,5,"Fig. 8 High-resolution XPS spectra of Er 4d5/2 (a), O 1s (b), C 1s (c) of the Er2O3 thin /uniFB01 lm grown on a Si(100) at a substrate temperature of 200 °C with 1500 cycles at various Ar ion etching times (ETs).","half maximum of the rocking curve for this texture is 7°.

## Film compositions

The elemental composition and chemical purity of the Er2O3 layers were studied using XPS to probe a 35 nm thick film deposited at 200 °C on a Si(100) substrate with native oxide. Fig. 8 shows the Er 4d5/2, O 1s, and C 1",,,unknown,conflicting_signals,tie_between_multi_output_measurement/discrete_experimental_sweep,"['F', 'M', 'Me', 'X']",,"{""multi_output_measurement"": 2, ""discrete_experimental_sweep"": 2}","{""axis_role_coordinate"": false, ""n_source_points"": 20, ""granularity"": ""unresolved""}",[],[],,,,,,,,,etching time,ET=0 min,10.1039_d3dt01824e::F8::a::ET=0 min
10.1039_d3dt01824e|11|8|a|ET=2min|primary,10.1039_d3dt01824e,11,8,a,ET=2min,primary,1,13,Binding energy,intensity,cps,experimental,unresolved,10.1039_d3dt01824e-F8a-11,5,5,"Fig. 8 High-resolution XPS spectra of Er 4d5/2 (a), O 1s (b), C 1s (c) of the Er2O3 thin /uniFB01 lm grown on a Si(100) at a substrate temperature of 200 °C with 1500 cycles at various Ar ion etching times (ETs).","half maximum of the rocking curve for this texture is 7°.

## Film compositions

The elemental composition and chemical purity of the Er2O3 layers were studied using XPS to probe a 35 nm thick film deposited at 200 °C on a Si(100) substrate with native oxide. Fig. 8 shows the Er 4d5/2, O 1s, and C 1",,,unknown,conflicting_signals,tie_between_multi_output_measurement/discrete_experimental_sweep,"['F', 'M', 'Me', 'X']",,"{""multi_output_measurement"": 2, ""discrete_experimental_sweep"": 2}","{""axis_role_coordinate"": false, ""n_source_points"": 13, ""granularity"": ""unresolved""}",[],[],,,,,,,,,etching time,ET=2min,10.1039_d3dt01824e::F8::a::ET=2min
10.1039_d3dt01824e|11|8|a|ET=5 min|primary,10.1039_d3dt01824e,11,8,a,ET=5 min,primary,1,12,Binding energy,intensity,cps,experimental,unresolved,10.1039_d3dt01824e-F8a-12,5,5,"Fig. 8 High-resolution XPS spectra of Er 4d5/2 (a), O 1s (b), C 1s (c) of the Er2O3 thin /uniFB01 lm grown on a Si(100) at a substrate temperature of 200 °C with 1500 cycles at various Ar ion etching times (ETs).","half maximum of the rocking curve for this texture is 7°.

## Film compositions

The elemental composition and chemical purity of the Er2O3 layers were studied using XPS to probe a 35 nm thick film deposited at 200 °C on a Si(100) substrate with native oxide. Fig. 8 shows the Er 4d5/2, O 1s, and C 1",,,unknown,conflicting_signals,tie_between_multi_output_measurement/discrete_experimental_sweep,"['F', 'M', 'Me', 'X']",,"{""multi_output_measurement"": 2, ""discrete_experimental_sweep"": 2}","{""axis_role_coordinate"": false, ""n_source_points"": 12, ""granularity"": ""unresolved""}",[],[],,,,,,,,,etching time,ET=5 min,10.1039_d3dt01824e::F8::a::ET=5 min
10.1039_d3dt01824e|11|8|a|ET=10 min|primary,10.1039_d3dt01824e,11,8,a,ET=10 min,primary,1,12,Binding energy,intensity,cps,experimental,unresolved,10.1039_d3dt01824e-F8a-13,5,5,"Fig. 8 High-resolution XPS spectra of Er 4d5/2 (a), O 1s (b), C 1s (c) of the Er2O3 thin /uniFB01 lm grown on a Si(100) at a substrate temperature of 200 °C with 1500 cycles at various Ar ion etching times (ETs).","half maximum of the rocking curve for this texture is 7°.

## Film compositions

The elemental composition and chemical purity of the Er2O3 layers were studied using XPS to probe a 35 nm thick film deposited at 200 °C on a Si(100) substrate with native oxide. Fig. 8 shows the Er 4d5/2, O 1s, and C 1",,,unknown,conflicting_signals,tie_between_multi_output_measurement/discrete_experimental_sweep,"['F', 'M', 'Me', 'X']",,"{""multi_output_measurement"": 2, ""discrete_experimental_sweep"": 2}","{""axis_role_coordinate"": false, ""n_source_points"": 12, ""granularity"": ""unresolved""}",[],[],,,,,,,,,etching time,ET=10 min,10.1039_d3dt01824e::F8::a::ET=10 min
10.1039_d3dt01824e|11|8|a|ET=15 min|primary,10.1039_d3dt01824e,11,8,a,ET=15 min,primary,1,12,Binding energy,intensity,cps,experimental,unresolved,10.1039_d3dt01824e-F8a-14,5,5,"Fig. 8 High-resolution XPS spectra of Er 4d5/2 (a), O 1s (b), C 1s (c) of the Er2O3 thin /uniFB01 lm grown on a Si(100) at a substrate temperature of 200 °C with 1500 cycles at various Ar ion etching times (ETs).","half maximum of the rocking curve for this texture is 7°.

## Film compositions

The elemental composition and chemical purity of the Er2O3 layers were studied using XPS to probe a 35 nm thick film deposited at 200 °C on a Si(100) substrate with native oxide. Fig. 8 shows the Er 4d5/2, O 1s, and C 1",,,unknown,conflicting_signals,tie_between_multi_output_measurement/discrete_experimental_sweep,"['F', 'M', 'Me', 'X']",,"{""multi_output_measurement"": 2, ""discrete_experimental_sweep"": 2}","{""axis_role_coordinate"": false, ""n_source_points"": 12, ""granularity"": ""unresolved""}",[],[],,,,,,,,,etching time,ET=15 min,10.1039_d3dt01824e::F8::a::ET=15 min
10.1039_d3dt01824e|11|8|b|ET=0min|primary,10.1039_d3dt01824e,11,8,b,ET=0min,primary,1,11,Binding Energy,intensity,cps,experimental,unresolved,10.1039_d3dt01824e-F8b-15,5,5,"Fig. 8 High-resolution XPS spectra of Er 4d5/2 (a), O 1s (b), C 1s (c) of the Er2O3 thin /uniFB01 lm grown on a Si(100) at a substrate temperature of 200 °C with 1500 cycles at various Ar ion etching times (ETs).","half maximum of the rocking curve for this texture is 7°.

## Film compositions

The elemental composition and chemical purity of the Er2O3 layers were studied using XPS to probe a 35 nm thick film deposited at 200 °C on a Si(100) substrate with native oxide. Fig. 8 shows the Er 4d5/2, O 1s, and C 1",,,unknown,conflicting_signals,tie_between_multi_output_measurement/discrete_experimental_sweep,"['F', 'M', 'Me', 'X']",,"{""multi_output_measurement"": 2, ""discrete_experimental_sweep"": 2}","{""axis_role_coordinate"": false, ""n_source_points"": 11, ""granularity"": ""unresolved""}",[],[],,,,,,,,,etching time,ET=0min,10.1039_d3dt01824e::F8::b::ET=0min
10.1039_d3dt01824e|11|8|b|ET=2min|primary,10.1039_d3dt01824e,11,8,b,ET=2min,primary,1,9,Binding Energy,intensity,cps,experimental,unresolved,10.1039_d3dt01824e-F8b-16,5,5,"Fig. 8 High-resolution XPS spectra of Er 4d5/2 (a), O 1s (b), C 1s (c) of the Er2O3 thin /uniFB01 lm grown on a Si(100) at a substrate temperature of 200 °C with 1500 cycles at various Ar ion etching times (ETs).","half maximum of the rocking curve for this texture is 7°.

## Film compositions

The elemental composition and chemical purity of the Er2O3 layers were studied using XPS to probe a 35 nm thick film deposited at 200 °C on a Si(100) substrate with native oxide. Fig. 8 shows the Er 4d5/2, O 1s, and C 1",,,unknown,conflicting_signals,tie_between_multi_output_measurement/discrete_experimental_sweep,"['F', 'M', 'Me', 'X']",,"{""multi_output_measurement"": 2, ""discrete_experimental_sweep"": 2}","{""axis_role_coordinate"": false, ""n_source_points"": 9, ""granularity"": ""unresolved""}",[],[],,,,,,,,,etching time,ET=2min,10.1039_d3dt01824e::F8::b::ET=2min
10.1039_d3dt01824e|11|8|b|ET=5min|primary,10.1039_d3dt01824e,11,8,b,ET=5min,primary,1,9,Binding Energy,intensity,cps,experimental,unresolved,10.1039_d3dt01824e-F8b-17,5,5,"Fig. 8 High-resolution XPS spectra of Er 4d5/2 (a), O 1s (b), C 1s (c) of the Er2O3 thin /uniFB01 lm grown on a Si(100) at a substrate temperature of 200 °C with 1500 cycles at various Ar ion etching times (ETs).","half maximum of the rocking curve for this texture is 7°.

## Film compositions

The elemental composition and chemical purity of the Er2O3 layers were studied using XPS to probe a 35 nm thick film deposited at 200 °C on a Si(100) substrate with native oxide. Fig. 8 shows the Er 4d5/2, O 1s, and C 1",,,unknown,conflicting_signals,tie_between_multi_output_measurement/discrete_experimental_sweep,"['F', 'M', 'Me', 'X']",,"{""multi_output_measurement"": 2, ""discrete_experimental_sweep"": 2}","{""axis_role_coordinate"": false, ""n_source_points"": 9, ""granularity"": ""unresolved""}",[],[],,,,,,,,,etching time,ET=5min,10.1039_d3dt01824e::F8::b::ET=5min
10.1039_d3dt01824e|11|8|b|ET=10min|primary,10.1039_d3dt01824e,11,8,b,ET=10min,primary,1,9,Binding Energy,intensity,cps,experimental,unresolved,10.1039_d3dt01824e-F8b-18,5,5,"Fig. 8 High-resolution XPS spectra of Er 4d5/2 (a), O 1s (b), C 1s (c) of the Er2O3 thin /uniFB01 lm grown on a Si(100) at a substrate temperature of 200 °C with 1500 cycles at various Ar ion etching times (ETs).","half maximum of the rocking curve for this texture is 7°.

## Film compositions

The elemental composition and chemical purity of the Er2O3 layers were studied using XPS to probe a 35 nm thick film deposited at 200 °C on a Si(100) substrate with native oxide. Fig. 8 shows the Er 4d5/2, O 1s, and C 1",,,unknown,conflicting_signals,tie_between_multi_output_measurement/discrete_experimental_sweep,"['F', 'M', 'Me', 'X']",,"{""multi_output_measurement"": 2, ""discrete_experimental_sweep"": 2}","{""axis_role_coordinate"": false, ""n_source_points"": 9, ""granularity"": ""unresolved""}",[],[],,,,,,,,,etching time,ET=10min,10.1039_d3dt01824e::F8::b::ET=10min
10.1039_d3dt01824e|11|8|b|ET=15min|primary,10.1039_d3dt01824e,11,8,b,ET=15min,primary,1,9,Binding Energy,intensity,cps,experimental,unresolved,10.1039_d3dt01824e-F8b-19,5,5,"Fig. 8 High-resolution XPS spectra of Er 4d5/2 (a), O 1s (b), C 1s (c) of the Er2O3 thin /uniFB01 lm grown on a Si(100) at a substrate temperature of 200 °C with 1500 cycles at various Ar ion etching times (ETs).","half maximum of the rocking curve for this texture is 7°.

## Film compositions

The elemental composition and chemical purity of the Er2O3 layers were studied using XPS to probe a 35 nm thick film deposited at 200 °C on a Si(100) substrate with native oxide. Fig. 8 shows the Er 4d5/2, O 1s, and C 1",,,unknown,conflicting_signals,tie_between_multi_output_measurement/discrete_experimental_sweep,"['F', 'M', 'Me', 'X']",,"{""multi_output_measurement"": 2, ""discrete_experimental_sweep"": 2}","{""axis_role_coordinate"": false, ""n_source_points"": 9, ""granularity"": ""unresolved""}",[],[],,,,,,,,,etching time,ET=15min,10.1039_d3dt01824e::F8::b::ET=15min
10.1039_d3dt01824e|11|8|c|ET=0min|primary,10.1039_d3dt01824e,11,8,c,ET=0min,primary,1,12,Binding Energy,intensity,cps,experimental,unresolved,10.1039_d3dt01824e-F8c-20,5,5,"Fig. 8 High-resolution XPS spectra of Er 4d5/2 (a), O 1s (b), C 1s (c) of the Er2O3 thin /uniFB01 lm grown on a Si(100) at a substrate temperature of 200 °C with 1500 cycles at various Ar ion etching times (ETs).","half maximum of the rocking curve for this texture is 7°.

## Film compositions

The elemental composition and chemical purity of the Er2O3 layers were studied using XPS to probe a 35 nm thick film deposited at 200 °C on a Si(100) substrate with native oxide. Fig. 8 shows the Er 4d5/2, O 1s, and C 1",,,unknown,conflicting_signals,tie_between_multi_output_measurement/discrete_experimental_sweep,"['F', 'M', 'Me', 'X']",,"{""multi_output_measurement"": 2, ""discrete_experimental_sweep"": 2}","{""axis_role_coordinate"": false, ""n_source_points"": 12, ""granularity"": ""unresolved""}",[],[],,,,,,,,,etching time,ET=0min,10.1039_d3dt01824e::F8::c::ET=0min
10.1039_d3dt01824e|11|8|c|ET=2min|primary,10.1039_d3dt01824e,11,8,c,ET=2min,primary,1,8,Binding Energy,intensity,cps,experimental,unresolved,10.1039_d3dt01824e-F8c-21,5,5,"Fig. 8 High-resolution XPS spectra of Er 4d5/2 (a), O 1s (b), C 1s (c) of the Er2O3 thin /uniFB01 lm grown on a Si(100) at a substrate temperature of 200 °C with 1500 cycles at various Ar ion etching times (ETs).","half maximum of the rocking curve for this texture is 7°.

## Film compositions

The elemental composition and chemical purity of the Er2O3 layers were studied using XPS to probe a 35 nm thick film deposited at 200 °C on a Si(100) substrate with native oxide. Fig. 8 shows the Er 4d5/2, O 1s, and C 1",,,unknown,conflicting_signals,tie_between_multi_output_measurement/discrete_experimental_sweep,"['F', 'M', 'Me', 'X']",,"{""multi_output_measurement"": 2, ""discrete_experimental_sweep"": 2}","{""axis_role_coordinate"": false, ""n_source_points"": 8, ""granularity"": ""unresolved""}",[],[],,,,,,,,,etching time,ET=2min,10.1039_d3dt01824e::F8::c::ET=2min
10.1039_d3dt01824e|11|8|c|ET=5min|primary,10.1039_d3dt01824e,11,8,c,ET=5min,primary,1,8,Binding Energy,intensity,cps,experimental,unresolved,10.1039_d3dt01824e-F8c-22,5,5,"Fig. 8 High-resolution XPS spectra of Er 4d5/2 (a), O 1s (b), C 1s (c) of the Er2O3 thin /uniFB01 lm grown on a Si(100) at a substrate temperature of 200 °C with 1500 cycles at various Ar ion etching times (ETs).","half maximum of the rocking curve for this texture is 7°.

## Film compositions

The elemental composition and chemical purity of the Er2O3 layers were studied using XPS to probe a 35 nm thick film deposited at 200 °C on a Si(100) substrate with native oxide. Fig. 8 shows the Er 4d5/2, O 1s, and C 1",,,unknown,conflicting_signals,tie_between_multi_output_measurement/discrete_experimental_sweep,"['F', 'M', 'Me', 'X']",,"{""multi_output_measurement"": 2, ""discrete_experimental_sweep"": 2}","{""axis_role_coordinate"": false, ""n_source_points"": 8, ""granularity"": ""unresolved""}",[],[],,,,,,,,,etching time,ET=5min,10.1039_d3dt01824e::F8::c::ET=5min
10.1039_d3dt01824e|11|8|c|ET=10min|primary,10.1039_d3dt01824e,11,8,c,ET=10min,primary,1,8,Binding Energy,intensity,cps,experimental,unresolved,10.1039_d3dt01824e-F8c-23,5,5,"Fig. 8 High-resolution XPS spectra of Er 4d5/2 (a), O 1s (b), C 1s (c) of the Er2O3 thin /uniFB01 lm grown on a Si(100) at a substrate temperature of 200 °C with 1500 cycles at various Ar ion etching times (ETs).","half maximum of the rocking curve for this texture is 7°.

## Film compositions

The elemental composition and chemical purity of the Er2O3 layers were studied using XPS to probe a 35 nm thick film deposited at 200 °C on a Si(100) substrate with native oxide. Fig. 8 shows the Er 4d5/2, O 1s, and C 1",,,unknown,conflicting_signals,tie_between_multi_output_measurement/discrete_experimental_sweep,"['F', 'M', 'Me', 'X']",,"{""multi_output_measurement"": 2, ""discrete_experimental_sweep"": 2}","{""axis_role_coordinate"": false, ""n_source_points"": 8, ""granularity"": ""unresolved""}",[],[],,,,,,,,,etching time,ET=10min,10.1039_d3dt01824e::F8::c::ET=10min
10.1039_d3dt01824e|11|8|c|ET=15min|primary,10.1039_d3dt01824e,11,8,c,ET=15min,primary,1,8,Binding Energy,intensity,cps,experimental,unresolved,10.1039_d3dt01824e-F8c-24,5,5,"Fig. 8 High-resolution XPS spectra of Er 4d5/2 (a), O 1s (b), C 1s (c) of the Er2O3 thin /uniFB01 lm grown on a Si(100) at a substrate temperature of 200 °C with 1500 cycles at various Ar ion etching times (ETs).","half maximum of the rocking curve for this texture is 7°.

## Film compositions

The elemental composition and chemical purity of the Er2O3 layers were studied using XPS to probe a 35 nm thick film deposited at 200 °C on a Si(100) substrate with native oxide. Fig. 8 shows the Er 4d5/2, O 1s, and C 1",,,unknown,conflicting_signals,tie_between_multi_output_measurement/discrete_experimental_sweep,"['F', 'M', 'Me', 'X']",,"{""multi_output_measurement"": 2, ""discrete_experimental_sweep"": 2}","{""axis_role_coordinate"": false, ""n_source_points"": 8, ""granularity"": ""unresolved""}",[],[],,,,,,,,,etching time,ET=15min,10.1039_d3dt01824e::F8::c::ET=15min
10.1039_d3dt01824e|12|9|a|C 1s|primary,10.1039_d3dt01824e,12,9,a,C 1s,primary,1,45,Ar Sputter Time,Atomic %,1,experimental,unresolved,10.1039_d3dt01824e-F9a-25,,6,Fig. 9 XPS depth pro /uniFB01 le of a 35 nm thick Er2O3 thin /uniFB01 lm grown on a Si (100) substrate at 200 °C.," Si 2p peak is not due to the Si(100) substrate. A similarly broad XPS peak in the Si 2p region was observed for Er2O3 films deposited using electron beam evaporation, which the authors claimed arose from the Er MVVAuger ionization rather than from Si 2p. 23

Fig. 9 shows an XPS depth profile obtain",,,multi_output_measurement,corroborated,multi_signal(2 families),"['F', 'M', 'Me', 'X']","M: Fig. 9 XPS depth pro /uniFB01 le of a 35 nm thick Er2O3 thin /uniFB01 lm grown on a Si (10 | X: x axis 'Ar Sputter Time' is a measurement coordinate, not a prepared condition","{""continuous_trace"": 1, ""multi_output_measurement"": 2, ""discrete_experimental_sweep"": 1}","{""axis_role_coordinate"": false, ""n_source_points"": 45, ""granularity"": ""unresolved""}",[],[],,,,,,,,,element,C 1s,10.1039_d3dt01824e::F9::a::C 1s
10.1039_d3dt01824e|12|9|a|Er 4d5/2|primary,10.1039_d3dt01824e,12,9,a,Er 4d5/2,primary,1,73,Ar Sputter Time,Atomic %,1,experimental,unresolved,10.1039_d3dt01824e-F9a-26,,6,Fig. 9 XPS depth pro /uniFB01 le of a 35 nm thick Er2O3 thin /uniFB01 lm grown on a Si (100) substrate at 200 °C.," Si 2p peak is not due to the Si(100) substrate. A similarly broad XPS peak in the Si 2p region was observed for Er2O3 films deposited using electron beam evaporation, which the authors claimed arose from the Er MVVAuger ionization rather than from Si 2p. 23

Fig. 9 shows an XPS depth profile obtain",,,multi_output_measurement,corroborated,multi_signal(2 families),"['F', 'M', 'Me', 'X']","M: Fig. 9 XPS depth pro /uniFB01 le of a 35 nm thick Er2O3 thin /uniFB01 lm grown on a Si (10 | X: x axis 'Ar Sputter Time' is a measurement coordinate, not a prepared condition","{""continuous_trace"": 1, ""multi_output_measurement"": 2, ""discrete_experimental_sweep"": 1}","{""axis_role_coordinate"": false, ""n_source_points"": 73, ""granularity"": ""unresolved""}",[],[],,,,,,,,,element,Er 4d5/2,10.1039_d3dt01824e::F9::a::Er 4d5/2
10.1039_d3dt01824e|12|9|a|N 1s|primary,10.1039_d3dt01824e,12,9,a,N 1s,primary,1,46,Ar Sputter Time,Atomic %,1,experimental,unresolved,10.1039_d3dt01824e-F9a-27,,6,Fig. 9 XPS depth pro /uniFB01 le of a 35 nm thick Er2O3 thin /uniFB01 lm grown on a Si (100) substrate at 200 °C.," Si 2p peak is not due to the Si(100) substrate. A similarly broad XPS peak in the Si 2p region was observed for Er2O3 films deposited using electron beam evaporation, which the authors claimed arose from the Er MVVAuger ionization rather than from Si 2p. 23

Fig. 9 shows an XPS depth profile obtain",,,multi_output_measurement,corroborated,multi_signal(2 families),"['F', 'M', 'Me', 'X']","M: Fig. 9 XPS depth pro /uniFB01 le of a 35 nm thick Er2O3 thin /uniFB01 lm grown on a Si (10 | X: x axis 'Ar Sputter Time' is a measurement coordinate, not a prepared condition","{""continuous_trace"": 1, ""multi_output_measurement"": 2, ""discrete_experimental_sweep"": 1}","{""axis_role_coordinate"": false, ""n_source_points"": 46, ""granularity"": ""unresolved""}",[],[],,,,,,,,,element,N 1s,10.1039_d3dt01824e::F9::a::N 1s
10.1039_d3dt01824e|12|9|a|O 1s|primary,10.1039_d3dt01824e,12,9,a,O 1s,primary,1,73,Ar Sputter Time,Atomic %,1,experimental,unresolved,10.1039_d3dt01824e-F9a-28,,6,Fig. 9 XPS depth pro /uniFB01 le of a 35 nm thick Er2O3 thin /uniFB01 lm grown on a Si (100) substrate at 200 °C.," Si 2p peak is not due to the Si(100) substrate. A similarly broad XPS peak in the Si 2p region was observed for Er2O3 films deposited using electron beam evaporation, which the authors claimed arose from the Er MVVAuger ionization rather than from Si 2p. 23

Fig. 9 shows an XPS depth profile obtain",,,multi_output_measurement,corroborated,multi_signal(2 families),"['F', 'M', 'Me', 'X']","M: Fig. 9 XPS depth pro /uniFB01 le of a 35 nm thick Er2O3 thin /uniFB01 lm grown on a Si (10 | X: x axis 'Ar Sputter Time' is a measurement coordinate, not a prepared condition","{""continuous_trace"": 1, ""multi_output_measurement"": 2, ""discrete_experimental_sweep"": 1}","{""axis_role_coordinate"": false, ""n_source_points"": 73, ""granularity"": ""unresolved""}",[],[],,,,,,,,,element,O 1s,10.1039_d3dt01824e::F9::a::O 1s
10.1039_d3dt01824e|12|9|a|Si 2s|primary,10.1039_d3dt01824e,12,9,a,Si 2s,primary,1,52,Ar Sputter Time,Atomic %,1,experimental,unresolved,10.1039_d3dt01824e-F9a-29,,6,Fig. 9 XPS depth pro /uniFB01 le of a 35 nm thick Er2O3 thin /uniFB01 lm grown on a Si (100) substrate at 200 °C.," Si 2p peak is not due to the Si(100) substrate. A similarly broad XPS peak in the Si 2p region was observed for Er2O3 films deposited using electron beam evaporation, which the authors claimed arose from the Er MVVAuger ionization rather than from Si 2p. 23

Fig. 9 shows an XPS depth profile obtain",,,multi_output_measurement,corroborated,multi_signal(2 families),"['F', 'M', 'Me', 'X']","M: Fig. 9 XPS depth pro /uniFB01 le of a 35 nm thick Er2O3 thin /uniFB01 lm grown on a Si (10 | X: x axis 'Ar Sputter Time' is a measurement coordinate, not a prepared condition","{""continuous_trace"": 1, ""multi_output_measurement"": 2, ""discrete_experimental_sweep"": 1}","{""axis_role_coordinate"": false, ""n_source_points"": 52, ""granularity"": ""unresolved""}",[],[],,,,,,,,,element,Si 2s,10.1039_d3dt01824e::F9::a::Si 2s
10.1039_d3ra05217f|5|1|a|1H-NMR spectrum of Y(sBuCp)3|primary,10.1039_d3ra05217f,5,1,a,1H-NMR spectrum of Y(sBuCp)3,primary,1,42,PPM,intensity,a.u.,experimental,unresolved,10.1039_d3ra05217f-F1a-0,3,,Fig. 1 1 H-NMR spectrum of Y( s BuCp)3.,"-voltage ( I -V ) curves were also acquired (Keithley, Sourcemeter 2450). The probe station was coaxial probe.

## Results and discussion

## Chemical identi  cation of Y( s BuCp)3 precursor

The synthesized Y( s BuCp)3 was con  rmed by 1 H-NMR measurement. Fig. 1 shows the 1 H-NMR spectrum of Y( ",,,unknown,insufficient_corroboration,only_one_signal_family(discrete_experimental_sweep),"['F', 'Me']",,"{""discrete_experimental_sweep"": 2}","{""axis_role_coordinate"": false, ""n_source_points"": 42, ""granularity"": ""unresolved""}","[{""quantity_type"": ""generic_pressure"", ""symbol"": null, ""value"": ""0.1"", ""unit"": ""Torr"", ""species"": null, ""reactant_role"": null, ""assertion_status"": ""direct"", ""scope"": ""figure"", ""source"": ""body_mention"", ""evidence"": "". The vapor pressure of Y( s BuCp)3 was 0.1 Torr at 149 °C. The vapor pressure of Y( n BuCp)3 has been reported to be 0.1 Torr at 150 °C. 20""}, {""quantity_type"": ""generic_pressure"", ""symbol"": null, ""value"": ""0.1"", ""unit"": ""Torr"", ""species"": null, ""reactant_role"": null, ""assertion_status"": ""direct"", ""scope"": ""figure"", ""source"": ""body_mention"", ""evidence"": ""of Y( n BuCp)3 has been reported to be 0.1 Torr at 150 °C. 20 Thus, the introduction of a branched alkyl structure slightly improved the vap""}, {""quantity_type"": ""working_pressure"", ""symbol"": null, ""value"": ""0.75"", ""unit"": ""Torr"", ""species"": null, ""reactant_role"": null, ""assertion_status"": ""direct"", ""scope"": ""paper"", ""source""",[],figure,resolved,0.1,Torr,generic_pressure,0.1 Torr (generic_pressure),,,,,10.1039_d3ra05217f::F1::a::1H-NMR spectrum of Y(sBuCp)3
10.1039_d3ra05217f|6|2|a|Y(sBuCp)3|primary,10.1039_d3ra05217f,6,2,a,Y(sBuCp)3,primary,50,50,deposition_temperature,vapor_pressure,Pa,experimental,single,10.1039_d3ra05217f-2a-S0-P000;10.1039_d3ra05217f-2a-S0-P001;10.1039_d3ra05217f-2a-S0-P002;10.1039_d3ra05217f-2a-S0-P003;10.1039_d3ra05217f-2a-S0-P004;10.1039_d3ra05217f-2a-S0-P005 …+44,3,3,Fig. 2 Vapor pressure variations of Y( s BuCp)3 with temperature.,"h peak was overlapped or a multiplet because the sec -butyl Cp ligand has a stereocenter on the alpha carbon. On the basis of the 1 H NMR analysis results, Y( s BuCp)3 was considered a chiral compound.

Fig. 1 1 H-NMR spectrum of Y( s BuCp)3.

<!-- image -->

Fig. 2 Vapor pressure variations of Y( s",,,unknown,insufficient_corroboration,only_one_signal_family(discrete_experimental_sweep),"['F', 'Me']",,"{""discrete_experimental_sweep"": 2}","{""axis_role_coordinate"": false, ""n_source_points"": 50, ""granularity"": ""single""}","[{""quantity_type"": ""generic_pressure"", ""symbol"": null, ""value"": ""0.1"", ""unit"": ""Torr"", ""species"": null, ""reactant_role"": null, ""assertion_status"": ""direct"", ""scope"": ""figure"", ""source"": ""body_mention"", ""evidence"": "". The vapor pressure of Y( s BuCp)3 was 0.1 Torr at 149 °C. The vapor pressure of Y( n BuCp)3 has been reported to be 0.1 Torr at 150 °C. 20""}, {""quantity_type"": ""generic_pressure"", ""symbol"": null, ""value"": ""0.1"", ""unit"": ""Torr"", ""species"": null, ""reactant_role"": null, ""assertion_status"": ""direct"", ""scope"": ""figure"", ""source"": ""body_mention"", ""evidence"": ""of Y( n BuCp)3 has been reported to be 0.1 Torr at 150 °C. 20 Thus, the introduction of a branched alkyl structure slightly improved the vap""}, {""quantity_type"": ""generic_pressure"", ""symbol"": null, ""value"": ""0.1"", ""unit"": ""Torr"", ""species"": null, ""reactant_role"": null, ""assertion_status"": ""direct"", ""scope"": ""figure"", ""source""",[],figure,resolved,0.1,Torr,generic_pressure,0.1 Torr (generic_pressure),,,,,10.1039_d3ra05217f::F2::a::Y(sBuCp)3
10.1039_d3ra05217f|7|3|a|Y(EtCp)3|primary,10.1039_d3ra05217f,7,3,a,Y(EtCp)3,primary,20,20,temperature,Weight,1,experimental,single,10.1039_d3ra05217f-3a-S1-P000;10.1039_d3ra05217f-3a-S1-P001;10.1039_d3ra05217f-3a-S1-P002;10.1039_d3ra05217f-3a-S1-P003;10.1039_d3ra05217f-3a-S1-P004;10.1039_d3ra05217f-3a-S1-P005 …+14,3,3,Fig. 3 (a) TGA curves for Y( s BuCp)3 and conventional precursors Y(EtCp)3 and Y( n BuCp)3 (b) DSC thermograms of Y( s BuCp)3 and conventional precursors Y(EtCp)3 and Y( n BuCp)3.,"f the Y( s BuCp)3 precursor. The vapor pressure of Y( s BuCp)3 was 0.1 Torr at 149 °C. The vapor pressure of Y( n BuCp)3 has been reported to be 0.1 Torr at 150 °C. 20 Thus, the introduction of a branched alkyl structure slightly improved the vapor pressure.

Fig. 3(a) shows the TGA curves for Y( s ",,,unknown,insufficient_corroboration,only_one_signal_family(discrete_experimental_sweep),"['F', 'Me', 'X']",,"{""discrete_experimental_sweep"": 2}","{""axis_role_coordinate"": false, ""n_source_points"": 20, ""granularity"": ""single""}","[{""quantity_type"": ""generic_pressure"", ""symbol"": null, ""value"": ""10"", ""unit"": ""Torr"", ""species"": null, ""reactant_role"": null, ""assertion_status"": ""direct"", ""scope"": ""panel"", ""source"": ""figure_data.panel.conditions"", ""evidence"": ""pressure=10 Torr""}, {""quantity_type"": ""generic_pressure"", ""symbol"": null, ""value"": ""0.1"", ""unit"": ""Torr"", ""species"": null, ""reactant_role"": null, ""assertion_status"": ""direct"", ""scope"": ""figure"", ""source"": ""body_mention"", ""evidence"": ""troduction of a branched alkyl structure slightly improved the vapor pressure. Fig. 3(a) shows the TGA curves for""}, {""quantity_type"": ""generic_pressure"", ""symbol"": null, ""value"": ""0.1"", ""unit"": ""Torr"", ""species"": null, ""reactant_role"": null, ""assertion_status"": ""direct"", ""scope"": ""figure"", ""source"": ""body_mention"", ""evidence"": ""troduction of a branched alkyl structure slightly improved the vapor pressure. Fig. 3(a) shows the TGA cur",[],panel,resolved,10,Torr,generic_pressure,10 Torr (generic_pressure),,,precursor,Y(EtCp)3,10.1039_d3ra05217f::F3::a::Y(EtCp)3
10.1039_d3ra05217f|7|3|a|Y(sBuCp)3|primary,10.1039_d3ra05217f,7,3,a,Y(sBuCp)3,primary,20,20,temperature,Weight,1,experimental,single,10.1039_d3ra05217f-3a-S2-P000;10.1039_d3ra05217f-3a-S2-P001;10.1039_d3ra05217f-3a-S2-P002;10.1039_d3ra05217f-3a-S2-P003;10.1039_d3ra05217f-3a-S2-P004;10.1039_d3ra05217f-3a-S2-P005 …+14,3,3,Fig. 3 (a) TGA curves for Y( s BuCp)3 and conventional precursors Y(EtCp)3 and Y( n BuCp)3 (b) DSC thermograms of Y( s BuCp)3 and conventional precursors Y(EtCp)3 and Y( n BuCp)3.,"f the Y( s BuCp)3 precursor. The vapor pressure of Y( s BuCp)3 was 0.1 Torr at 149 °C. The vapor pressure of Y( n BuCp)3 has been reported to be 0.1 Torr at 150 °C. 20 Thus, the introduction of a branched alkyl structure slightly improved the vapor pressure.

Fig. 3(a) shows the TGA curves for Y( s ",,,unknown,insufficient_corroboration,only_one_signal_family(discrete_experimental_sweep),"['F', 'Me', 'X']",,"{""discrete_experimental_sweep"": 2}","{""axis_role_coordinate"": false, ""n_source_points"": 20, ""granularity"": ""single""}","[{""quantity_type"": ""generic_pressure"", ""symbol"": null, ""value"": ""10"", ""unit"": ""Torr"", ""species"": null, ""reactant_role"": null, ""assertion_status"": ""direct"", ""scope"": ""panel"", ""source"": ""figure_data.panel.conditions"", ""evidence"": ""pressure=10 Torr""}, {""quantity_type"": ""generic_pressure"", ""symbol"": null, ""value"": ""0.1"", ""unit"": ""Torr"", ""species"": null, ""reactant_role"": null, ""assertion_status"": ""direct"", ""scope"": ""figure"", ""source"": ""body_mention"", ""evidence"": ""troduction of a branched alkyl structure slightly improved the vapor pressure. Fig. 3(a) shows the TGA curves for""}, {""quantity_type"": ""generic_pressure"", ""symbol"": null, ""value"": ""0.1"", ""unit"": ""Torr"", ""species"": null, ""reactant_role"": null, ""assertion_status"": ""direct"", ""scope"": ""figure"", ""source"": ""body_mention"", ""evidence"": ""troduction of a branched alkyl structure slightly improved the vapor pressure. Fig. 3(a) shows the TGA cur",[],panel,resolved,10,Torr,generic_pressure,10 Torr (generic_pressure),,,precursor,Y(sBuCp)3,10.1039_d3ra05217f::F3::a::Y(sBuCp)3
10.1039_d3ra05217f|7|3|a|Y(nBuCp)3|primary,10.1039_d3ra05217f,7,3,a,Y(nBuCp)3,primary,19,19,temperature,Weight,1,experimental,single,10.1039_d3ra05217f-3a-S3-P000;10.1039_d3ra05217f-3a-S3-P001;10.1039_d3ra05217f-3a-S3-P002;10.1039_d3ra05217f-3a-S3-P003;10.1039_d3ra05217f-3a-S3-P004;10.1039_d3ra05217f-3a-S3-P005 …+13,3,3,Fig. 3 (a) TGA curves for Y( s BuCp)3 and conventional precursors Y(EtCp)3 and Y( n BuCp)3 (b) DSC thermograms of Y( s BuCp)3 and conventional precursors Y(EtCp)3 and Y( n BuCp)3.,"f the Y( s BuCp)3 precursor. The vapor pressure of Y( s BuCp)3 was 0.1 Torr at 149 °C. The vapor pressure of Y( n BuCp)3 has been reported to be 0.1 Torr at 150 °C. 20 Thus, the introduction of a branched alkyl structure slightly improved the vapor pressure.

Fig. 3(a) shows the TGA curves for Y( s ",,,unknown,insufficient_corroboration,only_one_signal_family(discrete_experimental_sweep),"['F', 'Me', 'X']",,"{""discrete_experimental_sweep"": 2}","{""axis_role_coordinate"": false, ""n_source_points"": 19, ""granularity"": ""single""}","[{""quantity_type"": ""generic_pressure"", ""symbol"": null, ""value"": ""10"", ""unit"": ""Torr"", ""species"": null, ""reactant_role"": null, ""assertion_status"": ""direct"", ""scope"": ""panel"", ""source"": ""figure_data.panel.conditions"", ""evidence"": ""pressure=10 Torr""}, {""quantity_type"": ""generic_pressure"", ""symbol"": null, ""value"": ""0.1"", ""unit"": ""Torr"", ""species"": null, ""reactant_role"": null, ""assertion_status"": ""direct"", ""scope"": ""figure"", ""source"": ""body_mention"", ""evidence"": ""troduction of a branched alkyl structure slightly improved the vapor pressure. Fig. 3(a) shows the TGA curves for""}, {""quantity_type"": ""generic_pressure"", ""symbol"": null, ""value"": ""0.1"", ""unit"": ""Torr"", ""species"": null, ""reactant_role"": null, ""assertion_status"": ""direct"", ""scope"": ""figure"", ""source"": ""body_mention"", ""evidence"": ""troduction of a branched alkyl structure slightly improved the vapor pressure. Fig. 3(a) shows the TGA cur",[],panel,resolved,10,Torr,generic_pressure,10 Torr (generic_pressure),,,precursor,Y(nBuCp)3,10.1039_d3ra05217f::F3::a::Y(nBuCp)3
10.1039_d3ra05217f|7|3|b|Y(sBuCp)3|primary,10.1039_d3ra05217f,7,3,b,Y(sBuCp)3,primary,10,10,temperature,Heat flow,mcal/s,experimental,single,10.1039_d3ra05217f-3b-S4-P000;10.1039_d3ra05217f-3b-S4-P001;10.1039_d3ra05217f-3b-S4-P002;10.1039_d3ra05217f-3b-S4-P003;10.1039_d3ra05217f-3b-S4-P004;10.1039_d3ra05217f-3b-S4-P005 …+4,3,3,Fig. 3 (a) TGA curves for Y( s BuCp)3 and conventional precursors Y(EtCp)3 and Y( n BuCp)3 (b) DSC thermograms of Y( s BuCp)3 and conventional precursors Y(EtCp)3 and Y( n BuCp)3.,"f the Y( s BuCp)3 precursor. The vapor pressure of Y( s BuCp)3 was 0.1 Torr at 149 °C. The vapor pressure of Y( n BuCp)3 has been reported to be 0.1 Torr at 150 °C. 20 Thus, the introduction of a branched alkyl structure slightly improved the vapor pressure.

Fig. 3(a) shows the TGA curves for Y( s ",,,unknown,insufficient_corroboration,only_one_signal_family(discrete_experimental_sweep),"['F', 'Me', 'X']",,"{""discrete_experimental_sweep"": 2}","{""axis_role_coordinate"": false, ""n_source_points"": 10, ""granularity"": ""single""}","[{""quantity_type"": ""generic_pressure"", ""symbol"": null, ""value"": ""0.1"", ""unit"": ""Torr"", ""species"": null, ""reactant_role"": null, ""assertion_status"": ""direct"", ""scope"": ""figure"", ""source"": ""body_mention"", ""evidence"": ""troduction of a branched alkyl structure slightly improved the vapor pressure. Fig. 3(a) shows the TGA curves for""}, {""quantity_type"": ""generic_pressure"", ""symbol"": null, ""value"": ""0.1"", ""unit"": ""Torr"", ""species"": null, ""reactant_role"": null, ""assertion_status"": ""direct"", ""scope"": ""figure"", ""source"": ""body_mention"", ""evidence"": ""troduction of a branched alkyl structure slightly improved the vapor pressure. Fig. 3(a) shows the TGA curves for Y( s BuCp)3 and convention""}, {""quantity_type"": ""working_pressure"", ""symbol"": null, ""value"": ""0.75"", ""unit"": ""Torr"", ""species"": null, ""reactant_role"": null, ""assertion_status"": ""direct"", ""scope"": ""paper"", ""source"": ""methods"", ""evidence"": ""h",[],figure,resolved,0.1,Torr,generic_pressure,0.1 Torr (generic_pressure),,,precursor,Y(sBuCp)3,10.1039_d3ra05217f::F3::b::Y(sBuCp)3
10.1039_d3ra05217f|7|3|b|Y(nBuCp)3|primary,10.1039_d3ra05217f,7,3,b,Y(nBuCp)3,primary,9,9,temperature,Heat flow,mcal/s,experimental,single,10.1039_d3ra05217f-3b-S5-P000;10.1039_d3ra05217f-3b-S5-P001;10.1039_d3ra05217f-3b-S5-P002;10.1039_d3ra05217f-3b-S5-P003;10.1039_d3ra05217f-3b-S5-P004;10.1039_d3ra05217f-3b-S5-P005 …+3,3,3,Fig. 3 (a) TGA curves for Y( s BuCp)3 and conventional precursors Y(EtCp)3 and Y( n BuCp)3 (b) DSC thermograms of Y( s BuCp)3 and conventional precursors Y(EtCp)3 and Y( n BuCp)3.,"f the Y( s BuCp)3 precursor. The vapor pressure of Y( s BuCp)3 was 0.1 Torr at 149 °C. The vapor pressure of Y( n BuCp)3 has been reported to be 0.1 Torr at 150 °C. 20 Thus, the introduction of a branched alkyl structure slightly improved the vapor pressure.

Fig. 3(a) shows the TGA curves for Y( s ",,,unknown,insufficient_corroboration,only_one_signal_family(discrete_experimental_sweep),"['F', 'Me', 'X']",,"{""discrete_experimental_sweep"": 2}","{""axis_role_coordinate"": false, ""n_source_points"": 9, ""granularity"": ""single""}","[{""quantity_type"": ""generic_pressure"", ""symbol"": null, ""value"": ""0.1"", ""unit"": ""Torr"", ""species"": null, ""reactant_role"": null, ""assertion_status"": ""direct"", ""scope"": ""figure"", ""source"": ""body_mention"", ""evidence"": ""troduction of a branched alkyl structure slightly improved the vapor pressure. Fig. 3(a) shows the TGA curves for""}, {""quantity_type"": ""generic_pressure"", ""symbol"": null, ""value"": ""0.1"", ""unit"": ""Torr"", ""species"": null, ""reactant_role"": null, ""assertion_status"": ""direct"", ""scope"": ""figure"", ""source"": ""body_mention"", ""evidence"": ""troduction of a branched alkyl structure slightly improved the vapor pressure. Fig. 3(a) shows the TGA curves for Y( s BuCp)3 and convention""}, {""quantity_type"": ""working_pressure"", ""symbol"": null, ""value"": ""0.75"", ""unit"": ""Torr"", ""species"": null, ""reactant_role"": null, ""assertion_status"": ""direct"", ""scope"": ""paper"", ""source"": ""methods"", ""evidence"": ""h",[],figure,resolved,0.1,Torr,generic_pressure,0.1 Torr (generic_pressure),,,precursor,Y(nBuCp)3,10.1039_d3ra05217f::F3::b::Y(nBuCp)3
10.1039_d3ra05217f|7|3|b|Y(EtCp)3|primary,10.1039_d3ra05217f,7,3,b,Y(EtCp)3,primary,12,12,temperature,Heat flow,mcal/s,experimental,single,10.1039_d3ra05217f-3b-S6-P000;10.1039_d3ra05217f-3b-S6-P001;10.1039_d3ra05217f-3b-S6-P002;10.1039_d3ra05217f-3b-S6-P003;10.1039_d3ra05217f-3b-S6-P004;10.1039_d3ra05217f-3b-S6-P005 …+6,3,3,Fig. 3 (a) TGA curves for Y( s BuCp)3 and conventional precursors Y(EtCp)3 and Y( n BuCp)3 (b) DSC thermograms of Y( s BuCp)3 and conventional precursors Y(EtCp)3 and Y( n BuCp)3.,"f the Y( s BuCp)3 precursor. The vapor pressure of Y( s BuCp)3 was 0.1 Torr at 149 °C. The vapor pressure of Y( n BuCp)3 has been reported to be 0.1 Torr at 150 °C. 20 Thus, the introduction of a branched alkyl structure slightly improved the vapor pressure.

Fig. 3(a) shows the TGA curves for Y( s ",,,unknown,insufficient_corroboration,only_one_signal_family(discrete_experimental_sweep),"['F', 'Me', 'X']",,"{""discrete_experimental_sweep"": 2}","{""axis_role_coordinate"": false, ""n_source_points"": 12, ""granularity"": ""single""}","[{""quantity_type"": ""generic_pressure"", ""symbol"": null, ""value"": ""0.1"", ""unit"": ""Torr"", ""species"": null, ""reactant_role"": null, ""assertion_status"": ""direct"", ""scope"": ""figure"", ""source"": ""body_mention"", ""evidence"": ""troduction of a branched alkyl structure slightly improved the vapor pressure. Fig. 3(a) shows the TGA curves for""}, {""quantity_type"": ""generic_pressure"", ""symbol"": null, ""value"": ""0.1"", ""unit"": ""Torr"", ""species"": null, ""reactant_role"": null, ""assertion_status"": ""direct"", ""scope"": ""figure"", ""source"": ""body_mention"", ""evidence"": ""troduction of a branched alkyl structure slightly improved the vapor pressure. Fig. 3(a) shows the TGA curves for Y( s BuCp)3 and convention""}, {""quantity_type"": ""working_pressure"", ""symbol"": null, ""value"": ""0.75"", ""unit"": ""Torr"", ""species"": null, ""reactant_role"": null, ""assertion_status"": ""direct"", ""scope"": ""paper"", ""source"": ""methods"", ""evidence"": ""h",[],figure,resolved,0.1,Torr,generic_pressure,0.1 Torr (generic_pressure),,,precursor,Y(EtCp)3,10.1039_d3ra05217f::F3::b::Y(EtCp)3
10.1039_d3ra05217f|8|4|a|Y(sBuCp)3|primary,10.1039_d3ra05217f,8,4,a,Y(sBuCp)3,primary,1,3,Heating time,TG residue,1,experimental,unresolved,10.1039_d3ra05217f-F4a-8,4,4,Fig. 4 TG residue recorded during long-term thermal stability test of Y( s BuCp)3 at 190 °C for 18 weeks.,"e during the ALD process. Long-term thermal stability at the vaporization temperature for more than a few months is critical for ALDs used industrially, where long-life precursors enable  lms to be continuously produced without stopping the production line.

Fig. 4 TG residue recorded during long-t",sample was heated at 190,,discrete_experimental_sweep,corroborated,multi_signal(2 families),"['F', 'I', 'Me']",Me: stallinity were evaluated by X-ray re  ectivity (XRR) and X-ray di /uniFB00 raction (XRD) measurements using a Rigaku Ulti | Me: y  eld-emission scanning electron microscopy (FE-SEM) and atomic force microscopy (AFM) with a Hitachi High-Tech S-4800 an | I: sample was heated at 190,"{""discrete_experimental_sweep"": 3}","{""axis_role_coordinate"": false, ""n_source_points"": 3, ""granularity"": ""unresolved""}","[{""quantity_type"": ""working_pressure"", ""symbol"": null, ""value"": ""0.75"", ""unit"": ""Torr"", ""species"": null, ""reactant_role"": null, ""assertion_status"": ""direct"", ""scope"": ""paper"", ""source"": ""methods"", ""evidence"": ""he chamber pressure was controlled at ∼ 0.75 Torr by Ar process gas. ## Characterization of deposited Y2O3  lms Yttrium deposition was meas""}, {""quantity_type"": ""generic_pressure"", ""symbol"": null, ""value"": ""0.1"", ""unit"": ""Torr"", ""species"": null, ""reactant_role"": null, ""assertion_status"": ""direct"", ""scope"": ""paper"", ""source"": ""methods"", ""evidence"": "". The vapor pressure of Y( s BuCp)3 was 0.1 Torr at 149 °C. The vapor pressure of Y( n BuCp)3 has been reported to be 0.1 Torr at 150 °C. 20""}, {""quantity_type"": ""generic_pressure"", ""symbol"": null, ""value"": ""0.1"", ""unit"": ""Torr"", ""species"": null, ""reactant_role"": null, ""assertion_status"": ""direct"", ""scope"": ""paper"", ""source"": ""methods"",",[],paper,ambiguous,,,,0.1 Torr (generic_pressure); 0.75 Torr (working_pressure),,,,,10.1039_d3ra05217f::F4::a::Y(sBuCp)3
10.1039_d3ra05217f|11|6|a|C1s|primary,10.1039_d3ra05217f,11,6,a,C1s,primary,1,12,Etching time,Atomic %,1,experimental,unresolved,10.1039_d3ra05217f-F6a-9,,5,"Fig. 6 XPS depth pro /uniFB01 les for Y2O3 /uniFB01 lms deposited at (a) 200 °C, (b) 250 °C, and (c) 300 °C. XPS spectra of Y2O3 /uniFB01 lms deposited at (d) 200 °C, (e) 250 °C, and (f) 300 °C.","Cp)3 enables a higher growth rate than the conventional precursors, thereby enabling greater productivity of Y2O3  lms.

## Film properties of Y( s BuCp)3 precursor with water

The  lm concentration and impurities in the  lms were measured by XPS analysis. Fig. 6(a -c) shows XPS depth pro  les f",,,unknown,conflicting_signals,tie_between_discrete_experimental_sweep/multi_output_measurement,"['F', 'M', 'Me', 'X']",,"{""discrete_experimental_sweep"": 3, ""multi_output_measurement"": 3}","{""axis_role_coordinate"": false, ""n_source_points"": 12, ""granularity"": ""unresolved""}","[{""quantity_type"": ""working_pressure"", ""symbol"": null, ""value"": ""0.75"", ""unit"": ""Torr"", ""species"": null, ""reactant_role"": null, ""assertion_status"": ""direct"", ""scope"": ""paper"", ""source"": ""methods"", ""evidence"": ""he chamber pressure was controlled at ∼ 0.75 Torr by Ar process gas. ## Characterization of deposited Y2O3  lms Yttrium deposition was meas""}, {""quantity_type"": ""generic_pressure"", ""symbol"": null, ""value"": ""0.1"", ""unit"": ""Torr"", ""species"": null, ""reactant_role"": null, ""assertion_status"": ""direct"", ""scope"": ""paper"", ""source"": ""methods"", ""evidence"": "". The vapor pressure of Y( s BuCp)3 was 0.1 Torr at 149 °C. The vapor pressure of Y( n BuCp)3 has been reported to be 0.1 Torr at 150 °C. 20""}, {""quantity_type"": ""generic_pressure"", ""symbol"": null, ""value"": ""0.1"", ""unit"": ""Torr"", ""species"": null, ""reactant_role"": null, ""assertion_status"": ""direct"", ""scope"": ""paper"", ""source"": ""methods"",",[],paper,ambiguous,,,,0.1 Torr (generic_pressure); 0.75 Torr (working_pressure),,,element,C1s,10.1039_d3ra05217f::F6::a::C1s
10.1039_d3ra05217f|11|6|a|N1s|primary,10.1039_d3ra05217f,11,6,a,N1s,primary,1,11,Etching time,Atomic %,1,experimental,unresolved,10.1039_d3ra05217f-F6a-10,,5,"Fig. 6 XPS depth pro /uniFB01 les for Y2O3 /uniFB01 lms deposited at (a) 200 °C, (b) 250 °C, and (c) 300 °C. XPS spectra of Y2O3 /uniFB01 lms deposited at (d) 200 °C, (e) 250 °C, and (f) 300 °C.","Cp)3 enables a higher growth rate than the conventional precursors, thereby enabling greater productivity of Y2O3  lms.

## Film properties of Y( s BuCp)3 precursor with water

The  lm concentration and impurities in the  lms were measured by XPS analysis. Fig. 6(a -c) shows XPS depth pro  les f",,,unknown,conflicting_signals,tie_between_discrete_experimental_sweep/multi_output_measurement,"['F', 'M', 'Me', 'X']",,"{""discrete_experimental_sweep"": 3, ""multi_output_measurement"": 3}","{""axis_role_coordinate"": false, ""n_source_points"": 11, ""granularity"": ""unresolved""}","[{""quantity_type"": ""working_pressure"", ""symbol"": null, ""value"": ""0.75"", ""unit"": ""Torr"", ""species"": null, ""reactant_role"": null, ""assertion_status"": ""direct"", ""scope"": ""paper"", ""source"": ""methods"", ""evidence"": ""he chamber pressure was controlled at ∼ 0.75 Torr by Ar process gas. ## Characterization of deposited Y2O3  lms Yttrium deposition was meas""}, {""quantity_type"": ""generic_pressure"", ""symbol"": null, ""value"": ""0.1"", ""unit"": ""Torr"", ""species"": null, ""reactant_role"": null, ""assertion_status"": ""direct"", ""scope"": ""paper"", ""source"": ""methods"", ""evidence"": "". The vapor pressure of Y( s BuCp)3 was 0.1 Torr at 149 °C. The vapor pressure of Y( n BuCp)3 has been reported to be 0.1 Torr at 150 °C. 20""}, {""quantity_type"": ""generic_pressure"", ""symbol"": null, ""value"": ""0.1"", ""unit"": ""Torr"", ""species"": null, ""reactant_role"": null, ""assertion_status"": ""direct"", ""scope"": ""paper"", ""source"": ""methods"",",[],paper,ambiguous,,,,0.1 Torr (generic_pressure); 0.75 Torr (working_pressure),,,element,N1s,10.1039_d3ra05217f::F6::a::N1s
10.1039_d3ra05217f|11|6|a|O1s|primary,10.1039_d3ra05217f,11,6,a,O1s,primary,1,11,Etching time,Atomic %,1,experimental,unresolved,10.1039_d3ra05217f-F6a-11,,5,"Fig. 6 XPS depth pro /uniFB01 les for Y2O3 /uniFB01 lms deposited at (a) 200 °C, (b) 250 °C, and (c) 300 °C. XPS spectra of Y2O3 /uniFB01 lms deposited at (d) 200 °C, (e) 250 °C, and (f) 300 °C.","Cp)3 enables a higher growth rate than the conventional precursors, thereby enabling greater productivity of Y2O3  lms.

## Film properties of Y( s BuCp)3 precursor with water

The  lm concentration and impurities in the  lms were measured by XPS analysis. Fig. 6(a -c) shows XPS depth pro  les f",,,unknown,conflicting_signals,tie_between_discrete_experimental_sweep/multi_output_measurement,"['F', 'M', 'Me', 'X']",,"{""discrete_experimental_sweep"": 3, ""multi_output_measurement"": 3}","{""axis_role_coordinate"": false, ""n_source_points"": 11, ""granularity"": ""unresolved""}","[{""quantity_type"": ""working_pressure"", ""symbol"": null, ""value"": ""0.75"", ""unit"": ""Torr"", ""species"": null, ""reactant_role"": null, ""assertion_status"": ""direct"", ""scope"": ""paper"", ""source"": ""methods"", ""evidence"": ""he chamber pressure was controlled at ∼ 0.75 Torr by Ar process gas. ## Characterization of deposited Y2O3  lms Yttrium deposition was meas""}, {""quantity_type"": ""generic_pressure"", ""symbol"": null, ""value"": ""0.1"", ""unit"": ""Torr"", ""species"": null, ""reactant_role"": null, ""assertion_status"": ""direct"", ""scope"": ""paper"", ""source"": ""methods"", ""evidence"": "". The vapor pressure of Y( s BuCp)3 was 0.1 Torr at 149 °C. The vapor pressure of Y( n BuCp)3 has been reported to be 0.1 Torr at 150 °C. 20""}, {""quantity_type"": ""generic_pressure"", ""symbol"": null, ""value"": ""0.1"", ""unit"": ""Torr"", ""species"": null, ""reactant_role"": null, ""assertion_status"": ""direct"", ""scope"": ""paper"", ""source"": ""methods"",",[],paper,ambiguous,,,,0.1 Torr (generic_pressure); 0.75 Torr (working_pressure),,,element,O1s,10.1039_d3ra05217f::F6::a::O1s
10.1039_d3ra05217f|11|6|a|Si2p|primary,10.1039_d3ra05217f,11,6,a,Si2p,primary,1,11,Etching time,Atomic %,1,experimental,unresolved,10.1039_d3ra05217f-F6a-12,,5,"Fig. 6 XPS depth pro /uniFB01 les for Y2O3 /uniFB01 lms deposited at (a) 200 °C, (b) 250 °C, and (c) 300 °C. XPS spectra of Y2O3 /uniFB01 lms deposited at (d) 200 °C, (e) 250 °C, and (f) 300 °C.","Cp)3 enables a higher growth rate than the conventional precursors, thereby enabling greater productivity of Y2O3  lms.

## Film properties of Y( s BuCp)3 precursor with water

The  lm concentration and impurities in the  lms were measured by XPS analysis. Fig. 6(a -c) shows XPS depth pro  les f",,,unknown,conflicting_signals,tie_between_discrete_experimental_sweep/multi_output_measurement,"['F', 'M', 'Me', 'X']",,"{""discrete_experimental_sweep"": 3, ""multi_output_measurement"": 3}","{""axis_role_coordinate"": false, ""n_source_points"": 11, ""granularity"": ""unresolved""}","[{""quantity_type"": ""working_pressure"", ""symbol"": null, ""value"": ""0.75"", ""unit"": ""Torr"", ""species"": null, ""reactant_role"": null, ""assertion_status"": ""direct"", ""scope"": ""paper"", ""source"": ""methods"", ""evidence"": ""he chamber pressure was controlled at ∼ 0.75 Torr by Ar process gas. ## Characterization of deposited Y2O3  lms Yttrium deposition was meas""}, {""quantity_type"": ""generic_pressure"", ""symbol"": null, ""value"": ""0.1"", ""unit"": ""Torr"", ""species"": null, ""reactant_role"": null, ""assertion_status"": ""direct"", ""scope"": ""paper"", ""source"": ""methods"", ""evidence"": "". The vapor pressure of Y( s BuCp)3 was 0.1 Torr at 149 °C. The vapor pressure of Y( n BuCp)3 has been reported to be 0.1 Torr at 150 °C. 20""}, {""quantity_type"": ""generic_pressure"", ""symbol"": null, ""value"": ""0.1"", ""unit"": ""Torr"", ""species"": null, ""reactant_role"": null, ""assertion_status"": ""direct"", ""scope"": ""paper"", ""source"": ""methods"",",[],paper,ambiguous,,,,0.1 Torr (generic_pressure); 0.75 Torr (working_pressure),,,element,Si2p,10.1039_d3ra05217f::F6::a::Si2p
10.1039_d3ra05217f|11|6|a|Y3d|primary,10.1039_d3ra05217f,11,6,a,Y3d,primary,1,11,Etching time,Atomic %,1,experimental,unresolved,10.1039_d3ra05217f-F6a-13,,5,"Fig. 6 XPS depth pro /uniFB01 les for Y2O3 /uniFB01 lms deposited at (a) 200 °C, (b) 250 °C, and (c) 300 °C. XPS spectra of Y2O3 /uniFB01 lms deposited at (d) 200 °C, (e) 250 °C, and (f) 300 °C.","Cp)3 enables a higher growth rate than the conventional precursors, thereby enabling greater productivity of Y2O3  lms.

## Film properties of Y( s BuCp)3 precursor with water

The  lm concentration and impurities in the  lms were measured by XPS analysis. Fig. 6(a -c) shows XPS depth pro  les f",,,unknown,conflicting_signals,tie_between_discrete_experimental_sweep/multi_output_measurement,"['F', 'M', 'Me', 'X']",,"{""discrete_experimental_sweep"": 3, ""multi_output_measurement"": 3}","{""axis_role_coordinate"": false, ""n_source_points"": 11, ""granularity"": ""unresolved""}","[{""quantity_type"": ""working_pressure"", ""symbol"": null, ""value"": ""0.75"", ""unit"": ""Torr"", ""species"": null, ""reactant_role"": null, ""assertion_status"": ""direct"", ""scope"": ""paper"", ""source"": ""methods"", ""evidence"": ""he chamber pressure was controlled at ∼ 0.75 Torr by Ar process gas. ## Characterization of deposited Y2O3  lms Yttrium deposition was meas""}, {""quantity_type"": ""generic_pressure"", ""symbol"": null, ""value"": ""0.1"", ""unit"": ""Torr"", ""species"": null, ""reactant_role"": null, ""assertion_status"": ""direct"", ""scope"": ""paper"", ""source"": ""methods"", ""evidence"": "". The vapor pressure of Y( s BuCp)3 was 0.1 Torr at 149 °C. The vapor pressure of Y( n BuCp)3 has been reported to be 0.1 Torr at 150 °C. 20""}, {""quantity_type"": ""generic_pressure"", ""symbol"": null, ""value"": ""0.1"", ""unit"": ""Torr"", ""species"": null, ""reactant_role"": null, ""assertion_status"": ""direct"", ""scope"": ""paper"", ""source"": ""methods"",",[],paper,ambiguous,,,,0.1 Torr (generic_pressure); 0.75 Torr (working_pressure),,,element,Y3d,10.1039_d3ra05217f::F6::a::Y3d
10.1039_d3ra05217f|11|6|b|C1s|primary,10.1039_d3ra05217f,11,6,b,C1s,primary,1,12,Etching time,Atomic %,1,experimental,unresolved,10.1039_d3ra05217f-F6b-14,,5,"Fig. 6 XPS depth pro /uniFB01 les for Y2O3 /uniFB01 lms deposited at (a) 200 °C, (b) 250 °C, and (c) 300 °C. XPS spectra of Y2O3 /uniFB01 lms deposited at (d) 200 °C, (e) 250 °C, and (f) 300 °C.","Cp)3 enables a higher growth rate than the conventional precursors, thereby enabling greater productivity of Y2O3  lms.

## Film properties of Y( s BuCp)3 precursor with water

The  lm concentration and impurities in the  lms were measured by XPS analysis. Fig. 6(a -c) shows XPS depth pro  les f",,,unknown,conflicting_signals,tie_between_discrete_experimental_sweep/multi_output_measurement,"['F', 'M', 'Me', 'X']",,"{""discrete_experimental_sweep"": 3, ""multi_output_measurement"": 3}","{""axis_role_coordinate"": false, ""n_source_points"": 12, ""granularity"": ""unresolved""}","[{""quantity_type"": ""working_pressure"", ""symbol"": null, ""value"": ""0.75"", ""unit"": ""Torr"", ""species"": null, ""reactant_role"": null, ""assertion_status"": ""direct"", ""scope"": ""paper"", ""source"": ""methods"", ""evidence"": ""he chamber pressure was controlled at ∼ 0.75 Torr by Ar process gas. ## Characterization of deposited Y2O3  lms Yttrium deposition was meas""}, {""quantity_type"": ""generic_pressure"", ""symbol"": null, ""value"": ""0.1"", ""unit"": ""Torr"", ""species"": null, ""reactant_role"": null, ""assertion_status"": ""direct"", ""scope"": ""paper"", ""source"": ""methods"", ""evidence"": "". The vapor pressure of Y( s BuCp)3 was 0.1 Torr at 149 °C. The vapor pressure of Y( n BuCp)3 has been reported to be 0.1 Torr at 150 °C. 20""}, {""quantity_type"": ""generic_pressure"", ""symbol"": null, ""value"": ""0.1"", ""unit"": ""Torr"", ""species"": null, ""reactant_role"": null, ""assertion_status"": ""direct"", ""scope"": ""paper"", ""source"": ""methods"",",[],paper,ambiguous,,,,0.1 Torr (generic_pressure); 0.75 Torr (working_pressure),,,element,C1s,10.1039_d3ra05217f::F6::b::C1s
10.1039_d3ra05217f|11|6|b|N1s|primary,10.1039_d3ra05217f,11,6,b,N1s,primary,1,11,Etching time,Atomic %,1,experimental,unresolved,10.1039_d3ra05217f-F6b-15,,5,"Fig. 6 XPS depth pro /uniFB01 les for Y2O3 /uniFB01 lms deposited at (a) 200 °C, (b) 250 °C, and (c) 300 °C. XPS spectra of Y2O3 /uniFB01 lms deposited at (d) 200 °C, (e) 250 °C, and (f) 300 °C.","Cp)3 enables a higher growth rate than the conventional precursors, thereby enabling greater productivity of Y2O3  lms.

## Film properties of Y( s BuCp)3 precursor with water

The  lm concentration and impurities in the  lms were measured by XPS analysis. Fig. 6(a -c) shows XPS depth pro  les f",,,unknown,conflicting_signals,tie_between_discrete_experimental_sweep/multi_output_measurement,"['F', 'M', 'Me', 'X']",,"{""discrete_experimental_sweep"": 3, ""multi_output_measurement"": 3}","{""axis_role_coordinate"": false, ""n_source_points"": 11, ""granularity"": ""unresolved""}","[{""quantity_type"": ""working_pressure"", ""symbol"": null, ""value"": ""0.75"", ""unit"": ""Torr"", ""species"": null, ""reactant_role"": null, ""assertion_status"": ""direct"", ""scope"": ""paper"", ""source"": ""methods"", ""evidence"": ""he chamber pressure was controlled at ∼ 0.75 Torr by Ar process gas. ## Characterization of deposited Y2O3  lms Yttrium deposition was meas""}, {""quantity_type"": ""generic_pressure"", ""symbol"": null, ""value"": ""0.1"", ""unit"": ""Torr"", ""species"": null, ""reactant_role"": null, ""assertion_status"": ""direct"", ""scope"": ""paper"", ""source"": ""methods"", ""evidence"": "". The vapor pressure of Y( s BuCp)3 was 0.1 Torr at 149 °C. The vapor pressure of Y( n BuCp)3 has been reported to be 0.1 Torr at 150 °C. 20""}, {""quantity_type"": ""generic_pressure"", ""symbol"": null, ""value"": ""0.1"", ""unit"": ""Torr"", ""species"": null, ""reactant_role"": null, ""assertion_status"": ""direct"", ""scope"": ""paper"", ""source"": ""methods"",",[],paper,ambiguous,,,,0.1 Torr (generic_pressure); 0.75 Torr (working_pressure),,,element,N1s,10.1039_d3ra05217f::F6::b::N1s
10.1039_d3ra05217f|11|6|b|O1s|primary,10.1039_d3ra05217f,11,6,b,O1s,primary,1,11,Etching time,Atomic %,1,experimental,unresolved,10.1039_d3ra05217f-F6b-16,,5,"Fig. 6 XPS depth pro /uniFB01 les for Y2O3 /uniFB01 lms deposited at (a) 200 °C, (b) 250 °C, and (c) 300 °C. XPS spectra of Y2O3 /uniFB01 lms deposited at (d) 200 °C, (e) 250 °C, and (f) 300 °C.","Cp)3 enables a higher growth rate than the conventional precursors, thereby enabling greater productivity of Y2O3  lms.

## Film properties of Y( s BuCp)3 precursor with water

The  lm concentration and impurities in the  lms were measured by XPS analysis. Fig. 6(a -c) shows XPS depth pro  les f",,,unknown,conflicting_signals,tie_between_discrete_experimental_sweep/multi_output_measurement,"['F', 'M', 'Me', 'X']",,"{""discrete_experimental_sweep"": 3, ""multi_output_measurement"": 3}","{""axis_role_coordinate"": false, ""n_source_points"": 11, ""granularity"": ""unresolved""}","[{""quantity_type"": ""working_pressure"", ""symbol"": null, ""value"": ""0.75"", ""unit"": ""Torr"", ""species"": null, ""reactant_role"": null, ""assertion_status"": ""direct"", ""scope"": ""paper"", ""source"": ""methods"", ""evidence"": ""he chamber pressure was controlled at ∼ 0.75 Torr by Ar process gas. ## Characterization of deposited Y2O3  lms Yttrium deposition was meas""}, {""quantity_type"": ""generic_pressure"", ""symbol"": null, ""value"": ""0.1"", ""unit"": ""Torr"", ""species"": null, ""reactant_role"": null, ""assertion_status"": ""direct"", ""scope"": ""paper"", ""source"": ""methods"", ""evidence"": "". The vapor pressure of Y( s BuCp)3 was 0.1 Torr at 149 °C. The vapor pressure of Y( n BuCp)3 has been reported to be 0.1 Torr at 150 °C. 20""}, {""quantity_type"": ""generic_pressure"", ""symbol"": null, ""value"": ""0.1"", ""unit"": ""Torr"", ""species"": null, ""reactant_role"": null, ""assertion_status"": ""direct"", ""scope"": ""paper"", ""source"": ""methods"",",[],paper,ambiguous,,,,0.1 Torr (generic_pressure); 0.75 Torr (working_pressure),,,element,O1s,10.1039_d3ra05217f::F6::b::O1s
10.1039_d3ra05217f|11|6|b|Si2p|primary,10.1039_d3ra05217f,11,6,b,Si2p,primary,1,11,Etching time,Atomic %,1,experimental,unresolved,10.1039_d3ra05217f-F6b-17,,5,"Fig. 6 XPS depth pro /uniFB01 les for Y2O3 /uniFB01 lms deposited at (a) 200 °C, (b) 250 °C, and (c) 300 °C. XPS spectra of Y2O3 /uniFB01 lms deposited at (d) 200 °C, (e) 250 °C, and (f) 300 °C.","Cp)3 enables a higher growth rate than the conventional precursors, thereby enabling greater productivity of Y2O3  lms.

## Film properties of Y( s BuCp)3 precursor with water

The  lm concentration and impurities in the  lms were measured by XPS analysis. Fig. 6(a -c) shows XPS depth pro  les f",,,unknown,conflicting_signals,tie_between_discrete_experimental_sweep/multi_output_measurement,"['F', 'M', 'Me', 'X']",,"{""discrete_experimental_sweep"": 3, ""multi_output_measurement"": 3}","{""axis_role_coordinate"": false, ""n_source_points"": 11, ""granularity"": ""unresolved""}","[{""quantity_type"": ""working_pressure"", ""symbol"": null, ""value"": ""0.75"", ""unit"": ""Torr"", ""species"": null, ""reactant_role"": null, ""assertion_status"": ""direct"", ""scope"": ""paper"", ""source"": ""methods"", ""evidence"": ""he chamber pressure was controlled at ∼ 0.75 Torr by Ar process gas. ## Characterization of deposited Y2O3  lms Yttrium deposition was meas""}, {""quantity_type"": ""generic_pressure"", ""symbol"": null, ""value"": ""0.1"", ""unit"": ""Torr"", ""species"": null, ""reactant_role"": null, ""assertion_status"": ""direct"", ""scope"": ""paper"", ""source"": ""methods"", ""evidence"": "". The vapor pressure of Y( s BuCp)3 was 0.1 Torr at 149 °C. The vapor pressure of Y( n BuCp)3 has been reported to be 0.1 Torr at 150 °C. 20""}, {""quantity_type"": ""generic_pressure"", ""symbol"": null, ""value"": ""0.1"", ""unit"": ""Torr"", ""species"": null, ""reactant_role"": null, ""assertion_status"": ""direct"", ""scope"": ""paper"", ""source"": ""methods"",",[],paper,ambiguous,,,,0.1 Torr (generic_pressure); 0.75 Torr (working_pressure),,,element,Si2p,10.1039_d3ra05217f::F6::b::Si2p
10.1039_d3ra05217f|11|6|b|Y3d|primary,10.1039_d3ra05217f,11,6,b,Y3d,primary,1,11,Etching time,Atomic %,1,experimental,unresolved,10.1039_d3ra05217f-F6b-18,,5,"Fig. 6 XPS depth pro /uniFB01 les for Y2O3 /uniFB01 lms deposited at (a) 200 °C, (b) 250 °C, and (c) 300 °C. XPS spectra of Y2O3 /uniFB01 lms deposited at (d) 200 °C, (e) 250 °C, and (f) 300 °C.","Cp)3 enables a higher growth rate than the conventional precursors, thereby enabling greater productivity of Y2O3  lms.

## Film properties of Y( s BuCp)3 precursor with water

The  lm concentration and impurities in the  lms were measured by XPS analysis. Fig. 6(a -c) shows XPS depth pro  les f",,,unknown,conflicting_signals,tie_between_discrete_experimental_sweep/multi_output_measurement,"['F', 'M', 'Me', 'X']",,"{""discrete_experimental_sweep"": 3, ""multi_output_measurement"": 3}","{""axis_role_coordinate"": false, ""n_source_points"": 11, ""granularity"": ""unresolved""}","[{""quantity_type"": ""working_pressure"", ""symbol"": null, ""value"": ""0.75"", ""unit"": ""Torr"", ""species"": null, ""reactant_role"": null, ""assertion_status"": ""direct"", ""scope"": ""paper"", ""source"": ""methods"", ""evidence"": ""he chamber pressure was controlled at ∼ 0.75 Torr by Ar process gas. ## Characterization of deposited Y2O3  lms Yttrium deposition was meas""}, {""quantity_type"": ""generic_pressure"", ""symbol"": null, ""value"": ""0.1"", ""unit"": ""Torr"", ""species"": null, ""reactant_role"": null, ""assertion_status"": ""direct"", ""scope"": ""paper"", ""source"": ""methods"", ""evidence"": "". The vapor pressure of Y( s BuCp)3 was 0.1 Torr at 149 °C. The vapor pressure of Y( n BuCp)3 has been reported to be 0.1 Torr at 150 °C. 20""}, {""quantity_type"": ""generic_pressure"", ""symbol"": null, ""value"": ""0.1"", ""unit"": ""Torr"", ""species"": null, ""reactant_role"": null, ""assertion_status"": ""direct"", ""scope"": ""paper"", ""source"": ""methods"",",[],paper,ambiguous,,,,0.1 Torr (generic_pressure); 0.75 Torr (working_pressure),,,element,Y3d,10.1039_d3ra05217f::F6::b::Y3d
10.1039_d3ra05217f|11|6|c|C1s|primary,10.1039_d3ra05217f,11,6,c,C1s,primary,1,12,Etching time,Atomic %,1,experimental,unresolved,10.1039_d3ra05217f-F6c-19,,5,"Fig. 6 XPS depth pro /uniFB01 les for Y2O3 /uniFB01 lms deposited at (a) 200 °C, (b) 250 °C, and (c) 300 °C. XPS spectra of Y2O3 /uniFB01 lms deposited at (d) 200 °C, (e) 250 °C, and (f) 300 °C.","Cp)3 enables a higher growth rate than the conventional precursors, thereby enabling greater productivity of Y2O3  lms.

## Film properties of Y( s BuCp)3 precursor with water

The  lm concentration and impurities in the  lms were measured by XPS analysis. Fig. 6(a -c) shows XPS depth pro  les f",,,unknown,conflicting_signals,tie_between_discrete_experimental_sweep/multi_output_measurement,"['F', 'M', 'Me', 'X']",,"{""discrete_experimental_sweep"": 3, ""multi_output_measurement"": 3}","{""axis_role_coordinate"": false, ""n_source_points"": 12, ""granularity"": ""unresolved""}","[{""quantity_type"": ""working_pressure"", ""symbol"": null, ""value"": ""0.75"", ""unit"": ""Torr"", ""species"": null, ""reactant_role"": null, ""assertion_status"": ""direct"", ""scope"": ""paper"", ""source"": ""methods"", ""evidence"": ""he chamber pressure was controlled at ∼ 0.75 Torr by Ar process gas. ## Characterization of deposited Y2O3  lms Yttrium deposition was meas""}, {""quantity_type"": ""generic_pressure"", ""symbol"": null, ""value"": ""0.1"", ""unit"": ""Torr"", ""species"": null, ""reactant_role"": null, ""assertion_status"": ""direct"", ""scope"": ""paper"", ""source"": ""methods"", ""evidence"": "". The vapor pressure of Y( s BuCp)3 was 0.1 Torr at 149 °C. The vapor pressure of Y( n BuCp)3 has been reported to be 0.1 Torr at 150 °C. 20""}, {""quantity_type"": ""generic_pressure"", ""symbol"": null, ""value"": ""0.1"", ""unit"": ""Torr"", ""species"": null, ""reactant_role"": null, ""assertion_status"": ""direct"", ""scope"": ""paper"", ""source"": ""methods"",",[],paper,ambiguous,,,,0.1 Torr (generic_pressure); 0.75 Torr (working_pressure),,,element,C1s,10.1039_d3ra05217f::F6::c::C1s
10.1039_d3ra05217f|11|6|c|N1s|primary,10.1039_d3ra05217f,11,6,c,N1s,primary,1,11,Etching time,Atomic %,1,experimental,unresolved,10.1039_d3ra05217f-F6c-20,,5,"Fig. 6 XPS depth pro /uniFB01 les for Y2O3 /uniFB01 lms deposited at (a) 200 °C, (b) 250 °C, and (c) 300 °C. XPS spectra of Y2O3 /uniFB01 lms deposited at (d) 200 °C, (e) 250 °C, and (f) 300 °C.","Cp)3 enables a higher growth rate than the conventional precursors, thereby enabling greater productivity of Y2O3  lms.

## Film properties of Y( s BuCp)3 precursor with water

The  lm concentration and impurities in the  lms were measured by XPS analysis. Fig. 6(a -c) shows XPS depth pro  les f",,,unknown,conflicting_signals,tie_between_discrete_experimental_sweep/multi_output_measurement,"['F', 'M', 'Me', 'X']",,"{""discrete_experimental_sweep"": 3, ""multi_output_measurement"": 3}","{""axis_role_coordinate"": false, ""n_source_points"": 11, ""granularity"": ""unresolved""}","[{""quantity_type"": ""working_pressure"", ""symbol"": null, ""value"": ""0.75"", ""unit"": ""Torr"", ""species"": null, ""reactant_role"": null, ""assertion_status"": ""direct"", ""scope"": ""paper"", ""source"": ""methods"", ""evidence"": ""he chamber pressure was controlled at ∼ 0.75 Torr by Ar process gas. ## Characterization of deposited Y2O3  lms Yttrium deposition was meas""}, {""quantity_type"": ""generic_pressure"", ""symbol"": null, ""value"": ""0.1"", ""unit"": ""Torr"", ""species"": null, ""reactant_role"": null, ""assertion_status"": ""direct"", ""scope"": ""paper"", ""source"": ""methods"", ""evidence"": "". The vapor pressure of Y( s BuCp)3 was 0.1 Torr at 149 °C. The vapor pressure of Y( n BuCp)3 has been reported to be 0.1 Torr at 150 °C. 20""}, {""quantity_type"": ""generic_pressure"", ""symbol"": null, ""value"": ""0.1"", ""unit"": ""Torr"", ""species"": null, ""reactant_role"": null, ""assertion_status"": ""direct"", ""scope"": ""paper"", ""source"": ""methods"",",[],paper,ambiguous,,,,0.1 Torr (generic_pressure); 0.75 Torr (working_pressure),,,element,N1s,10.1039_d3ra05217f::F6::c::N1s
10.1039_d3ra05217f|11|6|c|O1s|primary,10.1039_d3ra05217f,11,6,c,O1s,primary,1,11,Etching time,Atomic %,1,experimental,unresolved,10.1039_d3ra05217f-F6c-21,,5,"Fig. 6 XPS depth pro /uniFB01 les for Y2O3 /uniFB01 lms deposited at (a) 200 °C, (b) 250 °C, and (c) 300 °C. XPS spectra of Y2O3 /uniFB01 lms deposited at (d) 200 °C, (e) 250 °C, and (f) 300 °C.","Cp)3 enables a higher growth rate than the conventional precursors, thereby enabling greater productivity of Y2O3  lms.

## Film properties of Y( s BuCp)3 precursor with water

The  lm concentration and impurities in the  lms were measured by XPS analysis. Fig. 6(a -c) shows XPS depth pro  les f",,,unknown,conflicting_signals,tie_between_discrete_experimental_sweep/multi_output_measurement,"['F', 'M', 'Me', 'X']",,"{""discrete_experimental_sweep"": 3, ""multi_output_measurement"": 3}","{""axis_role_coordinate"": false, ""n_source_points"": 11, ""granularity"": ""unresolved""}","[{""quantity_type"": ""working_pressure"", ""symbol"": null, ""value"": ""0.75"", ""unit"": ""Torr"", ""species"": null, ""reactant_role"": null, ""assertion_status"": ""direct"", ""scope"": ""paper"", ""source"": ""methods"", ""evidence"": ""he chamber pressure was controlled at ∼ 0.75 Torr by Ar process gas. ## Characterization of deposited Y2O3  lms Yttrium deposition was meas""}, {""quantity_type"": ""generic_pressure"", ""symbol"": null, ""value"": ""0.1"", ""unit"": ""Torr"", ""species"": null, ""reactant_role"": null, ""assertion_status"": ""direct"", ""scope"": ""paper"", ""source"": ""methods"", ""evidence"": "". The vapor pressure of Y( s BuCp)3 was 0.1 Torr at 149 °C. The vapor pressure of Y( n BuCp)3 has been reported to be 0.1 Torr at 150 °C. 20""}, {""quantity_type"": ""generic_pressure"", ""symbol"": null, ""value"": ""0.1"", ""unit"": ""Torr"", ""species"": null, ""reactant_role"": null, ""assertion_status"": ""direct"", ""scope"": ""paper"", ""source"": ""methods"",",[],paper,ambiguous,,,,0.1 Torr (generic_pressure); 0.75 Torr (working_pressure),,,element,O1s,10.1039_d3ra05217f::F6::c::O1s
10.1039_d3ra05217f|11|6|c|Si2p|primary,10.1039_d3ra05217f,11,6,c,Si2p,primary,1,11,Etching time,Atomic %,1,experimental,unresolved,10.1039_d3ra05217f-F6c-22,,5,"Fig. 6 XPS depth pro /uniFB01 les for Y2O3 /uniFB01 lms deposited at (a) 200 °C, (b) 250 °C, and (c) 300 °C. XPS spectra of Y2O3 /uniFB01 lms deposited at (d) 200 °C, (e) 250 °C, and (f) 300 °C.","Cp)3 enables a higher growth rate than the conventional precursors, thereby enabling greater productivity of Y2O3  lms.

## Film properties of Y( s BuCp)3 precursor with water

The  lm concentration and impurities in the  lms were measured by XPS analysis. Fig. 6(a -c) shows XPS depth pro  les f",,,unknown,conflicting_signals,tie_between_discrete_experimental_sweep/multi_output_measurement,"['F', 'M', 'Me', 'X']",,"{""discrete_experimental_sweep"": 3, ""multi_output_measurement"": 3}","{""axis_role_coordinate"": false, ""n_source_points"": 11, ""granularity"": ""unresolved""}","[{""quantity_type"": ""working_pressure"", ""symbol"": null, ""value"": ""0.75"", ""unit"": ""Torr"", ""species"": null, ""reactant_role"": null, ""assertion_status"": ""direct"", ""scope"": ""paper"", ""source"": ""methods"", ""evidence"": ""he chamber pressure was controlled at ∼ 0.75 Torr by Ar process gas. ## Characterization of deposited Y2O3  lms Yttrium deposition was meas""}, {""quantity_type"": ""generic_pressure"", ""symbol"": null, ""value"": ""0.1"", ""unit"": ""Torr"", ""species"": null, ""reactant_role"": null, ""assertion_status"": ""direct"", ""scope"": ""paper"", ""source"": ""methods"", ""evidence"": "". The vapor pressure of Y( s BuCp)3 was 0.1 Torr at 149 °C. The vapor pressure of Y( n BuCp)3 has been reported to be 0.1 Torr at 150 °C. 20""}, {""quantity_type"": ""generic_pressure"", ""symbol"": null, ""value"": ""0.1"", ""unit"": ""Torr"", ""species"": null, ""reactant_role"": null, ""assertion_status"": ""direct"", ""scope"": ""paper"", ""source"": ""methods"",",[],paper,ambiguous,,,,0.1 Torr (generic_pressure); 0.75 Torr (working_pressure),,,element,Si2p,10.1039_d3ra05217f::F6::c::Si2p
10.1039_d3ra05217f|11|6|c|Y3d|primary,10.1039_d3ra05217f,11,6,c,Y3d,primary,1,11,Etching time,Atomic %,1,experimental,unresolved,10.1039_d3ra05217f-F6c-23,,5,"Fig. 6 XPS depth pro /uniFB01 les for Y2O3 /uniFB01 lms deposited at (a) 200 °C, (b) 250 °C, and (c) 300 °C. XPS spectra of Y2O3 /uniFB01 lms deposited at (d) 200 °C, (e) 250 °C, and (f) 300 °C.","Cp)3 enables a higher growth rate than the conventional precursors, thereby enabling greater productivity of Y2O3  lms.

## Film properties of Y( s BuCp)3 precursor with water

The  lm concentration and impurities in the  lms were measured by XPS analysis. Fig. 6(a -c) shows XPS depth pro  les f",,,unknown,conflicting_signals,tie_between_discrete_experimental_sweep/multi_output_measurement,"['F', 'M', 'Me', 'X']",,"{""discrete_experimental_sweep"": 3, ""multi_output_measurement"": 3}","{""axis_role_coordinate"": false, ""n_source_points"": 11, ""granularity"": ""unresolved""}","[{""quantity_type"": ""working_pressure"", ""symbol"": null, ""value"": ""0.75"", ""unit"": ""Torr"", ""species"": null, ""reactant_role"": null, ""assertion_status"": ""direct"", ""scope"": ""paper"", ""source"": ""methods"", ""evidence"": ""he chamber pressure was controlled at ∼ 0.75 Torr by Ar process gas. ## Characterization of deposited Y2O3  lms Yttrium deposition was meas""}, {""quantity_type"": ""generic_pressure"", ""symbol"": null, ""value"": ""0.1"", ""unit"": ""Torr"", ""species"": null, ""reactant_role"": null, ""assertion_status"": ""direct"", ""scope"": ""paper"", ""source"": ""methods"", ""evidence"": "". The vapor pressure of Y( s BuCp)3 was 0.1 Torr at 149 °C. The vapor pressure of Y( n BuCp)3 has been reported to be 0.1 Torr at 150 °C. 20""}, {""quantity_type"": ""generic_pressure"", ""symbol"": null, ""value"": ""0.1"", ""unit"": ""Torr"", ""species"": null, ""reactant_role"": null, ""assertion_status"": ""direct"", ""scope"": ""paper"", ""source"": ""methods"",",[],paper,ambiguous,,,,0.1 Torr (generic_pressure); 0.75 Torr (working_pressure),,,element,Y3d,10.1039_d3ra05217f::F6::c::Y3d
10.1039_d3ra05217f|11|6|d|200 °C|primary,10.1039_d3ra05217f,11,6,d,200 °C,primary,1,10,Binding Energy,Counts/s,1/s,experimental,unresolved,10.1039_d3ra05217f-F6d-24,,5,"Fig. 6 XPS depth pro /uniFB01 les for Y2O3 /uniFB01 lms deposited at (a) 200 °C, (b) 250 °C, and (c) 300 °C. XPS spectra of Y2O3 /uniFB01 lms deposited at (d) 200 °C, (e) 250 °C, and (f) 300 °C.","Cp)3 enables a higher growth rate than the conventional precursors, thereby enabling greater productivity of Y2O3  lms.

## Film properties of Y( s BuCp)3 precursor with water

The  lm concentration and impurities in the  lms were measured by XPS analysis. Fig. 6(a -c) shows XPS depth pro  les f",,,discrete_experimental_sweep,corroborated,multi_signal(3 families),"['F', 'M', 'Me', 'X']",M: 00 °C. <!-- image --> (a) 1.0um1.0um 0.8 Fig. 7 (a) FE-SEM image of Y2O3 /uniFB01 lm deposited onto Si substrate at 200 °C. (b) Three-dime | Me: stallinity were evaluated by X-ray re  ectivity (XRR) and X-ray di /uniFB00 raction (XRD) measurements using a Rigaku Ulti | Me: y  eld-emission scanning electron microscopy (FE-SEM) and atomic force microscopy (AFM) with a Hitachi High-Tech S-4800 a,"{""discrete_experimental_sweep"": 4, ""multi_output_measurement"": 3}","{""axis_role_coordinate"": false, ""n_source_points"": 10, ""granularity"": ""unresolved""}","[{""quantity_type"": ""working_pressure"", ""symbol"": null, ""value"": ""0.75"", ""unit"": ""Torr"", ""species"": null, ""reactant_role"": null, ""assertion_status"": ""direct"", ""scope"": ""paper"", ""source"": ""methods"", ""evidence"": ""he chamber pressure was controlled at ∼ 0.75 Torr by Ar process gas. ## Characterization of deposited Y2O3  lms Yttrium deposition was meas""}, {""quantity_type"": ""generic_pressure"", ""symbol"": null, ""value"": ""0.1"", ""unit"": ""Torr"", ""species"": null, ""reactant_role"": null, ""assertion_status"": ""direct"", ""scope"": ""paper"", ""source"": ""methods"", ""evidence"": "". The vapor pressure of Y( s BuCp)3 was 0.1 Torr at 149 °C. The vapor pressure of Y( n BuCp)3 has been reported to be 0.1 Torr at 150 °C. 20""}, {""quantity_type"": ""generic_pressure"", ""symbol"": null, ""value"": ""0.1"", ""unit"": ""Torr"", ""species"": null, ""reactant_role"": null, ""assertion_status"": ""direct"", ""scope"": ""paper"", ""source"": ""methods"",",[],paper,ambiguous,,,,0.1 Torr (generic_pressure); 0.75 Torr (working_pressure),,,temperature,200 °C,10.1039_d3ra05217f::F6::d::200 °C
10.1039_d3ra05217f|11|6|d|250 °C|primary,10.1039_d3ra05217f,11,6,d,250 °C,primary,1,10,Binding Energy,Counts/s,1/s,experimental,unresolved,10.1039_d3ra05217f-F6d-25,,5,"Fig. 6 XPS depth pro /uniFB01 les for Y2O3 /uniFB01 lms deposited at (a) 200 °C, (b) 250 °C, and (c) 300 °C. XPS spectra of Y2O3 /uniFB01 lms deposited at (d) 200 °C, (e) 250 °C, and (f) 300 °C.","Cp)3 enables a higher growth rate than the conventional precursors, thereby enabling greater productivity of Y2O3  lms.

## Film properties of Y( s BuCp)3 precursor with water

The  lm concentration and impurities in the  lms were measured by XPS analysis. Fig. 6(a -c) shows XPS depth pro  les f",,,discrete_experimental_sweep,corroborated,multi_signal(3 families),"['F', 'M', 'Me', 'X']",M: 00 °C. <!-- image --> (a) 1.0um1.0um 0.8 Fig. 7 (a) FE-SEM image of Y2O3 /uniFB01 lm deposited onto Si substrate at 200 °C. (b) Three-dime | Me: stallinity were evaluated by X-ray re  ectivity (XRR) and X-ray di /uniFB00 raction (XRD) measurements using a Rigaku Ulti | Me: y  eld-emission scanning electron microscopy (FE-SEM) and atomic force microscopy (AFM) with a Hitachi High-Tech S-4800 a,"{""discrete_experimental_sweep"": 4, ""multi_output_measurement"": 3}","{""axis_role_coordinate"": false, ""n_source_points"": 10, ""granularity"": ""unresolved""}","[{""quantity_type"": ""working_pressure"", ""symbol"": null, ""value"": ""0.75"", ""unit"": ""Torr"", ""species"": null, ""reactant_role"": null, ""assertion_status"": ""direct"", ""scope"": ""paper"", ""source"": ""methods"", ""evidence"": ""he chamber pressure was controlled at ∼ 0.75 Torr by Ar process gas. ## Characterization of deposited Y2O3  lms Yttrium deposition was meas""}, {""quantity_type"": ""generic_pressure"", ""symbol"": null, ""value"": ""0.1"", ""unit"": ""Torr"", ""species"": null, ""reactant_role"": null, ""assertion_status"": ""direct"", ""scope"": ""paper"", ""source"": ""methods"", ""evidence"": "". The vapor pressure of Y( s BuCp)3 was 0.1 Torr at 149 °C. The vapor pressure of Y( n BuCp)3 has been reported to be 0.1 Torr at 150 °C. 20""}, {""quantity_type"": ""generic_pressure"", ""symbol"": null, ""value"": ""0.1"", ""unit"": ""Torr"", ""species"": null, ""reactant_role"": null, ""assertion_status"": ""direct"", ""scope"": ""paper"", ""source"": ""methods"",",[],paper,ambiguous,,,,0.1 Torr (generic_pressure); 0.75 Torr (working_pressure),,,temperature,250 °C,10.1039_d3ra05217f::F6::d::250 °C
10.1039_d3ra05217f|11|6|d|300 °C|primary,10.1039_d3ra05217f,11,6,d,300 °C,primary,1,10,Binding Energy,Counts/s,1/s,experimental,unresolved,10.1039_d3ra05217f-F6d-26,,5,"Fig. 6 XPS depth pro /uniFB01 les for Y2O3 /uniFB01 lms deposited at (a) 200 °C, (b) 250 °C, and (c) 300 °C. XPS spectra of Y2O3 /uniFB01 lms deposited at (d) 200 °C, (e) 250 °C, and (f) 300 °C.","Cp)3 enables a higher growth rate than the conventional precursors, thereby enabling greater productivity of Y2O3  lms.

## Film properties of Y( s BuCp)3 precursor with water

The  lm concentration and impurities in the  lms were measured by XPS analysis. Fig. 6(a -c) shows XPS depth pro  les f",,,discrete_experimental_sweep,corroborated,multi_signal(3 families),"['F', 'M', 'Me', 'X']",M: 00 °C. <!-- image --> (a) 1.0um1.0um 0.8 Fig. 7 (a) FE-SEM image of Y2O3 /uniFB01 lm deposited onto Si substrate at 200 °C. (b) Three-dime | Me: stallinity were evaluated by X-ray re  ectivity (XRR) and X-ray di /uniFB00 raction (XRD) measurements using a Rigaku Ulti | Me: y  eld-emission scanning electron microscopy (FE-SEM) and atomic force microscopy (AFM) with a Hitachi High-Tech S-4800 a,"{""discrete_experimental_sweep"": 4, ""multi_output_measurement"": 3}","{""axis_role_coordinate"": false, ""n_source_points"": 10, ""granularity"": ""unresolved""}","[{""quantity_type"": ""working_pressure"", ""symbol"": null, ""value"": ""0.75"", ""unit"": ""Torr"", ""species"": null, ""reactant_role"": null, ""assertion_status"": ""direct"", ""scope"": ""paper"", ""source"": ""methods"", ""evidence"": ""he chamber pressure was controlled at ∼ 0.75 Torr by Ar process gas. ## Characterization of deposited Y2O3  lms Yttrium deposition was meas""}, {""quantity_type"": ""generic_pressure"", ""symbol"": null, ""value"": ""0.1"", ""unit"": ""Torr"", ""species"": null, ""reactant_role"": null, ""assertion_status"": ""direct"", ""scope"": ""paper"", ""source"": ""methods"", ""evidence"": "". The vapor pressure of Y( s BuCp)3 was 0.1 Torr at 149 °C. The vapor pressure of Y( n BuCp)3 has been reported to be 0.1 Torr at 150 °C. 20""}, {""quantity_type"": ""generic_pressure"", ""symbol"": null, ""value"": ""0.1"", ""unit"": ""Torr"", ""species"": null, ""reactant_role"": null, ""assertion_status"": ""direct"", ""scope"": ""paper"", ""source"": ""methods"",",[],paper,ambiguous,,,,0.1 Torr (generic_pressure); 0.75 Torr (working_pressure),,,temperature,300 °C,10.1039_d3ra05217f::F6::d::300 °C
10.1039_d3ra05217f|11|6|e|200 °C|primary,10.1039_d3ra05217f,11,6,e,200 °C,primary,1,8,Binding Energy,Counts/s,1/s,experimental,unresolved,10.1039_d3ra05217f-F6e-27,,5,"Fig. 6 XPS depth pro /uniFB01 les for Y2O3 /uniFB01 lms deposited at (a) 200 °C, (b) 250 °C, and (c) 300 °C. XPS spectra of Y2O3 /uniFB01 lms deposited at (d) 200 °C, (e) 250 °C, and (f) 300 °C.","Cp)3 enables a higher growth rate than the conventional precursors, thereby enabling greater productivity of Y2O3  lms.

## Film properties of Y( s BuCp)3 precursor with water

The  lm concentration and impurities in the  lms were measured by XPS analysis. Fig. 6(a -c) shows XPS depth pro  les f",,,discrete_experimental_sweep,corroborated,multi_signal(3 families),"['F', 'M', 'Me', 'X']",M: 00 °C. <!-- image --> (a) 1.0um1.0um 0.8 Fig. 7 (a) FE-SEM image of Y2O3 /uniFB01 lm deposited onto Si substrate at 200 °C. (b) Three-dime | Me: stallinity were evaluated by X-ray re  ectivity (XRR) and X-ray di /uniFB00 raction (XRD) measurements using a Rigaku Ulti | Me: y  eld-emission scanning electron microscopy (FE-SEM) and atomic force microscopy (AFM) with a Hitachi High-Tech S-4800 a,"{""discrete_experimental_sweep"": 4, ""multi_output_measurement"": 3}","{""axis_role_coordinate"": false, ""n_source_points"": 8, ""granularity"": ""unresolved""}","[{""quantity_type"": ""working_pressure"", ""symbol"": null, ""value"": ""0.75"", ""unit"": ""Torr"", ""species"": null, ""reactant_role"": null, ""assertion_status"": ""direct"", ""scope"": ""paper"", ""source"": ""methods"", ""evidence"": ""he chamber pressure was controlled at ∼ 0.75 Torr by Ar process gas. ## Characterization of deposited Y2O3  lms Yttrium deposition was meas""}, {""quantity_type"": ""generic_pressure"", ""symbol"": null, ""value"": ""0.1"", ""unit"": ""Torr"", ""species"": null, ""reactant_role"": null, ""assertion_status"": ""direct"", ""scope"": ""paper"", ""source"": ""methods"", ""evidence"": "". The vapor pressure of Y( s BuCp)3 was 0.1 Torr at 149 °C. The vapor pressure of Y( n BuCp)3 has been reported to be 0.1 Torr at 150 °C. 20""}, {""quantity_type"": ""generic_pressure"", ""symbol"": null, ""value"": ""0.1"", ""unit"": ""Torr"", ""species"": null, ""reactant_role"": null, ""assertion_status"": ""direct"", ""scope"": ""paper"", ""source"": ""methods"",",[],paper,ambiguous,,,,0.1 Torr (generic_pressure); 0.75 Torr (working_pressure),,,temperature,200 °C,10.1039_d3ra05217f::F6::e::200 °C
10.1039_d3ra05217f|11|6|e|250 °C|primary,10.1039_d3ra05217f,11,6,e,250 °C,primary,1,8,Binding Energy,Counts/s,1/s,experimental,unresolved,10.1039_d3ra05217f-F6e-28,,5,"Fig. 6 XPS depth pro /uniFB01 les for Y2O3 /uniFB01 lms deposited at (a) 200 °C, (b) 250 °C, and (c) 300 °C. XPS spectra of Y2O3 /uniFB01 lms deposited at (d) 200 °C, (e) 250 °C, and (f) 300 °C.","Cp)3 enables a higher growth rate than the conventional precursors, thereby enabling greater productivity of Y2O3  lms.

## Film properties of Y( s BuCp)3 precursor with water

The  lm concentration and impurities in the  lms were measured by XPS analysis. Fig. 6(a -c) shows XPS depth pro  les f",,,discrete_experimental_sweep,corroborated,multi_signal(3 families),"['F', 'M', 'Me', 'X']",M: 00 °C. <!-- image --> (a) 1.0um1.0um 0.8 Fig. 7 (a) FE-SEM image of Y2O3 /uniFB01 lm deposited onto Si substrate at 200 °C. (b) Three-dime | Me: stallinity were evaluated by X-ray re  ectivity (XRR) and X-ray di /uniFB00 raction (XRD) measurements using a Rigaku Ulti | Me: y  eld-emission scanning electron microscopy (FE-SEM) and atomic force microscopy (AFM) with a Hitachi High-Tech S-4800 a,"{""discrete_experimental_sweep"": 4, ""multi_output_measurement"": 3}","{""axis_role_coordinate"": false, ""n_source_points"": 8, ""granularity"": ""unresolved""}","[{""quantity_type"": ""working_pressure"", ""symbol"": null, ""value"": ""0.75"", ""unit"": ""Torr"", ""species"": null, ""reactant_role"": null, ""assertion_status"": ""direct"", ""scope"": ""paper"", ""source"": ""methods"", ""evidence"": ""he chamber pressure was controlled at ∼ 0.75 Torr by Ar process gas. ## Characterization of deposited Y2O3  lms Yttrium deposition was meas""}, {""quantity_type"": ""generic_pressure"", ""symbol"": null, ""value"": ""0.1"", ""unit"": ""Torr"", ""species"": null, ""reactant_role"": null, ""assertion_status"": ""direct"", ""scope"": ""paper"", ""source"": ""methods"", ""evidence"": "". The vapor pressure of Y( s BuCp)3 was 0.1 Torr at 149 °C. The vapor pressure of Y( n BuCp)3 has been reported to be 0.1 Torr at 150 °C. 20""}, {""quantity_type"": ""generic_pressure"", ""symbol"": null, ""value"": ""0.1"", ""unit"": ""Torr"", ""species"": null, ""reactant_role"": null, ""assertion_status"": ""direct"", ""scope"": ""paper"", ""source"": ""methods"",",[],paper,ambiguous,,,,0.1 Torr (generic_pressure); 0.75 Torr (working_pressure),,,temperature,250 °C,10.1039_d3ra05217f::F6::e::250 °C
10.1039_d3ra05217f|11|6|e|300 °C|primary,10.1039_d3ra05217f,11,6,e,300 °C,primary,1,8,Binding Energy,Counts/s,1/s,experimental,unresolved,10.1039_d3ra05217f-F6e-29,,5,"Fig. 6 XPS depth pro /uniFB01 les for Y2O3 /uniFB01 lms deposited at (a) 200 °C, (b) 250 °C, and (c) 300 °C. XPS spectra of Y2O3 /uniFB01 lms deposited at (d) 200 °C, (e) 250 °C, and (f) 300 °C.","Cp)3 enables a higher growth rate than the conventional precursors, thereby enabling greater productivity of Y2O3  lms.

## Film properties of Y( s BuCp)3 precursor with water

The  lm concentration and impurities in the  lms were measured by XPS analysis. Fig. 6(a -c) shows XPS depth pro  les f",,,discrete_experimental_sweep,corroborated,multi_signal(3 families),"['F', 'M', 'Me', 'X']",M: 00 °C. <!-- image --> (a) 1.0um1.0um 0.8 Fig. 7 (a) FE-SEM image of Y2O3 /uniFB01 lm deposited onto Si substrate at 200 °C. (b) Three-dime | Me: stallinity were evaluated by X-ray re  ectivity (XRR) and X-ray di /uniFB00 raction (XRD) measurements using a Rigaku Ulti | Me: y  eld-emission scanning electron microscopy (FE-SEM) and atomic force microscopy (AFM) with a Hitachi High-Tech S-4800 a,"{""discrete_experimental_sweep"": 4, ""multi_output_measurement"": 3}","{""axis_role_coordinate"": false, ""n_source_points"": 8, ""granularity"": ""unresolved""}","[{""quantity_type"": ""working_pressure"", ""symbol"": null, ""value"": ""0.75"", ""unit"": ""Torr"", ""species"": null, ""reactant_role"": null, ""assertion_status"": ""direct"", ""scope"": ""paper"", ""source"": ""methods"", ""evidence"": ""he chamber pressure was controlled at ∼ 0.75 Torr by Ar process gas. ## Characterization of deposited Y2O3  lms Yttrium deposition was meas""}, {""quantity_type"": ""generic_pressure"", ""symbol"": null, ""value"": ""0.1"", ""unit"": ""Torr"", ""species"": null, ""reactant_role"": null, ""assertion_status"": ""direct"", ""scope"": ""paper"", ""source"": ""methods"", ""evidence"": "". The vapor pressure of Y( s BuCp)3 was 0.1 Torr at 149 °C. The vapor pressure of Y( n BuCp)3 has been reported to be 0.1 Torr at 150 °C. 20""}, {""quantity_type"": ""generic_pressure"", ""symbol"": null, ""value"": ""0.1"", ""unit"": ""Torr"", ""species"": null, ""reactant_role"": null, ""assertion_status"": ""direct"", ""scope"": ""paper"", ""source"": ""methods"",",[],paper,ambiguous,,,,0.1 Torr (generic_pressure); 0.75 Torr (working_pressure),,,temperature,300 °C,10.1039_d3ra05217f::F6::e::300 °C
10.1039_d3ra05217f|11|6|f|200 °C|primary,10.1039_d3ra05217f,11,6,f,200 °C,primary,1,6,Binding Energy,Counts/s,1/s,experimental,unresolved,10.1039_d3ra05217f-F6f-30,,5,"Fig. 6 XPS depth pro /uniFB01 les for Y2O3 /uniFB01 lms deposited at (a) 200 °C, (b) 250 °C, and (c) 300 °C. XPS spectra of Y2O3 /uniFB01 lms deposited at (d) 200 °C, (e) 250 °C, and (f) 300 °C.","Cp)3 enables a higher growth rate than the conventional precursors, thereby enabling greater productivity of Y2O3  lms.

## Film properties of Y( s BuCp)3 precursor with water

The  lm concentration and impurities in the  lms were measured by XPS analysis. Fig. 6(a -c) shows XPS depth pro  les f",,,discrete_experimental_sweep,corroborated,multi_signal(3 families),"['F', 'M', 'Me', 'X']",M: 00 °C. <!-- image --> (a) 1.0um1.0um 0.8 Fig. 7 (a) FE-SEM image of Y2O3 /uniFB01 lm deposited onto Si substrate at 200 °C. (b) Three-dime | Me: stallinity were evaluated by X-ray re  ectivity (XRR) and X-ray di /uniFB00 raction (XRD) measurements using a Rigaku Ulti | Me: y  eld-emission scanning electron microscopy (FE-SEM) and atomic force microscopy (AFM) with a Hitachi High-Tech S-4800 a,"{""discrete_experimental_sweep"": 4, ""multi_output_measurement"": 3}","{""axis_role_coordinate"": false, ""n_source_points"": 6, ""granularity"": ""unresolved""}","[{""quantity_type"": ""working_pressure"", ""symbol"": null, ""value"": ""0.75"", ""unit"": ""Torr"", ""species"": null, ""reactant_role"": null, ""assertion_status"": ""direct"", ""scope"": ""paper"", ""source"": ""methods"", ""evidence"": ""he chamber pressure was controlled at ∼ 0.75 Torr by Ar process gas. ## Characterization of deposited Y2O3  lms Yttrium deposition was meas""}, {""quantity_type"": ""generic_pressure"", ""symbol"": null, ""value"": ""0.1"", ""unit"": ""Torr"", ""species"": null, ""reactant_role"": null, ""assertion_status"": ""direct"", ""scope"": ""paper"", ""source"": ""methods"", ""evidence"": "". The vapor pressure of Y( s BuCp)3 was 0.1 Torr at 149 °C. The vapor pressure of Y( n BuCp)3 has been reported to be 0.1 Torr at 150 °C. 20""}, {""quantity_type"": ""generic_pressure"", ""symbol"": null, ""value"": ""0.1"", ""unit"": ""Torr"", ""species"": null, ""reactant_role"": null, ""assertion_status"": ""direct"", ""scope"": ""paper"", ""source"": ""methods"",",[],paper,ambiguous,,,,0.1 Torr (generic_pressure); 0.75 Torr (working_pressure),,,temperature,200 °C,10.1039_d3ra05217f::F6::f::200 °C
10.1039_d3ra05217f|11|6|f|250 °C|primary,10.1039_d3ra05217f,11,6,f,250 °C,primary,1,6,Binding Energy,Counts/s,1/s,experimental,unresolved,10.1039_d3ra05217f-F6f-31,,5,"Fig. 6 XPS depth pro /uniFB01 les for Y2O3 /uniFB01 lms deposited at (a) 200 °C, (b) 250 °C, and (c) 300 °C. XPS spectra of Y2O3 /uniFB01 lms deposited at (d) 200 °C, (e) 250 °C, and (f) 300 °C.","Cp)3 enables a higher growth rate than the conventional precursors, thereby enabling greater productivity of Y2O3  lms.

## Film properties of Y( s BuCp)3 precursor with water

The  lm concentration and impurities in the  lms were measured by XPS analysis. Fig. 6(a -c) shows XPS depth pro  les f",,,discrete_experimental_sweep,corroborated,multi_signal(3 families),"['F', 'M', 'Me', 'X']",M: 00 °C. <!-- image --> (a) 1.0um1.0um 0.8 Fig. 7 (a) FE-SEM image of Y2O3 /uniFB01 lm deposited onto Si substrate at 200 °C. (b) Three-dime | Me: stallinity were evaluated by X-ray re  ectivity (XRR) and X-ray di /uniFB00 raction (XRD) measurements using a Rigaku Ulti | Me: y  eld-emission scanning electron microscopy (FE-SEM) and atomic force microscopy (AFM) with a Hitachi High-Tech S-4800 a,"{""discrete_experimental_sweep"": 4, ""multi_output_measurement"": 3}","{""axis_role_coordinate"": false, ""n_source_points"": 6, ""granularity"": ""unresolved""}","[{""quantity_type"": ""working_pressure"", ""symbol"": null, ""value"": ""0.75"", ""unit"": ""Torr"", ""species"": null, ""reactant_role"": null, ""assertion_status"": ""direct"", ""scope"": ""paper"", ""source"": ""methods"", ""evidence"": ""he chamber pressure was controlled at ∼ 0.75 Torr by Ar process gas. ## Characterization of deposited Y2O3  lms Yttrium deposition was meas""}, {""quantity_type"": ""generic_pressure"", ""symbol"": null, ""value"": ""0.1"", ""unit"": ""Torr"", ""species"": null, ""reactant_role"": null, ""assertion_status"": ""direct"", ""scope"": ""paper"", ""source"": ""methods"", ""evidence"": "". The vapor pressure of Y( s BuCp)3 was 0.1 Torr at 149 °C. The vapor pressure of Y( n BuCp)3 has been reported to be 0.1 Torr at 150 °C. 20""}, {""quantity_type"": ""generic_pressure"", ""symbol"": null, ""value"": ""0.1"", ""unit"": ""Torr"", ""species"": null, ""reactant_role"": null, ""assertion_status"": ""direct"", ""scope"": ""paper"", ""source"": ""methods"",",[],paper,ambiguous,,,,0.1 Torr (generic_pressure); 0.75 Torr (working_pressure),,,temperature,250 °C,10.1039_d3ra05217f::F6::f::250 °C
10.1039_d3ra05217f|11|6|f|300 °C|primary,10.1039_d3ra05217f,11,6,f,300 °C,primary,1,6,Binding Energy,Counts/s,1/s,experimental,unresolved,10.1039_d3ra05217f-F6f-32,,5,"Fig. 6 XPS depth pro /uniFB01 les for Y2O3 /uniFB01 lms deposited at (a) 200 °C, (b) 250 °C, and (c) 300 °C. XPS spectra of Y2O3 /uniFB01 lms deposited at (d) 200 °C, (e) 250 °C, and (f) 300 °C.","Cp)3 enables a higher growth rate than the conventional precursors, thereby enabling greater productivity of Y2O3  lms.

## Film properties of Y( s BuCp)3 precursor with water

The  lm concentration and impurities in the  lms were measured by XPS analysis. Fig. 6(a -c) shows XPS depth pro  les f",,,discrete_experimental_sweep,corroborated,multi_signal(3 families),"['F', 'M', 'Me', 'X']",M: 00 °C. <!-- image --> (a) 1.0um1.0um 0.8 Fig. 7 (a) FE-SEM image of Y2O3 /uniFB01 lm deposited onto Si substrate at 200 °C. (b) Three-dime | Me: stallinity were evaluated by X-ray re  ectivity (XRR) and X-ray di /uniFB00 raction (XRD) measurements using a Rigaku Ulti | Me: y  eld-emission scanning electron microscopy (FE-SEM) and atomic force microscopy (AFM) with a Hitachi High-Tech S-4800 a,"{""discrete_experimental_sweep"": 4, ""multi_output_measurement"": 3}","{""axis_role_coordinate"": false, ""n_source_points"": 6, ""granularity"": ""unresolved""}","[{""quantity_type"": ""working_pressure"", ""symbol"": null, ""value"": ""0.75"", ""unit"": ""Torr"", ""species"": null, ""reactant_role"": null, ""assertion_status"": ""direct"", ""scope"": ""paper"", ""source"": ""methods"", ""evidence"": ""he chamber pressure was controlled at ∼ 0.75 Torr by Ar process gas. ## Characterization of deposited Y2O3  lms Yttrium deposition was meas""}, {""quantity_type"": ""generic_pressure"", ""symbol"": null, ""value"": ""0.1"", ""unit"": ""Torr"", ""species"": null, ""reactant_role"": null, ""assertion_status"": ""direct"", ""scope"": ""paper"", ""source"": ""methods"", ""evidence"": "". The vapor pressure of Y( s BuCp)3 was 0.1 Torr at 149 °C. The vapor pressure of Y( n BuCp)3 has been reported to be 0.1 Torr at 150 °C. 20""}, {""quantity_type"": ""generic_pressure"", ""symbol"": null, ""value"": ""0.1"", ""unit"": ""Torr"", ""species"": null, ""reactant_role"": null, ""assertion_status"": ""direct"", ""scope"": ""paper"", ""source"": ""methods"",",[],paper,ambiguous,,,,0.1 Torr (generic_pressure); 0.75 Torr (working_pressure),,,temperature,300 °C,10.1039_d3ra05217f::F6::f::300 °C
10.1039_d3ra05217f|12|7|c|<single>|primary,10.1039_d3ra05217f,12,7,c,<single>,primary,1,55,2θ,intensity,arb. units,experimental,unresolved,10.1039_d3ra05217f-F7c-33,,5,Fig. 7 (a) FE-SEM image of Y2O3 /uniFB01 lm deposited onto Si substrate at 200 °C. (b) Three-dimensional AFM image of Y2O3 /uniFB01 lm deposited onto Si substrate at 200 °C. (c) XRD pattern for Y2O3 /uniFB01 lm on Si substrate. The re /uniFB02 ections were indexed on the basis of PDF card no. 151761," °C, and (c) 300 °C. The

Fig. 6 XPS depth pro /uniFB01 les for Y2O3 /uniFB01 lms deposited at (a) 200 °C, (b) 250 °C, and (c) 300 °C. XPS spectra of Y2O3 /uniFB01 lms deposited at (d) 200 °C, (e) 250 °C, and (f) 300 °C.

<!-- image -->

(a)

1.0um1.0um

0.8

Fig. 7 (a) FE-SEM image of Y2O3 /uniFB01",,,unknown,conflicting_signals,tie_between_discrete_experimental_sweep/multi_output_measurement,"['F', 'M', 'Me']",,"{""discrete_experimental_sweep"": 3, ""multi_output_measurement"": 3}","{""axis_role_coordinate"": false, ""n_source_points"": 55, ""granularity"": ""unresolved""}","[{""quantity_type"": ""working_pressure"", ""symbol"": null, ""value"": ""0.75"", ""unit"": ""Torr"", ""species"": null, ""reactant_role"": null, ""assertion_status"": ""direct"", ""scope"": ""paper"", ""source"": ""methods"", ""evidence"": ""he chamber pressure was controlled at ∼ 0.75 Torr by Ar process gas. ## Characterization of deposited Y2O3  lms Yttrium deposition was meas""}, {""quantity_type"": ""generic_pressure"", ""symbol"": null, ""value"": ""0.1"", ""unit"": ""Torr"", ""species"": null, ""reactant_role"": null, ""assertion_status"": ""direct"", ""scope"": ""paper"", ""source"": ""methods"", ""evidence"": "". The vapor pressure of Y( s BuCp)3 was 0.1 Torr at 149 °C. The vapor pressure of Y( n BuCp)3 has been reported to be 0.1 Torr at 150 °C. 20""}, {""quantity_type"": ""generic_pressure"", ""symbol"": null, ""value"": ""0.1"", ""unit"": ""Torr"", ""species"": null, ""reactant_role"": null, ""assertion_status"": ""direct"", ""scope"": ""paper"", ""source"": ""methods"",",[],paper,ambiguous,,,,0.1 Torr (generic_pressure); 0.75 Torr (working_pressure),,,,,10.1039_d3ra05217f::F7::c::<single>
10.1039_d3ra05217f|14|8|a|<single>|primary,10.1039_d3ra05217f,14,8,a,<single>,primary,50,50,bias_voltage,capacitance,pF,experimental,single,10.1039_d3ra05217f-8a-S7-P000;10.1039_d3ra05217f-8a-S7-P001;10.1039_d3ra05217f-8a-S7-P002;10.1039_d3ra05217f-8a-S7-P003;10.1039_d3ra05217f-8a-S7-P004;10.1039_d3ra05217f-8a-S7-P005 …+44,,6,Fig. 8 (a) C -V and (b) leakage current density vs. electric /uniFB01 eld curves for the Pt/Y2O3/p-Si capacitor. The deposition temperature for the Y2O3 layer was 300 °C.,"tion pressure, and the substrate. The XRD pattern showed no additional peaks caused by impurities.

These  lm characterization results con  rm that the Y( s BuCp)3 precursor can easily provide a high-quality Y2O3  lm.

## Electric properties of Y2O3  lms

Fig. 8(a) shows C -V curves for the Pt/Y",,,unknown,insufficient_corroboration,only_one_signal_family(discrete_experimental_sweep),"['F', 'M', 'Me']",,"{""multi_output_measurement"": 1, ""discrete_experimental_sweep"": 2}","{""axis_role_coordinate"": false, ""n_source_points"": 50, ""granularity"": ""single""}","[{""quantity_type"": ""working_pressure"", ""symbol"": null, ""value"": ""0.75"", ""unit"": ""Torr"", ""species"": null, ""reactant_role"": null, ""assertion_status"": ""direct"", ""scope"": ""paper"", ""source"": ""methods"", ""evidence"": ""he chamber pressure was controlled at ∼ 0.75 Torr by Ar process gas. ## Characterization of deposited Y2O3  lms Yttrium deposition was meas""}, {""quantity_type"": ""generic_pressure"", ""symbol"": null, ""value"": ""0.1"", ""unit"": ""Torr"", ""species"": null, ""reactant_role"": null, ""assertion_status"": ""direct"", ""scope"": ""paper"", ""source"": ""methods"", ""evidence"": "". The vapor pressure of Y( s BuCp)3 was 0.1 Torr at 149 °C. The vapor pressure of Y( n BuCp)3 has been reported to be 0.1 Torr at 150 °C. 20""}, {""quantity_type"": ""generic_pressure"", ""symbol"": null, ""value"": ""0.1"", ""unit"": ""Torr"", ""species"": null, ""reactant_role"": null, ""assertion_status"": ""direct"", ""scope"": ""paper"", ""source"": ""methods"",",[],paper,ambiguous,,,,0.1 Torr (generic_pressure); 0.75 Torr (working_pressure),,,,,10.1039_d3ra05217f::F8::a::<single>
10.1039_d3ra05217f|14|8|b|<single>|primary,10.1039_d3ra05217f,14,8,b,<single>,primary,1,40,electric_field,current_density,A/cm^2,experimental,correlation,10.1039_d3ra05217f-F8b-35,,6,Fig. 8 (a) C -V and (b) leakage current density vs. electric /uniFB01 eld curves for the Pt/Y2O3/p-Si capacitor. The deposition temperature for the Y2O3 layer was 300 °C.,"tion pressure, and the substrate. The XRD pattern showed no additional peaks caused by impurities.

These  lm characterization results con  rm that the Y( s BuCp)3 precursor can easily provide a high-quality Y2O3  lm.

## Electric properties of Y2O3  lms

Fig. 8(a) shows C -V curves for the Pt/Y",,,unknown,insufficient_corroboration,only_one_signal_family(discrete_experimental_sweep),"['F', 'M', 'Me']",,"{""multi_output_measurement"": 1, ""discrete_experimental_sweep"": 2}","{""axis_role_coordinate"": false, ""n_source_points"": 40, ""granularity"": ""correlation""}","[{""quantity_type"": ""working_pressure"", ""symbol"": null, ""value"": ""0.75"", ""unit"": ""Torr"", ""species"": null, ""reactant_role"": null, ""assertion_status"": ""direct"", ""scope"": ""paper"", ""source"": ""methods"", ""evidence"": ""he chamber pressure was controlled at ∼ 0.75 Torr by Ar process gas. ## Characterization of deposited Y2O3  lms Yttrium deposition was meas""}, {""quantity_type"": ""generic_pressure"", ""symbol"": null, ""value"": ""0.1"", ""unit"": ""Torr"", ""species"": null, ""reactant_role"": null, ""assertion_status"": ""direct"", ""scope"": ""paper"", ""source"": ""methods"", ""evidence"": "". The vapor pressure of Y( s BuCp)3 was 0.1 Torr at 149 °C. The vapor pressure of Y( n BuCp)3 has been reported to be 0.1 Torr at 150 °C. 20""}, {""quantity_type"": ""generic_pressure"", ""symbol"": null, ""value"": ""0.1"", ""unit"": ""Torr"", ""species"": null, ""reactant_role"": null, ""assertion_status"": ""direct"", ""scope"": ""paper"", ""source"": ""methods"",",[],paper,ambiguous,,,,0.1 Torr (generic_pressure); 0.75 Torr (working_pressure),,,,,10.1039_d3ra05217f::F8::b::<single>
10.1063_1.4867469|6|1|c|STO-buffered Si(001)|primary,10.1063_1.4867469,6,1,c,STO-buffered Si(001),primary,1,32,binding_energy,Counts,arb. unit,experimental,unresolved,10.1063_1.4867469-F1c-0,3,,"FIG. 1. (a) and (b) are RHEED patterns of a 7 nm BTO film on four-unitcell STO-buffered Si(001) as-deposited and after 5 min vacuum anneal at 600 /C14 C, respectively. Both images are taken along h 110 i direction of STO. (c) Si 2 p XP spectra of a typical four-unit-cell STO-buffered Si(001) film (r","01). The BTO samples were characterized using in-situ RHEED after ALD growth and throughout the annealing processes. RHEED patterns of a 7-nm BTO film as-deposited and after a 5-min vacuum anneal at 600 /C14 C taken along the [110] azimuth of STO are shown in Figs. 1(a) and 1(b), respectively. Both ",samples were characterized using in,,unknown,conflicting_signals,tie_between_discrete_experimental_sweep/multi_output_measurement/continuous_trace,"['F', 'I', 'M', 'X']",,"{""continuous_trace"": 1, ""discrete_experimental_sweep"": 2, ""multi_output_measurement"": 2}","{""axis_role_coordinate"": false, ""n_source_points"": 32, ""granularity"": ""unresolved""}",[],[],,,,,,,,,sample condition,STO-buffered Si(001),10.1063_1.4867469::F1::c::STO-buffered Si(001)
10.1063_1.4867469|6|1|c|3 nm BTO as-deposited|primary,10.1063_1.4867469,6,1,c,3 nm BTO as-deposited,primary,1,30,binding_energy,Counts,arb. unit,experimental,unresolved,10.1063_1.4867469-F1c-1,3,,"FIG. 1. (a) and (b) are RHEED patterns of a 7 nm BTO film on four-unitcell STO-buffered Si(001) as-deposited and after 5 min vacuum anneal at 600 /C14 C, respectively. Both images are taken along h 110 i direction of STO. (c) Si 2 p XP spectra of a typical four-unit-cell STO-buffered Si(001) film (r","01). The BTO samples were characterized using in-situ RHEED after ALD growth and throughout the annealing processes. RHEED patterns of a 7-nm BTO film as-deposited and after a 5-min vacuum anneal at 600 /C14 C taken along the [110] azimuth of STO are shown in Figs. 1(a) and 1(b), respectively. Both ",samples were characterized using in,,unknown,conflicting_signals,tie_between_discrete_experimental_sweep/multi_output_measurement/continuous_trace,"['F', 'I', 'M', 'X']",,"{""continuous_trace"": 1, ""discrete_experimental_sweep"": 2, ""multi_output_measurement"": 2}","{""axis_role_coordinate"": false, ""n_source_points"": 30, ""granularity"": ""unresolved""}",[],[],,,,,,,,,sample condition,3 nm BTO as-deposited,10.1063_1.4867469::F1::c::3 nm BTO as-deposited
10.1063_1.4867469|6|1|c|3 nm BTO vacuum annealed|primary,10.1063_1.4867469,6,1,c,3 nm BTO vacuum annealed,primary,1,30,binding_energy,Counts,arb. unit,experimental,unresolved,10.1063_1.4867469-F1c-2,3,,"FIG. 1. (a) and (b) are RHEED patterns of a 7 nm BTO film on four-unitcell STO-buffered Si(001) as-deposited and after 5 min vacuum anneal at 600 /C14 C, respectively. Both images are taken along h 110 i direction of STO. (c) Si 2 p XP spectra of a typical four-unit-cell STO-buffered Si(001) film (r","01). The BTO samples were characterized using in-situ RHEED after ALD growth and throughout the annealing processes. RHEED patterns of a 7-nm BTO film as-deposited and after a 5-min vacuum anneal at 600 /C14 C taken along the [110] azimuth of STO are shown in Figs. 1(a) and 1(b), respectively. Both ",samples were characterized using in,,unknown,conflicting_signals,tie_between_discrete_experimental_sweep/multi_output_measurement/continuous_trace,"['F', 'I', 'M', 'X']",,"{""continuous_trace"": 1, ""discrete_experimental_sweep"": 2, ""multi_output_measurement"": 2}","{""axis_role_coordinate"": false, ""n_source_points"": 30, ""granularity"": ""unresolved""}",[],[],,,,,,,,,sample condition,3 nm BTO vacuum annealed,10.1063_1.4867469::F1::c::3 nm BTO vacuum annealed
10.1063_1.4867469|7|2|a|BTO/STO/Si|primary,10.1063_1.4867469,7,2,a,BTO/STO/Si,primary,1,46,2θ,intensity,arb. unit,experimental,unresolved,10.1063_1.4867469-F2a-3,4,,FIG. 2. (a) XRD and (b) 2D-XRD patterns of an as-deposited 20 nm ALD BTO film on four-unit-cell MBE STO on Si(001). The lattice constants of the BTO film calculated from XRD are a ¼ 3.93 A ˚ and c ¼ 4.02 6 0.01 A ˚ demonstrating tetragonal structure of the as-deposited BTO film.," bonding after ALD growth and after vacuum annealing (Fig. 1(c)-blue and green colors), demonstrating the ability of ALD to maintain a clean STO/Si interface.

XRD was used to determine the crystalline structure of ALD-grown BTO films on STO-buffered Si(001). Figure 2(a) shows h -2 h scan of an as-d",,,multi_output_measurement,corroborated,multi_signal(2 families),"['F', 'M']","M: FIG. 2. (a) XRD and (b) 2D-XRD patterns of an as-deposited 20 nm ALD BTO film on four-unit-cell | X: x axis '2θ' is a measurement coordinate, not a prepared condition","{""multi_output_measurement"": 2}","{""axis_role_coordinate"": false, ""n_source_points"": 46, ""granularity"": ""unresolved""}",[],[],,,,,,,,,,,10.1063_1.4867469::F2::a::BTO/STO/Si
10.1063_1.4867469|9|4|a|-1.7 to 1.7 V|primary,10.1063_1.4867469,9,4,a,-1.7 to 1.7 V,primary,1,37,voltage,C/A,µF/cm²,experimental,correlation,10.1063_1.4867469-F4a-4,4,4,FIG. 4. C-V(at 100 kHz) characteristics of an as-deposited 18 nm BTO film on 1.6 nm STO-buffered Si(001).,"e is very sharp. The good crystalline order and very clean STO/Si interface (no amorphous layer) are consistent with RHEED, XRD, and XPS analyses.

C-V measurements at 100 kHz were performed on an 18-nm as-deposited BTO film, the results of which are shown in Fig. 4. The forward voltage sweep ( /C0 ",,,unknown,insufficient_corroboration,only_one_signal_family(multi_output_measurement),"['F', 'M', 'X']",,"{""multi_output_measurement"": 2}","{""axis_role_coordinate"": false, ""n_source_points"": 37, ""granularity"": ""correlation""}",[],[],,,,,,,,,sweep direction,-1.7 to 1.7 V,10.1063_1.4867469::F4::a::-1.7 to 1.7 V
10.1063_1.4867469|9|4|a|1.7 to -1.7 V|primary,10.1063_1.4867469,9,4,a,1.7 to -1.7 V,primary,1,37,voltage,C/A,µF/cm²,experimental,correlation,10.1063_1.4867469-F4a-5,4,4,FIG. 4. C-V(at 100 kHz) characteristics of an as-deposited 18 nm BTO film on 1.6 nm STO-buffered Si(001).,"e is very sharp. The good crystalline order and very clean STO/Si interface (no amorphous layer) are consistent with RHEED, XRD, and XPS analyses.

C-V measurements at 100 kHz were performed on an 18-nm as-deposited BTO film, the results of which are shown in Fig. 4. The forward voltage sweep ( /C0 ",,,unknown,insufficient_corroboration,only_one_signal_family(multi_output_measurement),"['F', 'M', 'X']",,"{""multi_output_measurement"": 2}","{""axis_role_coordinate"": false, ""n_source_points"": 37, ""granularity"": ""correlation""}",[],[],,,,,,,,,sweep direction,1.7 to -1.7 V,10.1063_1.4867469::F4::a::1.7 to -1.7 V
10.1063_1.5028178|10|2|a|0.1 s|primary,10.1063_1.5028178,10,2,a,0.1 s,primary,1,46,spatial_coordinate,Pressure p_A,Pa,model,profile,10.1063_1.5028178-F2a-0,6,,"FIG. 2. Comparison of the development of reactant pressure distributions in time. Lines indicate the approximate model and circles the fully numerical solution of the growth equations. Parameter values used: H ¼ 0.5 l m , W ¼ 0.1 mm, p A0 ¼ 100Pa, M A ¼ 0.0749 kg/mol, d A ¼ 591pm, M B ¼ 0.028 kg/ mo","formula-not-decoded -->

Now, we choose x t , so that this equation is true at location x ¼ x t , but x t must not be negative

s

ffiffiffiffiffiffiffiffiffiffiffiffiffiffiffi ffiffiffiffiffiffiffiffiffiffiffiffiffiffiffi

s

<!-- formula-not-decoded -->

In Fig. 2, this approximate model is compar",,TABLE I. Parameters extracted from the measured film thickness profiles. The measured and calculated thickness profiles are in Figs. 6 and 7. Thickness error is the rms value of the difference between,simulation,single_definitional_signal,provenance_gate(1 families),"['F', 'Me', 'T', 'X']",F: panel/figure source flag = simulated | F: pipeline relevance=model,"{""simulation"": 2}","{""axis_role_coordinate"": true, ""n_source_points"": 46, ""granularity"": ""profile""}","[{""quantity_type"": ""generic_pressure"", ""symbol"": null, ""value"": ""100"", ""unit"": ""Pa"", ""species"": null, ""reactant_role"": null, ""assertion_status"": ""direct"", ""scope"": ""figure"", ""source"": ""caption"", ""evidence"": ""used: H ¼ 0.5 l m , W ¼ 0.1 mm, p A0 ¼ 100Pa, M A ¼ 0.0749 kg/mol, d A ¼ 591pm, M B ¼ 0.028 kg/ mol, d B ¼ 374pm, p B ¼ 300Pa, q ¼ 5 /C2 10 ""}, {""quantity_type"": ""generic_pressure"", ""symbol"": null, ""value"": ""300"", ""unit"": ""Pa"", ""species"": null, ""reactant_role"": null, ""assertion_status"": ""direct"", ""scope"": ""figure"", ""source"": ""caption"", ""evidence"": ""M B ¼ 0.028 kg/ mol, d B ¼ 374pm, p B ¼ 300Pa, q ¼ 5 /C2 10 18 m /C0 2 , T ¼ 500K, K ¼ 100Pa /C0 1 , c ¼ 0.01, and gpc sat ¼ 106pm. The loca""}, {""quantity_type"": ""generic_pressure"", ""symbol"": null, ""value"": ""100"", ""unit"": ""Pa"", ""species"": null, ""reactant_role"": null, ""assertion_status"": ""direct"", ""scope"": ""figure"", ""source"": ""caption"", ""ev",[],figure,ambiguous,,,,100 Pa (generic_pressure); 300 Pa (generic_pressure),,,pulse time,0.1 s,10.1063_1.5028178::F2::a::0.1 s
10.1063_1.5028178|10|2|a|0.05 s|primary,10.1063_1.5028178,10,2,a,0.05 s,primary,1,36,spatial_coordinate,Pressure p_A,Pa,model,profile,10.1063_1.5028178-F2a-1,6,,"FIG. 2. Comparison of the development of reactant pressure distributions in time. Lines indicate the approximate model and circles the fully numerical solution of the growth equations. Parameter values used: H ¼ 0.5 l m , W ¼ 0.1 mm, p A0 ¼ 100Pa, M A ¼ 0.0749 kg/mol, d A ¼ 591pm, M B ¼ 0.028 kg/ mo","formula-not-decoded -->

Now, we choose x t , so that this equation is true at location x ¼ x t , but x t must not be negative

s

ffiffiffiffiffiffiffiffiffiffiffiffiffiffiffi ffiffiffiffiffiffiffiffiffiffiffiffiffiffiffi

s

<!-- formula-not-decoded -->

In Fig. 2, this approximate model is compar",,TABLE I. Parameters extracted from the measured film thickness profiles. The measured and calculated thickness profiles are in Figs. 6 and 7. Thickness error is the rms value of the difference between,simulation,single_definitional_signal,provenance_gate(1 families),"['F', 'Me', 'T', 'X']",F: panel/figure source flag = simulated | F: pipeline relevance=model,"{""simulation"": 2}","{""axis_role_coordinate"": true, ""n_source_points"": 36, ""granularity"": ""profile""}","[{""quantity_type"": ""generic_pressure"", ""symbol"": null, ""value"": ""100"", ""unit"": ""Pa"", ""species"": null, ""reactant_role"": null, ""assertion_status"": ""direct"", ""scope"": ""figure"", ""source"": ""caption"", ""evidence"": ""used: H ¼ 0.5 l m , W ¼ 0.1 mm, p A0 ¼ 100Pa, M A ¼ 0.0749 kg/mol, d A ¼ 591pm, M B ¼ 0.028 kg/ mol, d B ¼ 374pm, p B ¼ 300Pa, q ¼ 5 /C2 10 ""}, {""quantity_type"": ""generic_pressure"", ""symbol"": null, ""value"": ""300"", ""unit"": ""Pa"", ""species"": null, ""reactant_role"": null, ""assertion_status"": ""direct"", ""scope"": ""figure"", ""source"": ""caption"", ""evidence"": ""M B ¼ 0.028 kg/ mol, d B ¼ 374pm, p B ¼ 300Pa, q ¼ 5 /C2 10 18 m /C0 2 , T ¼ 500K, K ¼ 100Pa /C0 1 , c ¼ 0.01, and gpc sat ¼ 106pm. The loca""}, {""quantity_type"": ""generic_pressure"", ""symbol"": null, ""value"": ""100"", ""unit"": ""Pa"", ""species"": null, ""reactant_role"": null, ""assertion_status"": ""direct"", ""scope"": ""figure"", ""source"": ""caption"", ""ev",[],figure,ambiguous,,,,100 Pa (generic_pressure); 300 Pa (generic_pressure),,,pulse time,0.05 s,10.1063_1.5028178::F2::a::0.05 s
10.1063_1.5028178|10|2|a|0.02 s|primary,10.1063_1.5028178,10,2,a,0.02 s,primary,1,30,spatial_coordinate,Pressure p_A,Pa,model,profile,10.1063_1.5028178-F2a-2,6,,"FIG. 2. Comparison of the development of reactant pressure distributions in time. Lines indicate the approximate model and circles the fully numerical solution of the growth equations. Parameter values used: H ¼ 0.5 l m , W ¼ 0.1 mm, p A0 ¼ 100Pa, M A ¼ 0.0749 kg/mol, d A ¼ 591pm, M B ¼ 0.028 kg/ mo","formula-not-decoded -->

Now, we choose x t , so that this equation is true at location x ¼ x t , but x t must not be negative

s

ffiffiffiffiffiffiffiffiffiffiffiffiffiffiffi ffiffiffiffiffiffiffiffiffiffiffiffiffiffiffi

s

<!-- formula-not-decoded -->

In Fig. 2, this approximate model is compar",,TABLE I. Parameters extracted from the measured film thickness profiles. The measured and calculated thickness profiles are in Figs. 6 and 7. Thickness error is the rms value of the difference between,simulation,single_definitional_signal,provenance_gate(1 families),"['F', 'Me', 'T', 'X']",F: panel/figure source flag = simulated | F: pipeline relevance=model,"{""simulation"": 2}","{""axis_role_coordinate"": true, ""n_source_points"": 30, ""granularity"": ""profile""}","[{""quantity_type"": ""generic_pressure"", ""symbol"": null, ""value"": ""100"", ""unit"": ""Pa"", ""species"": null, ""reactant_role"": null, ""assertion_status"": ""direct"", ""scope"": ""figure"", ""source"": ""caption"", ""evidence"": ""used: H ¼ 0.5 l m , W ¼ 0.1 mm, p A0 ¼ 100Pa, M A ¼ 0.0749 kg/mol, d A ¼ 591pm, M B ¼ 0.028 kg/ mol, d B ¼ 374pm, p B ¼ 300Pa, q ¼ 5 /C2 10 ""}, {""quantity_type"": ""generic_pressure"", ""symbol"": null, ""value"": ""300"", ""unit"": ""Pa"", ""species"": null, ""reactant_role"": null, ""assertion_status"": ""direct"", ""scope"": ""figure"", ""source"": ""caption"", ""evidence"": ""M B ¼ 0.028 kg/ mol, d B ¼ 374pm, p B ¼ 300Pa, q ¼ 5 /C2 10 18 m /C0 2 , T ¼ 500K, K ¼ 100Pa /C0 1 , c ¼ 0.01, and gpc sat ¼ 106pm. The loca""}, {""quantity_type"": ""generic_pressure"", ""symbol"": null, ""value"": ""100"", ""unit"": ""Pa"", ""species"": null, ""reactant_role"": null, ""assertion_status"": ""direct"", ""scope"": ""figure"", ""source"": ""caption"", ""ev",[],figure,ambiguous,,,,100 Pa (generic_pressure); 300 Pa (generic_pressure),,,pulse time,0.02 s,10.1063_1.5028178::F2::a::0.02 s
10.1063_1.5028178|10|2|a|0.01 s|primary,10.1063_1.5028178,10,2,a,0.01 s,primary,1,26,spatial_coordinate,Pressure p_A,Pa,model,profile,10.1063_1.5028178-F2a-3,6,,"FIG. 2. Comparison of the development of reactant pressure distributions in time. Lines indicate the approximate model and circles the fully numerical solution of the growth equations. Parameter values used: H ¼ 0.5 l m , W ¼ 0.1 mm, p A0 ¼ 100Pa, M A ¼ 0.0749 kg/mol, d A ¼ 591pm, M B ¼ 0.028 kg/ mo","formula-not-decoded -->

Now, we choose x t , so that this equation is true at location x ¼ x t , but x t must not be negative

s

ffiffiffiffiffiffiffiffiffiffiffiffiffiffiffi ffiffiffiffiffiffiffiffiffiffiffiffiffiffiffi

s

<!-- formula-not-decoded -->

In Fig. 2, this approximate model is compar",,TABLE I. Parameters extracted from the measured film thickness profiles. The measured and calculated thickness profiles are in Figs. 6 and 7. Thickness error is the rms value of the difference between,simulation,single_definitional_signal,provenance_gate(1 families),"['F', 'Me', 'T', 'X']",F: panel/figure source flag = simulated | F: pipeline relevance=model,"{""simulation"": 2}","{""axis_role_coordinate"": true, ""n_source_points"": 26, ""granularity"": ""profile""}","[{""quantity_type"": ""generic_pressure"", ""symbol"": null, ""value"": ""100"", ""unit"": ""Pa"", ""species"": null, ""reactant_role"": null, ""assertion_status"": ""direct"", ""scope"": ""figure"", ""source"": ""caption"", ""evidence"": ""used: H ¼ 0.5 l m , W ¼ 0.1 mm, p A0 ¼ 100Pa, M A ¼ 0.0749 kg/mol, d A ¼ 591pm, M B ¼ 0.028 kg/ mol, d B ¼ 374pm, p B ¼ 300Pa, q ¼ 5 /C2 10 ""}, {""quantity_type"": ""generic_pressure"", ""symbol"": null, ""value"": ""300"", ""unit"": ""Pa"", ""species"": null, ""reactant_role"": null, ""assertion_status"": ""direct"", ""scope"": ""figure"", ""source"": ""caption"", ""evidence"": ""M B ¼ 0.028 kg/ mol, d B ¼ 374pm, p B ¼ 300Pa, q ¼ 5 /C2 10 18 m /C0 2 , T ¼ 500K, K ¼ 100Pa /C0 1 , c ¼ 0.01, and gpc sat ¼ 106pm. The loca""}, {""quantity_type"": ""generic_pressure"", ""symbol"": null, ""value"": ""100"", ""unit"": ""Pa"", ""species"": null, ""reactant_role"": null, ""assertion_status"": ""direct"", ""scope"": ""figure"", ""source"": ""caption"", ""ev",[],figure,ambiguous,,,,100 Pa (generic_pressure); 300 Pa (generic_pressure),,,pulse time,0.01 s,10.1063_1.5028178::F2::a::0.01 s
10.1063_1.5028178|11|3|a|0.01 s|primary,10.1063_1.5028178,11,3,a,0.01 s,primary,1,22,spatial_coordinate,surface_coverage,,model,profile,10.1063_1.5028178-F3a-4,6,,"FIG. 3. Development of the surface coverage with time. Circles represent the fully numerical solution of differential equations and lines the result of the approximate model. Parameter values used: H ¼ 0.5 l m , W ¼ 0.1 mm, p A0 ¼ 100Pa, M A ¼ 0.0749 kg/mol, d A ¼ 591pm, M B ¼ 0.028 kg/mol, d B ¼ 37",,,TABLE I. Parameters extracted from the measured film thickness profiles. The measured and calculated thickness profiles are in Figs. 6 and 7. Thickness error is the rms value of the difference between,simulation,single_definitional_signal,provenance_gate(1 families),"['F', 'Me', 'T', 'X']",F: panel/figure source flag = simulated | F: pipeline relevance=model,"{""simulation"": 2}","{""axis_role_coordinate"": true, ""n_source_points"": 22, ""granularity"": ""profile""}","[{""quantity_type"": ""generic_pressure"", ""symbol"": null, ""value"": ""100"", ""unit"": ""Pa"", ""species"": null, ""reactant_role"": null, ""assertion_status"": ""direct"", ""scope"": ""figure"", ""source"": ""caption"", ""evidence"": ""used: H ¼ 0.5 l m , W ¼ 0.1 mm, p A0 ¼ 100Pa, M A ¼ 0.0749 kg/mol, d A ¼ 591pm, M B ¼ 0.028 kg/mol, d B ¼ 374 pm, p B ¼ 300Pa, q ¼ 5 /C2 10 ""}, {""quantity_type"": ""generic_pressure"", ""symbol"": null, ""value"": ""300"", ""unit"": ""Pa"", ""species"": null, ""reactant_role"": null, ""assertion_status"": ""direct"", ""scope"": ""figure"", ""source"": ""caption"", ""evidence"": ""M B ¼ 0.028 kg/mol, d B ¼ 374 pm, p B ¼ 300Pa, q ¼ 5 /C2 10 18 m /C0 2 , T ¼ 500 K, K ¼ 100Pa /C0 1 , c ¼ 0.01, and gpc sat ¼ 106pm.""}, {""quantity_type"": ""generic_pressure"", ""symbol"": null, ""value"": ""100"", ""unit"": ""Pa"", ""species"": null, ""reactant_role"": null, ""assertion_status"": ""direct"", ""scope"": ""figure"", ""source"": ""caption"", ""evidence"":",[],figure,ambiguous,,,,100 Pa (generic_pressure); 300 Pa (generic_pressure),,,pulse_time,0.01 s,10.1063_1.5028178::F3::a::0.01 s
10.1063_1.5028178|11|3|a|0.02 s|primary,10.1063_1.5028178,11,3,a,0.02 s,primary,1,21,spatial_coordinate,surface_coverage,,model,profile,10.1063_1.5028178-F3a-5,6,,"FIG. 3. Development of the surface coverage with time. Circles represent the fully numerical solution of differential equations and lines the result of the approximate model. Parameter values used: H ¼ 0.5 l m , W ¼ 0.1 mm, p A0 ¼ 100Pa, M A ¼ 0.0749 kg/mol, d A ¼ 591pm, M B ¼ 0.028 kg/mol, d B ¼ 37",,,TABLE I. Parameters extracted from the measured film thickness profiles. The measured and calculated thickness profiles are in Figs. 6 and 7. Thickness error is the rms value of the difference between,simulation,single_definitional_signal,provenance_gate(1 families),"['F', 'Me', 'T', 'X']",F: panel/figure source flag = simulated | F: pipeline relevance=model,"{""simulation"": 2}","{""axis_role_coordinate"": true, ""n_source_points"": 21, ""granularity"": ""profile""}","[{""quantity_type"": ""generic_pressure"", ""symbol"": null, ""value"": ""100"", ""unit"": ""Pa"", ""species"": null, ""reactant_role"": null, ""assertion_status"": ""direct"", ""scope"": ""figure"", ""source"": ""caption"", ""evidence"": ""used: H ¼ 0.5 l m , W ¼ 0.1 mm, p A0 ¼ 100Pa, M A ¼ 0.0749 kg/mol, d A ¼ 591pm, M B ¼ 0.028 kg/mol, d B ¼ 374 pm, p B ¼ 300Pa, q ¼ 5 /C2 10 ""}, {""quantity_type"": ""generic_pressure"", ""symbol"": null, ""value"": ""300"", ""unit"": ""Pa"", ""species"": null, ""reactant_role"": null, ""assertion_status"": ""direct"", ""scope"": ""figure"", ""source"": ""caption"", ""evidence"": ""M B ¼ 0.028 kg/mol, d B ¼ 374 pm, p B ¼ 300Pa, q ¼ 5 /C2 10 18 m /C0 2 , T ¼ 500 K, K ¼ 100Pa /C0 1 , c ¼ 0.01, and gpc sat ¼ 106pm.""}, {""quantity_type"": ""generic_pressure"", ""symbol"": null, ""value"": ""100"", ""unit"": ""Pa"", ""species"": null, ""reactant_role"": null, ""assertion_status"": ""direct"", ""scope"": ""figure"", ""source"": ""caption"", ""evidence"":",[],figure,ambiguous,,,,100 Pa (generic_pressure); 300 Pa (generic_pressure),,,pulse_time,0.02 s,10.1063_1.5028178::F3::a::0.02 s
10.1063_1.5028178|11|3|a|0.05 s|primary,10.1063_1.5028178,11,3,a,0.05 s,primary,1,21,spatial_coordinate,surface_coverage,,model,profile,10.1063_1.5028178-F3a-6,6,,"FIG. 3. Development of the surface coverage with time. Circles represent the fully numerical solution of differential equations and lines the result of the approximate model. Parameter values used: H ¼ 0.5 l m , W ¼ 0.1 mm, p A0 ¼ 100Pa, M A ¼ 0.0749 kg/mol, d A ¼ 591pm, M B ¼ 0.028 kg/mol, d B ¼ 37",,,TABLE I. Parameters extracted from the measured film thickness profiles. The measured and calculated thickness profiles are in Figs. 6 and 7. Thickness error is the rms value of the difference between,simulation,single_definitional_signal,provenance_gate(1 families),"['F', 'Me', 'T', 'X']",F: panel/figure source flag = simulated | F: pipeline relevance=model,"{""simulation"": 2}","{""axis_role_coordinate"": true, ""n_source_points"": 21, ""granularity"": ""profile""}","[{""quantity_type"": ""generic_pressure"", ""symbol"": null, ""value"": ""100"", ""unit"": ""Pa"", ""species"": null, ""reactant_role"": null, ""assertion_status"": ""direct"", ""scope"": ""figure"", ""source"": ""caption"", ""evidence"": ""used: H ¼ 0.5 l m , W ¼ 0.1 mm, p A0 ¼ 100Pa, M A ¼ 0.0749 kg/mol, d A ¼ 591pm, M B ¼ 0.028 kg/mol, d B ¼ 374 pm, p B ¼ 300Pa, q ¼ 5 /C2 10 ""}, {""quantity_type"": ""generic_pressure"", ""symbol"": null, ""value"": ""300"", ""unit"": ""Pa"", ""species"": null, ""reactant_role"": null, ""assertion_status"": ""direct"", ""scope"": ""figure"", ""source"": ""caption"", ""evidence"": ""M B ¼ 0.028 kg/mol, d B ¼ 374 pm, p B ¼ 300Pa, q ¼ 5 /C2 10 18 m /C0 2 , T ¼ 500 K, K ¼ 100Pa /C0 1 , c ¼ 0.01, and gpc sat ¼ 106pm.""}, {""quantity_type"": ""generic_pressure"", ""symbol"": null, ""value"": ""100"", ""unit"": ""Pa"", ""species"": null, ""reactant_role"": null, ""assertion_status"": ""direct"", ""scope"": ""figure"", ""source"": ""caption"", ""evidence"":",[],figure,ambiguous,,,,100 Pa (generic_pressure); 300 Pa (generic_pressure),,,pulse_time,0.05 s,10.1063_1.5028178::F3::a::0.05 s
10.1063_1.5028178|11|3|a|0.1 s|primary,10.1063_1.5028178,11,3,a,0.1 s,primary,1,19,spatial_coordinate,surface_coverage,,model,profile,10.1063_1.5028178-F3a-7,6,,"FIG. 3. Development of the surface coverage with time. Circles represent the fully numerical solution of differential equations and lines the result of the approximate model. Parameter values used: H ¼ 0.5 l m , W ¼ 0.1 mm, p A0 ¼ 100Pa, M A ¼ 0.0749 kg/mol, d A ¼ 591pm, M B ¼ 0.028 kg/mol, d B ¼ 37",,,TABLE I. Parameters extracted from the measured film thickness profiles. The measured and calculated thickness profiles are in Figs. 6 and 7. Thickness error is the rms value of the difference between,simulation,single_definitional_signal,provenance_gate(1 families),"['F', 'Me', 'T', 'X']",F: panel/figure source flag = simulated | F: pipeline relevance=model,"{""simulation"": 2}","{""axis_role_coordinate"": true, ""n_source_points"": 19, ""granularity"": ""profile""}","[{""quantity_type"": ""generic_pressure"", ""symbol"": null, ""value"": ""100"", ""unit"": ""Pa"", ""species"": null, ""reactant_role"": null, ""assertion_status"": ""direct"", ""scope"": ""figure"", ""source"": ""caption"", ""evidence"": ""used: H ¼ 0.5 l m , W ¼ 0.1 mm, p A0 ¼ 100Pa, M A ¼ 0.0749 kg/mol, d A ¼ 591pm, M B ¼ 0.028 kg/mol, d B ¼ 374 pm, p B ¼ 300Pa, q ¼ 5 /C2 10 ""}, {""quantity_type"": ""generic_pressure"", ""symbol"": null, ""value"": ""300"", ""unit"": ""Pa"", ""species"": null, ""reactant_role"": null, ""assertion_status"": ""direct"", ""scope"": ""figure"", ""source"": ""caption"", ""evidence"": ""M B ¼ 0.028 kg/mol, d B ¼ 374 pm, p B ¼ 300Pa, q ¼ 5 /C2 10 18 m /C0 2 , T ¼ 500 K, K ¼ 100Pa /C0 1 , c ¼ 0.01, and gpc sat ¼ 106pm.""}, {""quantity_type"": ""generic_pressure"", ""symbol"": null, ""value"": ""100"", ""unit"": ""Pa"", ""species"": null, ""reactant_role"": null, ""assertion_status"": ""direct"", ""scope"": ""figure"", ""source"": ""caption"", ""evidence"":",[],figure,ambiguous,,,,100 Pa (generic_pressure); 300 Pa (generic_pressure),,,pulse_time,0.1 s,10.1063_1.5028178::F3::a::0.1 s
10.1063_1.5028178|12|4|a|H= 2 µm|primary,10.1063_1.5028178,12,4,a,H= 2 µm,primary,1,25,spatial_coordinate,film_thickness,nm,model,profile,10.1063_1.5028178-F4a-8,,6,"FIG. 4. Film thickness profiles after 1000 cycles calculated by the approximate model when the original channel heights are H ¼ 2, 1, 0.5, or 0.2 l m. Reactant pulse length t p ¼ 0.1 s. In the last case, the channel entrance is completely plugged up. Parameter values used: H ¼ 0.5 l m , W ¼ 0.1 mm, ","ions h i in the surface coverage of all the N cycles and compute the final thickness distribution s ( x )

<!-- formula-not-decoded -->

<!-- formula-not-decoded -->

The resulting film thickness distributions with different channel height values are shown in Fig. 4.

FIG. 4. Film thickness profiles",,TABLE I. Parameters extracted from the measured film thickness profiles. The measured and calculated thickness profiles are in Figs. 6 and 7. Thickness error is the rms value of the difference between,simulation,single_definitional_signal,provenance_gate(1 families),"['F', 'Me', 'T', 'X']",F: panel/figure source flag = simulated | F: pipeline relevance=model,"{""simulation"": 2}","{""axis_role_coordinate"": true, ""n_source_points"": 25, ""granularity"": ""profile""}","[{""quantity_type"": ""generic_pressure"", ""symbol"": null, ""value"": ""100"", ""unit"": ""Pa"", ""species"": null, ""reactant_role"": null, ""assertion_status"": ""direct"", ""scope"": ""figure"", ""source"": ""caption"", ""evidence"": ""used: H ¼ 0.5 l m , W ¼ 0.1 mm, p A0 ¼ 100Pa, M A ¼ 0.0749 kg/mol, d A ¼ 591pm, M B ¼ 0.028 kg/mol, d B ¼ 374pm, p B ¼ 300Pa, q ¼ 5 /C2 10 1""}, {""quantity_type"": ""generic_pressure"", ""symbol"": null, ""value"": ""300"", ""unit"": ""Pa"", ""species"": null, ""reactant_role"": null, ""assertion_status"": ""direct"", ""scope"": ""figure"", ""source"": ""caption"", ""evidence"": ""M B ¼ 0.028 kg/mol, d B ¼ 374pm, p B ¼ 300Pa, q ¼ 5 /C2 10 18 m /C0 2 , T ¼ 500K, K ¼ 100Pa /C0 1 , c ¼ 0.01, and gpc sat ¼ 106pm.""}, {""quantity_type"": ""generic_pressure"", ""symbol"": null, ""value"": ""100"", ""unit"": ""Pa"", ""species"": null, ""reactant_role"": null, ""assertion_status"": ""direct"", ""scope"": ""figure"", ""source"": ""caption"", ""evidence"": """,[],figure,ambiguous,,,,100 Pa (generic_pressure); 300 Pa (generic_pressure),,,channel height,H= 2 µm,10.1063_1.5028178::F4::a::H= 2 µm
10.1063_1.5028178|12|4|a|1 µm|primary,10.1063_1.5028178,12,4,a,1 µm,primary,1,16,spatial_coordinate,film_thickness,nm,model,profile,10.1063_1.5028178-F4a-9,,6,"FIG. 4. Film thickness profiles after 1000 cycles calculated by the approximate model when the original channel heights are H ¼ 2, 1, 0.5, or 0.2 l m. Reactant pulse length t p ¼ 0.1 s. In the last case, the channel entrance is completely plugged up. Parameter values used: H ¼ 0.5 l m , W ¼ 0.1 mm, ","ions h i in the surface coverage of all the N cycles and compute the final thickness distribution s ( x )

<!-- formula-not-decoded -->

<!-- formula-not-decoded -->

The resulting film thickness distributions with different channel height values are shown in Fig. 4.

FIG. 4. Film thickness profiles",,TABLE I. Parameters extracted from the measured film thickness profiles. The measured and calculated thickness profiles are in Figs. 6 and 7. Thickness error is the rms value of the difference between,simulation,single_definitional_signal,provenance_gate(1 families),"['F', 'Me', 'T', 'X']",F: panel/figure source flag = simulated | F: pipeline relevance=model,"{""simulation"": 2}","{""axis_role_coordinate"": true, ""n_source_points"": 16, ""granularity"": ""profile""}","[{""quantity_type"": ""generic_pressure"", ""symbol"": null, ""value"": ""100"", ""unit"": ""Pa"", ""species"": null, ""reactant_role"": null, ""assertion_status"": ""direct"", ""scope"": ""figure"", ""source"": ""caption"", ""evidence"": ""used: H ¼ 0.5 l m , W ¼ 0.1 mm, p A0 ¼ 100Pa, M A ¼ 0.0749 kg/mol, d A ¼ 591pm, M B ¼ 0.028 kg/mol, d B ¼ 374pm, p B ¼ 300Pa, q ¼ 5 /C2 10 1""}, {""quantity_type"": ""generic_pressure"", ""symbol"": null, ""value"": ""300"", ""unit"": ""Pa"", ""species"": null, ""reactant_role"": null, ""assertion_status"": ""direct"", ""scope"": ""figure"", ""source"": ""caption"", ""evidence"": ""M B ¼ 0.028 kg/mol, d B ¼ 374pm, p B ¼ 300Pa, q ¼ 5 /C2 10 18 m /C0 2 , T ¼ 500K, K ¼ 100Pa /C0 1 , c ¼ 0.01, and gpc sat ¼ 106pm.""}, {""quantity_type"": ""generic_pressure"", ""symbol"": null, ""value"": ""100"", ""unit"": ""Pa"", ""species"": null, ""reactant_role"": null, ""assertion_status"": ""direct"", ""scope"": ""figure"", ""source"": ""caption"", ""evidence"": """,[],figure,ambiguous,,,,100 Pa (generic_pressure); 300 Pa (generic_pressure),,,channel height,1 µm,10.1063_1.5028178::F4::a::1 µm
10.1063_1.5028178|12|4|a|0.5 µm|primary,10.1063_1.5028178,12,4,a,0.5 µm,primary,1,14,spatial_coordinate,film_thickness,nm,model,profile,10.1063_1.5028178-F4a-10,,6,"FIG. 4. Film thickness profiles after 1000 cycles calculated by the approximate model when the original channel heights are H ¼ 2, 1, 0.5, or 0.2 l m. Reactant pulse length t p ¼ 0.1 s. In the last case, the channel entrance is completely plugged up. Parameter values used: H ¼ 0.5 l m , W ¼ 0.1 mm, ","ions h i in the surface coverage of all the N cycles and compute the final thickness distribution s ( x )

<!-- formula-not-decoded -->

<!-- formula-not-decoded -->

The resulting film thickness distributions with different channel height values are shown in Fig. 4.

FIG. 4. Film thickness profiles",,TABLE I. Parameters extracted from the measured film thickness profiles. The measured and calculated thickness profiles are in Figs. 6 and 7. Thickness error is the rms value of the difference between,simulation,single_definitional_signal,provenance_gate(1 families),"['F', 'Me', 'T', 'X']",F: panel/figure source flag = simulated | F: pipeline relevance=model,"{""simulation"": 2}","{""axis_role_coordinate"": true, ""n_source_points"": 14, ""granularity"": ""profile""}","[{""quantity_type"": ""generic_pressure"", ""symbol"": null, ""value"": ""100"", ""unit"": ""Pa"", ""species"": null, ""reactant_role"": null, ""assertion_status"": ""direct"", ""scope"": ""figure"", ""source"": ""caption"", ""evidence"": ""used: H ¼ 0.5 l m , W ¼ 0.1 mm, p A0 ¼ 100Pa, M A ¼ 0.0749 kg/mol, d A ¼ 591pm, M B ¼ 0.028 kg/mol, d B ¼ 374pm, p B ¼ 300Pa, q ¼ 5 /C2 10 1""}, {""quantity_type"": ""generic_pressure"", ""symbol"": null, ""value"": ""300"", ""unit"": ""Pa"", ""species"": null, ""reactant_role"": null, ""assertion_status"": ""direct"", ""scope"": ""figure"", ""source"": ""caption"", ""evidence"": ""M B ¼ 0.028 kg/mol, d B ¼ 374pm, p B ¼ 300Pa, q ¼ 5 /C2 10 18 m /C0 2 , T ¼ 500K, K ¼ 100Pa /C0 1 , c ¼ 0.01, and gpc sat ¼ 106pm.""}, {""quantity_type"": ""generic_pressure"", ""symbol"": null, ""value"": ""100"", ""unit"": ""Pa"", ""species"": null, ""reactant_role"": null, ""assertion_status"": ""direct"", ""scope"": ""figure"", ""source"": ""caption"", ""evidence"": """,[],figure,ambiguous,,,,100 Pa (generic_pressure); 300 Pa (generic_pressure),,,channel height,0.5 µm,10.1063_1.5028178::F4::a::0.5 µm
10.1063_1.5028178|12|4|a|0.2 µm|primary,10.1063_1.5028178,12,4,a,0.2 µm,primary,1,13,spatial_coordinate,film_thickness,nm,model,profile,10.1063_1.5028178-F4a-11,,6,"FIG. 4. Film thickness profiles after 1000 cycles calculated by the approximate model when the original channel heights are H ¼ 2, 1, 0.5, or 0.2 l m. Reactant pulse length t p ¼ 0.1 s. In the last case, the channel entrance is completely plugged up. Parameter values used: H ¼ 0.5 l m , W ¼ 0.1 mm, ","ions h i in the surface coverage of all the N cycles and compute the final thickness distribution s ( x )

<!-- formula-not-decoded -->

<!-- formula-not-decoded -->

The resulting film thickness distributions with different channel height values are shown in Fig. 4.

FIG. 4. Film thickness profiles",,TABLE I. Parameters extracted from the measured film thickness profiles. The measured and calculated thickness profiles are in Figs. 6 and 7. Thickness error is the rms value of the difference between,simulation,single_definitional_signal,provenance_gate(1 families),"['F', 'Me', 'T', 'X']",F: panel/figure source flag = simulated | F: pipeline relevance=model,"{""simulation"": 2}","{""axis_role_coordinate"": true, ""n_source_points"": 13, ""granularity"": ""profile""}","[{""quantity_type"": ""generic_pressure"", ""symbol"": null, ""value"": ""100"", ""unit"": ""Pa"", ""species"": null, ""reactant_role"": null, ""assertion_status"": ""direct"", ""scope"": ""figure"", ""source"": ""caption"", ""evidence"": ""used: H ¼ 0.5 l m , W ¼ 0.1 mm, p A0 ¼ 100Pa, M A ¼ 0.0749 kg/mol, d A ¼ 591pm, M B ¼ 0.028 kg/mol, d B ¼ 374pm, p B ¼ 300Pa, q ¼ 5 /C2 10 1""}, {""quantity_type"": ""generic_pressure"", ""symbol"": null, ""value"": ""300"", ""unit"": ""Pa"", ""species"": null, ""reactant_role"": null, ""assertion_status"": ""direct"", ""scope"": ""figure"", ""source"": ""caption"", ""evidence"": ""M B ¼ 0.028 kg/mol, d B ¼ 374pm, p B ¼ 300Pa, q ¼ 5 /C2 10 18 m /C0 2 , T ¼ 500K, K ¼ 100Pa /C0 1 , c ¼ 0.01, and gpc sat ¼ 106pm.""}, {""quantity_type"": ""generic_pressure"", ""symbol"": null, ""value"": ""100"", ""unit"": ""Pa"", ""species"": null, ""reactant_role"": null, ""assertion_status"": ""direct"", ""scope"": ""figure"", ""source"": ""caption"", ""evidence"": """,[],figure,ambiguous,,,,100 Pa (generic_pressure); 300 Pa (generic_pressure),,,channel height,0.2 µm,10.1063_1.5028178::F4::a::0.2 µm
10.1063_1.5028178|13|5|a|Gordon model|primary,10.1063_1.5028178,13,5,a,Gordon model,primary,25,25,pulse_time,penetration_depth,nm,model,single,10.1063_1.5028178-5a-S0-P000;10.1063_1.5028178-5a-S0-P001;10.1063_1.5028178-5a-S0-P002;10.1063_1.5028178-5a-S0-P003;10.1063_1.5028178-5a-S0-P004;10.1063_1.5028178-5a-S0-P005 …+19,7,7,"FIG. 5. Comparison of the penetration depth given by different models in one reactant pulse. Circles represent the fully numerical solution, the solid line the analytical approximate solution and the dashed line the Gordon model. Parameter values used: H ¼ 0.5 l m , W ¼ 0.1 mm, p A0 ¼ 100Pa, M A ¼ 0","is independent of height H of the channel. If we denote

<!-- formula-not-decoded -->

we get the penetration depth at pulse length t p, when W /C29 H

r

ffiffiffiffiffiffiffiffiffiffiffiffiffiffiffiffiffiffi

<!-- formula-not-decoded -->

This is plotted in Fig. 5 for one ALD cycle and compared wi",,TABLE I. Parameters extracted from the measured film thickness profiles. The measured and calculated thickness profiles are in Figs. 6 and 7. Thickness error is the rms value of the difference between,model_sweep,corroborated,provenance_gate(2 families),"['F', 'L', 'Me', 'T', 'X']",L: series label 'Gordon model' | F: panel/figure source flag = simulated | F: pipeline relevance=model,"{""model_sweep"": 3}","{""axis_role_coordinate"": false, ""n_source_points"": 25, ""granularity"": ""single""}","[{""quantity_type"": ""generic_pressure"", ""symbol"": null, ""value"": ""100"", ""unit"": ""Pa"", ""species"": null, ""reactant_role"": null, ""assertion_status"": ""direct"", ""scope"": ""panel"", ""source"": ""figure_data.panel.conditions"", ""evidence"": ""pressure=100 Pa""}, {""quantity_type"": ""generic_pressure"", ""symbol"": null, ""value"": ""100"", ""unit"": ""Pa"", ""species"": null, ""reactant_role"": null, ""assertion_status"": ""direct"", ""scope"": ""figure"", ""source"": ""caption"", ""evidence"": ""used: H ¼ 0.5 l m , W ¼ 0.1 mm, p A0 ¼ 100Pa, M A ¼ 0.0749 kg/mol, d A ¼ 591pm, M B ¼ 0.028 kg/mol, d B ¼ 374pm, p B ¼ 300 Pa, q ¼ 5 /C2 10 ""}, {""quantity_type"": ""generic_pressure"", ""symbol"": null, ""value"": ""300"", ""unit"": ""Pa"", ""species"": null, ""reactant_role"": null, ""assertion_status"": ""direct"", ""scope"": ""figure"", ""source"": ""caption"", ""evidence"": ""M B ¼ 0.028 kg/mol, d B ¼ 374pm, p B ¼ 300 Pa, q ¼ 5 /C2 10 18 m /C0 2 , T ¼ 500K, K ¼ 100Pa /C",[],panel,resolved,100,Pa,generic_pressure,100 Pa (generic_pressure),,,model,Gordon model,10.1063_1.5028178::F5::a::Gordon model
10.1063_1.5028178|13|5|a|Approximation|primary,10.1063_1.5028178,13,5,a,Approximation,primary,23,23,pulse_time,penetration_depth,nm,model,single,10.1063_1.5028178-5a-S1-P000;10.1063_1.5028178-5a-S1-P001;10.1063_1.5028178-5a-S1-P002;10.1063_1.5028178-5a-S1-P003;10.1063_1.5028178-5a-S1-P004;10.1063_1.5028178-5a-S1-P005 …+17,7,7,"FIG. 5. Comparison of the penetration depth given by different models in one reactant pulse. Circles represent the fully numerical solution, the solid line the analytical approximate solution and the dashed line the Gordon model. Parameter values used: H ¼ 0.5 l m , W ¼ 0.1 mm, p A0 ¼ 100Pa, M A ¼ 0","is independent of height H of the channel. If we denote

<!-- formula-not-decoded -->

we get the penetration depth at pulse length t p, when W /C29 H

r

ffiffiffiffiffiffiffiffiffiffiffiffiffiffiffiffiffiffi

<!-- formula-not-decoded -->

This is plotted in Fig. 5 for one ALD cycle and compared wi",,TABLE I. Parameters extracted from the measured film thickness profiles. The measured and calculated thickness profiles are in Figs. 6 and 7. Thickness error is the rms value of the difference between,model_sweep,single_definitional_signal,provenance_gate(1 families),"['F', 'Me', 'T', 'X']",F: panel/figure source flag = simulated | F: pipeline relevance=model,"{""model_sweep"": 2}","{""axis_role_coordinate"": false, ""n_source_points"": 23, ""granularity"": ""single""}","[{""quantity_type"": ""generic_pressure"", ""symbol"": null, ""value"": ""100"", ""unit"": ""Pa"", ""species"": null, ""reactant_role"": null, ""assertion_status"": ""direct"", ""scope"": ""panel"", ""source"": ""figure_data.panel.conditions"", ""evidence"": ""pressure=100 Pa""}, {""quantity_type"": ""generic_pressure"", ""symbol"": null, ""value"": ""100"", ""unit"": ""Pa"", ""species"": null, ""reactant_role"": null, ""assertion_status"": ""direct"", ""scope"": ""figure"", ""source"": ""caption"", ""evidence"": ""used: H ¼ 0.5 l m , W ¼ 0.1 mm, p A0 ¼ 100Pa, M A ¼ 0.0749 kg/mol, d A ¼ 591pm, M B ¼ 0.028 kg/mol, d B ¼ 374pm, p B ¼ 300 Pa, q ¼ 5 /C2 10 ""}, {""quantity_type"": ""generic_pressure"", ""symbol"": null, ""value"": ""300"", ""unit"": ""Pa"", ""species"": null, ""reactant_role"": null, ""assertion_status"": ""direct"", ""scope"": ""figure"", ""source"": ""caption"", ""evidence"": ""M B ¼ 0.028 kg/mol, d B ¼ 374pm, p B ¼ 300 Pa, q ¼ 5 /C2 10 18 m /C0 2 , T ¼ 500K, K ¼ 100Pa /C",[],panel,resolved,100,Pa,generic_pressure,100 Pa (generic_pressure),,,model,Approximation,10.1063_1.5028178::F5::a::Approximation
10.1063_1.5028178|13|5|a|Numerical|primary,10.1063_1.5028178,13,5,a,Numerical,primary,10,10,pulse_time,penetration_depth,nm,model,single,10.1063_1.5028178-5a-S2-P000;10.1063_1.5028178-5a-S2-P001;10.1063_1.5028178-5a-S2-P002;10.1063_1.5028178-5a-S2-P003;10.1063_1.5028178-5a-S2-P004;10.1063_1.5028178-5a-S2-P005 …+4,7,7,"FIG. 5. Comparison of the penetration depth given by different models in one reactant pulse. Circles represent the fully numerical solution, the solid line the analytical approximate solution and the dashed line the Gordon model. Parameter values used: H ¼ 0.5 l m , W ¼ 0.1 mm, p A0 ¼ 100Pa, M A ¼ 0","is independent of height H of the channel. If we denote

<!-- formula-not-decoded -->

we get the penetration depth at pulse length t p, when W /C29 H

r

ffiffiffiffiffiffiffiffiffiffiffiffiffiffiffiffiffiffi

<!-- formula-not-decoded -->

This is plotted in Fig. 5 for one ALD cycle and compared wi",,TABLE I. Parameters extracted from the measured film thickness profiles. The measured and calculated thickness profiles are in Figs. 6 and 7. Thickness error is the rms value of the difference between,model_sweep,single_definitional_signal,provenance_gate(1 families),"['F', 'Me', 'T', 'X']",F: panel/figure source flag = simulated | F: pipeline relevance=model,"{""model_sweep"": 2}","{""axis_role_coordinate"": false, ""n_source_points"": 10, ""granularity"": ""single""}","[{""quantity_type"": ""generic_pressure"", ""symbol"": null, ""value"": ""100"", ""unit"": ""Pa"", ""species"": null, ""reactant_role"": null, ""assertion_status"": ""direct"", ""scope"": ""panel"", ""source"": ""figure_data.panel.conditions"", ""evidence"": ""pressure=100 Pa""}, {""quantity_type"": ""generic_pressure"", ""symbol"": null, ""value"": ""100"", ""unit"": ""Pa"", ""species"": null, ""reactant_role"": null, ""assertion_status"": ""direct"", ""scope"": ""figure"", ""source"": ""caption"", ""evidence"": ""used: H ¼ 0.5 l m , W ¼ 0.1 mm, p A0 ¼ 100Pa, M A ¼ 0.0749 kg/mol, d A ¼ 591pm, M B ¼ 0.028 kg/mol, d B ¼ 374pm, p B ¼ 300 Pa, q ¼ 5 /C2 10 ""}, {""quantity_type"": ""generic_pressure"", ""symbol"": null, ""value"": ""300"", ""unit"": ""Pa"", ""species"": null, ""reactant_role"": null, ""assertion_status"": ""direct"", ""scope"": ""figure"", ""source"": ""caption"", ""evidence"": ""M B ¼ 0.028 kg/mol, d B ¼ 374pm, p B ¼ 300 Pa, q ¼ 5 /C2 10 18 m /C0 2 , T ¼ 500K, K ¼ 100Pa /C",[],panel,resolved,100,Pa,generic_pressure,100 Pa (generic_pressure),,,model,Numerical,10.1063_1.5028178::F5::a::Numerical
10.1063_1.5028178|14|6|a|Fitting result|primary,10.1063_1.5028178,14,6,a,Fitting result,primary,1,27,spatial_coordinate,film_thickness,nm,experimental,profile,10.1063_1.5028178-F6a-15,8,8,FIG. 6. The measured (circles) and calculated (line) thickness profiles of a 500cycle deposition process of Al2O3 from Al(CH3)3 and H2O in PillarHall V R prototype 3 with a nominal channel gap height of 0.5 l m. The length L of the channel was 1 mm which gives a structural aspect ratio of 2000.,"hly 5 l m spot size. The precision of the film thickness measurement is limited by the roughness of the channel surface and we estimate it to be about 3 nm.

## VIII. RESULTS

The measured and calculated thickness profiles of Al2O3 and TiO2 films are given in Figs. 6 and 7. The extracted

FIG. 7. Th",,TABLE I. Parameters extracted from the measured film thickness profiles. The measured and calculated thickness profiles are in Figs. 6 and 7. Thickness error is the rms value of the difference between,experimental_profile,corroborated,coordinate_axis_gate(2 families),"['F', 'Me', 'T', 'X']",X: x axis 'spatial_coordinate' is a spatial coordinate; the curve is one specimen's profile | Me: B at temperature T is given by FIG. 1. Schematic cross-section of the LHAR test device (not in scale). The gas front propagates in t,"{""discrete_experimental_sweep"": 1, ""experimental_profile"": 1}","{""axis_role_coordinate"": true, ""n_source_points"": 27, ""granularity"": ""profile""}","[{""quantity_type"": ""generic_pressure"", ""symbol"": null, ""value"": ""1"", ""unit"": ""Pa"", ""species"": null, ""reactant_role"": null, ""assertion_status"": ""direct"", ""scope"": ""paper"", ""source"": ""methods"", ""evidence"": ""on rate at unit pressure (m /C0 2 s /C0 1 Pa /C0 1 ) - R Gas constant (J K /C0 1 mol /C0 1 ) a) Electronic mail: markku.ylilammi@vtt.fi - s ""}]",[],paper,resolved,1,Pa,generic_pressure,1 Pa (generic_pressure),,,method,Fitting result,10.1063_1.5028178::F6::a::Fitting result
10.1063_1.5028178|14|6|a|Measured|primary,10.1063_1.5028178,14,6,a,Measured,primary,1,63,spatial_coordinate,film_thickness,nm,experimental,profile,10.1063_1.5028178-F6a-16,8,8,FIG. 6. The measured (circles) and calculated (line) thickness profiles of a 500cycle deposition process of Al2O3 from Al(CH3)3 and H2O in PillarHall V R prototype 3 with a nominal channel gap height of 0.5 l m. The length L of the channel was 1 mm which gives a structural aspect ratio of 2000.,"hly 5 l m spot size. The precision of the film thickness measurement is limited by the roughness of the channel surface and we estimate it to be about 3 nm.

## VIII. RESULTS

The measured and calculated thickness profiles of Al2O3 and TiO2 films are given in Figs. 6 and 7. The extracted

FIG. 7. Th",,TABLE I. Parameters extracted from the measured film thickness profiles. The measured and calculated thickness profiles are in Figs. 6 and 7. Thickness error is the rms value of the difference between,experimental_profile,corroborated,coordinate_axis_gate(2 families),"['F', 'Me', 'T', 'X']",X: x axis 'spatial_coordinate' is a spatial coordinate; the curve is one specimen's profile | Me: B at temperature T is given by FIG. 1. Schematic cross-section of the LHAR test device (not in scale). The gas front propagates in t,"{""discrete_experimental_sweep"": 1, ""experimental_profile"": 1}","{""axis_role_coordinate"": true, ""n_source_points"": 63, ""granularity"": ""profile""}","[{""quantity_type"": ""generic_pressure"", ""symbol"": null, ""value"": ""1"", ""unit"": ""Pa"", ""species"": null, ""reactant_role"": null, ""assertion_status"": ""direct"", ""scope"": ""paper"", ""source"": ""methods"", ""evidence"": ""on rate at unit pressure (m /C0 2 s /C0 1 Pa /C0 1 ) - R Gas constant (J K /C0 1 mol /C0 1 ) a) Electronic mail: markku.ylilammi@vtt.fi - s ""}]",[],paper,resolved,1,Pa,generic_pressure,1 Pa (generic_pressure),,,method,Measured,10.1063_1.5028178::F6::a::Measured
10.1063_1.5028178|15|7|a|Fitting result|primary,10.1063_1.5028178,15,7,a,Fitting result,primary,1,24,spatial_coordinate,film_thickness,nm,experimental,profile,10.1063_1.5028178-F7a-17,8,,FIG. 7. The measured (circles) and calculated (line) thickness profiles of a 1000cycle deposition process of TiO2 from TiCl4 and H2O. The nominal channel gap height is 0.5 l m. The length L of the channel was 1 mm which gives a structural aspect ratio of 2000.,,,TABLE I. Parameters extracted from the measured film thickness profiles. The measured and calculated thickness profiles are in Figs. 6 and 7. Thickness error is the rms value of the difference between,experimental_profile,corroborated,coordinate_axis_gate(2 families),"['F', 'Me', 'T', 'X']",X: x axis 'spatial_coordinate' is a spatial coordinate; the curve is one specimen's profile | Me: B at temperature T is given by FIG. 1. Schematic cross-section of the LHAR test device (not in scale). The gas front propagates in t,"{""discrete_experimental_sweep"": 1, ""experimental_profile"": 1}","{""axis_role_coordinate"": true, ""n_source_points"": 24, ""granularity"": ""profile""}","[{""quantity_type"": ""generic_pressure"", ""symbol"": null, ""value"": ""1"", ""unit"": ""Pa"", ""species"": null, ""reactant_role"": null, ""assertion_status"": ""direct"", ""scope"": ""paper"", ""source"": ""methods"", ""evidence"": ""on rate at unit pressure (m /C0 2 s /C0 1 Pa /C0 1 ) - R Gas constant (J K /C0 1 mol /C0 1 ) a) Electronic mail: markku.ylilammi@vtt.fi - s ""}]",[],paper,resolved,1,Pa,generic_pressure,1 Pa (generic_pressure),,,source,Fitting result,10.1063_1.5028178::F7::a::Fitting result
10.1063_1.5028178|15|7|a|Measured|primary,10.1063_1.5028178,15,7,a,Measured,primary,1,35,spatial_coordinate,film_thickness,nm,experimental,profile,10.1063_1.5028178-F7a-18,8,,FIG. 7. The measured (circles) and calculated (line) thickness profiles of a 1000cycle deposition process of TiO2 from TiCl4 and H2O. The nominal channel gap height is 0.5 l m. The length L of the channel was 1 mm which gives a structural aspect ratio of 2000.,,,TABLE I. Parameters extracted from the measured film thickness profiles. The measured and calculated thickness profiles are in Figs. 6 and 7. Thickness error is the rms value of the difference between,experimental_profile,corroborated,coordinate_axis_gate(2 families),"['F', 'Me', 'T', 'X']",X: x axis 'spatial_coordinate' is a spatial coordinate; the curve is one specimen's profile | Me: B at temperature T is given by FIG. 1. Schematic cross-section of the LHAR test device (not in scale). The gas front propagates in t,"{""discrete_experimental_sweep"": 1, ""experimental_profile"": 1}","{""axis_role_coordinate"": true, ""n_source_points"": 35, ""granularity"": ""profile""}","[{""quantity_type"": ""generic_pressure"", ""symbol"": null, ""value"": ""1"", ""unit"": ""Pa"", ""species"": null, ""reactant_role"": null, ""assertion_status"": ""direct"", ""scope"": ""paper"", ""source"": ""methods"", ""evidence"": ""on rate at unit pressure (m /C0 2 s /C0 1 Pa /C0 1 ) - R Gas constant (J K /C0 1 mol /C0 1 ) a) Electronic mail: markku.ylilammi@vtt.fi - s ""}]",[],paper,resolved,1,Pa,generic_pressure,1 Pa (generic_pressure),,,source,Measured,10.1063_1.5028178::F7::a::Measured
"10.1116_1.4938104|9|4|d|Cotton Fibers, 38 °C|primary",10.1116_1.4938104,9,4,d,"Cotton Fibers, 38 °C",primary,16,16,cycle_number,Water Contact Angle,deg,experimental,single,10.1116_1.4938104-4d-S0-P000;10.1116_1.4938104-4d-S0-P001;10.1116_1.4938104-4d-S0-P002;10.1116_1.4938104-4d-S0-P003;10.1116_1.4938104-4d-S0-P004;10.1116_1.4938104-4d-S0-P005 …+10,7,,"FIG. 4. (Color online) a) Flow-over and flow-through configurations for ALD on fibers. (b) A cross-sectional TEM image of a cotton fiber showing uniform Al2O3 ALD on the complex bean shape. Reprinted with permission from Hyde et al ., Langmuir 26 , 2550 (2010). Copyright 2010, American Chemical Soci",rced to flow between fibers within a filter paper substrate. The pores size allowed sufficient gas conductance to avoid a large pressure drop across the substrate. Hyde et al . 105 also explored the issue of flow geometry during ALD of Al2O3 on polypropylene [Fig. 4(a)] and found that orienting nonw,samples prepared by microtome sectioning,"TABLE I. Maximum process and glass transition temperatures of several common polymers found in fibers and textiles, however, under extended heating, process temperatures below these maximum values are",discrete_experimental_sweep,corroborated,multi_signal(3 families),"['F', 'I', 'M', 'Me', 'T', 'X']",M: er and flow-through configurations for ALD on fibers. (b) A cross-sectional TEM image of a cotton fiber showing uniform Al2O3 ALD on the complex bean sha | M: let on hydrophobic cotton after a few ALD cycles. (d) Water contact angle on cotton fibers and cellulose films after ALD coating. Reprinted with permissi | I: samples prepared by microtome sectioning | X: series_axis 'substrate and ALD te,"{""discrete_experimental_sweep"": 4}","{""axis_role_coordinate"": false, ""n_source_points"": 16, ""granularity"": ""single""}",[],[],,,,,,,2,body: at 1-10 Torr,substrate and ALD temperature,"Cotton Fibers, 38 °C","10.1116_1.4938104::F4::d::Cotton Fibers, 38 °C"
"10.1116_1.4938104|9|4|d|Cotton Fibers, 60 °C|primary",10.1116_1.4938104,9,4,d,"Cotton Fibers, 60 °C",primary,5,5,cycle_number,Water Contact Angle,deg,experimental,single,10.1116_1.4938104-4d-S1-P000;10.1116_1.4938104-4d-S1-P001;10.1116_1.4938104-4d-S1-P002;10.1116_1.4938104-4d-S1-P003;10.1116_1.4938104-4d-S1-P004,7,,"FIG. 4. (Color online) a) Flow-over and flow-through configurations for ALD on fibers. (b) A cross-sectional TEM image of a cotton fiber showing uniform Al2O3 ALD on the complex bean shape. Reprinted with permission from Hyde et al ., Langmuir 26 , 2550 (2010). Copyright 2010, American Chemical Soci",rced to flow between fibers within a filter paper substrate. The pores size allowed sufficient gas conductance to avoid a large pressure drop across the substrate. Hyde et al . 105 also explored the issue of flow geometry during ALD of Al2O3 on polypropylene [Fig. 4(a)] and found that orienting nonw,samples prepared by microtome sectioning,"TABLE I. Maximum process and glass transition temperatures of several common polymers found in fibers and textiles, however, under extended heating, process temperatures below these maximum values are",discrete_experimental_sweep,corroborated,multi_signal(3 families),"['F', 'I', 'M', 'Me', 'T', 'X']",M: er and flow-through configurations for ALD on fibers. (b) A cross-sectional TEM image of a cotton fiber showing uniform Al2O3 ALD on the complex bean sha | M: let on hydrophobic cotton after a few ALD cycles. (d) Water contact angle on cotton fibers and cellulose films after ALD coating. Reprinted with permissi | I: samples prepared by microtome sectioning | X: series_axis 'substrate and ALD te,"{""discrete_experimental_sweep"": 4}","{""axis_role_coordinate"": false, ""n_source_points"": 5, ""granularity"": ""single""}",[],[],,,,,,,2,body: at 1-10 Torr,substrate and ALD temperature,"Cotton Fibers, 60 °C","10.1116_1.4938104::F4::d::Cotton Fibers, 60 °C"
"10.1116_1.4938104|9|4|d|Cotton Fibers, 90 °C|primary",10.1116_1.4938104,9,4,d,"Cotton Fibers, 90 °C",primary,3,3,cycle_number,Water Contact Angle,deg,experimental,single,10.1116_1.4938104-4d-S2-P000;10.1116_1.4938104-4d-S2-P001;10.1116_1.4938104-4d-S2-P002,7,,"FIG. 4. (Color online) a) Flow-over and flow-through configurations for ALD on fibers. (b) A cross-sectional TEM image of a cotton fiber showing uniform Al2O3 ALD on the complex bean shape. Reprinted with permission from Hyde et al ., Langmuir 26 , 2550 (2010). Copyright 2010, American Chemical Soci",rced to flow between fibers within a filter paper substrate. The pores size allowed sufficient gas conductance to avoid a large pressure drop across the substrate. Hyde et al . 105 also explored the issue of flow geometry during ALD of Al2O3 on polypropylene [Fig. 4(a)] and found that orienting nonw,samples prepared by microtome sectioning,"TABLE I. Maximum process and glass transition temperatures of several common polymers found in fibers and textiles, however, under extended heating, process temperatures below these maximum values are",discrete_experimental_sweep,corroborated,multi_signal(3 families),"['F', 'I', 'M', 'Me', 'T', 'X']",M: er and flow-through configurations for ALD on fibers. (b) A cross-sectional TEM image of a cotton fiber showing uniform Al2O3 ALD on the complex bean sha | M: let on hydrophobic cotton after a few ALD cycles. (d) Water contact angle on cotton fibers and cellulose films after ALD coating. Reprinted with permissi | I: samples prepared by microtome sectioning | X: series_axis 'substrate and ALD te,"{""discrete_experimental_sweep"": 4}","{""axis_role_coordinate"": false, ""n_source_points"": 3, ""granularity"": ""single""}",[],[],,,,,,,2,body: at 1-10 Torr,substrate and ALD temperature,"Cotton Fibers, 90 °C","10.1116_1.4938104::F4::d::Cotton Fibers, 90 °C"
10.1116_1.4938104|9|4|d|Cellulose Films|primary,10.1116_1.4938104,9,4,d,Cellulose Films,primary,7,7,cycle_number,Water Contact Angle,deg,experimental,single,10.1116_1.4938104-4d-S3-P000;10.1116_1.4938104-4d-S3-P001;10.1116_1.4938104-4d-S3-P002;10.1116_1.4938104-4d-S3-P003;10.1116_1.4938104-4d-S3-P004;10.1116_1.4938104-4d-S3-P005 …+1,7,,"FIG. 4. (Color online) a) Flow-over and flow-through configurations for ALD on fibers. (b) A cross-sectional TEM image of a cotton fiber showing uniform Al2O3 ALD on the complex bean shape. Reprinted with permission from Hyde et al ., Langmuir 26 , 2550 (2010). Copyright 2010, American Chemical Soci",rced to flow between fibers within a filter paper substrate. The pores size allowed sufficient gas conductance to avoid a large pressure drop across the substrate. Hyde et al . 105 also explored the issue of flow geometry during ALD of Al2O3 on polypropylene [Fig. 4(a)] and found that orienting nonw,samples prepared by microtome sectioning,"TABLE I. Maximum process and glass transition temperatures of several common polymers found in fibers and textiles, however, under extended heating, process temperatures below these maximum values are",discrete_experimental_sweep,corroborated,multi_signal(2 families),"['F', 'I', 'M', 'Me', 'T', 'X']",M: er and flow-through configurations for ALD on fibers. (b) A cross-sectional TEM image of a cotton fiber showing uniform Al2O3 ALD on the complex bean sha | M: let on hydrophobic cotton after a few ALD cycles. (d) Water contact angle on cotton fibers and cellulose films after ALD coating. Reprinted with permissi | I: samples prepared by microtome sectioning,"{""discrete_experimental_sweep"": 3}","{""axis_role_coordinate"": false, ""n_source_points"": 7, ""granularity"": ""single""}",[],[],,,,,,,2,body: at 1-10 Torr,substrate and ALD temperature,Cellulose Films,10.1116_1.4938104::F4::d::Cellulose Films
10.1116_1.4938104|13|7|a|Untreated PA-6|primary,10.1116_1.4938104,13,7,a,Untreated PA-6,primary,1,24,wavenumber,absorbance,a.u.,experimental,unresolved,10.1116_1.4938104-F7a-4,11,10,"FIG. 7. (Color online) (a) FT-IR spectra of untreated nylon-6 nanofibers show almost no change after ZnO ALD coating, suggesting little chemical interaction of DEZ with the polyamide material. A subsequent glycidol/TMA MLD layer interacts with the carbonyl and amide modes, although no strong spectra","exible MLD layer to be subsequently deposited using TMA/glycidol. The bilayer coating enables the fiber mat to retain its nanofiber structure under chemical exposure, while maintaining sufficient flexibility to perform well during load-bearing air filtration (Fig. 7).

## F. ALD surface priming for ",,"TABLE I. Maximum process and glass transition temperatures of several common polymers found in fibers and textiles, however, under extended heating, process temperatures below these maximum values are",unknown,conflicting_signals,tie_between_discrete_experimental_sweep/multi_output_measurement,"['F', 'M', 'Me', 'T', 'X']",,"{""discrete_experimental_sweep"": 1, ""multi_output_measurement"": 1}","{""axis_role_coordinate"": false, ""n_source_points"": 24, ""granularity"": ""unresolved""}",[],[],,,,,,,,,coating,Untreated PA-6,10.1116_1.4938104::F7::a::Untreated PA-6
10.1116_1.4938104|13|7|a|25 cycles ZnO|primary,10.1116_1.4938104,13,7,a,25 cycles ZnO,primary,1,13,wavenumber,absorbance,a.u.,experimental,unresolved,10.1116_1.4938104-F7a-5,11,10,"FIG. 7. (Color online) (a) FT-IR spectra of untreated nylon-6 nanofibers show almost no change after ZnO ALD coating, suggesting little chemical interaction of DEZ with the polyamide material. A subsequent glycidol/TMA MLD layer interacts with the carbonyl and amide modes, although no strong spectra","exible MLD layer to be subsequently deposited using TMA/glycidol. The bilayer coating enables the fiber mat to retain its nanofiber structure under chemical exposure, while maintaining sufficient flexibility to perform well during load-bearing air filtration (Fig. 7).

## F. ALD surface priming for ",,"TABLE I. Maximum process and glass transition temperatures of several common polymers found in fibers and textiles, however, under extended heating, process temperatures below these maximum values are",unknown,conflicting_signals,tie_between_discrete_experimental_sweep/multi_output_measurement,"['F', 'M', 'Me', 'T', 'X']",,"{""discrete_experimental_sweep"": 1, ""multi_output_measurement"": 1}","{""axis_role_coordinate"": false, ""n_source_points"": 13, ""granularity"": ""unresolved""}",[],[],,,,,,,,,coating,25 cycles ZnO,10.1116_1.4938104::F7::a::25 cycles ZnO
10.1116_1.4938104|13|7|a|25 cycles ZnO+ 75 cycles Gly/TMA|primary,10.1116_1.4938104,13,7,a,25 cycles ZnO+ 75 cycles Gly/TMA,primary,1,20,wavenumber,absorbance,a.u.,experimental,unresolved,10.1116_1.4938104-F7a-6,11,10,"FIG. 7. (Color online) (a) FT-IR spectra of untreated nylon-6 nanofibers show almost no change after ZnO ALD coating, suggesting little chemical interaction of DEZ with the polyamide material. A subsequent glycidol/TMA MLD layer interacts with the carbonyl and amide modes, although no strong spectra","exible MLD layer to be subsequently deposited using TMA/glycidol. The bilayer coating enables the fiber mat to retain its nanofiber structure under chemical exposure, while maintaining sufficient flexibility to perform well during load-bearing air filtration (Fig. 7).

## F. ALD surface priming for ",,"TABLE I. Maximum process and glass transition temperatures of several common polymers found in fibers and textiles, however, under extended heating, process temperatures below these maximum values are",unknown,conflicting_signals,tie_between_discrete_experimental_sweep/multi_output_measurement,"['F', 'M', 'Me', 'T', 'X']",,"{""discrete_experimental_sweep"": 1, ""multi_output_measurement"": 1}","{""axis_role_coordinate"": false, ""n_source_points"": 20, ""granularity"": ""unresolved""}",[],[],,,,,,,,,coating,25 cycles ZnO+ 75 cycles Gly/TMA,10.1116_1.4938104::F7::a::25 cycles ZnO+ 75 cycles Gly/TMA
10.1116_1.4938104|13|7|a|25 cycles ZnO+ 75 cycles Gly/TMA+ 25 cycles Al2O3|primary,10.1116_1.4938104,13,7,a,25 cycles ZnO+ 75 cycles Gly/TMA+ 25 cycles Al2O3,primary,1,20,wavenumber,absorbance,a.u.,experimental,unresolved,10.1116_1.4938104-F7a-7,11,10,"FIG. 7. (Color online) (a) FT-IR spectra of untreated nylon-6 nanofibers show almost no change after ZnO ALD coating, suggesting little chemical interaction of DEZ with the polyamide material. A subsequent glycidol/TMA MLD layer interacts with the carbonyl and amide modes, although no strong spectra","exible MLD layer to be subsequently deposited using TMA/glycidol. The bilayer coating enables the fiber mat to retain its nanofiber structure under chemical exposure, while maintaining sufficient flexibility to perform well during load-bearing air filtration (Fig. 7).

## F. ALD surface priming for ",,"TABLE I. Maximum process and glass transition temperatures of several common polymers found in fibers and textiles, however, under extended heating, process temperatures below these maximum values are",unknown,conflicting_signals,tie_between_discrete_experimental_sweep/multi_output_measurement,"['F', 'M', 'Me', 'T', 'X']",,"{""discrete_experimental_sweep"": 1, ""multi_output_measurement"": 1}","{""axis_role_coordinate"": false, ""n_source_points"": 20, ""granularity"": ""unresolved""}",[],[],,,,,,,,,coating,25 cycles ZnO+ 75 cycles Gly/TMA+ 25 cycles Al2O3,10.1116_1.4938104::F7::a::25 cycles ZnO+ 75 cycles Gly/TMA+ 25 cycles Al2O3
10.1116_1.4938104|22|12|b|paper|primary,10.1116_1.4938104,22,12,b,paper,primary,10,10,exposure,C/C0,,experimental,single,10.1116_1.4938104-12b-S4-P000;10.1116_1.4938104-12b-S4-P001;10.1116_1.4938104-12b-S4-P002;10.1116_1.4938104-12b-S4-P003;10.1116_1.4938104-12b-S4-P004;10.1116_1.4938104-12b-S4-P005 …+4,14,,"FIG. 12. (Color online) (a) SEM image of ALD TiO2 on cellulose fibers shows a rough, high-surface area photocatalytic material. (b) Iridium doped TiO2 on cellulose fibers increases the photocatalytic degradation of methylene blue. Reprinted with permission from Kemell et al ., Chem. Vap. Deposition ","exibility and overall structure after coating. TiO2 coated fibers were also shown to successfully photodegrade methylene blue dye in aqueous solution. Doping the TiO2 ALD process with iridium improved photocatalytic behavior due to improved charge separation [Figs. 12(a) and 12(b)]. 160

beforeUvtre",,"TABLE I. Maximum process and glass transition temperatures of several common polymers found in fibers and textiles, however, under extended heating, process temperatures below these maximum values are",unknown,conflicting_signals,tie_between_discrete_experimental_sweep/continuous_trace,"['F', 'M', 'Me', 'T', 'X']",,"{""discrete_experimental_sweep"": 1, ""continuous_trace"": 1}","{""axis_role_coordinate"": false, ""n_source_points"": 10, ""granularity"": ""single""}",[],[],,,,,,,,,material,paper,10.1116_1.4938104::F12::b::paper
10.1116_1.4938104|22|12|b|TiO2/cellulose|primary,10.1116_1.4938104,22,12,b,TiO2/cellulose,primary,11,11,exposure,C/C0,,experimental,single,10.1116_1.4938104-12b-S5-P000;10.1116_1.4938104-12b-S5-P001;10.1116_1.4938104-12b-S5-P002;10.1116_1.4938104-12b-S5-P003;10.1116_1.4938104-12b-S5-P004;10.1116_1.4938104-12b-S5-P005 …+5,14,,"FIG. 12. (Color online) (a) SEM image of ALD TiO2 on cellulose fibers shows a rough, high-surface area photocatalytic material. (b) Iridium doped TiO2 on cellulose fibers increases the photocatalytic degradation of methylene blue. Reprinted with permission from Kemell et al ., Chem. Vap. Deposition ","exibility and overall structure after coating. TiO2 coated fibers were also shown to successfully photodegrade methylene blue dye in aqueous solution. Doping the TiO2 ALD process with iridium improved photocatalytic behavior due to improved charge separation [Figs. 12(a) and 12(b)]. 160

beforeUvtre",,"TABLE I. Maximum process and glass transition temperatures of several common polymers found in fibers and textiles, however, under extended heating, process temperatures below these maximum values are",unknown,conflicting_signals,tie_between_discrete_experimental_sweep/continuous_trace,"['F', 'M', 'Me', 'T', 'X']",,"{""discrete_experimental_sweep"": 1, ""continuous_trace"": 1}","{""axis_role_coordinate"": false, ""n_source_points"": 11, ""granularity"": ""single""}",[],[],,,,,,,,,material,TiO2/cellulose,10.1116_1.4938104::F12::b::TiO2/cellulose
10.1116_1.4938104|22|12|b|Ag/TiO2/cellulose|primary,10.1116_1.4938104,22,12,b,Ag/TiO2/cellulose,primary,11,11,exposure,C/C0,,experimental,single,10.1116_1.4938104-12b-S6-P000;10.1116_1.4938104-12b-S6-P001;10.1116_1.4938104-12b-S6-P002;10.1116_1.4938104-12b-S6-P003;10.1116_1.4938104-12b-S6-P004;10.1116_1.4938104-12b-S6-P005 …+5,14,,"FIG. 12. (Color online) (a) SEM image of ALD TiO2 on cellulose fibers shows a rough, high-surface area photocatalytic material. (b) Iridium doped TiO2 on cellulose fibers increases the photocatalytic degradation of methylene blue. Reprinted with permission from Kemell et al ., Chem. Vap. Deposition ","exibility and overall structure after coating. TiO2 coated fibers were also shown to successfully photodegrade methylene blue dye in aqueous solution. Doping the TiO2 ALD process with iridium improved photocatalytic behavior due to improved charge separation [Figs. 12(a) and 12(b)]. 160

beforeUvtre",,"TABLE I. Maximum process and glass transition temperatures of several common polymers found in fibers and textiles, however, under extended heating, process temperatures below these maximum values are",unknown,conflicting_signals,tie_between_discrete_experimental_sweep/continuous_trace,"['F', 'M', 'Me', 'T', 'X']",,"{""discrete_experimental_sweep"": 1, ""continuous_trace"": 1}","{""axis_role_coordinate"": false, ""n_source_points"": 11, ""granularity"": ""single""}",[],[],,,,,,,,,material,Ag/TiO2/cellulose,10.1116_1.4938104::F12::b::Ag/TiO2/cellulose
10.1116_1.4938104|22|12|b|Ir/TiO2/cellulose|primary,10.1116_1.4938104,22,12,b,Ir/TiO2/cellulose,primary,11,11,exposure,C/C0,,experimental,single,10.1116_1.4938104-12b-S7-P000;10.1116_1.4938104-12b-S7-P001;10.1116_1.4938104-12b-S7-P002;10.1116_1.4938104-12b-S7-P003;10.1116_1.4938104-12b-S7-P004;10.1116_1.4938104-12b-S7-P005 …+5,14,,"FIG. 12. (Color online) (a) SEM image of ALD TiO2 on cellulose fibers shows a rough, high-surface area photocatalytic material. (b) Iridium doped TiO2 on cellulose fibers increases the photocatalytic degradation of methylene blue. Reprinted with permission from Kemell et al ., Chem. Vap. Deposition ","exibility and overall structure after coating. TiO2 coated fibers were also shown to successfully photodegrade methylene blue dye in aqueous solution. Doping the TiO2 ALD process with iridium improved photocatalytic behavior due to improved charge separation [Figs. 12(a) and 12(b)]. 160

beforeUvtre",,"TABLE I. Maximum process and glass transition temperatures of several common polymers found in fibers and textiles, however, under extended heating, process temperatures below these maximum values are",unknown,conflicting_signals,tie_between_discrete_experimental_sweep/continuous_trace,"['F', 'M', 'Me', 'T', 'X']",,"{""discrete_experimental_sweep"": 1, ""continuous_trace"": 1}","{""axis_role_coordinate"": false, ""n_source_points"": 11, ""granularity"": ""single""}",[],[],,,,,,,,,material,Ir/TiO2/cellulose,10.1116_1.4938104::F12::b::Ir/TiO2/cellulose
10.1116_6.0002154|17|3|a|<single>|primary,10.1116_6.0002154,17,3,a,<single>,primary,29,29,temperature,Weight,1,experimental,single,10.1116_6.0002154-3a-S0-P000;10.1116_6.0002154-3a-S0-P001;10.1116_6.0002154-3a-S0-P002;10.1116_6.0002154-3a-S0-P003;10.1116_6.0002154-3a-S0-P004;10.1116_6.0002154-3a-S0-P005 …+23,4,5,FIG. 3. (a) TGA curve and (b) vapor pressure curve of the synthesized MoCl 4 (thd)(THF).,". 29,30 On the other hand, the newly synthesized Mo precursor, MoCl4(THD)(THF), exhibits the evaporation of 99% at 150 -220 °C, which corresponds to the markedly reduced boiling point compared to those of other Mo precursors described above. As can be seen in Fig. 3(a), the evaporation window is als",,,discrete_experimental_sweep,corroborated,multi_signal(2 families),"['F', 'Me', 'R']","Me: nt. To analyze the thickness of MoNx thin films, x-ray reflectivity (XRR, Rigaku) was used. XPS (x-ray photoelectron spectroscopy, K-Alp | R: films were deposited using","{""discrete_experimental_sweep"": 2}","{""axis_role_coordinate"": false, ""n_source_points"": 29, ""granularity"": ""single""}","[{""quantity_type"": ""working_pressure"", ""symbol"": null, ""value"": ""0.4"", ""unit"": ""Torr"", ""species"": null, ""reactant_role"": null, ""assertion_status"": ""direct"", ""scope"": ""figure"", ""source"": ""body_mention"", ""evidence"": ""(THD)(THF) exhibits a vapor pressure of 0.4 Torr at 50 °C. Table I presents the boiling points and molecular formula for various Mo precurso""}, {""quantity_type"": ""working_pressure"", ""symbol"": null, ""value"": ""0.4"", ""unit"": ""Torr"", ""species"": null, ""reactant_role"": null, ""assertion_status"": ""direct"", ""scope"": ""figure"", ""source"": ""body_mention"", ""evidence"": ""(THD)(THF) exhibits a vapor pressure of 0.4 Torr at 50 °C. Table I presents the boiling points and molecular formula for various Mo precurso""}, {""quantity_type"": ""working_pressure"", ""symbol"": null, ""value"": ""0.4"", ""unit"": ""Torr"", ""species"": null, ""reactant_role"": null, ""assertion_status"": ""direct"", ""scope"": ""paper"", ""source"":",[],figure,resolved,0.4,Torr,working_pressure,0.4 Torr (working_pressure),2,body: at 150 -220 °C,,,10.1116_6.0002154::F3::a::<single>
10.1116_6.0002154|17|3|b|<single>|primary,10.1116_6.0002154,17,3,b,<single>,primary,17,17,temperature,partial_pressure,Pa,experimental,single,10.1116_6.0002154-3b-S1-P000;10.1116_6.0002154-3b-S1-P001;10.1116_6.0002154-3b-S1-P002;10.1116_6.0002154-3b-S1-P003;10.1116_6.0002154-3b-S1-P004;10.1116_6.0002154-3b-S1-P005 …+11,4,5,FIG. 3. (a) TGA curve and (b) vapor pressure curve of the synthesized MoCl 4 (thd)(THF).,". 29,30 On the other hand, the newly synthesized Mo precursor, MoCl4(THD)(THF), exhibits the evaporation of 99% at 150 -220 °C, which corresponds to the markedly reduced boiling point compared to those of other Mo precursors described above. As can be seen in Fig. 3(a), the evaporation window is als",,,discrete_experimental_sweep,corroborated,multi_signal(2 families),"['F', 'Me', 'R']","Me: nt. To analyze the thickness of MoNx thin films, x-ray reflectivity (XRR, Rigaku) was used. XPS (x-ray photoelectron spectroscopy, K-Alp | R: films were deposited using","{""discrete_experimental_sweep"": 2}","{""axis_role_coordinate"": false, ""n_source_points"": 17, ""granularity"": ""single""}","[{""quantity_type"": ""working_pressure"", ""symbol"": null, ""value"": ""0.4"", ""unit"": ""Torr"", ""species"": null, ""reactant_role"": null, ""assertion_status"": ""direct"", ""scope"": ""figure"", ""source"": ""body_mention"", ""evidence"": ""(THD)(THF) exhibits a vapor pressure of 0.4 Torr at 50 °C. Table I presents the boiling points and molecular formula for various Mo precurso""}, {""quantity_type"": ""working_pressure"", ""symbol"": null, ""value"": ""0.4"", ""unit"": ""Torr"", ""species"": null, ""reactant_role"": null, ""assertion_status"": ""direct"", ""scope"": ""figure"", ""source"": ""body_mention"", ""evidence"": ""(THD)(THF) exhibits a vapor pressure of 0.4 Torr at 50 °C. Table I presents the boiling points and molecular formula for various Mo precurso""}, {""quantity_type"": ""working_pressure"", ""symbol"": null, ""value"": ""0.4"", ""unit"": ""Torr"", ""species"": null, ""reactant_role"": null, ""assertion_status"": ""direct"", ""scope"": ""paper"", ""source"":",[],figure,resolved,0.4,Torr,working_pressure,0.4 Torr (working_pressure),2,body: at 150 -220 °C,,,10.1116_6.0002154::F3::b::<single>
10.1116_6.0002154|19|4|a|Mo|primary,10.1116_6.0002154,19,4,a,Mo,primary,1,22,Sputtering time,atomic_concentration,1,experimental,unresolved,10.1116_6.0002154-F4a-2,5,5,"FIG. 4. (a) AES data of MoN x films deposited using the conventional ALD process at 350 °C, (b) AES data of MoN x films deposited using the conventional ALD process at 500 °C and (c) AES data of MoN x films deposited using the ALD super-cycle process at 500 °C.","sure curve for MoCl4(THD)(THF) exhibits a vapor pressure of 0.4 Torr at 50 °C. Table I presents the boiling points and molecular formula for various Mo precursors discussed earlier.

Next, the MoNx thin films were deposited using the synthesized Mo precursor. Figure 4 shows AES data of MoNx films de",,,discrete_experimental_sweep,corroborated,multi_signal(3 families),"['F', 'M', 'Me', 'R', 'X']","M: at 500 °C. <!-- image --> <!-- image --> FIG. 5. (a) Raw XRR data of the MoNx fil | Me: nt. To analyze the thickness of MoNx thin films, x-ray reflectivity (XRR, Rigaku) was used. XPS (x-ray photoelectron spectroscopy, K-Alp | R: films were deposited using","{""discrete_experimental_sweep"": 3, ""multi_output_measurement"": 1}","{""axis_role_coordinate"": false, ""n_source_points"": 22, ""granularity"": ""unresolved""}","[{""quantity_type"": ""generic_pressure"", ""symbol"": null, ""value"": ""0.4"", ""unit"": ""Torr"", ""species"": null, ""reactant_role"": null, ""assertion_status"": ""direct"", ""scope"": ""figure"", ""source"": ""body_mention"", ""evidence"": "". Next, the MoNx thin films were deposited using the synthesized Mo precursor. Figure 4 shows AES data of M""}, {""quantity_type"": ""working_pressure"", ""symbol"": null, ""value"": ""0.4"", ""unit"": ""Torr"", ""species"": null, ""reactant_role"": null, ""assertion_status"": ""direct"", ""scope"": ""paper"", ""source"": ""methods"", ""evidence"": ""(THD)(THF) exhibits a vapor pressure of 0.4 Torr at 50 °C. Table I presents the boiling points and molecular formula for various Mo precurso""}]",[],figure,resolved,0.4,Torr,generic_pressure,0.4 Torr (generic_pressure),2,body: at 350 and 500 °C,element,Mo,10.1116_6.0002154::F4::a::Mo
10.1116_6.0002154|19|4|a|O|primary,10.1116_6.0002154,19,4,a,O,primary,1,23,Sputtering time,atomic_concentration,1,experimental,unresolved,10.1116_6.0002154-F4a-3,5,5,"FIG. 4. (a) AES data of MoN x films deposited using the conventional ALD process at 350 °C, (b) AES data of MoN x films deposited using the conventional ALD process at 500 °C and (c) AES data of MoN x films deposited using the ALD super-cycle process at 500 °C.","sure curve for MoCl4(THD)(THF) exhibits a vapor pressure of 0.4 Torr at 50 °C. Table I presents the boiling points and molecular formula for various Mo precursors discussed earlier.

Next, the MoNx thin films were deposited using the synthesized Mo precursor. Figure 4 shows AES data of MoNx films de",,,discrete_experimental_sweep,corroborated,multi_signal(3 families),"['F', 'M', 'Me', 'R', 'X']","M: at 500 °C. <!-- image --> <!-- image --> FIG. 5. (a) Raw XRR data of the MoNx fil | Me: nt. To analyze the thickness of MoNx thin films, x-ray reflectivity (XRR, Rigaku) was used. XPS (x-ray photoelectron spectroscopy, K-Alp | R: films were deposited using","{""discrete_experimental_sweep"": 3, ""multi_output_measurement"": 1}","{""axis_role_coordinate"": false, ""n_source_points"": 23, ""granularity"": ""unresolved""}","[{""quantity_type"": ""generic_pressure"", ""symbol"": null, ""value"": ""0.4"", ""unit"": ""Torr"", ""species"": null, ""reactant_role"": null, ""assertion_status"": ""direct"", ""scope"": ""figure"", ""source"": ""body_mention"", ""evidence"": "". Next, the MoNx thin films were deposited using the synthesized Mo precursor. Figure 4 shows AES data of M""}, {""quantity_type"": ""working_pressure"", ""symbol"": null, ""value"": ""0.4"", ""unit"": ""Torr"", ""species"": null, ""reactant_role"": null, ""assertion_status"": ""direct"", ""scope"": ""paper"", ""source"": ""methods"", ""evidence"": ""(THD)(THF) exhibits a vapor pressure of 0.4 Torr at 50 °C. Table I presents the boiling points and molecular formula for various Mo precurso""}]",[],figure,resolved,0.4,Torr,generic_pressure,0.4 Torr (generic_pressure),2,body: at 350 and 500 °C,element,O,10.1116_6.0002154::F4::a::O
10.1116_6.0002154|19|4|a|N|primary,10.1116_6.0002154,19,4,a,N,primary,1,22,Sputtering time,atomic_concentration,1,experimental,unresolved,10.1116_6.0002154-F4a-4,5,5,"FIG. 4. (a) AES data of MoN x films deposited using the conventional ALD process at 350 °C, (b) AES data of MoN x films deposited using the conventional ALD process at 500 °C and (c) AES data of MoN x films deposited using the ALD super-cycle process at 500 °C.","sure curve for MoCl4(THD)(THF) exhibits a vapor pressure of 0.4 Torr at 50 °C. Table I presents the boiling points and molecular formula for various Mo precursors discussed earlier.

Next, the MoNx thin films were deposited using the synthesized Mo precursor. Figure 4 shows AES data of MoNx films de",,,discrete_experimental_sweep,corroborated,multi_signal(3 families),"['F', 'M', 'Me', 'R', 'X']","M: at 500 °C. <!-- image --> <!-- image --> FIG. 5. (a) Raw XRR data of the MoNx fil | Me: nt. To analyze the thickness of MoNx thin films, x-ray reflectivity (XRR, Rigaku) was used. XPS (x-ray photoelectron spectroscopy, K-Alp | R: films were deposited using","{""discrete_experimental_sweep"": 3, ""multi_output_measurement"": 1}","{""axis_role_coordinate"": false, ""n_source_points"": 22, ""granularity"": ""unresolved""}","[{""quantity_type"": ""generic_pressure"", ""symbol"": null, ""value"": ""0.4"", ""unit"": ""Torr"", ""species"": null, ""reactant_role"": null, ""assertion_status"": ""direct"", ""scope"": ""figure"", ""source"": ""body_mention"", ""evidence"": "". Next, the MoNx thin films were deposited using the synthesized Mo precursor. Figure 4 shows AES data of M""}, {""quantity_type"": ""working_pressure"", ""symbol"": null, ""value"": ""0.4"", ""unit"": ""Torr"", ""species"": null, ""reactant_role"": null, ""assertion_status"": ""direct"", ""scope"": ""paper"", ""source"": ""methods"", ""evidence"": ""(THD)(THF) exhibits a vapor pressure of 0.4 Torr at 50 °C. Table I presents the boiling points and molecular formula for various Mo precurso""}]",[],figure,resolved,0.4,Torr,generic_pressure,0.4 Torr (generic_pressure),2,body: at 350 and 500 °C,element,N,10.1116_6.0002154::F4::a::N
10.1116_6.0002154|19|4|a|Si|primary,10.1116_6.0002154,19,4,a,Si,primary,1,14,Sputtering time,atomic_concentration,1,experimental,unresolved,10.1116_6.0002154-F4a-5,5,5,"FIG. 4. (a) AES data of MoN x films deposited using the conventional ALD process at 350 °C, (b) AES data of MoN x films deposited using the conventional ALD process at 500 °C and (c) AES data of MoN x films deposited using the ALD super-cycle process at 500 °C.","sure curve for MoCl4(THD)(THF) exhibits a vapor pressure of 0.4 Torr at 50 °C. Table I presents the boiling points and molecular formula for various Mo precursors discussed earlier.

Next, the MoNx thin films were deposited using the synthesized Mo precursor. Figure 4 shows AES data of MoNx films de",,,discrete_experimental_sweep,corroborated,multi_signal(3 families),"['F', 'M', 'Me', 'R', 'X']","M: at 500 °C. <!-- image --> <!-- image --> FIG. 5. (a) Raw XRR data of the MoNx fil | Me: nt. To analyze the thickness of MoNx thin films, x-ray reflectivity (XRR, Rigaku) was used. XPS (x-ray photoelectron spectroscopy, K-Alp | R: films were deposited using","{""discrete_experimental_sweep"": 3, ""multi_output_measurement"": 1}","{""axis_role_coordinate"": false, ""n_source_points"": 14, ""granularity"": ""unresolved""}","[{""quantity_type"": ""generic_pressure"", ""symbol"": null, ""value"": ""0.4"", ""unit"": ""Torr"", ""species"": null, ""reactant_role"": null, ""assertion_status"": ""direct"", ""scope"": ""figure"", ""source"": ""body_mention"", ""evidence"": "". Next, the MoNx thin films were deposited using the synthesized Mo precursor. Figure 4 shows AES data of M""}, {""quantity_type"": ""working_pressure"", ""symbol"": null, ""value"": ""0.4"", ""unit"": ""Torr"", ""species"": null, ""reactant_role"": null, ""assertion_status"": ""direct"", ""scope"": ""paper"", ""source"": ""methods"", ""evidence"": ""(THD)(THF) exhibits a vapor pressure of 0.4 Torr at 50 °C. Table I presents the boiling points and molecular formula for various Mo precurso""}]",[],figure,resolved,0.4,Torr,generic_pressure,0.4 Torr (generic_pressure),2,body: at 350 and 500 °C,element,Si,10.1116_6.0002154::F4::a::Si
10.1116_6.0002154|19|4|a|C|primary,10.1116_6.0002154,19,4,a,C,primary,1,18,Sputtering time,atomic_concentration,1,experimental,unresolved,10.1116_6.0002154-F4a-6,5,5,"FIG. 4. (a) AES data of MoN x films deposited using the conventional ALD process at 350 °C, (b) AES data of MoN x films deposited using the conventional ALD process at 500 °C and (c) AES data of MoN x films deposited using the ALD super-cycle process at 500 °C.","sure curve for MoCl4(THD)(THF) exhibits a vapor pressure of 0.4 Torr at 50 °C. Table I presents the boiling points and molecular formula for various Mo precursors discussed earlier.

Next, the MoNx thin films were deposited using the synthesized Mo precursor. Figure 4 shows AES data of MoNx films de",,,discrete_experimental_sweep,corroborated,multi_signal(3 families),"['F', 'M', 'Me', 'R', 'X']","M: at 500 °C. <!-- image --> <!-- image --> FIG. 5. (a) Raw XRR data of the MoNx fil | Me: nt. To analyze the thickness of MoNx thin films, x-ray reflectivity (XRR, Rigaku) was used. XPS (x-ray photoelectron spectroscopy, K-Alp | R: films were deposited using","{""discrete_experimental_sweep"": 3, ""multi_output_measurement"": 1}","{""axis_role_coordinate"": false, ""n_source_points"": 18, ""granularity"": ""unresolved""}","[{""quantity_type"": ""generic_pressure"", ""symbol"": null, ""value"": ""0.4"", ""unit"": ""Torr"", ""species"": null, ""reactant_role"": null, ""assertion_status"": ""direct"", ""scope"": ""figure"", ""source"": ""body_mention"", ""evidence"": "". Next, the MoNx thin films were deposited using the synthesized Mo precursor. Figure 4 shows AES data of M""}, {""quantity_type"": ""working_pressure"", ""symbol"": null, ""value"": ""0.4"", ""unit"": ""Torr"", ""species"": null, ""reactant_role"": null, ""assertion_status"": ""direct"", ""scope"": ""paper"", ""source"": ""methods"", ""evidence"": ""(THD)(THF) exhibits a vapor pressure of 0.4 Torr at 50 °C. Table I presents the boiling points and molecular formula for various Mo precurso""}]",[],figure,resolved,0.4,Torr,generic_pressure,0.4 Torr (generic_pressure),2,body: at 350 and 500 °C,element,C,10.1116_6.0002154::F4::a::C
10.1116_6.0002154|19|4|b|Mo|primary,10.1116_6.0002154,19,4,b,Mo,primary,1,25,Sputtering time,atomic_concentration,1,experimental,unresolved,10.1116_6.0002154-F4b-7,5,5,"FIG. 4. (a) AES data of MoN x films deposited using the conventional ALD process at 350 °C, (b) AES data of MoN x films deposited using the conventional ALD process at 500 °C and (c) AES data of MoN x films deposited using the ALD super-cycle process at 500 °C.","sure curve for MoCl4(THD)(THF) exhibits a vapor pressure of 0.4 Torr at 50 °C. Table I presents the boiling points and molecular formula for various Mo precursors discussed earlier.

Next, the MoNx thin films were deposited using the synthesized Mo precursor. Figure 4 shows AES data of MoNx films de",,,discrete_experimental_sweep,corroborated,multi_signal(3 families),"['F', 'M', 'Me', 'R', 'X']","M: at 500 °C. <!-- image --> <!-- image --> FIG. 5. (a) Raw XRR data of the MoNx fil | Me: nt. To analyze the thickness of MoNx thin films, x-ray reflectivity (XRR, Rigaku) was used. XPS (x-ray photoelectron spectroscopy, K-Alp | R: films were deposited using","{""discrete_experimental_sweep"": 3, ""multi_output_measurement"": 1}","{""axis_role_coordinate"": false, ""n_source_points"": 25, ""granularity"": ""unresolved""}","[{""quantity_type"": ""generic_pressure"", ""symbol"": null, ""value"": ""0.4"", ""unit"": ""Torr"", ""species"": null, ""reactant_role"": null, ""assertion_status"": ""direct"", ""scope"": ""figure"", ""source"": ""body_mention"", ""evidence"": "". Next, the MoNx thin films were deposited using the synthesized Mo precursor. Figure 4 shows AES data of M""}, {""quantity_type"": ""working_pressure"", ""symbol"": null, ""value"": ""0.4"", ""unit"": ""Torr"", ""species"": null, ""reactant_role"": null, ""assertion_status"": ""direct"", ""scope"": ""paper"", ""source"": ""methods"", ""evidence"": ""(THD)(THF) exhibits a vapor pressure of 0.4 Torr at 50 °C. Table I presents the boiling points and molecular formula for various Mo precurso""}]",[],figure,resolved,0.4,Torr,generic_pressure,0.4 Torr (generic_pressure),2,body: at 350 and 500 °C,element,Mo,10.1116_6.0002154::F4::b::Mo
10.1116_6.0002154|19|4|b|O|primary,10.1116_6.0002154,19,4,b,O,primary,1,25,Sputtering time,atomic_concentration,1,experimental,unresolved,10.1116_6.0002154-F4b-8,5,5,"FIG. 4. (a) AES data of MoN x films deposited using the conventional ALD process at 350 °C, (b) AES data of MoN x films deposited using the conventional ALD process at 500 °C and (c) AES data of MoN x films deposited using the ALD super-cycle process at 500 °C.","sure curve for MoCl4(THD)(THF) exhibits a vapor pressure of 0.4 Torr at 50 °C. Table I presents the boiling points and molecular formula for various Mo precursors discussed earlier.

Next, the MoNx thin films were deposited using the synthesized Mo precursor. Figure 4 shows AES data of MoNx films de",,,discrete_experimental_sweep,corroborated,multi_signal(3 families),"['F', 'M', 'Me', 'R', 'X']","M: at 500 °C. <!-- image --> <!-- image --> FIG. 5. (a) Raw XRR data of the MoNx fil | Me: nt. To analyze the thickness of MoNx thin films, x-ray reflectivity (XRR, Rigaku) was used. XPS (x-ray photoelectron spectroscopy, K-Alp | R: films were deposited using","{""discrete_experimental_sweep"": 3, ""multi_output_measurement"": 1}","{""axis_role_coordinate"": false, ""n_source_points"": 25, ""granularity"": ""unresolved""}","[{""quantity_type"": ""generic_pressure"", ""symbol"": null, ""value"": ""0.4"", ""unit"": ""Torr"", ""species"": null, ""reactant_role"": null, ""assertion_status"": ""direct"", ""scope"": ""figure"", ""source"": ""body_mention"", ""evidence"": "". Next, the MoNx thin films were deposited using the synthesized Mo precursor. Figure 4 shows AES data of M""}, {""quantity_type"": ""working_pressure"", ""symbol"": null, ""value"": ""0.4"", ""unit"": ""Torr"", ""species"": null, ""reactant_role"": null, ""assertion_status"": ""direct"", ""scope"": ""paper"", ""source"": ""methods"", ""evidence"": ""(THD)(THF) exhibits a vapor pressure of 0.4 Torr at 50 °C. Table I presents the boiling points and molecular formula for various Mo precurso""}]",[],figure,resolved,0.4,Torr,generic_pressure,0.4 Torr (generic_pressure),2,body: at 350 and 500 °C,element,O,10.1116_6.0002154::F4::b::O
10.1116_6.0002154|19|4|b|N|primary,10.1116_6.0002154,19,4,b,N,primary,1,25,Sputtering time,atomic_concentration,1,experimental,unresolved,10.1116_6.0002154-F4b-9,5,5,"FIG. 4. (a) AES data of MoN x films deposited using the conventional ALD process at 350 °C, (b) AES data of MoN x films deposited using the conventional ALD process at 500 °C and (c) AES data of MoN x films deposited using the ALD super-cycle process at 500 °C.","sure curve for MoCl4(THD)(THF) exhibits a vapor pressure of 0.4 Torr at 50 °C. Table I presents the boiling points and molecular formula for various Mo precursors discussed earlier.

Next, the MoNx thin films were deposited using the synthesized Mo precursor. Figure 4 shows AES data of MoNx films de",,,discrete_experimental_sweep,corroborated,multi_signal(3 families),"['F', 'M', 'Me', 'R', 'X']","M: at 500 °C. <!-- image --> <!-- image --> FIG. 5. (a) Raw XRR data of the MoNx fil | Me: nt. To analyze the thickness of MoNx thin films, x-ray reflectivity (XRR, Rigaku) was used. XPS (x-ray photoelectron spectroscopy, K-Alp | R: films were deposited using","{""discrete_experimental_sweep"": 3, ""multi_output_measurement"": 1}","{""axis_role_coordinate"": false, ""n_source_points"": 25, ""granularity"": ""unresolved""}","[{""quantity_type"": ""generic_pressure"", ""symbol"": null, ""value"": ""0.4"", ""unit"": ""Torr"", ""species"": null, ""reactant_role"": null, ""assertion_status"": ""direct"", ""scope"": ""figure"", ""source"": ""body_mention"", ""evidence"": "". Next, the MoNx thin films were deposited using the synthesized Mo precursor. Figure 4 shows AES data of M""}, {""quantity_type"": ""working_pressure"", ""symbol"": null, ""value"": ""0.4"", ""unit"": ""Torr"", ""species"": null, ""reactant_role"": null, ""assertion_status"": ""direct"", ""scope"": ""paper"", ""source"": ""methods"", ""evidence"": ""(THD)(THF) exhibits a vapor pressure of 0.4 Torr at 50 °C. Table I presents the boiling points and molecular formula for various Mo precurso""}]",[],figure,resolved,0.4,Torr,generic_pressure,0.4 Torr (generic_pressure),2,body: at 350 and 500 °C,element,N,10.1116_6.0002154::F4::b::N
10.1116_6.0002154|19|4|b|Si|primary,10.1116_6.0002154,19,4,b,Si,primary,1,13,Sputtering time,atomic_concentration,1,experimental,unresolved,10.1116_6.0002154-F4b-10,5,5,"FIG. 4. (a) AES data of MoN x films deposited using the conventional ALD process at 350 °C, (b) AES data of MoN x films deposited using the conventional ALD process at 500 °C and (c) AES data of MoN x films deposited using the ALD super-cycle process at 500 °C.","sure curve for MoCl4(THD)(THF) exhibits a vapor pressure of 0.4 Torr at 50 °C. Table I presents the boiling points and molecular formula for various Mo precursors discussed earlier.

Next, the MoNx thin films were deposited using the synthesized Mo precursor. Figure 4 shows AES data of MoNx films de",,,discrete_experimental_sweep,corroborated,multi_signal(3 families),"['F', 'M', 'Me', 'R', 'X']","M: at 500 °C. <!-- image --> <!-- image --> FIG. 5. (a) Raw XRR data of the MoNx fil | Me: nt. To analyze the thickness of MoNx thin films, x-ray reflectivity (XRR, Rigaku) was used. XPS (x-ray photoelectron spectroscopy, K-Alp | R: films were deposited using","{""discrete_experimental_sweep"": 3, ""multi_output_measurement"": 1}","{""axis_role_coordinate"": false, ""n_source_points"": 13, ""granularity"": ""unresolved""}","[{""quantity_type"": ""generic_pressure"", ""symbol"": null, ""value"": ""0.4"", ""unit"": ""Torr"", ""species"": null, ""reactant_role"": null, ""assertion_status"": ""direct"", ""scope"": ""figure"", ""source"": ""body_mention"", ""evidence"": "". Next, the MoNx thin films were deposited using the synthesized Mo precursor. Figure 4 shows AES data of M""}, {""quantity_type"": ""working_pressure"", ""symbol"": null, ""value"": ""0.4"", ""unit"": ""Torr"", ""species"": null, ""reactant_role"": null, ""assertion_status"": ""direct"", ""scope"": ""paper"", ""source"": ""methods"", ""evidence"": ""(THD)(THF) exhibits a vapor pressure of 0.4 Torr at 50 °C. Table I presents the boiling points and molecular formula for various Mo precurso""}]",[],figure,resolved,0.4,Torr,generic_pressure,0.4 Torr (generic_pressure),2,body: at 350 and 500 °C,element,Si,10.1116_6.0002154::F4::b::Si
10.1116_6.0002154|19|4|b|C|primary,10.1116_6.0002154,19,4,b,C,primary,1,22,Sputtering time,atomic_concentration,1,experimental,unresolved,10.1116_6.0002154-F4b-11,5,5,"FIG. 4. (a) AES data of MoN x films deposited using the conventional ALD process at 350 °C, (b) AES data of MoN x films deposited using the conventional ALD process at 500 °C and (c) AES data of MoN x films deposited using the ALD super-cycle process at 500 °C.","sure curve for MoCl4(THD)(THF) exhibits a vapor pressure of 0.4 Torr at 50 °C. Table I presents the boiling points and molecular formula for various Mo precursors discussed earlier.

Next, the MoNx thin films were deposited using the synthesized Mo precursor. Figure 4 shows AES data of MoNx films de",,,discrete_experimental_sweep,corroborated,multi_signal(3 families),"['F', 'M', 'Me', 'R', 'X']","M: at 500 °C. <!-- image --> <!-- image --> FIG. 5. (a) Raw XRR data of the MoNx fil | Me: nt. To analyze the thickness of MoNx thin films, x-ray reflectivity (XRR, Rigaku) was used. XPS (x-ray photoelectron spectroscopy, K-Alp | R: films were deposited using","{""discrete_experimental_sweep"": 3, ""multi_output_measurement"": 1}","{""axis_role_coordinate"": false, ""n_source_points"": 22, ""granularity"": ""unresolved""}","[{""quantity_type"": ""generic_pressure"", ""symbol"": null, ""value"": ""0.4"", ""unit"": ""Torr"", ""species"": null, ""reactant_role"": null, ""assertion_status"": ""direct"", ""scope"": ""figure"", ""source"": ""body_mention"", ""evidence"": "". Next, the MoNx thin films were deposited using the synthesized Mo precursor. Figure 4 shows AES data of M""}, {""quantity_type"": ""working_pressure"", ""symbol"": null, ""value"": ""0.4"", ""unit"": ""Torr"", ""species"": null, ""reactant_role"": null, ""assertion_status"": ""direct"", ""scope"": ""paper"", ""source"": ""methods"", ""evidence"": ""(THD)(THF) exhibits a vapor pressure of 0.4 Torr at 50 °C. Table I presents the boiling points and molecular formula for various Mo precurso""}]",[],figure,resolved,0.4,Torr,generic_pressure,0.4 Torr (generic_pressure),2,body: at 350 and 500 °C,element,C,10.1116_6.0002154::F4::b::C
10.1116_6.0002154|19|4|c|Mo|primary,10.1116_6.0002154,19,4,c,Mo,primary,1,25,Sputtering time,atomic_concentration,1,experimental,unresolved,10.1116_6.0002154-F4c-12,5,5,"FIG. 4. (a) AES data of MoN x films deposited using the conventional ALD process at 350 °C, (b) AES data of MoN x films deposited using the conventional ALD process at 500 °C and (c) AES data of MoN x films deposited using the ALD super-cycle process at 500 °C.","sure curve for MoCl4(THD)(THF) exhibits a vapor pressure of 0.4 Torr at 50 °C. Table I presents the boiling points and molecular formula for various Mo precursors discussed earlier.

Next, the MoNx thin films were deposited using the synthesized Mo precursor. Figure 4 shows AES data of MoNx films de",,,discrete_experimental_sweep,corroborated,multi_signal(3 families),"['F', 'M', 'Me', 'R', 'X']","M: at 500 °C. <!-- image --> <!-- image --> FIG. 5. (a) Raw XRR data of the MoNx fil | Me: nt. To analyze the thickness of MoNx thin films, x-ray reflectivity (XRR, Rigaku) was used. XPS (x-ray photoelectron spectroscopy, K-Alp | R: films were deposited using","{""discrete_experimental_sweep"": 3, ""multi_output_measurement"": 1}","{""axis_role_coordinate"": false, ""n_source_points"": 25, ""granularity"": ""unresolved""}","[{""quantity_type"": ""generic_pressure"", ""symbol"": null, ""value"": ""0.4"", ""unit"": ""Torr"", ""species"": null, ""reactant_role"": null, ""assertion_status"": ""direct"", ""scope"": ""figure"", ""source"": ""body_mention"", ""evidence"": "". Next, the MoNx thin films were deposited using the synthesized Mo precursor. Figure 4 shows AES data of M""}, {""quantity_type"": ""working_pressure"", ""symbol"": null, ""value"": ""0.4"", ""unit"": ""Torr"", ""species"": null, ""reactant_role"": null, ""assertion_status"": ""direct"", ""scope"": ""paper"", ""source"": ""methods"", ""evidence"": ""(THD)(THF) exhibits a vapor pressure of 0.4 Torr at 50 °C. Table I presents the boiling points and molecular formula for various Mo precurso""}]",[],figure,resolved,0.4,Torr,generic_pressure,0.4 Torr (generic_pressure),2,body: at 350 and 500 °C,element,Mo,10.1116_6.0002154::F4::c::Mo
10.1116_6.0002154|19|4|c|O|primary,10.1116_6.0002154,19,4,c,O,primary,1,25,Sputtering time,atomic_concentration,1,experimental,unresolved,10.1116_6.0002154-F4c-13,5,5,"FIG. 4. (a) AES data of MoN x films deposited using the conventional ALD process at 350 °C, (b) AES data of MoN x films deposited using the conventional ALD process at 500 °C and (c) AES data of MoN x films deposited using the ALD super-cycle process at 500 °C.","sure curve for MoCl4(THD)(THF) exhibits a vapor pressure of 0.4 Torr at 50 °C. Table I presents the boiling points and molecular formula for various Mo precursors discussed earlier.

Next, the MoNx thin films were deposited using the synthesized Mo precursor. Figure 4 shows AES data of MoNx films de",,,discrete_experimental_sweep,corroborated,multi_signal(3 families),"['F', 'M', 'Me', 'R', 'X']","M: at 500 °C. <!-- image --> <!-- image --> FIG. 5. (a) Raw XRR data of the MoNx fil | Me: nt. To analyze the thickness of MoNx thin films, x-ray reflectivity (XRR, Rigaku) was used. XPS (x-ray photoelectron spectroscopy, K-Alp | R: films were deposited using","{""discrete_experimental_sweep"": 3, ""multi_output_measurement"": 1}","{""axis_role_coordinate"": false, ""n_source_points"": 25, ""granularity"": ""unresolved""}","[{""quantity_type"": ""generic_pressure"", ""symbol"": null, ""value"": ""0.4"", ""unit"": ""Torr"", ""species"": null, ""reactant_role"": null, ""assertion_status"": ""direct"", ""scope"": ""figure"", ""source"": ""body_mention"", ""evidence"": "". Next, the MoNx thin films were deposited using the synthesized Mo precursor. Figure 4 shows AES data of M""}, {""quantity_type"": ""working_pressure"", ""symbol"": null, ""value"": ""0.4"", ""unit"": ""Torr"", ""species"": null, ""reactant_role"": null, ""assertion_status"": ""direct"", ""scope"": ""paper"", ""source"": ""methods"", ""evidence"": ""(THD)(THF) exhibits a vapor pressure of 0.4 Torr at 50 °C. Table I presents the boiling points and molecular formula for various Mo precurso""}]",[],figure,resolved,0.4,Torr,generic_pressure,0.4 Torr (generic_pressure),2,body: at 350 and 500 °C,element,O,10.1116_6.0002154::F4::c::O
10.1116_6.0002154|19|4|c|N|primary,10.1116_6.0002154,19,4,c,N,primary,1,26,Sputtering time,atomic_concentration,1,experimental,unresolved,10.1116_6.0002154-F4c-14,5,5,"FIG. 4. (a) AES data of MoN x films deposited using the conventional ALD process at 350 °C, (b) AES data of MoN x films deposited using the conventional ALD process at 500 °C and (c) AES data of MoN x films deposited using the ALD super-cycle process at 500 °C.","sure curve for MoCl4(THD)(THF) exhibits a vapor pressure of 0.4 Torr at 50 °C. Table I presents the boiling points and molecular formula for various Mo precursors discussed earlier.

Next, the MoNx thin films were deposited using the synthesized Mo precursor. Figure 4 shows AES data of MoNx films de",,,discrete_experimental_sweep,corroborated,multi_signal(3 families),"['F', 'M', 'Me', 'R', 'X']","M: at 500 °C. <!-- image --> <!-- image --> FIG. 5. (a) Raw XRR data of the MoNx fil | Me: nt. To analyze the thickness of MoNx thin films, x-ray reflectivity (XRR, Rigaku) was used. XPS (x-ray photoelectron spectroscopy, K-Alp | R: films were deposited using","{""discrete_experimental_sweep"": 3, ""multi_output_measurement"": 1}","{""axis_role_coordinate"": false, ""n_source_points"": 26, ""granularity"": ""unresolved""}","[{""quantity_type"": ""generic_pressure"", ""symbol"": null, ""value"": ""0.4"", ""unit"": ""Torr"", ""species"": null, ""reactant_role"": null, ""assertion_status"": ""direct"", ""scope"": ""figure"", ""source"": ""body_mention"", ""evidence"": "". Next, the MoNx thin films were deposited using the synthesized Mo precursor. Figure 4 shows AES data of M""}, {""quantity_type"": ""working_pressure"", ""symbol"": null, ""value"": ""0.4"", ""unit"": ""Torr"", ""species"": null, ""reactant_role"": null, ""assertion_status"": ""direct"", ""scope"": ""paper"", ""source"": ""methods"", ""evidence"": ""(THD)(THF) exhibits a vapor pressure of 0.4 Torr at 50 °C. Table I presents the boiling points and molecular formula for various Mo precurso""}]",[],figure,resolved,0.4,Torr,generic_pressure,0.4 Torr (generic_pressure),2,body: at 350 and 500 °C,element,N,10.1116_6.0002154::F4::c::N
10.1116_6.0002154|19|4|c|Si|primary,10.1116_6.0002154,19,4,c,Si,primary,1,13,Sputtering time,atomic_concentration,1,experimental,unresolved,10.1116_6.0002154-F4c-15,5,5,"FIG. 4. (a) AES data of MoN x films deposited using the conventional ALD process at 350 °C, (b) AES data of MoN x films deposited using the conventional ALD process at 500 °C and (c) AES data of MoN x films deposited using the ALD super-cycle process at 500 °C.","sure curve for MoCl4(THD)(THF) exhibits a vapor pressure of 0.4 Torr at 50 °C. Table I presents the boiling points and molecular formula for various Mo precursors discussed earlier.

Next, the MoNx thin films were deposited using the synthesized Mo precursor. Figure 4 shows AES data of MoNx films de",,,discrete_experimental_sweep,corroborated,multi_signal(3 families),"['F', 'M', 'Me', 'R', 'X']","M: at 500 °C. <!-- image --> <!-- image --> FIG. 5. (a) Raw XRR data of the MoNx fil | Me: nt. To analyze the thickness of MoNx thin films, x-ray reflectivity (XRR, Rigaku) was used. XPS (x-ray photoelectron spectroscopy, K-Alp | R: films were deposited using","{""discrete_experimental_sweep"": 3, ""multi_output_measurement"": 1}","{""axis_role_coordinate"": false, ""n_source_points"": 13, ""granularity"": ""unresolved""}","[{""quantity_type"": ""generic_pressure"", ""symbol"": null, ""value"": ""0.4"", ""unit"": ""Torr"", ""species"": null, ""reactant_role"": null, ""assertion_status"": ""direct"", ""scope"": ""figure"", ""source"": ""body_mention"", ""evidence"": "". Next, the MoNx thin films were deposited using the synthesized Mo precursor. Figure 4 shows AES data of M""}, {""quantity_type"": ""working_pressure"", ""symbol"": null, ""value"": ""0.4"", ""unit"": ""Torr"", ""species"": null, ""reactant_role"": null, ""assertion_status"": ""direct"", ""scope"": ""paper"", ""source"": ""methods"", ""evidence"": ""(THD)(THF) exhibits a vapor pressure of 0.4 Torr at 50 °C. Table I presents the boiling points and molecular formula for various Mo precurso""}]",[],figure,resolved,0.4,Torr,generic_pressure,0.4 Torr (generic_pressure),2,body: at 350 and 500 °C,element,Si,10.1116_6.0002154::F4::c::Si
10.1116_6.0002154|19|4|c|C|primary,10.1116_6.0002154,19,4,c,C,primary,1,20,Sputtering time,atomic_concentration,1,experimental,unresolved,10.1116_6.0002154-F4c-16,5,5,"FIG. 4. (a) AES data of MoN x films deposited using the conventional ALD process at 350 °C, (b) AES data of MoN x films deposited using the conventional ALD process at 500 °C and (c) AES data of MoN x films deposited using the ALD super-cycle process at 500 °C.","sure curve for MoCl4(THD)(THF) exhibits a vapor pressure of 0.4 Torr at 50 °C. Table I presents the boiling points and molecular formula for various Mo precursors discussed earlier.

Next, the MoNx thin films were deposited using the synthesized Mo precursor. Figure 4 shows AES data of MoNx films de",,,discrete_experimental_sweep,corroborated,multi_signal(3 families),"['F', 'M', 'Me', 'R', 'X']","M: at 500 °C. <!-- image --> <!-- image --> FIG. 5. (a) Raw XRR data of the MoNx fil | Me: nt. To analyze the thickness of MoNx thin films, x-ray reflectivity (XRR, Rigaku) was used. XPS (x-ray photoelectron spectroscopy, K-Alp | R: films were deposited using","{""discrete_experimental_sweep"": 3, ""multi_output_measurement"": 1}","{""axis_role_coordinate"": false, ""n_source_points"": 20, ""granularity"": ""unresolved""}","[{""quantity_type"": ""generic_pressure"", ""symbol"": null, ""value"": ""0.4"", ""unit"": ""Torr"", ""species"": null, ""reactant_role"": null, ""assertion_status"": ""direct"", ""scope"": ""figure"", ""source"": ""body_mention"", ""evidence"": "". Next, the MoNx thin films were deposited using the synthesized Mo precursor. Figure 4 shows AES data of M""}, {""quantity_type"": ""working_pressure"", ""symbol"": null, ""value"": ""0.4"", ""unit"": ""Torr"", ""species"": null, ""reactant_role"": null, ""assertion_status"": ""direct"", ""scope"": ""paper"", ""source"": ""methods"", ""evidence"": ""(THD)(THF) exhibits a vapor pressure of 0.4 Torr at 50 °C. Table I presents the boiling points and molecular formula for various Mo precurso""}]",[],figure,resolved,0.4,Torr,generic_pressure,0.4 Torr (generic_pressure),2,body: at 350 and 500 °C,element,C,10.1116_6.0002154::F4::c::C
10.1116_6.0002154|21|5|a|Raw|primary,10.1116_6.0002154,21,5,a,Raw,primary,1,45,Grazing angle (2Θ),Intensity (Arb. unit),a.u.,experimental,unresolved,10.1116_6.0002154-F5a-17,6,7,FIG. 5. (a) Raw XRR data of the MoNx film with a curve fit and (b) the thickness of the MoN x thin film as a function of the number of ALD cycles.,"ilms was achieved using the ALD super-cycle process for subsequent experiments.

The thickness of the MoNx film deposited using the ALD super-cycle process at 500 °C was measured after several cycles of deposition to check if a self-limited reaction occurred. Figure 5(a) shows raw XRR data of a MoNx",,,discrete_experimental_sweep,corroborated,multi_signal(3 families),"['F', 'M', 'Me', 'R', 'X']","M: FIG. 5. (a) Raw XRR data of the MoNx film with a curve fit and (b) the thickness of the MoN x thin | Me: nt. To analyze the thickness of MoNx thin films, x-ray reflectivity (XRR, Rigaku) was used. XPS (x-ray photoelectron spectroscopy, K-Alp | R: as a function of the number of ALD cycles","{""discrete_experimental_sweep"": 3}","{""axis_role_coordinate"": false, ""n_source_points"": 45, ""granularity"": ""unresolved""}","[{""quantity_type"": ""working_pressure"", ""symbol"": null, ""value"": ""0.4"", ""unit"": ""Torr"", ""species"": null, ""reactant_role"": null, ""assertion_status"": ""direct"", ""scope"": ""paper"", ""source"": ""methods"", ""evidence"": ""(THD)(THF) exhibits a vapor pressure of 0.4 Torr at 50 °C. Table I presents the boiling points and molecular formula for various Mo precurso""}]",[],paper,resolved,0.4,Torr,working_pressure,0.4 Torr (working_pressure),,,curve type,Raw,10.1116_6.0002154::F5::a::Raw
10.1116_6.0002154|21|5|a|Fit|primary,10.1116_6.0002154,21,5,a,Fit,primary,1,43,Grazing angle (2Θ),Intensity (Arb. unit),a.u.,experimental,unresolved,10.1116_6.0002154-F5a-18,6,7,FIG. 5. (a) Raw XRR data of the MoNx film with a curve fit and (b) the thickness of the MoN x thin film as a function of the number of ALD cycles.,"ilms was achieved using the ALD super-cycle process for subsequent experiments.

The thickness of the MoNx film deposited using the ALD super-cycle process at 500 °C was measured after several cycles of deposition to check if a self-limited reaction occurred. Figure 5(a) shows raw XRR data of a MoNx",,,fit,single_definitional_signal,provenance_gate(1 families),"['F', 'L', 'M', 'Me', 'R', 'X']",L: series label 'Fit',"{""fit"": 1}","{""axis_role_coordinate"": false, ""n_source_points"": 43, ""granularity"": ""unresolved""}","[{""quantity_type"": ""working_pressure"", ""symbol"": null, ""value"": ""0.4"", ""unit"": ""Torr"", ""species"": null, ""reactant_role"": null, ""assertion_status"": ""direct"", ""scope"": ""paper"", ""source"": ""methods"", ""evidence"": ""(THD)(THF) exhibits a vapor pressure of 0.4 Torr at 50 °C. Table I presents the boiling points and molecular formula for various Mo precurso""}]",[],paper,resolved,0.4,Torr,working_pressure,0.4 Torr (working_pressure),,,curve type,Fit,10.1116_6.0002154::F5::a::Fit
10.1116_6.0002154|21|5|b|Thin film thickness|primary,10.1116_6.0002154,21,5,b,Thin film thickness,primary,6,6,cycle_number,film_thickness,nm,experimental,single,10.1116_6.0002154-5b-S2-P000;10.1116_6.0002154-5b-S2-P001;10.1116_6.0002154-5b-S2-P002;10.1116_6.0002154-5b-S2-P003;10.1116_6.0002154-5b-S2-P004;10.1116_6.0002154-5b-S2-P005,6,7,FIG. 5. (a) Raw XRR data of the MoNx film with a curve fit and (b) the thickness of the MoN x thin film as a function of the number of ALD cycles.,"ilms was achieved using the ALD super-cycle process for subsequent experiments.

The thickness of the MoNx film deposited using the ALD super-cycle process at 500 °C was measured after several cycles of deposition to check if a self-limited reaction occurred. Figure 5(a) shows raw XRR data of a MoNx",,,discrete_experimental_sweep,corroborated,multi_signal(3 families),"['F', 'M', 'Me', 'R']","M: FIG. 5. (a) Raw XRR data of the MoNx film with a curve fit and (b) the thickness of the MoN x thin | Me: nt. To analyze the thickness of MoNx thin films, x-ray reflectivity (XRR, Rigaku) was used. XPS (x-ray photoelectron spectroscopy, K-Alp | R: as a function of the number of ALD cycles","{""discrete_experimental_sweep"": 3}","{""axis_role_coordinate"": false, ""n_source_points"": 6, ""granularity"": ""single""}","[{""quantity_type"": ""working_pressure"", ""symbol"": null, ""value"": ""0.4"", ""unit"": ""Torr"", ""species"": null, ""reactant_role"": null, ""assertion_status"": ""direct"", ""scope"": ""paper"", ""source"": ""methods"", ""evidence"": ""(THD)(THF) exhibits a vapor pressure of 0.4 Torr at 50 °C. Table I presents the boiling points and molecular formula for various Mo precurso""}]",[],paper,resolved,0.4,Torr,working_pressure,0.4 Torr (working_pressure),,,,,10.1116_6.0002154::F5::b::Thin film thickness
10.1116_6.0002154|22|6|a|Mo3d|primary,10.1116_6.0002154,22,6,a,Mo3d,primary,1,32,Binding energy,intensity,Arb. unit,experimental,unresolved,10.1116_6.0002154-F6a-20,6,,FIG. 6. XPS data of (a) Mo3d and (b) N1s and Mo3p of an MoN x thin film deposited by ALD super-cycles.,"content and a low resistivity value; therefore, it is thought to be deposited by ALD.

XPS analysis was performed to confirm the bonding states of Mo and N in the MoNx thin films. XPS spectra showed that the Mo3d and N1s peaks were the main peaks. As shown in Fig. 6(a), the Mo3d3/2 peak binding ener",,,multi_output_measurement,corroborated,multi_signal(2 families),"['F', 'M', 'Me']","M: FIG. 6. XPS data of (a) Mo3d and (b) N1s and Mo3p of an MoN x thin film deposited by ALD su | X: x axis 'Binding energy' is a measurement coordinate, not a prepared condition","{""multi_output_measurement"": 2, ""discrete_experimental_sweep"": 1}","{""axis_role_coordinate"": false, ""n_source_points"": 32, ""granularity"": ""unresolved""}","[{""quantity_type"": ""working_pressure"", ""symbol"": null, ""value"": ""0.4"", ""unit"": ""Torr"", ""species"": null, ""reactant_role"": null, ""assertion_status"": ""direct"", ""scope"": ""paper"", ""source"": ""methods"", ""evidence"": ""(THD)(THF) exhibits a vapor pressure of 0.4 Torr at 50 °C. Table I presents the boiling points and molecular formula for various Mo precurso""}]",[],paper,resolved,0.4,Torr,working_pressure,0.4 Torr (working_pressure),,,,,10.1116_6.0002154::F6::a::Mo3d
10.1116_6.0002154|22|6|b|N1s and Mo3p|primary,10.1116_6.0002154,22,6,b,N1s and Mo3p,primary,1,27,Binding energy,intensity,Arb. unit,experimental,unresolved,10.1116_6.0002154-F6b-21,6,,FIG. 6. XPS data of (a) Mo3d and (b) N1s and Mo3p of an MoN x thin film deposited by ALD super-cycles.,"content and a low resistivity value; therefore, it is thought to be deposited by ALD.

XPS analysis was performed to confirm the bonding states of Mo and N in the MoNx thin films. XPS spectra showed that the Mo3d and N1s peaks were the main peaks. As shown in Fig. 6(a), the Mo3d3/2 peak binding ener",,,multi_output_measurement,corroborated,multi_signal(2 families),"['F', 'M', 'Me']","M: FIG. 6. XPS data of (a) Mo3d and (b) N1s and Mo3p of an MoN x thin film deposited by ALD su | X: x axis 'Binding energy' is a measurement coordinate, not a prepared condition","{""multi_output_measurement"": 2, ""discrete_experimental_sweep"": 1}","{""axis_role_coordinate"": false, ""n_source_points"": 27, ""granularity"": ""unresolved""}","[{""quantity_type"": ""working_pressure"", ""symbol"": null, ""value"": ""0.4"", ""unit"": ""Torr"", ""species"": null, ""reactant_role"": null, ""assertion_status"": ""direct"", ""scope"": ""paper"", ""source"": ""methods"", ""evidence"": ""(THD)(THF) exhibits a vapor pressure of 0.4 Torr at 50 °C. Table I presents the boiling points and molecular formula for various Mo precurso""}]",[],paper,resolved,0.4,Torr,working_pressure,0.4 Torr (working_pressure),,,,,10.1116_6.0002154::F6::b::N1s and Mo3p
10.1116_6.0002154|24|7|a|<single>|primary,10.1116_6.0002154,24,7,a,<single>,primary,1,48,2 Θ,intensity,a.u.,experimental,unresolved,10.1116_6.0002154-F7a-22,7,7,FIG. 7. (a) GIXRD data and (b) HR-TEM image of MoNx thin films deposited by ALD super-cycle.,"hown, the Mo3p1/2 peak was also detected. The binding energies of Mo3d, Mo3p, and N1s in the MoNx thin film deposited using the newly synthesized precursor and the ALD super-cycle had the same binding energies as in previously reported MoNx thin films. 11,12

Figure 7(a) shows GIXRD of a deposited M",,,discrete_experimental_sweep,corroborated,multi_signal(2 families),"['F', 'M', 'Me']","M: FIG. 7. (a) GIXRD data and (b) HR-TEM image of MoNx thin films deposited by ALD super-cycle. hown, the Mo3p1/2 peak w | Me: nt. To analyze the thickness of MoNx thin films, x-ray reflectivity (XRR, Rigaku) was used. XPS (x-ray photoelectron spectroscopy, K-Alp","{""discrete_experimental_sweep"": 2}","{""axis_role_coordinate"": false, ""n_source_points"": 48, ""granularity"": ""unresolved""}","[{""quantity_type"": ""working_pressure"", ""symbol"": null, ""value"": ""0.4"", ""unit"": ""Torr"", ""species"": null, ""reactant_role"": null, ""assertion_status"": ""direct"", ""scope"": ""paper"", ""source"": ""methods"", ""evidence"": ""(THD)(THF) exhibits a vapor pressure of 0.4 Torr at 50 °C. Table I presents the boiling points and molecular formula for various Mo precurso""}]",[],paper,resolved,0.4,Torr,working_pressure,0.4 Torr (working_pressure),,,,,10.1116_6.0002154::F7::a::<single>
10.1116_6.0002154|27|9|b|(a) As-dep|primary,10.1116_6.0002154,27,9,b,(a) As-dep,primary,1,35,2Θ,intensity,arb. unit,experimental,unresolved,10.1116_6.0002154-F9b-23,8,8,"FIG. 9. (a) Schematic of deposition Cu/MoN x /sub-structure and annealing process and XRD data of (a) As-dep Cu(100 nm)/MoN x (5 nm)/sub stack, (b) Cu(100 nm)/MoN x (5 nm)/sub stack at 500 °C, (c) Cu(100 nm)/MoN x (5 nm)/sub stack annealed at 600 °C.","irm the diffusion barrier properties of the deposited MoNx film, a postannealing process was performed on a Cu (100 nm)/MoNx (5 nm)/sub stack. To examine the diffusion barrier properties, a MoNx film was deposited on a Si wafer and XRD analysis was performed. Figure 9(a) shows a schematic of the ann",,,unknown,conflicting_signals,tie_between_discrete_experimental_sweep/multi_output_measurement,"['F', 'M', 'Me', 'X']",,"{""discrete_experimental_sweep"": 2, ""multi_output_measurement"": 2}","{""axis_role_coordinate"": false, ""n_source_points"": 35, ""granularity"": ""unresolved""}","[{""quantity_type"": ""working_pressure"", ""symbol"": null, ""value"": ""0.4"", ""unit"": ""Torr"", ""species"": null, ""reactant_role"": null, ""assertion_status"": ""direct"", ""scope"": ""paper"", ""source"": ""methods"", ""evidence"": ""(THD)(THF) exhibits a vapor pressure of 0.4 Torr at 50 °C. Table I presents the boiling points and molecular formula for various Mo precurso""}]",[],paper,resolved,0.4,Torr,working_pressure,0.4 Torr (working_pressure),2,body: at 500 and 600 °C,annealing temperature,(a) As-dep,10.1116_6.0002154::F9::b::(a) As-dep
10.1116_6.0002154|27|9|b|(b) 500°C anneal|primary,10.1116_6.0002154,27,9,b,(b) 500°C anneal,primary,1,35,2Θ,intensity,arb. unit,experimental,unresolved,10.1116_6.0002154-F9b-24,8,8,"FIG. 9. (a) Schematic of deposition Cu/MoN x /sub-structure and annealing process and XRD data of (a) As-dep Cu(100 nm)/MoN x (5 nm)/sub stack, (b) Cu(100 nm)/MoN x (5 nm)/sub stack at 500 °C, (c) Cu(100 nm)/MoN x (5 nm)/sub stack annealed at 600 °C.","irm the diffusion barrier properties of the deposited MoNx film, a postannealing process was performed on a Cu (100 nm)/MoNx (5 nm)/sub stack. To examine the diffusion barrier properties, a MoNx film was deposited on a Si wafer and XRD analysis was performed. Figure 9(a) shows a schematic of the ann",,,discrete_experimental_sweep,corroborated,multi_signal(3 families),"['F', 'M', 'Me', 'X']","M: s into the Si wafer -was not detected. 34,35 Additionally, TEM analysis was performed to confirm whether the structure of Cu/MoNx/substrate wa | Me: nt. To analyze the thickness of MoNx thin films, x-ray reflectivity (XRR, Rigaku) was used. XPS (x-ray photoelectron spectroscopy, K-Alp | X: series_axis 'annealing temperature' with numeric label '(b) 500°C anneal'","{""discrete_experimental_sweep"": 3, ""multi_output_measurement"": 2}","{""axis_role_coordinate"": false, ""n_source_points"": 35, ""granularity"": ""unresolved""}","[{""quantity_type"": ""working_pressure"", ""symbol"": null, ""value"": ""0.4"", ""unit"": ""Torr"", ""species"": null, ""reactant_role"": null, ""assertion_status"": ""direct"", ""scope"": ""paper"", ""source"": ""methods"", ""evidence"": ""(THD)(THF) exhibits a vapor pressure of 0.4 Torr at 50 °C. Table I presents the boiling points and molecular formula for various Mo precurso""}]",[],paper,resolved,0.4,Torr,working_pressure,0.4 Torr (working_pressure),2,body: at 500 and 600 °C,annealing temperature,(b) 500°C anneal,10.1116_6.0002154::F9::b::(b) 500°C anneal
10.1116_6.0002154|27|9|b|(c) 600°C anneal|primary,10.1116_6.0002154,27,9,b,(c) 600°C anneal,primary,1,35,2Θ,intensity,arb. unit,experimental,unresolved,10.1116_6.0002154-F9b-25,8,8,"FIG. 9. (a) Schematic of deposition Cu/MoN x /sub-structure and annealing process and XRD data of (a) As-dep Cu(100 nm)/MoN x (5 nm)/sub stack, (b) Cu(100 nm)/MoN x (5 nm)/sub stack at 500 °C, (c) Cu(100 nm)/MoN x (5 nm)/sub stack annealed at 600 °C.","irm the diffusion barrier properties of the deposited MoNx film, a postannealing process was performed on a Cu (100 nm)/MoNx (5 nm)/sub stack. To examine the diffusion barrier properties, a MoNx film was deposited on a Si wafer and XRD analysis was performed. Figure 9(a) shows a schematic of the ann",,,discrete_experimental_sweep,corroborated,multi_signal(3 families),"['F', 'M', 'Me', 'X']","M: s into the Si wafer -was not detected. 34,35 Additionally, TEM analysis was performed to confirm whether the structure of Cu/MoNx/substrate wa | Me: nt. To analyze the thickness of MoNx thin films, x-ray reflectivity (XRR, Rigaku) was used. XPS (x-ray photoelectron spectroscopy, K-Alp | X: series_axis 'annealing temperature' with numeric label '(c) 600°C anneal'","{""discrete_experimental_sweep"": 3, ""multi_output_measurement"": 2}","{""axis_role_coordinate"": false, ""n_source_points"": 35, ""granularity"": ""unresolved""}","[{""quantity_type"": ""working_pressure"", ""symbol"": null, ""value"": ""0.4"", ""unit"": ""Torr"", ""species"": null, ""reactant_role"": null, ""assertion_status"": ""direct"", ""scope"": ""paper"", ""source"": ""methods"", ""evidence"": ""(THD)(THF) exhibits a vapor pressure of 0.4 Torr at 50 °C. Table I presents the boiling points and molecular formula for various Mo precurso""}]",[],paper,resolved,0.4,Torr,working_pressure,0.4 Torr (working_pressure),2,body: at 500 and 600 °C,annealing temperature,(c) 600°C anneal,10.1116_6.0002154::F9::b::(c) 600°C anneal
10.1116_6.0002804|17|1|a|<single>|primary,10.1116_6.0002804,17,1,a,<single>,primary,6,6,pulse_time,growth_per_cycle,nm/cycle,experimental,single,10.1116_6.0002804-1a-S0-P000;10.1116_6.0002804-1a-S0-P001;10.1116_6.0002804-1a-S0-P002;10.1116_6.0002804-1a-S0-P003;10.1116_6.0002804-1a-S0-P004;10.1116_6.0002804-1a-S0-P005,4,4,"FIG. 1. GPC at 350 °C as a function of independently varied: (a) MoCl2O2 pulse time, (b) at-H pulse time, (c) MoCl2O2 purge time, (d) at-H purge time, and (e) hot-wire temperature.","2O2 pulse time, (b) at-H pulse time, (c) MoCl2O2 purge time, (d) at-H purge time, and (e) hot-wire temperature.

<!-- image -->

time ( t 3) and purge time ( t 4) durations. Being typical for ALD, the GPC stabilized with increasing t 1 and t 3, as depicted in Figs. 1(a) and 1(b), respectively. The G",,,discrete_experimental_sweep,corroborated,multi_signal(2 families),"['F', 'Me', 'R']",Me: an 5 nm was verified through x-ray reflectometry (XRR) measurements and electron microscopy imaging. During in situ monitor | Me: n. High-resolution scanning electron microscopy (SEM) images were obtained with a Zeiss Merlin HR-SEM by using an In-lens | R: independently varied,"{""continuous_trace"": 1, ""discrete_experimental_sweep"": 3}","{""axis_role_coordinate"": false, ""n_source_points"": 6, ""granularity"": ""single""}","[{""quantity_type"": ""base_pressure"", ""symbol"": null, ""value"": ""1 × 10 -8"", ""unit"": ""mbar"", ""species"": null, ""reactant_role"": null, ""assertion_status"": ""direct"", ""scope"": ""paper"", ""source"": ""methods"", ""evidence"": ""was pumped down to a base pressure of ∼ 1 × 10 -8 mbar using a turbomolecular pump. The vessel of the solid MoCl2O2 precursor (Air Liquide) ""}, {""quantity_type"": ""base_pressure"", ""symbol"": null, ""value"": ""2"", ""unit"": ""mbar"", ""species"": null, ""reactant_role"": null, ""assertion_status"": ""direct"", ""scope"": ""paper"", ""source"": ""methods"", ""evidence"": ""to ensure sufficient vapor pressure ( ∼ 2 mbar) for the precursor to diffuse into the gas inlet (at 0.2 mbar overpressure). To prevent precu""}, {""quantity_type"": ""working_pressure"", ""symbol"": null, ""value"": ""0.2"", ""unit"": ""mbar"", ""species"": null, ""reactant_role"": null, ""assertion_status"": ""direct"", ""scope"": ""paper"", ""source"": ""methods"", ""e",[],paper,ambiguous,,,,0.2 mbar (working_pressure); 1 × 10 -3 mbar (working_pressure),,,,,10.1116_6.0002804::F1::a::<single>
10.1116_6.0002804|17|1|b|<single>|primary,10.1116_6.0002804,17,1,b,<single>,primary,11,11,pulse_time,growth_per_cycle,nm/cycle,experimental,single,10.1116_6.0002804-1b-S1-P000;10.1116_6.0002804-1b-S1-P001;10.1116_6.0002804-1b-S1-P002;10.1116_6.0002804-1b-S1-P003;10.1116_6.0002804-1b-S1-P004;10.1116_6.0002804-1b-S1-P005 …+5,4,4,"FIG. 1. GPC at 350 °C as a function of independently varied: (a) MoCl2O2 pulse time, (b) at-H pulse time, (c) MoCl2O2 purge time, (d) at-H purge time, and (e) hot-wire temperature.","2O2 pulse time, (b) at-H pulse time, (c) MoCl2O2 purge time, (d) at-H purge time, and (e) hot-wire temperature.

<!-- image -->

time ( t 3) and purge time ( t 4) durations. Being typical for ALD, the GPC stabilized with increasing t 1 and t 3, as depicted in Figs. 1(a) and 1(b), respectively. The G",,,discrete_experimental_sweep,corroborated,multi_signal(2 families),"['F', 'Me', 'R']",Me: an 5 nm was verified through x-ray reflectometry (XRR) measurements and electron microscopy imaging. During in situ monitor | Me: n. High-resolution scanning electron microscopy (SEM) images were obtained with a Zeiss Merlin HR-SEM by using an In-lens | R: independently varied,"{""continuous_trace"": 1, ""discrete_experimental_sweep"": 3}","{""axis_role_coordinate"": false, ""n_source_points"": 11, ""granularity"": ""single""}","[{""quantity_type"": ""base_pressure"", ""symbol"": null, ""value"": ""1 × 10 -8"", ""unit"": ""mbar"", ""species"": null, ""reactant_role"": null, ""assertion_status"": ""direct"", ""scope"": ""paper"", ""source"": ""methods"", ""evidence"": ""was pumped down to a base pressure of ∼ 1 × 10 -8 mbar using a turbomolecular pump. The vessel of the solid MoCl2O2 precursor (Air Liquide) ""}, {""quantity_type"": ""base_pressure"", ""symbol"": null, ""value"": ""2"", ""unit"": ""mbar"", ""species"": null, ""reactant_role"": null, ""assertion_status"": ""direct"", ""scope"": ""paper"", ""source"": ""methods"", ""evidence"": ""to ensure sufficient vapor pressure ( ∼ 2 mbar) for the precursor to diffuse into the gas inlet (at 0.2 mbar overpressure). To prevent precu""}, {""quantity_type"": ""working_pressure"", ""symbol"": null, ""value"": ""0.2"", ""unit"": ""mbar"", ""species"": null, ""reactant_role"": null, ""assertion_status"": ""direct"", ""scope"": ""paper"", ""source"": ""methods"", ""e",[],paper,ambiguous,,,,0.2 mbar (working_pressure); 1 × 10 -3 mbar (working_pressure),,,,,10.1116_6.0002804::F1::b::<single>
10.1116_6.0002804|17|1|c|<single>|primary,10.1116_6.0002804,17,1,c,<single>,primary,8,8,purge_time,growth_per_cycle,nm/cycle,experimental,single,10.1116_6.0002804-1c-S2-P000;10.1116_6.0002804-1c-S2-P001;10.1116_6.0002804-1c-S2-P002;10.1116_6.0002804-1c-S2-P003;10.1116_6.0002804-1c-S2-P004;10.1116_6.0002804-1c-S2-P005 …+2,4,4,"FIG. 1. GPC at 350 °C as a function of independently varied: (a) MoCl2O2 pulse time, (b) at-H pulse time, (c) MoCl2O2 purge time, (d) at-H purge time, and (e) hot-wire temperature.","2O2 pulse time, (b) at-H pulse time, (c) MoCl2O2 purge time, (d) at-H purge time, and (e) hot-wire temperature.

<!-- image -->

time ( t 3) and purge time ( t 4) durations. Being typical for ALD, the GPC stabilized with increasing t 1 and t 3, as depicted in Figs. 1(a) and 1(b), respectively. The G",,,discrete_experimental_sweep,corroborated,multi_signal(2 families),"['F', 'Me', 'R']",Me: an 5 nm was verified through x-ray reflectometry (XRR) measurements and electron microscopy imaging. During in situ monitor | Me: n. High-resolution scanning electron microscopy (SEM) images were obtained with a Zeiss Merlin HR-SEM by using an In-lens | R: independently varied,"{""continuous_trace"": 1, ""discrete_experimental_sweep"": 3}","{""axis_role_coordinate"": false, ""n_source_points"": 8, ""granularity"": ""single""}","[{""quantity_type"": ""base_pressure"", ""symbol"": null, ""value"": ""1 × 10 -8"", ""unit"": ""mbar"", ""species"": null, ""reactant_role"": null, ""assertion_status"": ""direct"", ""scope"": ""paper"", ""source"": ""methods"", ""evidence"": ""was pumped down to a base pressure of ∼ 1 × 10 -8 mbar using a turbomolecular pump. The vessel of the solid MoCl2O2 precursor (Air Liquide) ""}, {""quantity_type"": ""base_pressure"", ""symbol"": null, ""value"": ""2"", ""unit"": ""mbar"", ""species"": null, ""reactant_role"": null, ""assertion_status"": ""direct"", ""scope"": ""paper"", ""source"": ""methods"", ""evidence"": ""to ensure sufficient vapor pressure ( ∼ 2 mbar) for the precursor to diffuse into the gas inlet (at 0.2 mbar overpressure). To prevent precu""}, {""quantity_type"": ""working_pressure"", ""symbol"": null, ""value"": ""0.2"", ""unit"": ""mbar"", ""species"": null, ""reactant_role"": null, ""assertion_status"": ""direct"", ""scope"": ""paper"", ""source"": ""methods"", ""e",[],paper,ambiguous,,,,0.2 mbar (working_pressure); 1 × 10 -3 mbar (working_pressure),,,,,10.1116_6.0002804::F1::c::<single>
10.1116_6.0002804|17|1|d|<single>|primary,10.1116_6.0002804,17,1,d,<single>,primary,8,8,purge_time,growth_per_cycle,nm/cycle,experimental,single,10.1116_6.0002804-1d-S3-P000;10.1116_6.0002804-1d-S3-P001;10.1116_6.0002804-1d-S3-P002;10.1116_6.0002804-1d-S3-P003;10.1116_6.0002804-1d-S3-P004;10.1116_6.0002804-1d-S3-P005 …+2,4,4,"FIG. 1. GPC at 350 °C as a function of independently varied: (a) MoCl2O2 pulse time, (b) at-H pulse time, (c) MoCl2O2 purge time, (d) at-H purge time, and (e) hot-wire temperature.","2O2 pulse time, (b) at-H pulse time, (c) MoCl2O2 purge time, (d) at-H purge time, and (e) hot-wire temperature.

<!-- image -->

time ( t 3) and purge time ( t 4) durations. Being typical for ALD, the GPC stabilized with increasing t 1 and t 3, as depicted in Figs. 1(a) and 1(b), respectively. The G",,,discrete_experimental_sweep,corroborated,multi_signal(2 families),"['F', 'Me', 'R']",Me: an 5 nm was verified through x-ray reflectometry (XRR) measurements and electron microscopy imaging. During in situ monitor | Me: n. High-resolution scanning electron microscopy (SEM) images were obtained with a Zeiss Merlin HR-SEM by using an In-lens | R: independently varied,"{""continuous_trace"": 1, ""discrete_experimental_sweep"": 3}","{""axis_role_coordinate"": false, ""n_source_points"": 8, ""granularity"": ""single""}","[{""quantity_type"": ""base_pressure"", ""symbol"": null, ""value"": ""1 × 10 -8"", ""unit"": ""mbar"", ""species"": null, ""reactant_role"": null, ""assertion_status"": ""direct"", ""scope"": ""paper"", ""source"": ""methods"", ""evidence"": ""was pumped down to a base pressure of ∼ 1 × 10 -8 mbar using a turbomolecular pump. The vessel of the solid MoCl2O2 precursor (Air Liquide) ""}, {""quantity_type"": ""base_pressure"", ""symbol"": null, ""value"": ""2"", ""unit"": ""mbar"", ""species"": null, ""reactant_role"": null, ""assertion_status"": ""direct"", ""scope"": ""paper"", ""source"": ""methods"", ""evidence"": ""to ensure sufficient vapor pressure ( ∼ 2 mbar) for the precursor to diffuse into the gas inlet (at 0.2 mbar overpressure). To prevent precu""}, {""quantity_type"": ""working_pressure"", ""symbol"": null, ""value"": ""0.2"", ""unit"": ""mbar"", ""species"": null, ""reactant_role"": null, ""assertion_status"": ""direct"", ""scope"": ""paper"", ""source"": ""methods"", ""e",[],paper,ambiguous,,,,0.2 mbar (working_pressure); 1 × 10 -3 mbar (working_pressure),,,,,10.1116_6.0002804::F1::d::<single>
10.1116_6.0002804|17|1|e|<single>|primary,10.1116_6.0002804,17,1,e,<single>,primary,1,17,Hot-wire temperature,growth_per_cycle,nm/cycle,experimental,unresolved,10.1116_6.0002804-F1e-4,4,4,"FIG. 1. GPC at 350 °C as a function of independently varied: (a) MoCl2O2 pulse time, (b) at-H pulse time, (c) MoCl2O2 purge time, (d) at-H purge time, and (e) hot-wire temperature.","2O2 pulse time, (b) at-H pulse time, (c) MoCl2O2 purge time, (d) at-H purge time, and (e) hot-wire temperature.

<!-- image -->

time ( t 3) and purge time ( t 4) durations. Being typical for ALD, the GPC stabilized with increasing t 1 and t 3, as depicted in Figs. 1(a) and 1(b), respectively. The G",,,discrete_experimental_sweep,corroborated,multi_signal(2 families),"['F', 'Me', 'R']",Me: an 5 nm was verified through x-ray reflectometry (XRR) measurements and electron microscopy imaging. During in situ monitor | Me: n. High-resolution scanning electron microscopy (SEM) images were obtained with a Zeiss Merlin HR-SEM by using an In-lens | R: independently varied,"{""continuous_trace"": 1, ""discrete_experimental_sweep"": 3}","{""axis_role_coordinate"": false, ""n_source_points"": 17, ""granularity"": ""unresolved""}","[{""quantity_type"": ""base_pressure"", ""symbol"": null, ""value"": ""1 × 10 -8"", ""unit"": ""mbar"", ""species"": null, ""reactant_role"": null, ""assertion_status"": ""direct"", ""scope"": ""paper"", ""source"": ""methods"", ""evidence"": ""was pumped down to a base pressure of ∼ 1 × 10 -8 mbar using a turbomolecular pump. The vessel of the solid MoCl2O2 precursor (Air Liquide) ""}, {""quantity_type"": ""base_pressure"", ""symbol"": null, ""value"": ""2"", ""unit"": ""mbar"", ""species"": null, ""reactant_role"": null, ""assertion_status"": ""direct"", ""scope"": ""paper"", ""source"": ""methods"", ""evidence"": ""to ensure sufficient vapor pressure ( ∼ 2 mbar) for the precursor to diffuse into the gas inlet (at 0.2 mbar overpressure). To prevent precu""}, {""quantity_type"": ""working_pressure"", ""symbol"": null, ""value"": ""0.2"", ""unit"": ""mbar"", ""species"": null, ""reactant_role"": null, ""assertion_status"": ""direct"", ""scope"": ""paper"", ""source"": ""methods"", ""e",[],paper,ambiguous,,,,0.2 mbar (working_pressure); 1 × 10 -3 mbar (working_pressure),,,,,10.1116_6.0002804::F1::e::<single>
10.1116_6.0002804|18|2|a|CVD SE|primary,10.1116_6.0002804,18,2,a,CVD SE,primary,3,3,deposition_temperature,growth_per_cycle,nm/cycle,experimental,single,10.1116_6.0002804-2a-S4-P000;10.1116_6.0002804-2a-S4-P001;10.1116_6.0002804-2a-S4-P002,4,5,"FIG. 2. GPC as a function of process temperature for both ALD (squares) and CVD (circles) experiments. SE measurements are indicated by open symbols, whereas XRR measurements are shown by solid symbols. The error bars are smaller than their respective markers.","tion of the film thickness was observed for the entire temperature range, confirming the selflimiting nature of MoCl2O2 chemisorption.

The effect of substrate temperature ( T s) on the GPC was investigated for both ALD and pulsed CVD experiments, as shown in Fig. 2. Both in situ SE and ex situ XRR ",,,discrete_experimental_sweep,corroborated,multi_signal(3 families),"['F', 'M', 'Me', 'R', 'X']","M: nts. SE measurements are indicated by open symbols, whereas XRR measurements are shown by solid symbols. The error bars are smaller than their | Me: an 5 nm was verified through x-ray reflectometry (XRR) measurements and electron microscopy imaging. During in situ monitor | Me: n. High-resolution scanning electron microscopy (SEM) images were obtained with a Zeiss Merlin HR-SEM by using an In-l","{""continuous_trace"": 3, ""discrete_experimental_sweep"": 4}","{""axis_role_coordinate"": false, ""n_source_points"": 3, ""granularity"": ""single""}","[{""quantity_type"": ""base_pressure"", ""symbol"": null, ""value"": ""1 × 10 -8"", ""unit"": ""mbar"", ""species"": null, ""reactant_role"": null, ""assertion_status"": ""direct"", ""scope"": ""paper"", ""source"": ""methods"", ""evidence"": ""was pumped down to a base pressure of ∼ 1 × 10 -8 mbar using a turbomolecular pump. The vessel of the solid MoCl2O2 precursor (Air Liquide) ""}, {""quantity_type"": ""base_pressure"", ""symbol"": null, ""value"": ""2"", ""unit"": ""mbar"", ""species"": null, ""reactant_role"": null, ""assertion_status"": ""direct"", ""scope"": ""paper"", ""source"": ""methods"", ""evidence"": ""to ensure sufficient vapor pressure ( ∼ 2 mbar) for the precursor to diffuse into the gas inlet (at 0.2 mbar overpressure). To prevent precu""}, {""quantity_type"": ""working_pressure"", ""symbol"": null, ""value"": ""0.2"", ""unit"": ""mbar"", ""species"": null, ""reactant_role"": null, ""assertion_status"": ""direct"", ""scope"": ""paper"", ""source"": ""methods"", ""e",[],paper,ambiguous,,,,0.2 mbar (working_pressure); 1 × 10 -3 mbar (working_pressure),,,process and measurement method,CVD SE,10.1116_6.0002804::F2::a::CVD SE
10.1116_6.0002804|18|2|a|CVD XRR|primary,10.1116_6.0002804,18,2,a,CVD XRR,primary,3,3,deposition_temperature,growth_per_cycle,nm/cycle,experimental,single,10.1116_6.0002804-2a-S5-P000;10.1116_6.0002804-2a-S5-P001;10.1116_6.0002804-2a-S5-P002,4,5,"FIG. 2. GPC as a function of process temperature for both ALD (squares) and CVD (circles) experiments. SE measurements are indicated by open symbols, whereas XRR measurements are shown by solid symbols. The error bars are smaller than their respective markers.","tion of the film thickness was observed for the entire temperature range, confirming the selflimiting nature of MoCl2O2 chemisorption.

The effect of substrate temperature ( T s) on the GPC was investigated for both ALD and pulsed CVD experiments, as shown in Fig. 2. Both in situ SE and ex situ XRR ",,,discrete_experimental_sweep,corroborated,multi_signal(3 families),"['F', 'M', 'Me', 'R', 'X']","M: nts. SE measurements are indicated by open symbols, whereas XRR measurements are shown by solid symbols. The error bars are smaller than their | Me: an 5 nm was verified through x-ray reflectometry (XRR) measurements and electron microscopy imaging. During in situ monitor | Me: n. High-resolution scanning electron microscopy (SEM) images were obtained with a Zeiss Merlin HR-SEM by using an In-l","{""continuous_trace"": 3, ""discrete_experimental_sweep"": 4}","{""axis_role_coordinate"": false, ""n_source_points"": 3, ""granularity"": ""single""}","[{""quantity_type"": ""base_pressure"", ""symbol"": null, ""value"": ""1 × 10 -8"", ""unit"": ""mbar"", ""species"": null, ""reactant_role"": null, ""assertion_status"": ""direct"", ""scope"": ""paper"", ""source"": ""methods"", ""evidence"": ""was pumped down to a base pressure of ∼ 1 × 10 -8 mbar using a turbomolecular pump. The vessel of the solid MoCl2O2 precursor (Air Liquide) ""}, {""quantity_type"": ""base_pressure"", ""symbol"": null, ""value"": ""2"", ""unit"": ""mbar"", ""species"": null, ""reactant_role"": null, ""assertion_status"": ""direct"", ""scope"": ""paper"", ""source"": ""methods"", ""evidence"": ""to ensure sufficient vapor pressure ( ∼ 2 mbar) for the precursor to diffuse into the gas inlet (at 0.2 mbar overpressure). To prevent precu""}, {""quantity_type"": ""working_pressure"", ""symbol"": null, ""value"": ""0.2"", ""unit"": ""mbar"", ""species"": null, ""reactant_role"": null, ""assertion_status"": ""direct"", ""scope"": ""paper"", ""source"": ""methods"", ""e",[],paper,ambiguous,,,,0.2 mbar (working_pressure); 1 × 10 -3 mbar (working_pressure),,,process and measurement method,CVD XRR,10.1116_6.0002804::F2::a::CVD XRR
10.1116_6.0002804|18|2|a|ALD SE|primary,10.1116_6.0002804,18,2,a,ALD SE,primary,7,7,deposition_temperature,growth_per_cycle,nm/cycle,experimental,single,10.1116_6.0002804-2a-S6-P000;10.1116_6.0002804-2a-S6-P001;10.1116_6.0002804-2a-S6-P002;10.1116_6.0002804-2a-S6-P003;10.1116_6.0002804-2a-S6-P004;10.1116_6.0002804-2a-S6-P005 …+1,4,5,"FIG. 2. GPC as a function of process temperature for both ALD (squares) and CVD (circles) experiments. SE measurements are indicated by open symbols, whereas XRR measurements are shown by solid symbols. The error bars are smaller than their respective markers.","tion of the film thickness was observed for the entire temperature range, confirming the selflimiting nature of MoCl2O2 chemisorption.

The effect of substrate temperature ( T s) on the GPC was investigated for both ALD and pulsed CVD experiments, as shown in Fig. 2. Both in situ SE and ex situ XRR ",,,discrete_experimental_sweep,corroborated,multi_signal(3 families),"['F', 'M', 'Me', 'R', 'X']","M: nts. SE measurements are indicated by open symbols, whereas XRR measurements are shown by solid symbols. The error bars are smaller than their | Me: an 5 nm was verified through x-ray reflectometry (XRR) measurements and electron microscopy imaging. During in situ monitor | Me: n. High-resolution scanning electron microscopy (SEM) images were obtained with a Zeiss Merlin HR-SEM by using an In-l","{""continuous_trace"": 3, ""discrete_experimental_sweep"": 4}","{""axis_role_coordinate"": false, ""n_source_points"": 7, ""granularity"": ""single""}","[{""quantity_type"": ""base_pressure"", ""symbol"": null, ""value"": ""1 × 10 -8"", ""unit"": ""mbar"", ""species"": null, ""reactant_role"": null, ""assertion_status"": ""direct"", ""scope"": ""paper"", ""source"": ""methods"", ""evidence"": ""was pumped down to a base pressure of ∼ 1 × 10 -8 mbar using a turbomolecular pump. The vessel of the solid MoCl2O2 precursor (Air Liquide) ""}, {""quantity_type"": ""base_pressure"", ""symbol"": null, ""value"": ""2"", ""unit"": ""mbar"", ""species"": null, ""reactant_role"": null, ""assertion_status"": ""direct"", ""scope"": ""paper"", ""source"": ""methods"", ""evidence"": ""to ensure sufficient vapor pressure ( ∼ 2 mbar) for the precursor to diffuse into the gas inlet (at 0.2 mbar overpressure). To prevent precu""}, {""quantity_type"": ""working_pressure"", ""symbol"": null, ""value"": ""0.2"", ""unit"": ""mbar"", ""species"": null, ""reactant_role"": null, ""assertion_status"": ""direct"", ""scope"": ""paper"", ""source"": ""methods"", ""e",[],paper,ambiguous,,,,0.2 mbar (working_pressure); 1 × 10 -3 mbar (working_pressure),,,process and measurement method,ALD SE,10.1116_6.0002804::F2::a::ALD SE
10.1116_6.0002804|18|2|a|ALD XRR|primary,10.1116_6.0002804,18,2,a,ALD XRR,primary,4,4,deposition_temperature,growth_per_cycle,nm/cycle,experimental,single,10.1116_6.0002804-2a-S7-P000;10.1116_6.0002804-2a-S7-P001;10.1116_6.0002804-2a-S7-P002;10.1116_6.0002804-2a-S7-P003,4,5,"FIG. 2. GPC as a function of process temperature for both ALD (squares) and CVD (circles) experiments. SE measurements are indicated by open symbols, whereas XRR measurements are shown by solid symbols. The error bars are smaller than their respective markers.","tion of the film thickness was observed for the entire temperature range, confirming the selflimiting nature of MoCl2O2 chemisorption.

The effect of substrate temperature ( T s) on the GPC was investigated for both ALD and pulsed CVD experiments, as shown in Fig. 2. Both in situ SE and ex situ XRR ",,,discrete_experimental_sweep,corroborated,multi_signal(3 families),"['F', 'M', 'Me', 'R', 'X']","M: nts. SE measurements are indicated by open symbols, whereas XRR measurements are shown by solid symbols. The error bars are smaller than their | Me: an 5 nm was verified through x-ray reflectometry (XRR) measurements and electron microscopy imaging. During in situ monitor | Me: n. High-resolution scanning electron microscopy (SEM) images were obtained with a Zeiss Merlin HR-SEM by using an In-l","{""continuous_trace"": 3, ""discrete_experimental_sweep"": 4}","{""axis_role_coordinate"": false, ""n_source_points"": 4, ""granularity"": ""single""}","[{""quantity_type"": ""base_pressure"", ""symbol"": null, ""value"": ""1 × 10 -8"", ""unit"": ""mbar"", ""species"": null, ""reactant_role"": null, ""assertion_status"": ""direct"", ""scope"": ""paper"", ""source"": ""methods"", ""evidence"": ""was pumped down to a base pressure of ∼ 1 × 10 -8 mbar using a turbomolecular pump. The vessel of the solid MoCl2O2 precursor (Air Liquide) ""}, {""quantity_type"": ""base_pressure"", ""symbol"": null, ""value"": ""2"", ""unit"": ""mbar"", ""species"": null, ""reactant_role"": null, ""assertion_status"": ""direct"", ""scope"": ""paper"", ""source"": ""methods"", ""evidence"": ""to ensure sufficient vapor pressure ( ∼ 2 mbar) for the precursor to diffuse into the gas inlet (at 0.2 mbar overpressure). To prevent precu""}, {""quantity_type"": ""working_pressure"", ""symbol"": null, ""value"": ""0.2"", ""unit"": ""mbar"", ""species"": null, ""reactant_role"": null, ""assertion_status"": ""direct"", ""scope"": ""paper"", ""source"": ""methods"", ""e",[],paper,ambiguous,,,,0.2 mbar (working_pressure); 1 × 10 -3 mbar (working_pressure),,,process and measurement method,ALD XRR,10.1116_6.0002804::F2::a::ALD XRR
10.1116_6.0002804|20|3|a|Thickness|primary,10.1116_6.0002804,20,3,a,Thickness,primary,18,18,cycle_number,film_thickness,nm,experimental,single,10.1116_6.0002804-3a-S8-P000;10.1116_6.0002804-3a-S8-P001;10.1116_6.0002804-3a-S8-P002;10.1116_6.0002804-3a-S8-P003;10.1116_6.0002804-3a-S8-P004;10.1116_6.0002804-3a-S8-P005 …+12,5,5,FIG. 3. Thickness of the Mo film as a function of time during the initial stages of the ALD process. Inset: GPC in the incubation regime.," °C only). Thin films were successfully deposited on Si, SiO2, Si3N4, SiC, HfO2, Al2O3, and low-k SiOC.

FIG. 3. Thickness of the Mo film as a function of time during the initial stages of the ALD process. Inset: GPC in the incubation regime.

<!-- image -->

Figure 3 shows the thickness evolution o",,,discrete_experimental_sweep,corroborated,multi_signal(2 families),"['F', 'M', 'Me', 'R']","M: t also the optical properties are fitting parameters in the SE model, because of their expected dependence on the film thickness. From Fig. 3, | M: ickness was verified by other measurement techniques (e.g., XRR, SEM, and TEM) for values exceeding 5 nm but not below 5 nm. A substrate-inhibi | M: ss was verified by other measurement techniques (e.g., XRR, SEM, and TEM) for values exceeding 5 nm ","{""discrete_experimental_sweep"": 5, ""continuous_trace"": 2}","{""axis_role_coordinate"": false, ""n_source_points"": 18, ""granularity"": ""single""}","[{""quantity_type"": ""base_pressure"", ""symbol"": null, ""value"": ""1 × 10 -8"", ""unit"": ""mbar"", ""species"": null, ""reactant_role"": null, ""assertion_status"": ""direct"", ""scope"": ""paper"", ""source"": ""methods"", ""evidence"": ""was pumped down to a base pressure of ∼ 1 × 10 -8 mbar using a turbomolecular pump. The vessel of the solid MoCl2O2 precursor (Air Liquide) ""}, {""quantity_type"": ""base_pressure"", ""symbol"": null, ""value"": ""2"", ""unit"": ""mbar"", ""species"": null, ""reactant_role"": null, ""assertion_status"": ""direct"", ""scope"": ""paper"", ""source"": ""methods"", ""evidence"": ""to ensure sufficient vapor pressure ( ∼ 2 mbar) for the precursor to diffuse into the gas inlet (at 0.2 mbar overpressure). To prevent precu""}, {""quantity_type"": ""working_pressure"", ""symbol"": null, ""value"": ""0.2"", ""unit"": ""mbar"", ""species"": null, ""reactant_role"": null, ""assertion_status"": ""direct"", ""scope"": ""paper"", ""source"": ""methods"", ""e",[],paper,ambiguous,,,,0.2 mbar (working_pressure); 1 × 10 -3 mbar (working_pressure),,,,,10.1116_6.0002804::F3::a::Thickness
10.1116_6.0002804|21|4|a|HCl|primary,10.1116_6.0002804,21,4,a,HCl,primary,1,44,time,generic_pressure,Pa,experimental,profile,10.1116_6.0002804-F4a-10,5,5,"FIG. 4. Evolution of HCl and H2O byproduct emission for the MoCl 2 O2 + at-H ALD process, as determined by mass spectroscopy.","served for any of the substrates and temperatures investigated, as can be seen in Fig. S4. 74

Mass spectroscopy (MS) was used to investigate the evolution of byproducts during the chemisorption of MoCl2O2 and its subsequent reaction with at-H, as depicted in Fig. 4. MS was employed outside of the s",,,unknown,insufficient_corroboration,only_one_signal_family(discrete_experimental_sweep),"['F', 'Me']",,"{""continuous_trace"": 1, ""discrete_experimental_sweep"": 2}","{""axis_role_coordinate"": true, ""n_source_points"": 44, ""granularity"": ""profile""}","[{""quantity_type"": ""base_pressure"", ""symbol"": null, ""value"": ""1 × 10 -8"", ""unit"": ""mbar"", ""species"": null, ""reactant_role"": null, ""assertion_status"": ""direct"", ""scope"": ""paper"", ""source"": ""methods"", ""evidence"": ""was pumped down to a base pressure of ∼ 1 × 10 -8 mbar using a turbomolecular pump. The vessel of the solid MoCl2O2 precursor (Air Liquide) ""}, {""quantity_type"": ""base_pressure"", ""symbol"": null, ""value"": ""2"", ""unit"": ""mbar"", ""species"": null, ""reactant_role"": null, ""assertion_status"": ""direct"", ""scope"": ""paper"", ""source"": ""methods"", ""evidence"": ""to ensure sufficient vapor pressure ( ∼ 2 mbar) for the precursor to diffuse into the gas inlet (at 0.2 mbar overpressure). To prevent precu""}, {""quantity_type"": ""working_pressure"", ""symbol"": null, ""value"": ""0.2"", ""unit"": ""mbar"", ""species"": null, ""reactant_role"": null, ""assertion_status"": ""direct"", ""scope"": ""paper"", ""source"": ""methods"", ""e",[],paper,ambiguous,,,,0.2 mbar (working_pressure); 1 × 10 -3 mbar (working_pressure),,,,,10.1116_6.0002804::F4::a::HCl
10.1116_6.0002804|21|4|b|H2O|primary,10.1116_6.0002804,21,4,b,H2O,primary,1,39,time,generic_pressure,Pa,experimental,profile,10.1116_6.0002804-F4b-11,5,5,"FIG. 4. Evolution of HCl and H2O byproduct emission for the MoCl 2 O2 + at-H ALD process, as determined by mass spectroscopy.","served for any of the substrates and temperatures investigated, as can be seen in Fig. S4. 74

Mass spectroscopy (MS) was used to investigate the evolution of byproducts during the chemisorption of MoCl2O2 and its subsequent reaction with at-H, as depicted in Fig. 4. MS was employed outside of the s",,,unknown,insufficient_corroboration,only_one_signal_family(discrete_experimental_sweep),"['F', 'Me']",,"{""continuous_trace"": 1, ""discrete_experimental_sweep"": 2}","{""axis_role_coordinate"": true, ""n_source_points"": 39, ""granularity"": ""profile""}","[{""quantity_type"": ""base_pressure"", ""symbol"": null, ""value"": ""1 × 10 -8"", ""unit"": ""mbar"", ""species"": null, ""reactant_role"": null, ""assertion_status"": ""direct"", ""scope"": ""paper"", ""source"": ""methods"", ""evidence"": ""was pumped down to a base pressure of ∼ 1 × 10 -8 mbar using a turbomolecular pump. The vessel of the solid MoCl2O2 precursor (Air Liquide) ""}, {""quantity_type"": ""base_pressure"", ""symbol"": null, ""value"": ""2"", ""unit"": ""mbar"", ""species"": null, ""reactant_role"": null, ""assertion_status"": ""direct"", ""scope"": ""paper"", ""source"": ""methods"", ""evidence"": ""to ensure sufficient vapor pressure ( ∼ 2 mbar) for the precursor to diffuse into the gas inlet (at 0.2 mbar overpressure). To prevent precu""}, {""quantity_type"": ""working_pressure"", ""symbol"": null, ""value"": ""0.2"", ""unit"": ""mbar"", ""species"": null, ""reactant_role"": null, ""assertion_status"": ""direct"", ""scope"": ""paper"", ""source"": ""methods"", ""e",[],paper,ambiguous,,,,0.2 mbar (working_pressure); 1 × 10 -3 mbar (working_pressure),,,,,10.1116_6.0002804::F4::b::H2O
10.1116_6.0002804|23|5|-|<single>|primary,10.1116_6.0002804,23,5,,<single>,primary,5,0,spatial_coordinate,Composition (at%),1,experimental,profile,10.1116_6.0002804-F5-12;10.1116_6.0002804-5-S9-P000;10.1116_6.0002804-5-S9-P001;10.1116_6.0002804-5-S9-P002;10.1116_6.0002804-5-S9-P003,6,6,FIG. 5. TOF-ERDA measurements showing (a) a compositional depth profile of an ALD film obtained at 350 °C and (b) averaged ALD film composition at various temperatures.," At-H is expected to further remove most of the O and remaining Cl ligands through the formation of H2O and HCl, respectively.

## C. Compositional analysis

The film composition was investigated by time-of-flight elastic recoil detection analysis (TOF-ERDA). Figure 5(a) depicts the TOF-ERDA depth p",sample obtained at 150,,experimental_profile,corroborated,coordinate_axis_gate(4 families),"['F', 'I', 'M', 'Me']",X: x axis 'spatial_coordinate' is a spatial coordinate; the curve is one specimen's profile | M: FIG. 5. TOF-ERDA measurements showing (a) a compositional depth profile of an ALD film obtained | Me: e introduced in the ALD process. Film growth was in situ monitored with a J. A. Woollam Co. M-2000 spectroscopic ellipsometer | Me: an 5 nm was verified through x-ray reflectometry (XRR) measurements a,"{""continuous_trace"": 2, ""discrete_experimental_sweep"": 3, ""experimental_profile"": 1}","{""axis_role_coordinate"": true, ""n_source_points"": 0, ""granularity"": ""profile""}","[{""quantity_type"": ""base_pressure"", ""symbol"": null, ""value"": ""1 × 10 -8"", ""unit"": ""mbar"", ""species"": null, ""reactant_role"": null, ""assertion_status"": ""direct"", ""scope"": ""paper"", ""source"": ""methods"", ""evidence"": ""was pumped down to a base pressure of ∼ 1 × 10 -8 mbar using a turbomolecular pump. The vessel of the solid MoCl2O2 precursor (Air Liquide) ""}, {""quantity_type"": ""base_pressure"", ""symbol"": null, ""value"": ""2"", ""unit"": ""mbar"", ""species"": null, ""reactant_role"": null, ""assertion_status"": ""direct"", ""scope"": ""paper"", ""source"": ""methods"", ""evidence"": ""to ensure sufficient vapor pressure ( ∼ 2 mbar) for the precursor to diffuse into the gas inlet (at 0.2 mbar overpressure). To prevent precu""}, {""quantity_type"": ""working_pressure"", ""symbol"": null, ""value"": ""0.2"", ""unit"": ""mbar"", ""species"": null, ""reactant_role"": null, ""assertion_status"": ""direct"", ""scope"": ""paper"", ""source"": ""methods"", ""e",[],paper,ambiguous,,,,0.2 mbar (working_pressure); 1 × 10 -3 mbar (working_pressure),,,,,10.1116_6.0002804::F5::-::<single>
10.1116_6.0002804|23|5|-|O|primary,10.1116_6.0002804,23,5,,O,primary,9,0,spatial_coordinate,Composition (at%),1,experimental,profile,10.1116_6.0002804-F5-13;10.1116_6.0002804-5-S10-P000;10.1116_6.0002804-5-S10-P001;10.1116_6.0002804-5-S10-P002;10.1116_6.0002804-5-S10-P003;10.1116_6.0002804-F5-21 …+3,6,6,FIG. 5. TOF-ERDA measurements showing (a) a compositional depth profile of an ALD film obtained at 350 °C and (b) averaged ALD film composition at various temperatures.," At-H is expected to further remove most of the O and remaining Cl ligands through the formation of H2O and HCl, respectively.

## C. Compositional analysis

The film composition was investigated by time-of-flight elastic recoil detection analysis (TOF-ERDA). Figure 5(a) depicts the TOF-ERDA depth p",sample obtained at 150,,experimental_profile,corroborated,coordinate_axis_gate(4 families),"['F', 'I', 'M', 'Me']",X: x axis 'spatial_coordinate' is a spatial coordinate; the curve is one specimen's profile | M: FIG. 5. TOF-ERDA measurements showing (a) a compositional depth profile of an ALD film obtained | Me: e introduced in the ALD process. Film growth was in situ monitored with a J. A. Woollam Co. M-2000 spectroscopic ellipsometer | Me: an 5 nm was verified through x-ray reflectometry (XRR) measurements a,"{""continuous_trace"": 2, ""discrete_experimental_sweep"": 3, ""experimental_profile"": 1}","{""axis_role_coordinate"": true, ""n_source_points"": 0, ""granularity"": ""profile""}","[{""quantity_type"": ""base_pressure"", ""symbol"": null, ""value"": ""1 × 10 -8"", ""unit"": ""mbar"", ""species"": null, ""reactant_role"": null, ""assertion_status"": ""direct"", ""scope"": ""paper"", ""source"": ""methods"", ""evidence"": ""was pumped down to a base pressure of ∼ 1 × 10 -8 mbar using a turbomolecular pump. The vessel of the solid MoCl2O2 precursor (Air Liquide) ""}, {""quantity_type"": ""base_pressure"", ""symbol"": null, ""value"": ""2"", ""unit"": ""mbar"", ""species"": null, ""reactant_role"": null, ""assertion_status"": ""direct"", ""scope"": ""paper"", ""source"": ""methods"", ""evidence"": ""to ensure sufficient vapor pressure ( ∼ 2 mbar) for the precursor to diffuse into the gas inlet (at 0.2 mbar overpressure). To prevent precu""}, {""quantity_type"": ""working_pressure"", ""symbol"": null, ""value"": ""0.2"", ""unit"": ""mbar"", ""species"": null, ""reactant_role"": null, ""assertion_status"": ""direct"", ""scope"": ""paper"", ""source"": ""methods"", ""e",[],paper,ambiguous,,,,0.2 mbar (working_pressure); 1 × 10 -3 mbar (working_pressure),,,,,10.1116_6.0002804::F5::-::O
10.1116_6.0002804|23|5|-|Si|primary,10.1116_6.0002804,23,5,,Si,primary,5,0,spatial_coordinate,Composition (at%),1,experimental,profile,10.1116_6.0002804-F5-14;10.1116_6.0002804-F5-22;10.1116_6.0002804-5-S15-P000;10.1116_6.0002804-5-S15-P001;10.1116_6.0002804-5-S15-P002,6,6,FIG. 5. TOF-ERDA measurements showing (a) a compositional depth profile of an ALD film obtained at 350 °C and (b) averaged ALD film composition at various temperatures.," At-H is expected to further remove most of the O and remaining Cl ligands through the formation of H2O and HCl, respectively.

## C. Compositional analysis

The film composition was investigated by time-of-flight elastic recoil detection analysis (TOF-ERDA). Figure 5(a) depicts the TOF-ERDA depth p",sample obtained at 150,,experimental_profile,corroborated,coordinate_axis_gate(4 families),"['F', 'I', 'M', 'Me']",X: x axis 'spatial_coordinate' is a spatial coordinate; the curve is one specimen's profile | M: FIG. 5. TOF-ERDA measurements showing (a) a compositional depth profile of an ALD film obtained | Me: e introduced in the ALD process. Film growth was in situ monitored with a J. A. Woollam Co. M-2000 spectroscopic ellipsometer | Me: an 5 nm was verified through x-ray reflectometry (XRR) measurements a,"{""continuous_trace"": 2, ""discrete_experimental_sweep"": 3, ""experimental_profile"": 1}","{""axis_role_coordinate"": true, ""n_source_points"": 0, ""granularity"": ""profile""}","[{""quantity_type"": ""base_pressure"", ""symbol"": null, ""value"": ""1 × 10 -8"", ""unit"": ""mbar"", ""species"": null, ""reactant_role"": null, ""assertion_status"": ""direct"", ""scope"": ""paper"", ""source"": ""methods"", ""evidence"": ""was pumped down to a base pressure of ∼ 1 × 10 -8 mbar using a turbomolecular pump. The vessel of the solid MoCl2O2 precursor (Air Liquide) ""}, {""quantity_type"": ""base_pressure"", ""symbol"": null, ""value"": ""2"", ""unit"": ""mbar"", ""species"": null, ""reactant_role"": null, ""assertion_status"": ""direct"", ""scope"": ""paper"", ""source"": ""methods"", ""evidence"": ""to ensure sufficient vapor pressure ( ∼ 2 mbar) for the precursor to diffuse into the gas inlet (at 0.2 mbar overpressure). To prevent precu""}, {""quantity_type"": ""working_pressure"", ""symbol"": null, ""value"": ""0.2"", ""unit"": ""mbar"", ""species"": null, ""reactant_role"": null, ""assertion_status"": ""direct"", ""scope"": ""paper"", ""source"": ""methods"", ""e",[],paper,ambiguous,,,,0.2 mbar (working_pressure); 1 × 10 -3 mbar (working_pressure),,,,,10.1116_6.0002804::F5::-::Si
10.1116_6.0002804|23|5|-|Cl|primary,10.1116_6.0002804,23,5,,Cl,primary,5,0,deposition_temperature,Composition (at%),1,experimental,single,10.1116_6.0002804-F5-17;10.1116_6.0002804-F5-23;10.1116_6.0002804-5-S16-P000;10.1116_6.0002804-5-S16-P001;10.1116_6.0002804-5-S16-P002,6,6,FIG. 5. TOF-ERDA measurements showing (a) a compositional depth profile of an ALD film obtained at 350 °C and (b) averaged ALD film composition at various temperatures.," At-H is expected to further remove most of the O and remaining Cl ligands through the formation of H2O and HCl, respectively.

## C. Compositional analysis

The film composition was investigated by time-of-flight elastic recoil detection analysis (TOF-ERDA). Figure 5(a) depicts the TOF-ERDA depth p",sample obtained at 150,,discrete_experimental_sweep,corroborated,multi_signal(2 families),"['F', 'I', 'M', 'Me']",Me: an 5 nm was verified through x-ray reflectometry (XRR) measurements and electron microscopy imaging. During in situ monitor | Me: n. High-resolution scanning electron microscopy (SEM) images were obtained with a Zeiss Merlin HR-SEM by using an In-lens | I: sample obtained at 150,"{""continuous_trace"": 2, ""discrete_experimental_sweep"": 3}","{""axis_role_coordinate"": false, ""n_source_points"": 0, ""granularity"": ""single""}","[{""quantity_type"": ""base_pressure"", ""symbol"": null, ""value"": ""1 × 10 -8"", ""unit"": ""mbar"", ""species"": null, ""reactant_role"": null, ""assertion_status"": ""direct"", ""scope"": ""paper"", ""source"": ""methods"", ""evidence"": ""was pumped down to a base pressure of ∼ 1 × 10 -8 mbar using a turbomolecular pump. The vessel of the solid MoCl2O2 precursor (Air Liquide) ""}, {""quantity_type"": ""base_pressure"", ""symbol"": null, ""value"": ""2"", ""unit"": ""mbar"", ""species"": null, ""reactant_role"": null, ""assertion_status"": ""direct"", ""scope"": ""paper"", ""source"": ""methods"", ""evidence"": ""to ensure sufficient vapor pressure ( ∼ 2 mbar) for the precursor to diffuse into the gas inlet (at 0.2 mbar overpressure). To prevent precu""}, {""quantity_type"": ""working_pressure"", ""symbol"": null, ""value"": ""0.2"", ""unit"": ""mbar"", ""species"": null, ""reactant_role"": null, ""assertion_status"": ""direct"", ""scope"": ""paper"", ""source"": ""methods"", ""e",[],paper,ambiguous,,,,0.2 mbar (working_pressure); 1 × 10 -3 mbar (working_pressure),,,,,10.1116_6.0002804::F5::-::Cl
10.1116_6.0002804|23|5|-|C|primary,10.1116_6.0002804,23,5,,C,primary,6,0,deposition_temperature,Composition (at%),1,experimental,single,10.1116_6.0002804-5-S11-P000;10.1116_6.0002804-5-S11-P001;10.1116_6.0002804-F5-24;10.1116_6.0002804-5-S17-P000;10.1116_6.0002804-5-S17-P001;10.1116_6.0002804-5-S17-P002,6,6,FIG. 5. TOF-ERDA measurements showing (a) a compositional depth profile of an ALD film obtained at 350 °C and (b) averaged ALD film composition at various temperatures.," At-H is expected to further remove most of the O and remaining Cl ligands through the formation of H2O and HCl, respectively.

## C. Compositional analysis

The film composition was investigated by time-of-flight elastic recoil detection analysis (TOF-ERDA). Figure 5(a) depicts the TOF-ERDA depth p",sample obtained at 150,,discrete_experimental_sweep,corroborated,multi_signal(2 families),"['F', 'I', 'M', 'Me']",Me: an 5 nm was verified through x-ray reflectometry (XRR) measurements and electron microscopy imaging. During in situ monitor | Me: n. High-resolution scanning electron microscopy (SEM) images were obtained with a Zeiss Merlin HR-SEM by using an In-lens | I: sample obtained at 150,"{""continuous_trace"": 2, ""discrete_experimental_sweep"": 3}","{""axis_role_coordinate"": false, ""n_source_points"": 0, ""granularity"": ""single""}","[{""quantity_type"": ""base_pressure"", ""symbol"": null, ""value"": ""1 × 10 -8"", ""unit"": ""mbar"", ""species"": null, ""reactant_role"": null, ""assertion_status"": ""direct"", ""scope"": ""paper"", ""source"": ""methods"", ""evidence"": ""was pumped down to a base pressure of ∼ 1 × 10 -8 mbar using a turbomolecular pump. The vessel of the solid MoCl2O2 precursor (Air Liquide) ""}, {""quantity_type"": ""base_pressure"", ""symbol"": null, ""value"": ""2"", ""unit"": ""mbar"", ""species"": null, ""reactant_role"": null, ""assertion_status"": ""direct"", ""scope"": ""paper"", ""source"": ""methods"", ""evidence"": ""to ensure sufficient vapor pressure ( ∼ 2 mbar) for the precursor to diffuse into the gas inlet (at 0.2 mbar overpressure). To prevent precu""}, {""quantity_type"": ""working_pressure"", ""symbol"": null, ""value"": ""0.2"", ""unit"": ""mbar"", ""species"": null, ""reactant_role"": null, ""assertion_status"": ""direct"", ""scope"": ""paper"", ""source"": ""methods"", ""e",[],paper,ambiguous,,,,0.2 mbar (working_pressure); 1 × 10 -3 mbar (working_pressure),,,,,10.1116_6.0002804::F5::-::C
10.1116_6.0002804|23|5|-|N|primary,10.1116_6.0002804,23,5,,N,primary,8,0,deposition_temperature,Composition (at%),1,experimental,single,10.1116_6.0002804-5-S12-P000;10.1116_6.0002804-5-S12-P001;10.1116_6.0002804-5-S12-P002;10.1116_6.0002804-5-S12-P003;10.1116_6.0002804-F5-25;10.1116_6.0002804-5-S18-P000 …+2,6,6,FIG. 5. TOF-ERDA measurements showing (a) a compositional depth profile of an ALD film obtained at 350 °C and (b) averaged ALD film composition at various temperatures.," At-H is expected to further remove most of the O and remaining Cl ligands through the formation of H2O and HCl, respectively.

## C. Compositional analysis

The film composition was investigated by time-of-flight elastic recoil detection analysis (TOF-ERDA). Figure 5(a) depicts the TOF-ERDA depth p",sample obtained at 150,,discrete_experimental_sweep,corroborated,multi_signal(2 families),"['F', 'I', 'M', 'Me']",Me: an 5 nm was verified through x-ray reflectometry (XRR) measurements and electron microscopy imaging. During in situ monitor | Me: n. High-resolution scanning electron microscopy (SEM) images were obtained with a Zeiss Merlin HR-SEM by using an In-lens | I: sample obtained at 150,"{""continuous_trace"": 2, ""discrete_experimental_sweep"": 3}","{""axis_role_coordinate"": false, ""n_source_points"": 0, ""granularity"": ""single""}","[{""quantity_type"": ""base_pressure"", ""symbol"": null, ""value"": ""1 × 10 -8"", ""unit"": ""mbar"", ""species"": null, ""reactant_role"": null, ""assertion_status"": ""direct"", ""scope"": ""paper"", ""source"": ""methods"", ""evidence"": ""was pumped down to a base pressure of ∼ 1 × 10 -8 mbar using a turbomolecular pump. The vessel of the solid MoCl2O2 precursor (Air Liquide) ""}, {""quantity_type"": ""base_pressure"", ""symbol"": null, ""value"": ""2"", ""unit"": ""mbar"", ""species"": null, ""reactant_role"": null, ""assertion_status"": ""direct"", ""scope"": ""paper"", ""source"": ""methods"", ""evidence"": ""to ensure sufficient vapor pressure ( ∼ 2 mbar) for the precursor to diffuse into the gas inlet (at 0.2 mbar overpressure). To prevent precu""}, {""quantity_type"": ""working_pressure"", ""symbol"": null, ""value"": ""0.2"", ""unit"": ""mbar"", ""species"": null, ""reactant_role"": null, ""assertion_status"": ""direct"", ""scope"": ""paper"", ""source"": ""methods"", ""e",[],paper,ambiguous,,,,0.2 mbar (working_pressure); 1 × 10 -3 mbar (working_pressure),,,,,10.1116_6.0002804::F5::-::N
10.1116_6.0002804|23|5|-|H|primary,10.1116_6.0002804,23,5,,H,primary,4,0,deposition_temperature,Composition (at%),1,experimental,single,10.1116_6.0002804-5-S13-P000;10.1116_6.0002804-5-S13-P001;10.1116_6.0002804-5-S13-P002;10.1116_6.0002804-5-S13-P003,6,6,FIG. 5. TOF-ERDA measurements showing (a) a compositional depth profile of an ALD film obtained at 350 °C and (b) averaged ALD film composition at various temperatures.," At-H is expected to further remove most of the O and remaining Cl ligands through the formation of H2O and HCl, respectively.

## C. Compositional analysis

The film composition was investigated by time-of-flight elastic recoil detection analysis (TOF-ERDA). Figure 5(a) depicts the TOF-ERDA depth p",sample obtained at 150,,discrete_experimental_sweep,corroborated,multi_signal(2 families),"['F', 'I', 'M', 'Me']",Me: an 5 nm was verified through x-ray reflectometry (XRR) measurements and electron microscopy imaging. During in situ monitor | Me: n. High-resolution scanning electron microscopy (SEM) images were obtained with a Zeiss Merlin HR-SEM by using an In-lens | I: sample obtained at 150,"{""continuous_trace"": 2, ""discrete_experimental_sweep"": 3}","{""axis_role_coordinate"": false, ""n_source_points"": 0, ""granularity"": ""single""}","[{""quantity_type"": ""base_pressure"", ""symbol"": null, ""value"": ""1 × 10 -8"", ""unit"": ""mbar"", ""species"": null, ""reactant_role"": null, ""assertion_status"": ""direct"", ""scope"": ""paper"", ""source"": ""methods"", ""evidence"": ""was pumped down to a base pressure of ∼ 1 × 10 -8 mbar using a turbomolecular pump. The vessel of the solid MoCl2O2 precursor (Air Liquide) ""}, {""quantity_type"": ""base_pressure"", ""symbol"": null, ""value"": ""2"", ""unit"": ""mbar"", ""species"": null, ""reactant_role"": null, ""assertion_status"": ""direct"", ""scope"": ""paper"", ""source"": ""methods"", ""evidence"": ""to ensure sufficient vapor pressure ( ∼ 2 mbar) for the precursor to diffuse into the gas inlet (at 0.2 mbar overpressure). To prevent precu""}, {""quantity_type"": ""working_pressure"", ""symbol"": null, ""value"": ""0.2"", ""unit"": ""mbar"", ""species"": null, ""reactant_role"": null, ""assertion_status"": ""direct"", ""scope"": ""paper"", ""source"": ""methods"", ""e",[],paper,ambiguous,,,,0.2 mbar (working_pressure); 1 × 10 -3 mbar (working_pressure),,,,,10.1116_6.0002804::F5::-::H
10.1116_6.0002804|25|7|a|ALD|primary,10.1116_6.0002804,25,7,a,ALD,primary,1,6,film_thickness,resistivity,µΩcm,experimental,correlation,10.1116_6.0002804-F7a-31,7,7,FIG. 7. Film resistivity as a function of (a) the ALD film thickness and (b) process temperature.," once again confirming the compositional changes and corresponding properties at such a low temperature.

## D. Film resistivity

The electrical resistivity of Mo was determined by four-point probe sheet resistance measurements and SE thickness determination. Figure 7(a) shows resistivity as a funct",,,discrete_experimental_sweep,corroborated,multi_signal(3 families),"['F', 'M', 'Me', 'R']",M: mined by four-point probe sheet resistance measurements and SE thickness determination. Figure 7(a) shows resistivity as a function of film th | Me: an 5 nm was verified through x-ray reflectometry (XRR) measurements and electron microscopy imaging. During in situ monitor | Me: n. High-resolution scanning electron microscopy (SEM) images were obtained with a Zeiss Merlin HR-SEM by using an In-l,"{""discrete_experimental_sweep"": 4, ""continuous_trace"": 1}","{""axis_role_coordinate"": false, ""n_source_points"": 6, ""granularity"": ""correlation""}","[{""quantity_type"": ""base_pressure"", ""symbol"": null, ""value"": ""1 × 10 -8"", ""unit"": ""mbar"", ""species"": null, ""reactant_role"": null, ""assertion_status"": ""direct"", ""scope"": ""paper"", ""source"": ""methods"", ""evidence"": ""was pumped down to a base pressure of ∼ 1 × 10 -8 mbar using a turbomolecular pump. The vessel of the solid MoCl2O2 precursor (Air Liquide) ""}, {""quantity_type"": ""base_pressure"", ""symbol"": null, ""value"": ""2"", ""unit"": ""mbar"", ""species"": null, ""reactant_role"": null, ""assertion_status"": ""direct"", ""scope"": ""paper"", ""source"": ""methods"", ""evidence"": ""to ensure sufficient vapor pressure ( ∼ 2 mbar) for the precursor to diffuse into the gas inlet (at 0.2 mbar overpressure). To prevent precu""}, {""quantity_type"": ""working_pressure"", ""symbol"": null, ""value"": ""0.2"", ""unit"": ""mbar"", ""species"": null, ""reactant_role"": null, ""assertion_status"": ""direct"", ""scope"": ""paper"", ""source"": ""methods"", ""e",[],paper,ambiguous,,,,0.2 mbar (working_pressure); 1 × 10 -3 mbar (working_pressure),2,body: at 600 -650 °C,,,10.1116_6.0002804::F7::a::ALD
10.1116_6.0002804|25|7|b|ALD|primary,10.1116_6.0002804,25,7,b,ALD,primary,4,4,deposition_temperature,resistivity,µΩcm,experimental,single,10.1116_6.0002804-7b-S19-P000;10.1116_6.0002804-7b-S19-P001;10.1116_6.0002804-7b-S19-P002;10.1116_6.0002804-7b-S19-P003,7,7,FIG. 7. Film resistivity as a function of (a) the ALD film thickness and (b) process temperature.," once again confirming the compositional changes and corresponding properties at such a low temperature.

## D. Film resistivity

The electrical resistivity of Mo was determined by four-point probe sheet resistance measurements and SE thickness determination. Figure 7(a) shows resistivity as a funct",,,discrete_experimental_sweep,corroborated,multi_signal(3 families),"['F', 'M', 'Me', 'R', 'X']",M: mined by four-point probe sheet resistance measurements and SE thickness determination. Figure 7(a) shows resistivity as a function of film th | Me: an 5 nm was verified through x-ray reflectometry (XRR) measurements and electron microscopy imaging. During in situ monitor | Me: n. High-resolution scanning electron microscopy (SEM) images were obtained with a Zeiss Merlin HR-SEM by using an In-l,"{""discrete_experimental_sweep"": 4, ""continuous_trace"": 1}","{""axis_role_coordinate"": false, ""n_source_points"": 4, ""granularity"": ""single""}","[{""quantity_type"": ""base_pressure"", ""symbol"": null, ""value"": ""1 × 10 -8"", ""unit"": ""mbar"", ""species"": null, ""reactant_role"": null, ""assertion_status"": ""direct"", ""scope"": ""paper"", ""source"": ""methods"", ""evidence"": ""was pumped down to a base pressure of ∼ 1 × 10 -8 mbar using a turbomolecular pump. The vessel of the solid MoCl2O2 precursor (Air Liquide) ""}, {""quantity_type"": ""base_pressure"", ""symbol"": null, ""value"": ""2"", ""unit"": ""mbar"", ""species"": null, ""reactant_role"": null, ""assertion_status"": ""direct"", ""scope"": ""paper"", ""source"": ""methods"", ""evidence"": ""to ensure sufficient vapor pressure ( ∼ 2 mbar) for the precursor to diffuse into the gas inlet (at 0.2 mbar overpressure). To prevent precu""}, {""quantity_type"": ""working_pressure"", ""symbol"": null, ""value"": ""0.2"", ""unit"": ""mbar"", ""species"": null, ""reactant_role"": null, ""assertion_status"": ""direct"", ""scope"": ""paper"", ""source"": ""methods"", ""e",[],paper,ambiguous,,,,0.2 mbar (working_pressure); 1 × 10 -3 mbar (working_pressure),2,body: at 600 -650 °C,process_type,ALD,10.1116_6.0002804::F7::b::ALD
10.1116_6.0002804|25|7|b|CVD|primary,10.1116_6.0002804,25,7,b,CVD,primary,3,3,deposition_temperature,resistivity,µΩcm,experimental,single,10.1116_6.0002804-7b-S20-P000;10.1116_6.0002804-7b-S20-P001;10.1116_6.0002804-7b-S20-P002,7,7,FIG. 7. Film resistivity as a function of (a) the ALD film thickness and (b) process temperature.," once again confirming the compositional changes and corresponding properties at such a low temperature.

## D. Film resistivity

The electrical resistivity of Mo was determined by four-point probe sheet resistance measurements and SE thickness determination. Figure 7(a) shows resistivity as a funct",,,discrete_experimental_sweep,corroborated,multi_signal(3 families),"['F', 'M', 'Me', 'R', 'X']",M: mined by four-point probe sheet resistance measurements and SE thickness determination. Figure 7(a) shows resistivity as a function of film th | Me: an 5 nm was verified through x-ray reflectometry (XRR) measurements and electron microscopy imaging. During in situ monitor | Me: n. High-resolution scanning electron microscopy (SEM) images were obtained with a Zeiss Merlin HR-SEM by using an In-l,"{""discrete_experimental_sweep"": 4, ""continuous_trace"": 1}","{""axis_role_coordinate"": false, ""n_source_points"": 3, ""granularity"": ""single""}","[{""quantity_type"": ""base_pressure"", ""symbol"": null, ""value"": ""1 × 10 -8"", ""unit"": ""mbar"", ""species"": null, ""reactant_role"": null, ""assertion_status"": ""direct"", ""scope"": ""paper"", ""source"": ""methods"", ""evidence"": ""was pumped down to a base pressure of ∼ 1 × 10 -8 mbar using a turbomolecular pump. The vessel of the solid MoCl2O2 precursor (Air Liquide) ""}, {""quantity_type"": ""base_pressure"", ""symbol"": null, ""value"": ""2"", ""unit"": ""mbar"", ""species"": null, ""reactant_role"": null, ""assertion_status"": ""direct"", ""scope"": ""paper"", ""source"": ""methods"", ""evidence"": ""to ensure sufficient vapor pressure ( ∼ 2 mbar) for the precursor to diffuse into the gas inlet (at 0.2 mbar overpressure). To prevent precu""}, {""quantity_type"": ""working_pressure"", ""symbol"": null, ""value"": ""0.2"", ""unit"": ""mbar"", ""species"": null, ""reactant_role"": null, ""assertion_status"": ""direct"", ""scope"": ""paper"", ""source"": ""methods"", ""e",[],paper,ambiguous,,,,0.2 mbar (working_pressure); 1 × 10 -3 mbar (working_pressure),2,body: at 600 -650 °C,process_type,CVD,10.1116_6.0002804::F7::b::CVD
10.1186_s11671-015-0872-9|4|3|a|XRD profile|primary,10.1186_s11671-015-0872-9,4,3,a,XRD profile,primary,1,51,2 Theta,intensity,a. u.,experimental,unresolved,10.1186_s11671-015-0872-9-F3a-0,4,,Figure 3 XRD profile for the AAO template on Al substrate and TiO2 coated via the ALD process.,"e arrays.

<!-- image -->

To examine the TiO2 and AAO template interface and TiO2 thin film crystallinity, TiO2 nanowire arrays grown on the AAO membrane via ALD were analyzed by XRD and HR-TEM. The XRD profile for the AAO-assisted TiO2 synthesis is shown in Figure 3. A narrow, strong reflection pe",sample was prepared using a focused ion beam,,discrete_experimental_sweep,corroborated,multi_signal(3 families),"['F', 'I', 'M', 'Me']","M: own on the AAO membrane via ALD were analyzed by XRD and HR-TEM. The XRD profile for the AAO-assisted TiO2 synthesis is shown in Figure 3. A na | Me: ratio. After the TiO2 deposition, the surface and cross-sectional structures of the TiO2 and Al2O3 mixtures were investigated via fie | I: sample was prepared using a focused ion beam","{""discrete_experimental_sweep"": 3, ""multi_output_measurement"": 1}","{""axis_role_coordinate"": false, ""n_source_points"": 51, ""granularity"": ""unresolved""}","[{""quantity_type"": ""working_pressure"", ""symbol"": null, ""value"": ""-6"", ""unit"": ""Torr"", ""species"": null, ""reactant_role"": null, ""assertion_status"": ""direct"", ""scope"": ""paper"", ""source"": ""methods"", ""evidence"": ""ber pressure were 2 kW, 80 sccm, and 4e -6 Torr, respectively. During the ALD process, single-crystalline TiO2 thin films were grown at 200°""}, {""quantity_type"": ""working_pressure"", ""symbol"": null, ""value"": ""230"", ""unit"": ""mTorr"", ""species"": null, ""reactant_role"": null, ""assertion_status"": ""direct"", ""scope"": ""paper"", ""source"": ""methods"", ""evidence"": ""TiO2 thin films were grown at 200°C and 230 mTorr using TiCl4 and H2O as the precursor vapors. During the growth process, the TiCl4 and H2O ""}]",[],paper,ambiguous,,,,-6 Torr (working_pressure); 230 mTorr (working_pressure),,,,,10.1186_s11671-015-0872-9::F3::a::XRD profile
10.3762_bjnano.5.25|3|3|a|5ms|primary,10.3762_bjnano.5.25,3,3,a,5ms,primary,1,13,spatial_coordinate,Normalized Concentration,,model,profile,10.3762_bjnano.5.25-F3a-0,6,,"Figure 3: Results of the precursor adsorption kinetics simulation while using the parameters defined in Table 1. The concentration of precursor molecules as a function of depth at several time steps (0 to 50 ms, with 5 ms intervals) within the CNT array is plotted in (a). The effect of the reactive ","                                                   |

By using the parameters defined in Table 1, the concentration of the precursor as a function of the depth within the VACNT array is plotted at various times during the exposure to the precursor of 50 ms in Figure 3a. Immediately after its introdu",,,simulation,corroborated,provenance_gate(2 families),"['F', 'R', 'X']",F: panel/figure source flag = simulated | F: pipeline relevance=model | R: Figure 3: Results of the precursor adsorption kinetics simulation while using the parameters defined in Table 1,"{""simulation"": 3}","{""axis_role_coordinate"": true, ""n_source_points"": 13, ""granularity"": ""profile""}",[],[],,,,,,,,,exposure time,5ms,10.3762_bjnano.5.25::F3::a::5ms
10.3762_bjnano.5.25|3|3|a|45ms|primary,10.3762_bjnano.5.25,3,3,a,45ms,primary,1,13,spatial_coordinate,Normalized Concentration,,model,profile,10.3762_bjnano.5.25-F3a-1,6,,"Figure 3: Results of the precursor adsorption kinetics simulation while using the parameters defined in Table 1. The concentration of precursor molecules as a function of depth at several time steps (0 to 50 ms, with 5 ms intervals) within the CNT array is plotted in (a). The effect of the reactive ","                                                   |

By using the parameters defined in Table 1, the concentration of the precursor as a function of the depth within the VACNT array is plotted at various times during the exposure to the precursor of 50 ms in Figure 3a. Immediately after its introdu",,,simulation,corroborated,provenance_gate(2 families),"['F', 'R', 'X']",F: panel/figure source flag = simulated | F: pipeline relevance=model | R: Figure 3: Results of the precursor adsorption kinetics simulation while using the parameters defined in Table 1,"{""simulation"": 3}","{""axis_role_coordinate"": true, ""n_source_points"": 13, ""granularity"": ""profile""}",[],[],,,,,,,,,exposure time,45ms,10.3762_bjnano.5.25::F3::a::45ms
10.3762_bjnano.5.25|3|3|b|1|primary,10.3762_bjnano.5.25,3,3,b,1,primary,1,8,spatial_coordinate,growth_per_cycle,nm/cycle,model,profile,10.3762_bjnano.5.25-F3b-2,6,,"Figure 3: Results of the precursor adsorption kinetics simulation while using the parameters defined in Table 1. The concentration of precursor molecules as a function of depth at several time steps (0 to 50 ms, with 5 ms intervals) within the CNT array is plotted in (a). The effect of the reactive ","                                                   |

By using the parameters defined in Table 1, the concentration of the precursor as a function of the depth within the VACNT array is plotted at various times during the exposure to the precursor of 50 ms in Figure 3a. Immediately after its introdu",,,simulation,corroborated,provenance_gate(2 families),"['F', 'R', 'X']",F: panel/figure source flag = simulated | F: pipeline relevance=model | R: Figure 3: Results of the precursor adsorption kinetics simulation while using the parameters defined in Table 1,"{""simulation"": 3}","{""axis_role_coordinate"": true, ""n_source_points"": 8, ""granularity"": ""profile""}",[],[],,,,,,,,,reactive sticking coefficient,1,10.3762_bjnano.5.25::F3::b::1
10.3762_bjnano.5.25|3|3|b|10^-4|primary,10.3762_bjnano.5.25,3,3,b,10^-4,primary,1,11,spatial_coordinate,growth_per_cycle,nm/cycle,model,profile,10.3762_bjnano.5.25-F3b-3,6,,"Figure 3: Results of the precursor adsorption kinetics simulation while using the parameters defined in Table 1. The concentration of precursor molecules as a function of depth at several time steps (0 to 50 ms, with 5 ms intervals) within the CNT array is plotted in (a). The effect of the reactive ","                                                   |

By using the parameters defined in Table 1, the concentration of the precursor as a function of the depth within the VACNT array is plotted at various times during the exposure to the precursor of 50 ms in Figure 3a. Immediately after its introdu",,,simulation,corroborated,provenance_gate(2 families),"['F', 'R', 'X']",F: panel/figure source flag = simulated | F: pipeline relevance=model | R: Figure 3: Results of the precursor adsorption kinetics simulation while using the parameters defined in Table 1,"{""simulation"": 3}","{""axis_role_coordinate"": true, ""n_source_points"": 11, ""granularity"": ""profile""}",[],[],,,,,,,,,reactive sticking coefficient,10^-4,10.3762_bjnano.5.25::F3::b::10^-4
10.3762_bjnano.5.25|3|3|c|10ms|primary,10.3762_bjnano.5.25,3,3,c,10ms,primary,1,7,spatial_coordinate,growth_per_cycle,nm/cycle,model,profile,10.3762_bjnano.5.25-F3c-4,6,,"Figure 3: Results of the precursor adsorption kinetics simulation while using the parameters defined in Table 1. The concentration of precursor molecules as a function of depth at several time steps (0 to 50 ms, with 5 ms intervals) within the CNT array is plotted in (a). The effect of the reactive ","                                                   |

By using the parameters defined in Table 1, the concentration of the precursor as a function of the depth within the VACNT array is plotted at various times during the exposure to the precursor of 50 ms in Figure 3a. Immediately after its introdu",,,simulation,corroborated,provenance_gate(2 families),"['F', 'R', 'X']",F: panel/figure source flag = simulated | F: pipeline relevance=model | R: Figure 3: Results of the precursor adsorption kinetics simulation while using the parameters defined in Table 1,"{""simulation"": 3}","{""axis_role_coordinate"": true, ""n_source_points"": 7, ""granularity"": ""profile""}",[],[],,,,,,,,,exposure time,10ms,10.3762_bjnano.5.25::F3::c::10ms
10.3762_bjnano.5.25|3|3|c|20ms|primary,10.3762_bjnano.5.25,3,3,c,20ms,primary,1,7,spatial_coordinate,growth_per_cycle,nm/cycle,model,profile,10.3762_bjnano.5.25-F3c-5,6,,"Figure 3: Results of the precursor adsorption kinetics simulation while using the parameters defined in Table 1. The concentration of precursor molecules as a function of depth at several time steps (0 to 50 ms, with 5 ms intervals) within the CNT array is plotted in (a). The effect of the reactive ","                                                   |

By using the parameters defined in Table 1, the concentration of the precursor as a function of the depth within the VACNT array is plotted at various times during the exposure to the precursor of 50 ms in Figure 3a. Immediately after its introdu",,,simulation,corroborated,provenance_gate(2 families),"['F', 'R', 'X']",F: panel/figure source flag = simulated | F: pipeline relevance=model | R: Figure 3: Results of the precursor adsorption kinetics simulation while using the parameters defined in Table 1,"{""simulation"": 3}","{""axis_role_coordinate"": true, ""n_source_points"": 7, ""granularity"": ""profile""}",[],[],,,,,,,,,exposure time,20ms,10.3762_bjnano.5.25::F3::c::20ms
10.3762_bjnano.5.25|3|3|c|50ms|primary,10.3762_bjnano.5.25,3,3,c,50ms,primary,1,7,spatial_coordinate,growth_per_cycle,nm/cycle,model,profile,10.3762_bjnano.5.25-F3c-6,6,,"Figure 3: Results of the precursor adsorption kinetics simulation while using the parameters defined in Table 1. The concentration of precursor molecules as a function of depth at several time steps (0 to 50 ms, with 5 ms intervals) within the CNT array is plotted in (a). The effect of the reactive ","                                                   |

By using the parameters defined in Table 1, the concentration of the precursor as a function of the depth within the VACNT array is plotted at various times during the exposure to the precursor of 50 ms in Figure 3a. Immediately after its introdu",,,simulation,corroborated,provenance_gate(2 families),"['F', 'R', 'X']",F: panel/figure source flag = simulated | F: pipeline relevance=model | R: Figure 3: Results of the precursor adsorption kinetics simulation while using the parameters defined in Table 1,"{""simulation"": 3}","{""axis_role_coordinate"": true, ""n_source_points"": 7, ""granularity"": ""profile""}",[],[],,,,,,,,,exposure time,50ms,10.3762_bjnano.5.25::F3::c::50ms
10.3762_bjnano.5.25|3|3|c|75ms|primary,10.3762_bjnano.5.25,3,3,c,75ms,primary,1,7,spatial_coordinate,growth_per_cycle,nm/cycle,model,profile,10.3762_bjnano.5.25-F3c-7,6,,"Figure 3: Results of the precursor adsorption kinetics simulation while using the parameters defined in Table 1. The concentration of precursor molecules as a function of depth at several time steps (0 to 50 ms, with 5 ms intervals) within the CNT array is plotted in (a). The effect of the reactive ","                                                   |

By using the parameters defined in Table 1, the concentration of the precursor as a function of the depth within the VACNT array is plotted at various times during the exposure to the precursor of 50 ms in Figure 3a. Immediately after its introdu",,,simulation,corroborated,provenance_gate(2 families),"['F', 'R', 'X']",F: panel/figure source flag = simulated | F: pipeline relevance=model | R: Figure 3: Results of the precursor adsorption kinetics simulation while using the parameters defined in Table 1,"{""simulation"": 3}","{""axis_role_coordinate"": true, ""n_source_points"": 7, ""granularity"": ""profile""}",[],[],,,,,,,,,exposure time,75ms,10.3762_bjnano.5.25::F3::c::75ms
10.3762_bjnano.5.25|3|3|c|100ms|primary,10.3762_bjnano.5.25,3,3,c,100ms,primary,1,7,spatial_coordinate,growth_per_cycle,nm/cycle,model,profile,10.3762_bjnano.5.25-F3c-8,6,,"Figure 3: Results of the precursor adsorption kinetics simulation while using the parameters defined in Table 1. The concentration of precursor molecules as a function of depth at several time steps (0 to 50 ms, with 5 ms intervals) within the CNT array is plotted in (a). The effect of the reactive ","                                                   |

By using the parameters defined in Table 1, the concentration of the precursor as a function of the depth within the VACNT array is plotted at various times during the exposure to the precursor of 50 ms in Figure 3a. Immediately after its introdu",,,simulation,corroborated,provenance_gate(2 families),"['F', 'R', 'X']",F: panel/figure source flag = simulated | F: pipeline relevance=model | R: Figure 3: Results of the precursor adsorption kinetics simulation while using the parameters defined in Table 1,"{""simulation"": 3}","{""axis_role_coordinate"": true, ""n_source_points"": 7, ""granularity"": ""profile""}",[],[],,,,,,,,,exposure time,100ms,10.3762_bjnano.5.25::F3::c::100ms
10.3762_bjnano.5.25|3|3|d|x_p ∝ √(n_chamber)|primary,10.3762_bjnano.5.25,3,3,d,x_p ∝ √(n_chamber),primary,1,5,spatial_coordinate,penetration_depth,nm,model,profile,10.3762_bjnano.5.25-F3d-9,6,,"Figure 3: Results of the precursor adsorption kinetics simulation while using the parameters defined in Table 1. The concentration of precursor molecules as a function of depth at several time steps (0 to 50 ms, with 5 ms intervals) within the CNT array is plotted in (a). The effect of the reactive ","                                                   |

By using the parameters defined in Table 1, the concentration of the precursor as a function of the depth within the VACNT array is plotted at various times during the exposure to the precursor of 50 ms in Figure 3a. Immediately after its introdu",,,simulation,corroborated,provenance_gate(2 families),"['F', 'R', 'X']",F: panel/figure source flag = simulated | F: pipeline relevance=model | R: Figure 3: Results of the precursor adsorption kinetics simulation while using the parameters defined in Table 1,"{""simulation"": 3}","{""axis_role_coordinate"": true, ""n_source_points"": 5, ""granularity"": ""profile""}",[],[],,,,,,,,,parameter,x_p ∝ √(n_chamber),10.3762_bjnano.5.25::F3::d::x_p ∝ √(n_chamber)
10.3762_bjnano.5.25|3|3|d|x_p ∝ √t|primary,10.3762_bjnano.5.25,3,3,d,x_p ∝ √t,primary,1,5,spatial_coordinate,penetration_depth,nm,model,profile,10.3762_bjnano.5.25-F3d-10,6,,"Figure 3: Results of the precursor adsorption kinetics simulation while using the parameters defined in Table 1. The concentration of precursor molecules as a function of depth at several time steps (0 to 50 ms, with 5 ms intervals) within the CNT array is plotted in (a). The effect of the reactive ","                                                   |

By using the parameters defined in Table 1, the concentration of the precursor as a function of the depth within the VACNT array is plotted at various times during the exposure to the precursor of 50 ms in Figure 3a. Immediately after its introdu",,,simulation,corroborated,provenance_gate(2 families),"['F', 'R', 'X']",F: panel/figure source flag = simulated | F: pipeline relevance=model | R: Figure 3: Results of the precursor adsorption kinetics simulation while using the parameters defined in Table 1,"{""simulation"": 3}","{""axis_role_coordinate"": true, ""n_source_points"": 5, ""granularity"": ""profile""}",[],[],,,,,,,,,parameter,x_p ∝ √t,10.3762_bjnano.5.25::F3::d::x_p ∝ √t
10.3762_bjnano.5.25|3|3|d|x_p ∝ √(D_k)|primary,10.3762_bjnano.5.25,3,3,d,x_p ∝ √(D_k),primary,1,5,spatial_coordinate,penetration_depth,nm,model,profile,10.3762_bjnano.5.25-F3d-11,6,,"Figure 3: Results of the precursor adsorption kinetics simulation while using the parameters defined in Table 1. The concentration of precursor molecules as a function of depth at several time steps (0 to 50 ms, with 5 ms intervals) within the CNT array is plotted in (a). The effect of the reactive ","                                                   |

By using the parameters defined in Table 1, the concentration of the precursor as a function of the depth within the VACNT array is plotted at various times during the exposure to the precursor of 50 ms in Figure 3a. Immediately after its introdu",,,simulation,corroborated,provenance_gate(2 families),"['F', 'R', 'X']",F: panel/figure source flag = simulated | F: pipeline relevance=model | R: Figure 3: Results of the precursor adsorption kinetics simulation while using the parameters defined in Table 1,"{""simulation"": 3}","{""axis_role_coordinate"": true, ""n_source_points"": 5, ""granularity"": ""profile""}",[],[],,,,,,,,,parameter,x_p ∝ √(D_k),10.3762_bjnano.5.25::F3::d::x_p ∝ √(D_k)
10.3762_bjnano.5.25|3|3|d|x_p ∝ f(r)|primary,10.3762_bjnano.5.25,3,3,d,x_p ∝ f(r),primary,1,7,spatial_coordinate,penetration_depth,nm,model,profile,10.3762_bjnano.5.25-F3d-12,6,,"Figure 3: Results of the precursor adsorption kinetics simulation while using the parameters defined in Table 1. The concentration of precursor molecules as a function of depth at several time steps (0 to 50 ms, with 5 ms intervals) within the CNT array is plotted in (a). The effect of the reactive ","                                                   |

By using the parameters defined in Table 1, the concentration of the precursor as a function of the depth within the VACNT array is plotted at various times during the exposure to the precursor of 50 ms in Figure 3a. Immediately after its introdu",,,simulation,corroborated,provenance_gate(2 families),"['F', 'R', 'X']",F: panel/figure source flag = simulated | F: pipeline relevance=model | R: Figure 3: Results of the precursor adsorption kinetics simulation while using the parameters defined in Table 1,"{""simulation"": 3}","{""axis_role_coordinate"": true, ""n_source_points"": 7, ""granularity"": ""profile""}",[],[],,,,,,,,,parameter,x_p ∝ f(r),10.3762_bjnano.5.25::F3::d::x_p ∝ f(r)
10.3762_bjnano.5.25|4|4|a|<single>|primary,10.3762_bjnano.5.25,4,4,a,<single>,primary,1,6,Precursor surface adsorption density,penetration_depth,nm,model,unresolved,10.3762_bjnano.5.25-F4a-13,7,7,"Figure 4: Comparison of the simplified model (Equation 18) and the simulation of the full diffusion model (solid line) while using a reactive sticking coefficient Γ = 1, as function of the varying precursor surface adsorption density. The penetration depths given by both methods are in agreement.","uting Equation 16 and Equation 11 into Equation 15 then gives the final expression for the penetration depth of one ALD cycle,

<!-- formula-not-decoded -->

This simplified expression is in agreement with the simulations of the full diffusion model above. In Figure 4, the penetration depth of the o",,,model_sweep,corroborated,provenance_gate(2 families),['F'],F: panel/figure source flag = simulated | F: pipeline relevance=model | R: Figure 4: Comparison of the simplified model (Equation 18) and the simulation of the full diffusion model (solid line) while using a reac,"{""model_sweep"": 3}","{""axis_role_coordinate"": false, ""n_source_points"": 6, ""granularity"": ""unresolved""}",[],[],,,,,,,,,,,10.3762_bjnano.5.25::F4::a::<single>
10.3762_bjnano.5.25|5|5|a|10 cycles|primary,10.3762_bjnano.5.25,5,5,a,10 cycles,primary,1,13,spatial_coordinate,film_thickness,nm,model,profile,10.3762_bjnano.5.25-F5a-14,8,7,"Figure 5: Plot of deposited oxide thickness with respect to the VACNT depth for a multi-cycle ALD process, determined by the model with the parameters in Table 1. (a) Fixed precursor exposure time (50 ms). (b) Scaled exposure time according to Equation 19.","e results of our modeling, it is clear that this depth profile of the coating predominantly occurs not through an uneven deposition profile from each individual cycle but rather from a cycle-to-cycle variation in the penetration depth of the oxide coating. In Figure 5a, the oxide thickness with resp",samples are prepared and coated with titanium dioxide and aluminum oxide,,simulation,single_definitional_signal,provenance_gate(1 families),"['F', 'I', 'M', 'X']",F: panel/figure source flag = simulated | F: pipeline relevance=model,"{""simulation"": 2}","{""axis_role_coordinate"": true, ""n_source_points"": 13, ""granularity"": ""profile""}",[],[],,,,,,,,,cycle_number,10 cycles,10.3762_bjnano.5.25::F5::a::10 cycles
10.3762_bjnano.5.25|5|5|a|20 cycles|primary,10.3762_bjnano.5.25,5,5,a,20 cycles,primary,1,13,spatial_coordinate,film_thickness,nm,model,profile,10.3762_bjnano.5.25-F5a-15,8,7,"Figure 5: Plot of deposited oxide thickness with respect to the VACNT depth for a multi-cycle ALD process, determined by the model with the parameters in Table 1. (a) Fixed precursor exposure time (50 ms). (b) Scaled exposure time according to Equation 19.","e results of our modeling, it is clear that this depth profile of the coating predominantly occurs not through an uneven deposition profile from each individual cycle but rather from a cycle-to-cycle variation in the penetration depth of the oxide coating. In Figure 5a, the oxide thickness with resp",samples are prepared and coated with titanium dioxide and aluminum oxide,,simulation,single_definitional_signal,provenance_gate(1 families),"['F', 'I', 'M', 'X']",F: panel/figure source flag = simulated | F: pipeline relevance=model,"{""simulation"": 2}","{""axis_role_coordinate"": true, ""n_source_points"": 13, ""granularity"": ""profile""}",[],[],,,,,,,,,cycle_number,20 cycles,10.3762_bjnano.5.25::F5::a::20 cycles
10.3762_bjnano.5.25|5|5|a|30 cycles|primary,10.3762_bjnano.5.25,5,5,a,30 cycles,primary,1,14,spatial_coordinate,film_thickness,nm,model,profile,10.3762_bjnano.5.25-F5a-16,8,7,"Figure 5: Plot of deposited oxide thickness with respect to the VACNT depth for a multi-cycle ALD process, determined by the model with the parameters in Table 1. (a) Fixed precursor exposure time (50 ms). (b) Scaled exposure time according to Equation 19.","e results of our modeling, it is clear that this depth profile of the coating predominantly occurs not through an uneven deposition profile from each individual cycle but rather from a cycle-to-cycle variation in the penetration depth of the oxide coating. In Figure 5a, the oxide thickness with resp",samples are prepared and coated with titanium dioxide and aluminum oxide,,simulation,single_definitional_signal,provenance_gate(1 families),"['F', 'I', 'M', 'X']",F: panel/figure source flag = simulated | F: pipeline relevance=model,"{""simulation"": 2}","{""axis_role_coordinate"": true, ""n_source_points"": 14, ""granularity"": ""profile""}",[],[],,,,,,,,,cycle_number,30 cycles,10.3762_bjnano.5.25::F5::a::30 cycles
10.3762_bjnano.5.25|5|5|a|40 cycles|primary,10.3762_bjnano.5.25,5,5,a,40 cycles,primary,1,14,spatial_coordinate,film_thickness,nm,model,profile,10.3762_bjnano.5.25-F5a-17,8,7,"Figure 5: Plot of deposited oxide thickness with respect to the VACNT depth for a multi-cycle ALD process, determined by the model with the parameters in Table 1. (a) Fixed precursor exposure time (50 ms). (b) Scaled exposure time according to Equation 19.","e results of our modeling, it is clear that this depth profile of the coating predominantly occurs not through an uneven deposition profile from each individual cycle but rather from a cycle-to-cycle variation in the penetration depth of the oxide coating. In Figure 5a, the oxide thickness with resp",samples are prepared and coated with titanium dioxide and aluminum oxide,,simulation,single_definitional_signal,provenance_gate(1 families),"['F', 'I', 'M', 'X']",F: panel/figure source flag = simulated | F: pipeline relevance=model,"{""simulation"": 2}","{""axis_role_coordinate"": true, ""n_source_points"": 14, ""granularity"": ""profile""}",[],[],,,,,,,,,cycle_number,40 cycles,10.3762_bjnano.5.25::F5::a::40 cycles
10.3762_bjnano.5.25|5|5|a|50 cycles|primary,10.3762_bjnano.5.25,5,5,a,50 cycles,primary,1,15,spatial_coordinate,film_thickness,nm,model,profile,10.3762_bjnano.5.25-F5a-18,8,7,"Figure 5: Plot of deposited oxide thickness with respect to the VACNT depth for a multi-cycle ALD process, determined by the model with the parameters in Table 1. (a) Fixed precursor exposure time (50 ms). (b) Scaled exposure time according to Equation 19.","e results of our modeling, it is clear that this depth profile of the coating predominantly occurs not through an uneven deposition profile from each individual cycle but rather from a cycle-to-cycle variation in the penetration depth of the oxide coating. In Figure 5a, the oxide thickness with resp",samples are prepared and coated with titanium dioxide and aluminum oxide,,simulation,single_definitional_signal,provenance_gate(1 families),"['F', 'I', 'M', 'X']",F: panel/figure source flag = simulated | F: pipeline relevance=model,"{""simulation"": 2}","{""axis_role_coordinate"": true, ""n_source_points"": 15, ""granularity"": ""profile""}",[],[],,,,,,,,,cycle_number,50 cycles,10.3762_bjnano.5.25::F5::a::50 cycles
10.3762_bjnano.5.25|5|5|a|60 cycles|primary,10.3762_bjnano.5.25,5,5,a,60 cycles,primary,1,15,spatial_coordinate,film_thickness,nm,model,profile,10.3762_bjnano.5.25-F5a-19,8,7,"Figure 5: Plot of deposited oxide thickness with respect to the VACNT depth for a multi-cycle ALD process, determined by the model with the parameters in Table 1. (a) Fixed precursor exposure time (50 ms). (b) Scaled exposure time according to Equation 19.","e results of our modeling, it is clear that this depth profile of the coating predominantly occurs not through an uneven deposition profile from each individual cycle but rather from a cycle-to-cycle variation in the penetration depth of the oxide coating. In Figure 5a, the oxide thickness with resp",samples are prepared and coated with titanium dioxide and aluminum oxide,,simulation,single_definitional_signal,provenance_gate(1 families),"['F', 'I', 'M', 'X']",F: panel/figure source flag = simulated | F: pipeline relevance=model,"{""simulation"": 2}","{""axis_role_coordinate"": true, ""n_source_points"": 15, ""granularity"": ""profile""}",[],[],,,,,,,,,cycle_number,60 cycles,10.3762_bjnano.5.25::F5::a::60 cycles
10.3762_bjnano.5.25|5|5|a|70 cycles|primary,10.3762_bjnano.5.25,5,5,a,70 cycles,primary,1,15,spatial_coordinate,film_thickness,nm,model,profile,10.3762_bjnano.5.25-F5a-20,8,7,"Figure 5: Plot of deposited oxide thickness with respect to the VACNT depth for a multi-cycle ALD process, determined by the model with the parameters in Table 1. (a) Fixed precursor exposure time (50 ms). (b) Scaled exposure time according to Equation 19.","e results of our modeling, it is clear that this depth profile of the coating predominantly occurs not through an uneven deposition profile from each individual cycle but rather from a cycle-to-cycle variation in the penetration depth of the oxide coating. In Figure 5a, the oxide thickness with resp",samples are prepared and coated with titanium dioxide and aluminum oxide,,simulation,single_definitional_signal,provenance_gate(1 families),"['F', 'I', 'M', 'X']",F: panel/figure source flag = simulated | F: pipeline relevance=model,"{""simulation"": 2}","{""axis_role_coordinate"": true, ""n_source_points"": 15, ""granularity"": ""profile""}",[],[],,,,,,,,,cycle_number,70 cycles,10.3762_bjnano.5.25::F5::a::70 cycles
10.3762_bjnano.5.25|5|5|a|80 cycles|primary,10.3762_bjnano.5.25,5,5,a,80 cycles,primary,1,15,spatial_coordinate,film_thickness,nm,model,profile,10.3762_bjnano.5.25-F5a-21,8,7,"Figure 5: Plot of deposited oxide thickness with respect to the VACNT depth for a multi-cycle ALD process, determined by the model with the parameters in Table 1. (a) Fixed precursor exposure time (50 ms). (b) Scaled exposure time according to Equation 19.","e results of our modeling, it is clear that this depth profile of the coating predominantly occurs not through an uneven deposition profile from each individual cycle but rather from a cycle-to-cycle variation in the penetration depth of the oxide coating. In Figure 5a, the oxide thickness with resp",samples are prepared and coated with titanium dioxide and aluminum oxide,,simulation,single_definitional_signal,provenance_gate(1 families),"['F', 'I', 'M', 'X']",F: panel/figure source flag = simulated | F: pipeline relevance=model,"{""simulation"": 2}","{""axis_role_coordinate"": true, ""n_source_points"": 15, ""granularity"": ""profile""}",[],[],,,,,,,,,cycle_number,80 cycles,10.3762_bjnano.5.25::F5::a::80 cycles
10.3762_bjnano.5.25|5|5|a|90 cycles|primary,10.3762_bjnano.5.25,5,5,a,90 cycles,primary,1,16,spatial_coordinate,film_thickness,nm,model,profile,10.3762_bjnano.5.25-F5a-22,8,7,"Figure 5: Plot of deposited oxide thickness with respect to the VACNT depth for a multi-cycle ALD process, determined by the model with the parameters in Table 1. (a) Fixed precursor exposure time (50 ms). (b) Scaled exposure time according to Equation 19.","e results of our modeling, it is clear that this depth profile of the coating predominantly occurs not through an uneven deposition profile from each individual cycle but rather from a cycle-to-cycle variation in the penetration depth of the oxide coating. In Figure 5a, the oxide thickness with resp",samples are prepared and coated with titanium dioxide and aluminum oxide,,simulation,single_definitional_signal,provenance_gate(1 families),"['F', 'I', 'M', 'X']",F: panel/figure source flag = simulated | F: pipeline relevance=model,"{""simulation"": 2}","{""axis_role_coordinate"": true, ""n_source_points"": 16, ""granularity"": ""profile""}",[],[],,,,,,,,,cycle_number,90 cycles,10.3762_bjnano.5.25::F5::a::90 cycles
10.3762_bjnano.5.25|5|5|a|100 cycles|primary,10.3762_bjnano.5.25,5,5,a,100 cycles,primary,1,16,spatial_coordinate,film_thickness,nm,model,profile,10.3762_bjnano.5.25-F5a-23,8,7,"Figure 5: Plot of deposited oxide thickness with respect to the VACNT depth for a multi-cycle ALD process, determined by the model with the parameters in Table 1. (a) Fixed precursor exposure time (50 ms). (b) Scaled exposure time according to Equation 19.","e results of our modeling, it is clear that this depth profile of the coating predominantly occurs not through an uneven deposition profile from each individual cycle but rather from a cycle-to-cycle variation in the penetration depth of the oxide coating. In Figure 5a, the oxide thickness with resp",samples are prepared and coated with titanium dioxide and aluminum oxide,,simulation,single_definitional_signal,provenance_gate(1 families),"['F', 'I', 'M', 'X']",F: panel/figure source flag = simulated | F: pipeline relevance=model,"{""simulation"": 2}","{""axis_role_coordinate"": true, ""n_source_points"": 16, ""granularity"": ""profile""}",[],[],,,,,,,,,cycle_number,100 cycles,10.3762_bjnano.5.25::F5::a::100 cycles
10.3762_bjnano.5.25|5|5|b|10 cycles|scaled,10.3762_bjnano.5.25,5,5,b,10 cycles,scaled,1,10,spatial_coordinate,film_thickness,nm,model,profile,10.3762_bjnano.5.25-F5b-24,8,7,"Figure 5: Plot of deposited oxide thickness with respect to the VACNT depth for a multi-cycle ALD process, determined by the model with the parameters in Table 1. (a) Fixed precursor exposure time (50 ms). (b) Scaled exposure time according to Equation 19.","e results of our modeling, it is clear that this depth profile of the coating predominantly occurs not through an uneven deposition profile from each individual cycle but rather from a cycle-to-cycle variation in the penetration depth of the oxide coating. In Figure 5a, the oxide thickness with resp",samples are prepared and coated with titanium dioxide and aluminum oxide,,simulation,single_definitional_signal,provenance_gate(1 families),"['F', 'I', 'M', 'X']",F: panel/figure source flag = simulated | F: pipeline relevance=model,"{""simulation"": 2}","{""axis_role_coordinate"": true, ""n_source_points"": 10, ""granularity"": ""profile""}",[],[],,,,,,,,,cycle_number,10 cycles,10.3762_bjnano.5.25::F5::b::10 cycles
10.3762_bjnano.5.25|5|5|b|20 cycles|scaled,10.3762_bjnano.5.25,5,5,b,20 cycles,scaled,1,10,spatial_coordinate,film_thickness,nm,model,profile,10.3762_bjnano.5.25-F5b-25,8,7,"Figure 5: Plot of deposited oxide thickness with respect to the VACNT depth for a multi-cycle ALD process, determined by the model with the parameters in Table 1. (a) Fixed precursor exposure time (50 ms). (b) Scaled exposure time according to Equation 19.","e results of our modeling, it is clear that this depth profile of the coating predominantly occurs not through an uneven deposition profile from each individual cycle but rather from a cycle-to-cycle variation in the penetration depth of the oxide coating. In Figure 5a, the oxide thickness with resp",samples are prepared and coated with titanium dioxide and aluminum oxide,,simulation,single_definitional_signal,provenance_gate(1 families),"['F', 'I', 'M', 'X']",F: panel/figure source flag = simulated | F: pipeline relevance=model,"{""simulation"": 2}","{""axis_role_coordinate"": true, ""n_source_points"": 10, ""granularity"": ""profile""}",[],[],,,,,,,,,cycle_number,20 cycles,10.3762_bjnano.5.25::F5::b::20 cycles
10.3762_bjnano.5.25|5|5|b|30 cycles|scaled,10.3762_bjnano.5.25,5,5,b,30 cycles,scaled,1,10,spatial_coordinate,film_thickness,nm,model,profile,10.3762_bjnano.5.25-F5b-26,8,7,"Figure 5: Plot of deposited oxide thickness with respect to the VACNT depth for a multi-cycle ALD process, determined by the model with the parameters in Table 1. (a) Fixed precursor exposure time (50 ms). (b) Scaled exposure time according to Equation 19.","e results of our modeling, it is clear that this depth profile of the coating predominantly occurs not through an uneven deposition profile from each individual cycle but rather from a cycle-to-cycle variation in the penetration depth of the oxide coating. In Figure 5a, the oxide thickness with resp",samples are prepared and coated with titanium dioxide and aluminum oxide,,simulation,single_definitional_signal,provenance_gate(1 families),"['F', 'I', 'M', 'X']",F: panel/figure source flag = simulated | F: pipeline relevance=model,"{""simulation"": 2}","{""axis_role_coordinate"": true, ""n_source_points"": 10, ""granularity"": ""profile""}",[],[],,,,,,,,,cycle_number,30 cycles,10.3762_bjnano.5.25::F5::b::30 cycles
10.3762_bjnano.5.25|5|5|b|40 cycles|scaled,10.3762_bjnano.5.25,5,5,b,40 cycles,scaled,1,10,spatial_coordinate,film_thickness,nm,model,profile,10.3762_bjnano.5.25-F5b-27,8,7,"Figure 5: Plot of deposited oxide thickness with respect to the VACNT depth for a multi-cycle ALD process, determined by the model with the parameters in Table 1. (a) Fixed precursor exposure time (50 ms). (b) Scaled exposure time according to Equation 19.","e results of our modeling, it is clear that this depth profile of the coating predominantly occurs not through an uneven deposition profile from each individual cycle but rather from a cycle-to-cycle variation in the penetration depth of the oxide coating. In Figure 5a, the oxide thickness with resp",samples are prepared and coated with titanium dioxide and aluminum oxide,,simulation,single_definitional_signal,provenance_gate(1 families),"['F', 'I', 'M', 'X']",F: panel/figure source flag = simulated | F: pipeline relevance=model,"{""simulation"": 2}","{""axis_role_coordinate"": true, ""n_source_points"": 10, ""granularity"": ""profile""}",[],[],,,,,,,,,cycle_number,40 cycles,10.3762_bjnano.5.25::F5::b::40 cycles
10.3762_bjnano.5.25|5|5|b|50 cycles|scaled,10.3762_bjnano.5.25,5,5,b,50 cycles,scaled,1,10,spatial_coordinate,film_thickness,nm,model,profile,10.3762_bjnano.5.25-F5b-28,8,7,"Figure 5: Plot of deposited oxide thickness with respect to the VACNT depth for a multi-cycle ALD process, determined by the model with the parameters in Table 1. (a) Fixed precursor exposure time (50 ms). (b) Scaled exposure time according to Equation 19.","e results of our modeling, it is clear that this depth profile of the coating predominantly occurs not through an uneven deposition profile from each individual cycle but rather from a cycle-to-cycle variation in the penetration depth of the oxide coating. In Figure 5a, the oxide thickness with resp",samples are prepared and coated with titanium dioxide and aluminum oxide,,simulation,single_definitional_signal,provenance_gate(1 families),"['F', 'I', 'M', 'X']",F: panel/figure source flag = simulated | F: pipeline relevance=model,"{""simulation"": 2}","{""axis_role_coordinate"": true, ""n_source_points"": 10, ""granularity"": ""profile""}",[],[],,,,,,,,,cycle_number,50 cycles,10.3762_bjnano.5.25::F5::b::50 cycles
10.3762_bjnano.5.25|5|5|b|60 cycles|scaled,10.3762_bjnano.5.25,5,5,b,60 cycles,scaled,1,10,spatial_coordinate,film_thickness,nm,model,profile,10.3762_bjnano.5.25-F5b-29,8,7,"Figure 5: Plot of deposited oxide thickness with respect to the VACNT depth for a multi-cycle ALD process, determined by the model with the parameters in Table 1. (a) Fixed precursor exposure time (50 ms). (b) Scaled exposure time according to Equation 19.","e results of our modeling, it is clear that this depth profile of the coating predominantly occurs not through an uneven deposition profile from each individual cycle but rather from a cycle-to-cycle variation in the penetration depth of the oxide coating. In Figure 5a, the oxide thickness with resp",samples are prepared and coated with titanium dioxide and aluminum oxide,,simulation,single_definitional_signal,provenance_gate(1 families),"['F', 'I', 'M', 'X']",F: panel/figure source flag = simulated | F: pipeline relevance=model,"{""simulation"": 2}","{""axis_role_coordinate"": true, ""n_source_points"": 10, ""granularity"": ""profile""}",[],[],,,,,,,,,cycle_number,60 cycles,10.3762_bjnano.5.25::F5::b::60 cycles
10.3762_bjnano.5.25|5|5|b|70 cycles|scaled,10.3762_bjnano.5.25,5,5,b,70 cycles,scaled,1,10,spatial_coordinate,film_thickness,nm,model,profile,10.3762_bjnano.5.25-F5b-30,8,7,"Figure 5: Plot of deposited oxide thickness with respect to the VACNT depth for a multi-cycle ALD process, determined by the model with the parameters in Table 1. (a) Fixed precursor exposure time (50 ms). (b) Scaled exposure time according to Equation 19.","e results of our modeling, it is clear that this depth profile of the coating predominantly occurs not through an uneven deposition profile from each individual cycle but rather from a cycle-to-cycle variation in the penetration depth of the oxide coating. In Figure 5a, the oxide thickness with resp",samples are prepared and coated with titanium dioxide and aluminum oxide,,simulation,single_definitional_signal,provenance_gate(1 families),"['F', 'I', 'M', 'X']",F: panel/figure source flag = simulated | F: pipeline relevance=model,"{""simulation"": 2}","{""axis_role_coordinate"": true, ""n_source_points"": 10, ""granularity"": ""profile""}",[],[],,,,,,,,,cycle_number,70 cycles,10.3762_bjnano.5.25::F5::b::70 cycles
10.3762_bjnano.5.25|5|5|b|80 cycles|scaled,10.3762_bjnano.5.25,5,5,b,80 cycles,scaled,1,10,spatial_coordinate,film_thickness,nm,model,profile,10.3762_bjnano.5.25-F5b-31,8,7,"Figure 5: Plot of deposited oxide thickness with respect to the VACNT depth for a multi-cycle ALD process, determined by the model with the parameters in Table 1. (a) Fixed precursor exposure time (50 ms). (b) Scaled exposure time according to Equation 19.","e results of our modeling, it is clear that this depth profile of the coating predominantly occurs not through an uneven deposition profile from each individual cycle but rather from a cycle-to-cycle variation in the penetration depth of the oxide coating. In Figure 5a, the oxide thickness with resp",samples are prepared and coated with titanium dioxide and aluminum oxide,,simulation,single_definitional_signal,provenance_gate(1 families),"['F', 'I', 'M', 'X']",F: panel/figure source flag = simulated | F: pipeline relevance=model,"{""simulation"": 2}","{""axis_role_coordinate"": true, ""n_source_points"": 10, ""granularity"": ""profile""}",[],[],,,,,,,,,cycle_number,80 cycles,10.3762_bjnano.5.25::F5::b::80 cycles
10.3762_bjnano.5.25|5|5|b|90 cycles|scaled,10.3762_bjnano.5.25,5,5,b,90 cycles,scaled,1,10,spatial_coordinate,film_thickness,nm,model,profile,10.3762_bjnano.5.25-F5b-32,8,7,"Figure 5: Plot of deposited oxide thickness with respect to the VACNT depth for a multi-cycle ALD process, determined by the model with the parameters in Table 1. (a) Fixed precursor exposure time (50 ms). (b) Scaled exposure time according to Equation 19.","e results of our modeling, it is clear that this depth profile of the coating predominantly occurs not through an uneven deposition profile from each individual cycle but rather from a cycle-to-cycle variation in the penetration depth of the oxide coating. In Figure 5a, the oxide thickness with resp",samples are prepared and coated with titanium dioxide and aluminum oxide,,simulation,single_definitional_signal,provenance_gate(1 families),"['F', 'I', 'M', 'X']",F: panel/figure source flag = simulated | F: pipeline relevance=model,"{""simulation"": 2}","{""axis_role_coordinate"": true, ""n_source_points"": 10, ""granularity"": ""profile""}",[],[],,,,,,,,,cycle_number,90 cycles,10.3762_bjnano.5.25::F5::b::90 cycles
10.3762_bjnano.5.25|5|5|b|100 cycles|scaled,10.3762_bjnano.5.25,5,5,b,100 cycles,scaled,1,10,spatial_coordinate,film_thickness,nm,model,profile,10.3762_bjnano.5.25-F5b-33,8,7,"Figure 5: Plot of deposited oxide thickness with respect to the VACNT depth for a multi-cycle ALD process, determined by the model with the parameters in Table 1. (a) Fixed precursor exposure time (50 ms). (b) Scaled exposure time according to Equation 19.","e results of our modeling, it is clear that this depth profile of the coating predominantly occurs not through an uneven deposition profile from each individual cycle but rather from a cycle-to-cycle variation in the penetration depth of the oxide coating. In Figure 5a, the oxide thickness with resp",samples are prepared and coated with titanium dioxide and aluminum oxide,,simulation,single_definitional_signal,provenance_gate(1 families),"['F', 'I', 'M', 'X']",F: panel/figure source flag = simulated | F: pipeline relevance=model,"{""simulation"": 2}","{""axis_role_coordinate"": true, ""n_source_points"": 10, ""granularity"": ""profile""}",[],[],,,,,,,,,cycle_number,100 cycles,10.3762_bjnano.5.25::F5::b::100 cycles
10.3762_bjnano.5.25|6|6|b|400 cycles|primary,10.3762_bjnano.5.25,6,6,b,400 cycles,primary,1,14,spatial_coordinate,film_thickness,nm,experimental,profile,10.3762_bjnano.5.25-F6b-34,9,8,"Figure 6: Experimental results for TiO 2 coated VACNTs. (a) An SEM image of a VACNT array coated with 400 cycles of TiO 2 is shown with close-up SEM images at depths of ca. 5, 25, and 80 μ m. At 5 μ m, a thick and conformal coating of TiO 2 is evident. At 25 μ m the oxide coating is visibly thinner,","cle comprises of a 0.2 s long pulse of TMA, which is followed by a 5 s long N 2  purge and two sequential 0.2 s long water vapor pulses. For the scaled deposition, the TMA pulse duration is modified while the remainder of the ALD procedure remains unchanged.

Figure 6 shows SEM images of a sample pr",samples coated with 200,,experimental_profile,corroborated,coordinate_axis_gate(4 families),"['F', 'I', 'M', 'R', 'X']",X: x axis 'spatial_coordinate' is a spatial coordinate; the curve is one specimen's profile | M: ure 6: Experimental results for TiO 2 coated VACNTs. (a) An SEM image of a VACNT array coated with 400 cycles of TiO 2 is shown with close-up S | R: as a function of ALD cycles between the 100th and 200th cycles | I: samples coated with 200,"{""discrete_experimental_sweep"": 3, ""experimental_profile"": 2}","{""axis_role_coordinate"": true, ""n_source_points"": 14, ""granularity"": ""profile""}",[],[],,,,,,,2,body: with 100 and 200 cycles,number of cycles,400 cycles,10.3762_bjnano.5.25::F6::b::400 cycles
10.3762_bjnano.5.25|6|6|b|200 cycles|primary,10.3762_bjnano.5.25,6,6,b,200 cycles,primary,1,14,spatial_coordinate,film_thickness,nm,experimental,profile,10.3762_bjnano.5.25-F6b-35,9,8,"Figure 6: Experimental results for TiO 2 coated VACNTs. (a) An SEM image of a VACNT array coated with 400 cycles of TiO 2 is shown with close-up SEM images at depths of ca. 5, 25, and 80 μ m. At 5 μ m, a thick and conformal coating of TiO 2 is evident. At 25 μ m the oxide coating is visibly thinner,","cle comprises of a 0.2 s long pulse of TMA, which is followed by a 5 s long N 2  purge and two sequential 0.2 s long water vapor pulses. For the scaled deposition, the TMA pulse duration is modified while the remainder of the ALD procedure remains unchanged.

Figure 6 shows SEM images of a sample pr",samples coated with 200,,experimental_profile,corroborated,coordinate_axis_gate(4 families),"['F', 'I', 'M', 'R', 'X']",X: x axis 'spatial_coordinate' is a spatial coordinate; the curve is one specimen's profile | M: ure 6: Experimental results for TiO 2 coated VACNTs. (a) An SEM image of a VACNT array coated with 400 cycles of TiO 2 is shown with close-up S | R: as a function of ALD cycles between the 100th and 200th cycles | I: samples coated with 200,"{""discrete_experimental_sweep"": 3, ""experimental_profile"": 2}","{""axis_role_coordinate"": true, ""n_source_points"": 14, ""granularity"": ""profile""}",[],[],,,,,,,2,body: with 100 and 200 cycles,number of cycles,200 cycles,10.3762_bjnano.5.25::F6::b::200 cycles
10.3762_bjnano.5.25|6|6|c|100 cycles|primary,10.3762_bjnano.5.25,6,6,c,100 cycles,primary,1,7,spatial_coordinate,film_thickness,nm,experimental,profile,10.3762_bjnano.5.25-F6c-36,9,8,"Figure 6: Experimental results for TiO 2 coated VACNTs. (a) An SEM image of a VACNT array coated with 400 cycles of TiO 2 is shown with close-up SEM images at depths of ca. 5, 25, and 80 μ m. At 5 μ m, a thick and conformal coating of TiO 2 is evident. At 25 μ m the oxide coating is visibly thinner,","cle comprises of a 0.2 s long pulse of TMA, which is followed by a 5 s long N 2  purge and two sequential 0.2 s long water vapor pulses. For the scaled deposition, the TMA pulse duration is modified while the remainder of the ALD procedure remains unchanged.

Figure 6 shows SEM images of a sample pr",samples coated with 200,,experimental_profile,corroborated,coordinate_axis_gate(4 families),"['F', 'I', 'M', 'R', 'X']",X: x axis 'spatial_coordinate' is a spatial coordinate; the curve is one specimen's profile | M: ure 6: Experimental results for TiO 2 coated VACNTs. (a) An SEM image of a VACNT array coated with 400 cycles of TiO 2 is shown with close-up S | R: as a function of ALD cycles between the 100th and 200th cycles | I: samples coated with 200,"{""discrete_experimental_sweep"": 3, ""experimental_profile"": 2}","{""axis_role_coordinate"": true, ""n_source_points"": 7, ""granularity"": ""profile""}",[],[],,,,,,,2,body: with 100 and 200 cycles,number of cycles,100 cycles,10.3762_bjnano.5.25::F6::c::100 cycles
10.3762_bjnano.5.25|6|6|c|200 cycles|primary,10.3762_bjnano.5.25,6,6,c,200 cycles,primary,1,11,spatial_coordinate,film_thickness,nm,experimental,profile,10.3762_bjnano.5.25-F6c-37,9,8,"Figure 6: Experimental results for TiO 2 coated VACNTs. (a) An SEM image of a VACNT array coated with 400 cycles of TiO 2 is shown with close-up SEM images at depths of ca. 5, 25, and 80 μ m. At 5 μ m, a thick and conformal coating of TiO 2 is evident. At 25 μ m the oxide coating is visibly thinner,","cle comprises of a 0.2 s long pulse of TMA, which is followed by a 5 s long N 2  purge and two sequential 0.2 s long water vapor pulses. For the scaled deposition, the TMA pulse duration is modified while the remainder of the ALD procedure remains unchanged.

Figure 6 shows SEM images of a sample pr",samples coated with 200,,experimental_profile,corroborated,coordinate_axis_gate(4 families),"['F', 'I', 'M', 'R', 'X']",X: x axis 'spatial_coordinate' is a spatial coordinate; the curve is one specimen's profile | M: ure 6: Experimental results for TiO 2 coated VACNTs. (a) An SEM image of a VACNT array coated with 400 cycles of TiO 2 is shown with close-up S | R: as a function of ALD cycles between the 100th and 200th cycles | I: samples coated with 200,"{""discrete_experimental_sweep"": 3, ""experimental_profile"": 2}","{""axis_role_coordinate"": true, ""n_source_points"": 11, ""granularity"": ""profile""}",[],[],,,,,,,2,body: with 100 and 200 cycles,number of cycles,200 cycles,10.3762_bjnano.5.25::F6::c::200 cycles
10.3762_bjnano.5.25|6|6|c|200 scaled cycles|primary,10.3762_bjnano.5.25,6,6,c,200 scaled cycles,primary,1,11,spatial_coordinate,film_thickness,nm,experimental,profile,10.3762_bjnano.5.25-F6c-38,9,8,"Figure 6: Experimental results for TiO 2 coated VACNTs. (a) An SEM image of a VACNT array coated with 400 cycles of TiO 2 is shown with close-up SEM images at depths of ca. 5, 25, and 80 μ m. At 5 μ m, a thick and conformal coating of TiO 2 is evident. At 25 μ m the oxide coating is visibly thinner,","cle comprises of a 0.2 s long pulse of TMA, which is followed by a 5 s long N 2  purge and two sequential 0.2 s long water vapor pulses. For the scaled deposition, the TMA pulse duration is modified while the remainder of the ALD procedure remains unchanged.

Figure 6 shows SEM images of a sample pr",samples coated with 200,,experimental_profile,corroborated,coordinate_axis_gate(4 families),"['F', 'I', 'M', 'R', 'X']",X: x axis 'spatial_coordinate' is a spatial coordinate; the curve is one specimen's profile | M: ure 6: Experimental results for TiO 2 coated VACNTs. (a) An SEM image of a VACNT array coated with 400 cycles of TiO 2 is shown with close-up S | R: as a function of ALD cycles between the 100th and 200th cycles | I: samples coated with 200,"{""discrete_experimental_sweep"": 3, ""experimental_profile"": 2}","{""axis_role_coordinate"": true, ""n_source_points"": 11, ""granularity"": ""profile""}",[],[],,,,,,,2,body: with 100 and 200 cycles,number of cycles,200 scaled cycles,10.3762_bjnano.5.25::F6::c::200 scaled cycles
