case_type,ref,detail
granularity.mixed_roles,10.1002_admi.202000318::F2::a::0,"both axes are ontology outputs — this is a correlation, not a sweep"
granularity.mixed_roles,10.1002_admi.202000318::F2::a::1,"both axes are ontology outputs — this is a correlation, not a sweep"
granularity.mixed_roles,10.1002_admi.202000318::F2::a::2,"both axes are ontology outputs — this is a correlation, not a sweep"
granularity.mixed_roles,10.1002_admi.202000318::F2::a::3,"both axes are ontology outputs — this is a correlation, not a sweep"
granularity.mixed_roles,10.1002_admi.202000318::F2::a::4,"both axes are ontology outputs — this is a correlation, not a sweep"
granularity.profile_split,10.1021_acs.jpcc.9b08176::F1::b::0,spatial profile was stored as independent single experiments
granularity.profile_split,10.1021_acs.jpcc.9b08176::F1::b::1,spatial profile was stored as independent single experiments
granularity.profile_split,10.1021_acs.jpcc.9b08176::F1::b::2,spatial profile was stored as independent single experiments
granularity.profile_split,10.1021_acs.jpcc.9b08176::F1::b::3,spatial profile was stored as independent single experiments
granularity.profile_split,10.1021_acs.jpcc.9b08176::F1::c::0,spatial profile was stored as independent single experiments
granularity.profile_split,10.1021_acs.jpcc.9b08176::F1::c::1,spatial profile was stored as independent single experiments
granularity.profile_split,10.1021_acs.jpcc.9b08176::F1::c::2,spatial profile was stored as independent single experiments
granularity.profile_split,10.1021_acs.jpcc.9b08176::F1::c::3,spatial profile was stored as independent single experiments
granularity.profile_split,10.1021_acs.jpcc.9b08176::F1::c::4,spatial profile was stored as independent single experiments
granularity.mixed_roles,10.1039_c5tc03561a::F8::a::0,"both axes are ontology outputs — this is a correlation, not a sweep"
granularity.mixed_roles,10.1039_d3ra05217f::F8::b::0,"both axes are ontology outputs — this is a correlation, not a sweep"
granularity.mixed_roles,10.1116_6.0002804::F7::a::0,"both axes are ontology outputs — this is a correlation, not a sweep"
granularity.mixed_roles,10.3762_bjnano.14.89::F9::a::0,"both axes are ontology outputs — this is a correlation, not a sweep"
model_point_became_experiment,10.1002_admi.202000318-F4b-12,relevance=model is_model=True kind=profile_experiment
model_point_became_experiment,10.1016_j.sse.2022.108584-F2a-0,relevance=model is_model=True kind=unresolved_experiment_record
model_point_became_experiment,10.1016_j.sse.2022.108584-F2a-1,relevance=model is_model=True kind=unresolved_experiment_record
model_point_became_experiment,10.1016_j.sse.2022.108584-F2a-2,relevance=model is_model=True kind=unresolved_experiment_record
model_point_became_experiment,10.1016_j.sse.2022.108584-F2a-3,relevance=model is_model=True kind=unresolved_experiment_record
model_point_became_experiment,10.1016_j.sse.2022.108584-F2a-4,relevance=model is_model=True kind=unresolved_experiment_record
model_point_became_experiment,10.1016_j.sse.2022.108584-F2a-5,relevance=model is_model=True kind=unresolved_experiment_record
model_point_became_experiment,10.1016_j.sse.2022.108584-F4a-6,relevance=model is_model=True kind=profile_experiment
model_point_became_experiment,10.1016_j.sse.2022.108584-F4a-7,relevance=model is_model=True kind=profile_experiment
model_point_became_experiment,10.1016_j.sse.2022.108584-F4a-8,relevance=model is_model=True kind=profile_experiment
model_point_became_experiment,10.1016_j.sse.2022.108584-F4a-9,relevance=model is_model=True kind=profile_experiment
model_point_became_experiment,10.1016_j.sse.2022.108584-F4a-10,relevance=model is_model=True kind=profile_experiment
model_point_became_experiment,10.1016_j.sse.2022.108584-F4a-11,relevance=model is_model=True kind=profile_experiment
model_point_became_experiment,10.1016_j.sse.2022.108584-F5a-12,relevance=model is_model=True kind=unresolved_experiment_record
model_point_became_experiment,10.1016_j.sse.2022.108584-F5a-13,relevance=model is_model=True kind=unresolved_experiment_record
model_point_became_experiment,10.1016_j.sse.2022.108584-5b-S0-P000,relevance=model is_model=True kind=series_member_experiment
model_point_became_experiment,10.1016_j.sse.2022.108584-5b-S0-P001,relevance=model is_model=True kind=series_member_experiment
model_point_became_experiment,10.1016_j.sse.2022.108584-5b-S0-P002,relevance=model is_model=True kind=series_member_experiment
model_point_became_experiment,10.1016_j.sse.2022.108584-5b-S0-P003,relevance=model is_model=True kind=series_member_experiment
model_point_became_experiment,10.1016_j.sse.2022.108584-5b-S0-P004,relevance=model is_model=True kind=series_member_experiment
model_point_became_experiment,10.1016_j.sse.2022.108584-5b-S0-P005,relevance=model is_model=True kind=series_member_experiment
model_point_became_experiment,10.1016_j.sse.2022.108584-5b-S0-P006,relevance=model is_model=True kind=series_member_experiment
model_point_became_experiment,10.1016_j.sse.2022.108584-5b-S0-P007,relevance=model is_model=True kind=series_member_experiment
model_point_became_experiment,10.1016_j.sse.2022.108584-5b-S0-P008,relevance=model is_model=True kind=series_member_experiment
model_point_became_experiment,10.1016_j.sse.2022.108584-5b-S0-P009,relevance=model is_model=True kind=series_member_experiment
model_point_became_experiment,10.1016_j.sse.2022.108584-5b-S0-P010,relevance=model is_model=True kind=series_member_experiment
model_point_became_experiment,10.1016_j.sse.2022.108584-5b-S0-P011,relevance=model is_model=True kind=series_member_experiment
model_point_became_experiment,10.1016_j.sse.2022.108584-5b-S0-P012,relevance=model is_model=True kind=series_member_experiment
model_point_became_experiment,10.1016_j.sse.2022.108584-5b-S0-P013,relevance=model is_model=True kind=series_member_experiment
model_point_became_experiment,10.1016_j.sse.2022.108584-5b-S0-P014,relevance=model is_model=True kind=series_member_experiment
model_point_became_experiment,10.1016_j.sse.2022.108584-5b-S0-P015,relevance=model is_model=True kind=series_member_experiment
model_point_became_experiment,10.1016_j.sse.2022.108584-5b-S0-P016,relevance=model is_model=True kind=series_member_experiment
model_point_became_experiment,10.1016_j.sse.2022.108584-5b-S1-P000,relevance=model is_model=True kind=series_member_experiment
model_point_became_experiment,10.1016_j.sse.2022.108584-5b-S1-P001,relevance=model is_model=True kind=series_member_experiment
model_point_became_experiment,10.1016_j.sse.2022.108584-5b-S1-P002,relevance=model is_model=True kind=series_member_experiment
model_point_became_experiment,10.1016_j.sse.2022.108584-5b-S1-P003,relevance=model is_model=True kind=series_member_experiment
model_point_became_experiment,10.1016_j.sse.2022.108584-5b-S1-P004,relevance=model is_model=True kind=series_member_experiment
model_point_became_experiment,10.1016_j.sse.2022.108584-5b-S1-P005,relevance=model is_model=True kind=series_member_experiment
model_point_became_experiment,10.1016_j.sse.2022.108584-5b-S1-P006,relevance=model is_model=True kind=series_member_experiment
model_point_became_experiment,10.1016_j.sse.2022.108584-5b-S1-P007,relevance=model is_model=True kind=series_member_experiment
model_point_became_experiment,10.1016_j.sse.2022.108584-5b-S1-P008,relevance=model is_model=True kind=series_member_experiment
model_point_became_experiment,10.1016_j.sse.2022.108584-5b-S1-P009,relevance=model is_model=True kind=series_member_experiment
model_point_became_experiment,10.1016_j.sse.2022.108584-5b-S1-P010,relevance=model is_model=True kind=series_member_experiment
model_point_became_experiment,10.1016_j.sse.2022.108584-5b-S1-P011,relevance=model is_model=True kind=series_member_experiment
model_point_became_experiment,10.1016_j.sse.2022.108584-5b-S1-P012,relevance=model is_model=True kind=series_member_experiment
model_point_became_experiment,10.1016_j.sse.2022.108584-5b-S1-P013,relevance=model is_model=True kind=series_member_experiment
model_point_became_experiment,10.1016_j.sse.2022.108584-5b-S1-P014,relevance=model is_model=True kind=series_member_experiment
model_point_became_experiment,10.1016_j.sse.2022.108584-5b-S1-P015,relevance=model is_model=True kind=series_member_experiment
model_point_became_experiment,10.1016_j.sse.2022.108584-5b-S1-P016,relevance=model is_model=True kind=series_member_experiment
model_point_became_experiment,10.1016_j.sse.2022.108584-5b-S2-P000,relevance=model is_model=True kind=series_member_experiment
model_point_became_experiment,10.1016_j.sse.2022.108584-5b-S2-P001,relevance=model is_model=True kind=series_member_experiment
model_point_became_experiment,10.1016_j.sse.2022.108584-5b-S2-P002,relevance=model is_model=True kind=series_member_experiment
model_point_became_experiment,10.1016_j.sse.2022.108584-5b-S2-P003,relevance=model is_model=True kind=series_member_experiment
model_point_became_experiment,10.1016_j.sse.2022.108584-5b-S2-P004,relevance=model is_model=True kind=series_member_experiment
model_point_became_experiment,10.1016_j.sse.2022.108584-5b-S2-P005,relevance=model is_model=True kind=series_member_experiment
model_point_became_experiment,10.1016_j.sse.2022.108584-5b-S2-P006,relevance=model is_model=True kind=series_member_experiment
model_point_became_experiment,10.1016_j.sse.2022.108584-5b-S2-P007,relevance=model is_model=True kind=series_member_experiment
model_point_became_experiment,10.1016_j.sse.2022.108584-5b-S2-P008,relevance=model is_model=True kind=series_member_experiment
model_point_became_experiment,10.1016_j.sse.2022.108584-5b-S2-P009,relevance=model is_model=True kind=series_member_experiment
model_point_became_experiment,10.1016_j.sse.2022.108584-5b-S2-P010,relevance=model is_model=True kind=series_member_experiment
model_point_became_experiment,10.1016_j.sse.2022.108584-5b-S2-P011,relevance=model is_model=True kind=series_member_experiment
model_point_became_experiment,10.1016_j.sse.2022.108584-5b-S2-P012,relevance=model is_model=True kind=series_member_experiment
model_point_became_experiment,10.1016_j.sse.2022.108584-5b-S2-P013,relevance=model is_model=True kind=series_member_experiment
model_point_became_experiment,10.1016_j.sse.2022.108584-5b-S2-P014,relevance=model is_model=True kind=series_member_experiment
model_point_became_experiment,10.1016_j.sse.2022.108584-5b-S2-P015,relevance=model is_model=True kind=series_member_experiment
model_point_became_experiment,10.1016_j.sse.2022.108584-5b-S2-P016,relevance=model is_model=True kind=series_member_experiment
model_point_became_experiment,10.1016_j.sse.2022.108584-F6a-17,relevance=model is_model=True kind=profile_experiment
model_point_became_experiment,10.1016_j.sse.2022.108584-F6a-18,relevance=model is_model=True kind=profile_experiment
model_point_became_experiment,10.1016_j.sse.2022.108584-F6a-19,relevance=model is_model=True kind=profile_experiment
model_point_became_experiment,10.1016_j.sse.2022.108584-F6a-20,relevance=model is_model=True kind=profile_experiment
model_point_became_experiment,10.1016_j.sse.2022.108584-F7a-21,relevance=model is_model=True kind=profile_experiment
model_point_became_experiment,10.1016_j.sse.2022.108584-F7a-22,relevance=model is_model=True kind=profile_experiment
model_point_became_experiment,10.1016_j.sse.2022.108584-F7a-23,relevance=model is_model=True kind=profile_experiment
model_point_became_experiment,10.1016_j.sse.2022.108584-F7a-24,relevance=model is_model=True kind=profile_experiment
model_point_became_experiment,10.1016_j.sse.2022.108584-F7a-25,relevance=model is_model=True kind=profile_experiment
model_point_became_experiment,10.1021_acs.jpcc.9b08176-1b-S0-P000,relevance=model is_model=True kind=series_member_experiment
model_point_became_experiment,10.1021_acs.jpcc.9b08176-1b-S0-P001,relevance=model is_model=True kind=series_member_experiment
model_point_became_experiment,10.1021_acs.jpcc.9b08176-1b-S0-P002,relevance=model is_model=True kind=series_member_experiment
model_point_became_experiment,10.1021_acs.jpcc.9b08176-1b-S0-P003,relevance=model is_model=True kind=series_member_experiment
model_point_became_experiment,10.1021_acs.jpcc.9b08176-1b-S0-P004,relevance=model is_model=True kind=series_member_experiment
model_point_became_experiment,10.1021_acs.jpcc.9b08176-1b-S0-P005,relevance=model is_model=True kind=series_member_experiment
model_point_became_experiment,10.1021_acs.jpcc.9b08176-1b-S0-P006,relevance=model is_model=True kind=series_member_experiment
model_point_became_experiment,10.1021_acs.jpcc.9b08176-1b-S0-P007,relevance=model is_model=True kind=series_member_experiment
model_point_became_experiment,10.1021_acs.jpcc.9b08176-1b-S0-P008,relevance=model is_model=True kind=series_member_experiment
model_point_became_experiment,10.1021_acs.jpcc.9b08176-1b-S0-P009,relevance=model is_model=True kind=series_member_experiment
model_point_became_experiment,10.1021_acs.jpcc.9b08176-1b-S0-P010,relevance=model is_model=True kind=series_member_experiment
model_point_became_experiment,10.1021_acs.jpcc.9b08176-1b-S0-P011,relevance=model is_model=True kind=series_member_experiment
model_point_became_experiment,10.1021_acs.jpcc.9b08176-1b-S0-P012,relevance=model is_model=True kind=series_member_experiment
model_point_became_experiment,10.1021_acs.jpcc.9b08176-1b-S0-P013,relevance=model is_model=True kind=series_member_experiment
model_point_became_experiment,10.1021_acs.jpcc.9b08176-1b-S0-P014,relevance=model is_model=True kind=series_member_experiment
model_point_became_experiment,10.1021_acs.jpcc.9b08176-1b-S0-P015,relevance=model is_model=True kind=series_member_experiment
model_point_became_experiment,10.1021_acs.jpcc.9b08176-1b-S1-P000,relevance=model is_model=True kind=series_member_experiment
model_point_became_experiment,10.1021_acs.jpcc.9b08176-1b-S1-P001,relevance=model is_model=True kind=series_member_experiment
model_point_became_experiment,10.1021_acs.jpcc.9b08176-1b-S1-P002,relevance=model is_model=True kind=series_member_experiment
model_point_became_experiment,10.1021_acs.jpcc.9b08176-1b-S1-P003,relevance=model is_model=True kind=series_member_experiment
model_point_became_experiment,10.1021_acs.jpcc.9b08176-1b-S1-P004,relevance=model is_model=True kind=series_member_experiment
model_point_became_experiment,10.1021_acs.jpcc.9b08176-1b-S1-P005,relevance=model is_model=True kind=series_member_experiment
model_point_became_experiment,10.1021_acs.jpcc.9b08176-1b-S1-P006,relevance=model is_model=True kind=series_member_experiment
model_point_became_experiment,10.1021_acs.jpcc.9b08176-1b-S1-P007,relevance=model is_model=True kind=series_member_experiment
model_point_became_experiment,10.1021_acs.jpcc.9b08176-1b-S1-P008,relevance=model is_model=True kind=series_member_experiment
model_point_became_experiment,10.1021_acs.jpcc.9b08176-1b-S1-P009,relevance=model is_model=True kind=series_member_experiment
model_point_became_experiment,10.1021_acs.jpcc.9b08176-1b-S1-P010,relevance=model is_model=True kind=series_member_experiment
model_point_became_experiment,10.1021_acs.jpcc.9b08176-1b-S1-P011,relevance=model is_model=True kind=series_member_experiment
model_point_became_experiment,10.1021_acs.jpcc.9b08176-1b-S1-P012,relevance=model is_model=True kind=series_member_experiment
model_point_became_experiment,10.1021_acs.jpcc.9b08176-1b-S2-P000,relevance=model is_model=True kind=series_member_experiment
model_point_became_experiment,10.1021_acs.jpcc.9b08176-1b-S2-P001,relevance=model is_model=True kind=series_member_experiment
model_point_became_experiment,10.1021_acs.jpcc.9b08176-1b-S2-P002,relevance=model is_model=True kind=series_member_experiment
model_point_became_experiment,10.1021_acs.jpcc.9b08176-1b-S2-P003,relevance=model is_model=True kind=series_member_experiment
model_point_became_experiment,10.1021_acs.jpcc.9b08176-1b-S2-P004,relevance=model is_model=True kind=series_member_experiment
model_point_became_experiment,10.1021_acs.jpcc.9b08176-1b-S2-P005,relevance=model is_model=True kind=series_member_experiment
model_point_became_experiment,10.1021_acs.jpcc.9b08176-1b-S2-P006,relevance=model is_model=True kind=series_member_experiment
model_point_became_experiment,10.1021_acs.jpcc.9b08176-1b-S2-P007,relevance=model is_model=True kind=series_member_experiment
model_point_became_experiment,10.1021_acs.jpcc.9b08176-1b-S2-P008,relevance=model is_model=True kind=series_member_experiment
model_point_became_experiment,10.1021_acs.jpcc.9b08176-1b-S2-P009,relevance=model is_model=True kind=series_member_experiment
model_point_became_experiment,10.1021_acs.jpcc.9b08176-1b-S2-P010,relevance=model is_model=True kind=series_member_experiment
model_point_became_experiment,10.1021_acs.jpcc.9b08176-1b-S2-P011,relevance=model is_model=True kind=series_member_experiment
model_point_became_experiment,10.1021_acs.jpcc.9b08176-1b-S3-P000,relevance=model is_model=True kind=series_member_experiment
model_point_became_experiment,10.1021_acs.jpcc.9b08176-1b-S3-P001,relevance=model is_model=True kind=series_member_experiment
model_point_became_experiment,10.1021_acs.jpcc.9b08176-1b-S3-P002,relevance=model is_model=True kind=series_member_experiment
model_point_became_experiment,10.1021_acs.jpcc.9b08176-1b-S3-P003,relevance=model is_model=True kind=series_member_experiment
model_point_became_experiment,10.1021_acs.jpcc.9b08176-1b-S3-P004,relevance=model is_model=True kind=series_member_experiment
model_point_became_experiment,10.1021_acs.jpcc.9b08176-1b-S3-P005,relevance=model is_model=True kind=series_member_experiment
model_point_became_experiment,10.1021_acs.jpcc.9b08176-1b-S3-P006,relevance=model is_model=True kind=series_member_experiment
model_point_became_experiment,10.1021_acs.jpcc.9b08176-1b-S3-P007,relevance=model is_model=True kind=series_member_experiment
model_point_became_experiment,10.1021_acs.jpcc.9b08176-1b-S3-P008,relevance=model is_model=True kind=series_member_experiment
model_point_became_experiment,10.1021_acs.jpcc.9b08176-1b-S3-P009,relevance=model is_model=True kind=series_member_experiment
model_point_became_experiment,10.1021_acs.jpcc.9b08176-1b-S3-P010,relevance=model is_model=True kind=series_member_experiment
model_point_became_experiment,10.1021_acs.jpcc.9b08176-1c-S4-P000,relevance=model is_model=True kind=series_member_experiment
model_point_became_experiment,10.1021_acs.jpcc.9b08176-1c-S4-P001,relevance=model is_model=True kind=series_member_experiment
model_point_became_experiment,10.1021_acs.jpcc.9b08176-1c-S4-P002,relevance=model is_model=True kind=series_member_experiment
model_point_became_experiment,10.1021_acs.jpcc.9b08176-1c-S4-P003,relevance=model is_model=True kind=series_member_experiment
model_point_became_experiment,10.1021_acs.jpcc.9b08176-1c-S4-P004,relevance=model is_model=True kind=series_member_experiment
model_point_became_experiment,10.1021_acs.jpcc.9b08176-1c-S4-P005,relevance=model is_model=True kind=series_member_experiment
model_point_became_experiment,10.1021_acs.jpcc.9b08176-1c-S4-P006,relevance=model is_model=True kind=series_member_experiment
model_point_became_experiment,10.1021_acs.jpcc.9b08176-1c-S4-P007,relevance=model is_model=True kind=series_member_experiment
model_point_became_experiment,10.1021_acs.jpcc.9b08176-1c-S4-P008,relevance=model is_model=True kind=series_member_experiment
model_point_became_experiment,10.1021_acs.jpcc.9b08176-1c-S4-P009,relevance=model is_model=True kind=series_member_experiment
model_point_became_experiment,10.1021_acs.jpcc.9b08176-1c-S4-P010,relevance=model is_model=True kind=series_member_experiment
model_point_became_experiment,10.1021_acs.jpcc.9b08176-1c-S4-P011,relevance=model is_model=True kind=series_member_experiment
model_point_became_experiment,10.1021_acs.jpcc.9b08176-1c-S4-P012,relevance=model is_model=True kind=series_member_experiment
model_point_became_experiment,10.1021_acs.jpcc.9b08176-1c-S4-P013,relevance=model is_model=True kind=series_member_experiment
model_point_became_experiment,10.1021_acs.jpcc.9b08176-1c-S5-P000,relevance=model is_model=True kind=series_member_experiment
model_point_became_experiment,10.1021_acs.jpcc.9b08176-1c-S5-P001,relevance=model is_model=True kind=series_member_experiment
model_point_became_experiment,10.1021_acs.jpcc.9b08176-1c-S5-P002,relevance=model is_model=True kind=series_member_experiment
model_point_became_experiment,10.1021_acs.jpcc.9b08176-1c-S5-P003,relevance=model is_model=True kind=series_member_experiment
model_point_became_experiment,10.1021_acs.jpcc.9b08176-1c-S5-P004,relevance=model is_model=True kind=series_member_experiment
model_point_became_experiment,10.1021_acs.jpcc.9b08176-1c-S5-P005,relevance=model is_model=True kind=series_member_experiment
model_point_became_experiment,10.1021_acs.jpcc.9b08176-1c-S5-P006,relevance=model is_model=True kind=series_member_experiment
model_point_became_experiment,10.1021_acs.jpcc.9b08176-1c-S5-P007,relevance=model is_model=True kind=series_member_experiment
model_point_became_experiment,10.1021_acs.jpcc.9b08176-1c-S5-P008,relevance=model is_model=True kind=series_member_experiment
model_point_became_experiment,10.1021_acs.jpcc.9b08176-1c-S5-P009,relevance=model is_model=True kind=series_member_experiment
model_point_became_experiment,10.1021_acs.jpcc.9b08176-1c-S5-P010,relevance=model is_model=True kind=series_member_experiment
model_point_became_experiment,10.1021_acs.jpcc.9b08176-1c-S5-P011,relevance=model is_model=True kind=series_member_experiment
model_point_became_experiment,10.1021_acs.jpcc.9b08176-1c-S5-P012,relevance=model is_model=True kind=series_member_experiment
model_point_became_experiment,10.1021_acs.jpcc.9b08176-1c-S5-P013,relevance=model is_model=True kind=series_member_experiment
model_point_became_experiment,10.1021_acs.jpcc.9b08176-1c-S6-P000,relevance=model is_model=True kind=series_member_experiment
model_point_became_experiment,10.1021_acs.jpcc.9b08176-1c-S6-P001,relevance=model is_model=True kind=series_member_experiment
model_point_became_experiment,10.1021_acs.jpcc.9b08176-1c-S6-P002,relevance=model is_model=True kind=series_member_experiment
model_point_became_experiment,10.1021_acs.jpcc.9b08176-1c-S6-P003,relevance=model is_model=True kind=series_member_experiment
model_point_became_experiment,10.1021_acs.jpcc.9b08176-1c-S6-P004,relevance=model is_model=True kind=series_member_experiment
model_point_became_experiment,10.1021_acs.jpcc.9b08176-1c-S6-P005,relevance=model is_model=True kind=series_member_experiment
model_point_became_experiment,10.1021_acs.jpcc.9b08176-1c-S6-P006,relevance=model is_model=True kind=series_member_experiment
model_point_became_experiment,10.1021_acs.jpcc.9b08176-1c-S6-P007,relevance=model is_model=True kind=series_member_experiment
model_point_became_experiment,10.1021_acs.jpcc.9b08176-1c-S6-P008,relevance=model is_model=True kind=series_member_experiment
model_point_became_experiment,10.1021_acs.jpcc.9b08176-1c-S6-P009,relevance=model is_model=True kind=series_member_experiment
model_point_became_experiment,10.1021_acs.jpcc.9b08176-1c-S6-P010,relevance=model is_model=True kind=series_member_experiment
model_point_became_experiment,10.1021_acs.jpcc.9b08176-1c-S6-P011,relevance=model is_model=True kind=series_member_experiment
model_point_became_experiment,10.1021_acs.jpcc.9b08176-1c-S6-P012,relevance=model is_model=True kind=series_member_experiment
model_point_became_experiment,10.1021_acs.jpcc.9b08176-1c-S6-P013,relevance=model is_model=True kind=series_member_experiment
model_point_became_experiment,10.1021_acs.jpcc.9b08176-1c-S7-P000,relevance=model is_model=True kind=series_member_experiment
model_point_became_experiment,10.1021_acs.jpcc.9b08176-1c-S7-P001,relevance=model is_model=True kind=series_member_experiment
model_point_became_experiment,10.1021_acs.jpcc.9b08176-1c-S7-P002,relevance=model is_model=True kind=series_member_experiment
model_point_became_experiment,10.1021_acs.jpcc.9b08176-1c-S7-P003,relevance=model is_model=True kind=series_member_experiment
model_point_became_experiment,10.1021_acs.jpcc.9b08176-1c-S7-P004,relevance=model is_model=True kind=series_member_experiment
model_point_became_experiment,10.1021_acs.jpcc.9b08176-1c-S7-P005,relevance=model is_model=True kind=series_member_experiment
model_point_became_experiment,10.1021_acs.jpcc.9b08176-1c-S7-P006,relevance=model is_model=True kind=series_member_experiment
model_point_became_experiment,10.1021_acs.jpcc.9b08176-1c-S7-P007,relevance=model is_model=True kind=series_member_experiment
model_point_became_experiment,10.1021_acs.jpcc.9b08176-1c-S7-P008,relevance=model is_model=True kind=series_member_experiment
model_point_became_experiment,10.1021_acs.jpcc.9b08176-1c-S7-P009,relevance=model is_model=True kind=series_member_experiment
model_point_became_experiment,10.1021_acs.jpcc.9b08176-1c-S7-P010,relevance=model is_model=True kind=series_member_experiment
model_point_became_experiment,10.1021_acs.jpcc.9b08176-1c-S7-P011,relevance=model is_model=True kind=series_member_experiment
model_point_became_experiment,10.1021_acs.jpcc.9b08176-1c-S7-P012,relevance=model is_model=True kind=series_member_experiment
model_point_became_experiment,10.1021_acs.jpcc.9b08176-1c-S7-P013,relevance=model is_model=True kind=series_member_experiment
model_point_became_experiment,10.1021_acs.jpcc.9b08176-1c-S8-P000,relevance=model is_model=True kind=series_member_experiment
model_point_became_experiment,10.1021_acs.jpcc.9b08176-1c-S8-P001,relevance=model is_model=True kind=series_member_experiment
model_point_became_experiment,10.1021_acs.jpcc.9b08176-1c-S8-P002,relevance=model is_model=True kind=series_member_experiment
model_point_became_experiment,10.1021_acs.jpcc.9b08176-1c-S8-P003,relevance=model is_model=True kind=series_member_experiment
model_point_became_experiment,10.1021_acs.jpcc.9b08176-1c-S8-P004,relevance=model is_model=True kind=series_member_experiment
model_point_became_experiment,10.1021_acs.jpcc.9b08176-1c-S8-P005,relevance=model is_model=True kind=series_member_experiment
model_point_became_experiment,10.1021_acs.jpcc.9b08176-1c-S8-P006,relevance=model is_model=True kind=series_member_experiment
model_point_became_experiment,10.1021_acs.jpcc.9b08176-1c-S8-P007,relevance=model is_model=True kind=series_member_experiment
model_point_became_experiment,10.1021_acs.jpcc.9b08176-1c-S8-P008,relevance=model is_model=True kind=series_member_experiment
model_point_became_experiment,10.1021_acs.jpcc.9b08176-1c-S8-P009,relevance=model is_model=True kind=series_member_experiment
model_point_became_experiment,10.1021_acs.jpcc.9b08176-1c-S8-P010,relevance=model is_model=True kind=series_member_experiment
model_point_became_experiment,10.1021_acs.jpcc.9b08176-1c-S8-P011,relevance=model is_model=True kind=series_member_experiment
model_point_became_experiment,10.1021_acs.jpcc.9b08176-1c-S8-P012,relevance=model is_model=True kind=series_member_experiment
model_point_became_experiment,10.1021_acs.jpcc.9b08176-1c-S8-P013,relevance=model is_model=True kind=series_member_experiment
model_point_became_experiment,10.1039_d0cp03358h-F3a-4,relevance=model is_model=True kind=profile_experiment
model_point_became_experiment,10.1039_d0cp03358h-F10a-38,relevance=model is_model=True kind=profile_experiment
model_point_became_experiment,10.1039_d0cp03358h-F10a-39,relevance=model is_model=True kind=profile_experiment
model_point_became_experiment,10.1039_d0cp03358h-F10a-40,relevance=model is_model=True kind=profile_experiment
model_point_became_experiment,10.1039_d0cp03358h-F10a-41,relevance=model is_model=True kind=profile_experiment
model_point_became_experiment,10.1039_d0cp03358h-F10a-42,relevance=model is_model=True kind=profile_experiment
model_point_became_experiment,10.1039_d0cp03358h-F10b-43,relevance=model is_model=True kind=profile_experiment
model_point_became_experiment,10.1039_d0cp03358h-F10b-44,relevance=model is_model=True kind=profile_experiment
model_point_became_experiment,10.1039_d0cp03358h-F10b-45,relevance=model is_model=True kind=profile_experiment
model_point_became_experiment,10.1039_d0cp03358h-F10b-46,relevance=model is_model=True kind=profile_experiment
model_point_became_experiment,10.1039_d0cp03358h-F10b-47,relevance=model is_model=True kind=profile_experiment
model_point_became_experiment,10.1039_d0cp03358h-F10c-48,relevance=model is_model=True kind=profile_experiment
model_point_became_experiment,10.1039_d0cp03358h-F10c-49,relevance=model is_model=True kind=profile_experiment
model_point_became_experiment,10.1039_d0cp03358h-F10c-50,relevance=model is_model=True kind=profile_experiment
model_point_became_experiment,10.1039_d0cp03358h-F10c-51,relevance=model is_model=True kind=profile_experiment
model_point_became_experiment,10.1039_d0cp03358h-F10c-52,relevance=model is_model=True kind=profile_experiment
model_point_became_experiment,10.1039_d0cp03358h-F10d-53,relevance=model is_model=True kind=profile_experiment
model_point_became_experiment,10.1039_d0cp03358h-F10d-54,relevance=model is_model=True kind=profile_experiment
model_point_became_experiment,10.1039_d0cp03358h-F10d-55,relevance=model is_model=True kind=profile_experiment
model_point_became_experiment,10.1039_d0cp03358h-F10d-56,relevance=model is_model=True kind=profile_experiment
model_point_became_experiment,10.1039_d0cp03358h-F10d-57,relevance=model is_model=True kind=profile_experiment
model_point_became_experiment,10.1039_d0cp03358h-F10e-58,relevance=model is_model=True kind=profile_experiment
model_point_became_experiment,10.1039_d0cp03358h-F10e-59,relevance=model is_model=True kind=profile_experiment
model_point_became_experiment,10.1039_d0cp03358h-F10e-60,relevance=model is_model=True kind=profile_experiment
model_point_became_experiment,10.1039_d0cp03358h-F10e-61,relevance=model is_model=True kind=profile_experiment
model_point_became_experiment,10.1039_d0cp03358h-F10e-62,relevance=model is_model=True kind=profile_experiment
model_point_became_experiment,10.1039_d0cp03358h-F10f-63,relevance=model is_model=True kind=profile_experiment
model_point_became_experiment,10.1039_d0cp03358h-F10f-64,relevance=model is_model=True kind=profile_experiment
model_point_became_experiment,10.1039_d0cp03358h-F10f-65,relevance=model is_model=True kind=profile_experiment
model_point_became_experiment,10.1039_d0cp03358h-F10f-66,relevance=model is_model=True kind=profile_experiment
model_point_became_experiment,10.1039_d0cp03358h-F10f-67,relevance=model is_model=True kind=profile_experiment
model_point_became_experiment,10.1063_1.5028178-F2a-0,relevance=model is_model=True kind=profile_experiment
model_point_became_experiment,10.1063_1.5028178-F2a-1,relevance=model is_model=True kind=profile_experiment
model_point_became_experiment,10.1063_1.5028178-F2a-2,relevance=model is_model=True kind=profile_experiment
model_point_became_experiment,10.1063_1.5028178-F2a-3,relevance=model is_model=True kind=profile_experiment
model_point_became_experiment,10.1063_1.5028178-F3a-4,relevance=model is_model=True kind=profile_experiment
model_point_became_experiment,10.1063_1.5028178-F3a-5,relevance=model is_model=True kind=profile_experiment
model_point_became_experiment,10.1063_1.5028178-F3a-6,relevance=model is_model=True kind=profile_experiment
model_point_became_experiment,10.1063_1.5028178-F3a-7,relevance=model is_model=True kind=profile_experiment
model_point_became_experiment,10.1063_1.5028178-F4a-8,relevance=model is_model=True kind=profile_experiment
model_point_became_experiment,10.1063_1.5028178-F4a-9,relevance=model is_model=True kind=profile_experiment
model_point_became_experiment,10.1063_1.5028178-F4a-10,relevance=model is_model=True kind=profile_experiment
model_point_became_experiment,10.1063_1.5028178-F4a-11,relevance=model is_model=True kind=profile_experiment
model_point_became_experiment,10.1063_1.5028178-5a-S0-P000,relevance=model is_model=True kind=series_member_experiment
model_point_became_experiment,10.1063_1.5028178-5a-S0-P001,relevance=model is_model=True kind=series_member_experiment
model_point_became_experiment,10.1063_1.5028178-5a-S0-P002,relevance=model is_model=True kind=series_member_experiment
model_point_became_experiment,10.1063_1.5028178-5a-S0-P003,relevance=model is_model=True kind=series_member_experiment
model_point_became_experiment,10.1063_1.5028178-5a-S0-P004,relevance=model is_model=True kind=series_member_experiment
model_point_became_experiment,10.1063_1.5028178-5a-S0-P005,relevance=model is_model=True kind=series_member_experiment
model_point_became_experiment,10.1063_1.5028178-5a-S0-P006,relevance=model is_model=True kind=series_member_experiment
model_point_became_experiment,10.1063_1.5028178-5a-S0-P007,relevance=model is_model=True kind=series_member_experiment
model_point_became_experiment,10.1063_1.5028178-5a-S0-P008,relevance=model is_model=True kind=series_member_experiment
model_point_became_experiment,10.1063_1.5028178-5a-S0-P009,relevance=model is_model=True kind=series_member_experiment
model_point_became_experiment,10.1063_1.5028178-5a-S0-P010,relevance=model is_model=True kind=series_member_experiment
model_point_became_experiment,10.1063_1.5028178-5a-S0-P011,relevance=model is_model=True kind=series_member_experiment
model_point_became_experiment,10.1063_1.5028178-5a-S0-P012,relevance=model is_model=True kind=series_member_experiment
model_point_became_experiment,10.1063_1.5028178-5a-S0-P013,relevance=model is_model=True kind=series_member_experiment
model_point_became_experiment,10.1063_1.5028178-5a-S0-P014,relevance=model is_model=True kind=series_member_experiment
model_point_became_experiment,10.1063_1.5028178-5a-S0-P015,relevance=model is_model=True kind=series_member_experiment
model_point_became_experiment,10.1063_1.5028178-5a-S0-P016,relevance=model is_model=True kind=series_member_experiment
model_point_became_experiment,10.1063_1.5028178-5a-S0-P017,relevance=model is_model=True kind=series_member_experiment
model_point_became_experiment,10.1063_1.5028178-5a-S0-P018,relevance=model is_model=True kind=series_member_experiment
model_point_became_experiment,10.1063_1.5028178-5a-S0-P019,relevance=model is_model=True kind=series_member_experiment
model_point_became_experiment,10.1063_1.5028178-5a-S0-P020,relevance=model is_model=True kind=series_member_experiment
model_point_became_experiment,10.1063_1.5028178-5a-S0-P021,relevance=model is_model=True kind=series_member_experiment
model_point_became_experiment,10.1063_1.5028178-5a-S0-P022,relevance=model is_model=True kind=series_member_experiment
model_point_became_experiment,10.1063_1.5028178-5a-S0-P023,relevance=model is_model=True kind=series_member_experiment
model_point_became_experiment,10.1063_1.5028178-5a-S0-P024,relevance=model is_model=True kind=series_member_experiment
model_point_became_experiment,10.1063_1.5028178-5a-S1-P000,relevance=model is_model=True kind=series_member_experiment
model_point_became_experiment,10.1063_1.5028178-5a-S1-P001,relevance=model is_model=True kind=series_member_experiment
model_point_became_experiment,10.1063_1.5028178-5a-S1-P002,relevance=model is_model=True kind=series_member_experiment
model_point_became_experiment,10.1063_1.5028178-5a-S1-P003,relevance=model is_model=True kind=series_member_experiment
model_point_became_experiment,10.1063_1.5028178-5a-S1-P004,relevance=model is_model=True kind=series_member_experiment
model_point_became_experiment,10.1063_1.5028178-5a-S1-P005,relevance=model is_model=True kind=series_member_experiment
model_point_became_experiment,10.1063_1.5028178-5a-S1-P006,relevance=model is_model=True kind=series_member_experiment
model_point_became_experiment,10.1063_1.5028178-5a-S1-P007,relevance=model is_model=True kind=series_member_experiment
model_point_became_experiment,10.1063_1.5028178-5a-S1-P008,relevance=model is_model=True kind=series_member_experiment
model_point_became_experiment,10.1063_1.5028178-5a-S1-P009,relevance=model is_model=True kind=series_member_experiment
model_point_became_experiment,10.1063_1.5028178-5a-S1-P010,relevance=model is_model=True kind=series_member_experiment
model_point_became_experiment,10.1063_1.5028178-5a-S1-P011,relevance=model is_model=True kind=series_member_experiment
model_point_became_experiment,10.1063_1.5028178-5a-S1-P012,relevance=model is_model=True kind=series_member_experiment
model_point_became_experiment,10.1063_1.5028178-5a-S1-P013,relevance=model is_model=True kind=series_member_experiment
model_point_became_experiment,10.1063_1.5028178-5a-S1-P014,relevance=model is_model=True kind=series_member_experiment
model_point_became_experiment,10.1063_1.5028178-5a-S1-P015,relevance=model is_model=True kind=series_member_experiment
model_point_became_experiment,10.1063_1.5028178-5a-S1-P016,relevance=model is_model=True kind=series_member_experiment
model_point_became_experiment,10.1063_1.5028178-5a-S1-P017,relevance=model is_model=True kind=series_member_experiment
model_point_became_experiment,10.1063_1.5028178-5a-S1-P018,relevance=model is_model=True kind=series_member_experiment
model_point_became_experiment,10.1063_1.5028178-5a-S1-P019,relevance=model is_model=True kind=series_member_experiment
model_point_became_experiment,10.1063_1.5028178-5a-S1-P020,relevance=model is_model=True kind=series_member_experiment
model_point_became_experiment,10.1063_1.5028178-5a-S1-P021,relevance=model is_model=True kind=series_member_experiment
model_point_became_experiment,10.1063_1.5028178-5a-S1-P022,relevance=model is_model=True kind=series_member_experiment
model_point_became_experiment,10.1063_1.5028178-5a-S2-P000,relevance=model is_model=True kind=series_member_experiment
model_point_became_experiment,10.1063_1.5028178-5a-S2-P001,relevance=model is_model=True kind=series_member_experiment
model_point_became_experiment,10.1063_1.5028178-5a-S2-P002,relevance=model is_model=True kind=series_member_experiment
model_point_became_experiment,10.1063_1.5028178-5a-S2-P003,relevance=model is_model=True kind=series_member_experiment
model_point_became_experiment,10.1063_1.5028178-5a-S2-P004,relevance=model is_model=True kind=series_member_experiment
model_point_became_experiment,10.1063_1.5028178-5a-S2-P005,relevance=model is_model=True kind=series_member_experiment
model_point_became_experiment,10.1063_1.5028178-5a-S2-P006,relevance=model is_model=True kind=series_member_experiment
model_point_became_experiment,10.1063_1.5028178-5a-S2-P007,relevance=model is_model=True kind=series_member_experiment
model_point_became_experiment,10.1063_1.5028178-5a-S2-P008,relevance=model is_model=True kind=series_member_experiment
model_point_became_experiment,10.1063_1.5028178-5a-S2-P009,relevance=model is_model=True kind=series_member_experiment
model_point_became_experiment,10.1116_1.4892385-F2a-0,relevance=model is_model=True kind=profile_experiment
model_point_became_experiment,10.1116_1.4892385-F2a-1,relevance=model is_model=True kind=profile_experiment
model_point_became_experiment,10.1116_1.4892385-F2a-2,relevance=model is_model=True kind=profile_experiment
model_point_became_experiment,10.3762_bjnano.5.25-F3a-0,relevance=model is_model=True kind=profile_experiment
model_point_became_experiment,10.3762_bjnano.5.25-F3a-1,relevance=model is_model=True kind=profile_experiment
model_point_became_experiment,10.3762_bjnano.5.25-F3b-2,relevance=model is_model=True kind=profile_experiment
model_point_became_experiment,10.3762_bjnano.5.25-F3b-3,relevance=model is_model=True kind=profile_experiment
model_point_became_experiment,10.3762_bjnano.5.25-F3c-4,relevance=model is_model=True kind=profile_experiment
model_point_became_experiment,10.3762_bjnano.5.25-F3c-5,relevance=model is_model=True kind=profile_experiment
model_point_became_experiment,10.3762_bjnano.5.25-F3c-6,relevance=model is_model=True kind=profile_experiment
model_point_became_experiment,10.3762_bjnano.5.25-F3c-7,relevance=model is_model=True kind=profile_experiment
model_point_became_experiment,10.3762_bjnano.5.25-F3c-8,relevance=model is_model=True kind=profile_experiment
model_point_became_experiment,10.3762_bjnano.5.25-F3d-9,relevance=model is_model=True kind=profile_experiment
model_point_became_experiment,10.3762_bjnano.5.25-F3d-10,relevance=model is_model=True kind=profile_experiment
model_point_became_experiment,10.3762_bjnano.5.25-F3d-11,relevance=model is_model=True kind=profile_experiment
model_point_became_experiment,10.3762_bjnano.5.25-F3d-12,relevance=model is_model=True kind=profile_experiment
model_point_became_experiment,10.3762_bjnano.5.25-F4a-13,relevance=model is_model=True kind=unresolved_experiment_record
model_point_became_experiment,10.3762_bjnano.5.25-F5a-14,relevance=model is_model=True kind=profile_experiment
model_point_became_experiment,10.3762_bjnano.5.25-F5a-15,relevance=model is_model=True kind=profile_experiment
model_point_became_experiment,10.3762_bjnano.5.25-F5a-16,relevance=model is_model=True kind=profile_experiment
model_point_became_experiment,10.3762_bjnano.5.25-F5a-17,relevance=model is_model=True kind=profile_experiment
model_point_became_experiment,10.3762_bjnano.5.25-F5a-18,relevance=model is_model=True kind=profile_experiment
model_point_became_experiment,10.3762_bjnano.5.25-F5a-19,relevance=model is_model=True kind=profile_experiment
model_point_became_experiment,10.3762_bjnano.5.25-F5a-20,relevance=model is_model=True kind=profile_experiment
model_point_became_experiment,10.3762_bjnano.5.25-F5a-21,relevance=model is_model=True kind=profile_experiment
model_point_became_experiment,10.3762_bjnano.5.25-F5a-22,relevance=model is_model=True kind=profile_experiment
model_point_became_experiment,10.3762_bjnano.5.25-F5a-23,relevance=model is_model=True kind=profile_experiment
model_point_became_experiment,10.3762_bjnano.5.25-F5b-24,relevance=model is_model=True kind=profile_experiment
model_point_became_experiment,10.3762_bjnano.5.25-F5b-25,relevance=model is_model=True kind=profile_experiment
model_point_became_experiment,10.3762_bjnano.5.25-F5b-26,relevance=model is_model=True kind=profile_experiment
model_point_became_experiment,10.3762_bjnano.5.25-F5b-27,relevance=model is_model=True kind=profile_experiment
model_point_became_experiment,10.3762_bjnano.5.25-F5b-28,relevance=model is_model=True kind=profile_experiment
model_point_became_experiment,10.3762_bjnano.5.25-F5b-29,relevance=model is_model=True kind=profile_experiment
model_point_became_experiment,10.3762_bjnano.5.25-F5b-30,relevance=model is_model=True kind=profile_experiment
model_point_became_experiment,10.3762_bjnano.5.25-F5b-31,relevance=model is_model=True kind=profile_experiment
model_point_became_experiment,10.3762_bjnano.5.25-F5b-32,relevance=model is_model=True kind=profile_experiment
model_point_became_experiment,10.3762_bjnano.5.25-F5b-33,relevance=model is_model=True kind=profile_experiment
largest_series,10.1039_d3ra05217f-8a-S7,"50 experiments from one curve (varies=bias_voltage, F8a)"
largest_series,10.1039_d3ra05217f-2a-S0,"50 experiments from one curve (varies=deposition_temperature, F2a)"
largest_series,10.1002_pssa.201532305-10a-S12,"48 experiments from one curve (varies=cycle_number, F10a)"
largest_series,10.1039_c7ra07722j-5a-S13,"41 experiments from one curve (varies=cycle_number, F5a)"
largest_series,10.1002_admi.202000318-6a-S4,"39 experiments from one curve (varies=site_density, F6a)"
largest_series,10.1039_c7ra07722j-5a-S14,"38 experiments from one curve (varies=cycle_number, F5a)"
largest_series,10.1021_acs.chemmater.2c02292-4c-S5,"38 experiments from one curve (varies=site_density, F4c)"
largest_series,10.1039_c7ra07722j-5a-S15,"35 experiments from one curve (varies=cycle_number, F5a)"
largest_series,10.1002_celc.201600139-1b-S1,"31 experiments from one curve (varies=cycle_number, F1b)"
largest_series,10.1002_celc.201600139-1b-S0,"30 experiments from one curve (varies=cycle_number, F1b)"
largest_series,10.1116_6.0002154-3a-S0,"29 experiments from one curve (varies=temperature, F3a)"
largest_series,10.1002_celc.201600139-4a-S8,"29 experiments from one curve (varies=cycle_number, F4a)"
largest_series,10.1063_1.5028178-5a-S0,"25 experiments from one curve (varies=pulse_time, F5a)"
largest_series,10.1021_acs.chemmater.2c02292-4c-S6,"25 experiments from one curve (varies=site_density, F4c)"
largest_series,10.1002_pssa.201532305-4a-S2,"25 experiments from one curve (varies=exposure, F4a)"
largest_series,10.1002_pssa.201532305-4a-S1,"25 experiments from one curve (varies=exposure, F4a)"
largest_series,10.1002_pssa.201532305-4a-S0,"25 experiments from one curve (varies=exposure, F4a)"
largest_series,10.1063_1.5028178-5a-S1,"23 experiments from one curve (varies=pulse_time, F5a)"
largest_series,10.1002_pssa.201532305-4c-S7,"23 experiments from one curve (varies=exposure, F4c)"
largest_series,10.1002_pssa.201532305-4c-S6,"23 experiments from one curve (varies=exposure, F4c)"
largest_experiment_growth,10.1002_pssa.201532305,28 -> 300 (+272)
largest_experiment_growth,10.1039_c7ra07722j,34 -> 240 (+206)
largest_experiment_growth,10.1039_d3ra05217f,36 -> 218 (+182)
largest_experiment_growth,10.1002_celc.201600139,17 -> 189 (+172)
largest_experiment_growth,10.1021_acs.chemmater.2c01154,56 -> 190 (+134)
largest_experiment_growth,10.1021_acs.jpcc.9b08176,15 -> 136 (+121)
largest_experiment_growth,10.1002_admi.202000318,17 -> 132 (+115)
largest_experiment_growth,10.1021_acs.chemmater.2c02292,44 -> 155 (+111)
largest_experiment_growth,10.1116_6.0002804,34 -> 121 (+87)
largest_experiment_growth,10.1116_1.4938104,12 -> 78 (+66)
empty_conditions_despite_numeric_caption,10.1002_admi.202000318-1a-S0-P000,panel conditions {} but caption carries numerics
empty_conditions_despite_numeric_caption,10.1002_admi.202000318-1a-S0-P001,panel conditions {} but caption carries numerics
empty_conditions_despite_numeric_caption,10.1002_admi.202000318-1a-S0-P002,panel conditions {} but caption carries numerics
empty_conditions_despite_numeric_caption,10.1002_admi.202000318-1a-S0-P003,panel conditions {} but caption carries numerics
empty_conditions_despite_numeric_caption,10.1002_admi.202000318-1a-S0-P004,panel conditions {} but caption carries numerics
empty_conditions_despite_numeric_caption,10.1002_admi.202000318-1a-S0-P005,panel conditions {} but caption carries numerics
empty_conditions_despite_numeric_caption,10.1002_admi.202000318-1a-S0-P006,panel conditions {} but caption carries numerics
empty_conditions_despite_numeric_caption,10.1002_admi.202000318-1b-S1-P000,panel conditions {} but caption carries numerics
empty_conditions_despite_numeric_caption,10.1002_admi.202000318-1b-S1-P001,panel conditions {} but caption carries numerics
empty_conditions_despite_numeric_caption,10.1002_admi.202000318-1b-S1-P002,panel conditions {} but caption carries numerics
empty_conditions_despite_numeric_caption,10.1002_admi.202000318-1b-S1-P003,panel conditions {} but caption carries numerics
empty_conditions_despite_numeric_caption,10.1002_admi.202000318-1b-S1-P004,panel conditions {} but caption carries numerics
empty_conditions_despite_numeric_caption,10.1002_admi.202000318-1b-S1-P005,panel conditions {} but caption carries numerics
empty_conditions_despite_numeric_caption,10.1002_admi.202000318-1b-S1-P006,panel conditions {} but caption carries numerics
empty_conditions_despite_numeric_caption,10.1002_admi.202000318-1b-S1-P007,panel conditions {} but caption carries numerics
empty_conditions_despite_numeric_caption,10.1002_admi.202000318-1b-S1-P008,panel conditions {} but caption carries numerics
empty_conditions_despite_numeric_caption,10.1002_admi.202000318-1b-S1-P009,panel conditions {} but caption carries numerics
empty_conditions_despite_numeric_caption,10.1002_admi.202000318-1b-S1-P010,panel conditions {} but caption carries numerics
empty_conditions_despite_numeric_caption,10.1002_admi.202000318-1b-S1-P011,panel conditions {} but caption carries numerics
empty_conditions_despite_numeric_caption,10.1002_admi.202000318-1b-S1-P012,panel conditions {} but caption carries numerics
empty_conditions_despite_numeric_caption,10.1002_admi.202000318-1b-S1-P013,panel conditions {} but caption carries numerics
empty_conditions_despite_numeric_caption,10.1002_admi.202000318-1b-S1-P014,panel conditions {} but caption carries numerics
empty_conditions_despite_numeric_caption,10.1002_admi.202000318-1b-S1-P015,panel conditions {} but caption carries numerics
empty_conditions_despite_numeric_caption,10.1002_admi.202000318-1b-S1-P016,panel conditions {} but caption carries numerics
empty_conditions_despite_numeric_caption,10.1002_admi.202000318-1b-S1-P017,panel conditions {} but caption carries numerics
empty_conditions_despite_numeric_caption,10.1002_admi.202000318-1b-S1-P018,panel conditions {} but caption carries numerics
empty_conditions_despite_numeric_caption,10.1002_admi.202000318-1b-S1-P019,panel conditions {} but caption carries numerics
empty_conditions_despite_numeric_caption,10.1002_admi.202000318-1d-S3-P000,panel conditions {} but caption carries numerics
empty_conditions_despite_numeric_caption,10.1002_admi.202000318-1d-S3-P001,panel conditions {} but caption carries numerics
empty_conditions_despite_numeric_caption,10.1002_admi.202000318-1d-S3-P002,panel conditions {} but caption carries numerics
empty_conditions_despite_numeric_caption,10.1002_admi.202000318-1d-S3-P003,panel conditions {} but caption carries numerics
empty_conditions_despite_numeric_caption,10.1002_admi.202000318-1d-S3-P004,panel conditions {} but caption carries numerics
legend_condition_without_structured_binding,10.1002_admi.202000318-F2a-4,label 'ozone exposure time: 10s Ozone' carries [10.0] but no matching controlled value
legend_condition_without_structured_binding,10.1002_admi.202000318-F2a-5,label 'ozone exposure time: 60s Ozone' carries [60.0] but no matching controlled value
legend_condition_without_structured_binding,10.1002_admi.202000318-F2a-6,label 'ozone exposure time: 100s Ozone' carries [100.0] but no matching controlled value
legend_condition_without_structured_binding,10.1002_admi.202000318-F2a-7,label 'ozone exposure time: 120s Ozone' carries [120.0] but no matching controlled value
legend_condition_without_structured_binding,10.1002_admi.202000318-F2a-8,"label 'ozone exposure time: 120s Ozone, x10 TBF' carries [10.0, 120.0] but no matching controlled value"
empty_conditions_despite_numeric_caption,10.1002_admi.202000318-6a-S4-P000,panel conditions {} but caption carries numerics
legend_condition_without_structured_binding,10.1002_admi.202000318-6a-S4-P000,label 'ozone exposure time: 100s Ozone' carries [100.0] but no matching controlled value
empty_conditions_despite_numeric_caption,10.1002_admi.202000318-6a-S4-P001,panel conditions {} but caption carries numerics
legend_condition_without_structured_binding,10.1002_admi.202000318-6a-S4-P001,label 'ozone exposure time: 100s Ozone' carries [100.0] but no matching controlled value
empty_conditions_despite_numeric_caption,10.1002_admi.202000318-6a-S4-P002,panel conditions {} but caption carries numerics
legend_condition_without_structured_binding,10.1002_admi.202000318-6a-S4-P002,label 'ozone exposure time: 100s Ozone' carries [100.0] but no matching controlled value
empty_conditions_despite_numeric_caption,10.1002_admi.202000318-6a-S4-P003,panel conditions {} but caption carries numerics
legend_condition_without_structured_binding,10.1002_admi.202000318-6a-S4-P003,label 'ozone exposure time: 100s Ozone' carries [100.0] but no matching controlled value
empty_conditions_despite_numeric_caption,10.1002_admi.202000318-6a-S4-P004,panel conditions {} but caption carries numerics
legend_condition_without_structured_binding,10.1002_admi.202000318-6a-S4-P004,label 'ozone exposure time: 100s Ozone' carries [100.0] but no matching controlled value
empty_conditions_despite_numeric_caption,10.1002_admi.202000318-6a-S4-P005,panel conditions {} but caption carries numerics
legend_condition_without_structured_binding,10.1002_admi.202000318-6a-S4-P005,label 'ozone exposure time: 100s Ozone' carries [100.0] but no matching controlled value
empty_conditions_despite_numeric_caption,10.1002_admi.202000318-6a-S4-P006,panel conditions {} but caption carries numerics
legend_condition_without_structured_binding,10.1002_admi.202000318-6a-S4-P006,label 'ozone exposure time: 100s Ozone' carries [100.0] but no matching controlled value
empty_conditions_despite_numeric_caption,10.1002_admi.202000318-6a-S4-P007,panel conditions {} but caption carries numerics
legend_condition_without_structured_binding,10.1002_admi.202000318-6a-S4-P007,label 'ozone exposure time: 100s Ozone' carries [100.0] but no matching controlled value
empty_conditions_despite_numeric_caption,10.1002_admi.202000318-6a-S4-P008,panel conditions {} but caption carries numerics
legend_condition_without_structured_binding,10.1002_admi.202000318-6a-S4-P008,label 'ozone exposure time: 100s Ozone' carries [100.0] but no matching controlled value
empty_conditions_despite_numeric_caption,10.1002_admi.202000318-6a-S4-P009,panel conditions {} but caption carries numerics
legend_condition_without_structured_binding,10.1002_admi.202000318-6a-S4-P009,label 'ozone exposure time: 100s Ozone' carries [100.0] but no matching controlled value
empty_conditions_despite_numeric_caption,10.1002_admi.202000318-6a-S4-P010,panel conditions {} but caption carries numerics
legend_condition_without_structured_binding,10.1002_admi.202000318-6a-S4-P010,label 'ozone exposure time: 100s Ozone' carries [100.0] but no matching controlled value
empty_conditions_despite_numeric_caption,10.1002_admi.202000318-6a-S4-P011,panel conditions {} but caption carries numerics
legend_condition_without_structured_binding,10.1002_admi.202000318-6a-S4-P011,label 'ozone exposure time: 100s Ozone' carries [100.0] but no matching controlled value
empty_conditions_despite_numeric_caption,10.1002_admi.202000318-6a-S4-P012,panel conditions {} but caption carries numerics
legend_condition_without_structured_binding,10.1002_admi.202000318-6a-S4-P012,label 'ozone exposure time: 100s Ozone' carries [100.0] but no matching controlled value
empty_conditions_despite_numeric_caption,10.1002_admi.202000318-6a-S4-P013,panel conditions {} but caption carries numerics
legend_condition_without_structured_binding,10.1002_admi.202000318-6a-S4-P013,label 'ozone exposure time: 100s Ozone' carries [100.0] but no matching controlled value
empty_conditions_despite_numeric_caption,10.1002_admi.202000318-6a-S4-P014,panel conditions {} but caption carries numerics
legend_condition_without_structured_binding,10.1002_admi.202000318-6a-S4-P014,label 'ozone exposure time: 100s Ozone' carries [100.0] but no matching controlled value
empty_conditions_despite_numeric_caption,10.1002_admi.202000318-6a-S4-P015,panel conditions {} but caption carries numerics
legend_condition_without_structured_binding,10.1002_admi.202000318-6a-S4-P015,label 'ozone exposure time: 100s Ozone' carries [100.0] but no matching controlled value
empty_conditions_despite_numeric_caption,10.1002_admi.202000318-6a-S4-P016,panel conditions {} but caption carries numerics
legend_condition_without_structured_binding,10.1002_admi.202000318-6a-S4-P016,label 'ozone exposure time: 100s Ozone' carries [100.0] but no matching controlled value
empty_conditions_despite_numeric_caption,10.1002_admi.202000318-6a-S4-P017,panel conditions {} but caption carries numerics
legend_condition_without_structured_binding,10.1002_admi.202000318-6a-S4-P017,label 'ozone exposure time: 100s Ozone' carries [100.0] but no matching controlled value
empty_conditions_despite_numeric_caption,10.1002_admi.202000318-6a-S4-P018,panel conditions {} but caption carries numerics
legend_condition_without_structured_binding,10.1002_admi.202000318-6a-S4-P018,label 'ozone exposure time: 100s Ozone' carries [100.0] but no matching controlled value
empty_conditions_despite_numeric_caption,10.1002_admi.202000318-6a-S4-P019,panel conditions {} but caption carries numerics
legend_condition_without_structured_binding,10.1002_admi.202000318-6a-S4-P019,label 'ozone exposure time: 100s Ozone' carries [100.0] but no matching controlled value
empty_conditions_despite_numeric_caption,10.1002_admi.202000318-6a-S4-P020,panel conditions {} but caption carries numerics
legend_condition_without_structured_binding,10.1002_admi.202000318-6a-S4-P020,label 'ozone exposure time: 100s Ozone' carries [100.0] but no matching controlled value
empty_conditions_despite_numeric_caption,10.1002_admi.202000318-6a-S4-P021,panel conditions {} but caption carries numerics
legend_condition_without_structured_binding,10.1002_admi.202000318-6a-S4-P021,label 'ozone exposure time: 100s Ozone' carries [100.0] but no matching controlled value
empty_conditions_despite_numeric_caption,10.1002_admi.202000318-6a-S4-P022,panel conditions {} but caption carries numerics
legend_condition_without_structured_binding,10.1002_admi.202000318-6a-S4-P022,label 'ozone exposure time: 100s Ozone' carries [100.0] but no matching controlled value
empty_conditions_despite_numeric_caption,10.1002_admi.202000318-6a-S4-P023,panel conditions {} but caption carries numerics
legend_condition_without_structured_binding,10.1002_admi.202000318-6a-S4-P023,label 'ozone exposure time: 100s Ozone' carries [100.0] but no matching controlled value
empty_conditions_despite_numeric_caption,10.1002_admi.202000318-6a-S4-P024,panel conditions {} but caption carries numerics
legend_condition_without_structured_binding,10.1002_admi.202000318-6a-S4-P024,label 'ozone exposure time: 100s Ozone' carries [100.0] but no matching controlled value
empty_conditions_despite_numeric_caption,10.1002_admi.202000318-6a-S4-P025,panel conditions {} but caption carries numerics
legend_condition_without_structured_binding,10.1002_admi.202000318-6a-S4-P025,label 'ozone exposure time: 100s Ozone' carries [100.0] but no matching controlled value
empty_conditions_despite_numeric_caption,10.1002_admi.202000318-6a-S4-P026,panel conditions {} but caption carries numerics
legend_condition_without_structured_binding,10.1002_admi.202000318-6a-S4-P026,label 'ozone exposure time: 100s Ozone' carries [100.0] but no matching controlled value
empty_conditions_despite_numeric_caption,10.1002_admi.202000318-6a-S4-P027,panel conditions {} but caption carries numerics
legend_condition_without_structured_binding,10.1002_admi.202000318-6a-S4-P027,label 'ozone exposure time: 100s Ozone' carries [100.0] but no matching controlled value
empty_conditions_despite_numeric_caption,10.1002_admi.202000318-6a-S4-P028,panel conditions {} but caption carries numerics
legend_condition_without_structured_binding,10.1002_admi.202000318-6a-S4-P028,label 'ozone exposure time: 100s Ozone' carries [100.0] but no matching controlled value
empty_conditions_despite_numeric_caption,10.1002_admi.202000318-6a-S4-P029,panel conditions {} but caption carries numerics
legend_condition_without_structured_binding,10.1002_admi.202000318-6a-S4-P029,label 'ozone exposure time: 100s Ozone' carries [100.0] but no matching controlled value
empty_conditions_despite_numeric_caption,10.1002_admi.202000318-6a-S4-P030,panel conditions {} but caption carries numerics
legend_condition_without_structured_binding,10.1002_admi.202000318-6a-S4-P030,label 'ozone exposure time: 100s Ozone' carries [100.0] but no matching controlled value
empty_conditions_despite_numeric_caption,10.1002_admi.202000318-6a-S4-P031,panel conditions {} but caption carries numerics
legend_condition_without_structured_binding,10.1002_admi.202000318-6a-S4-P031,label 'ozone exposure time: 100s Ozone' carries [100.0] but no matching controlled value
empty_conditions_despite_numeric_caption,10.1002_admi.202000318-6a-S4-P032,panel conditions {} but caption carries numerics
legend_condition_without_structured_binding,10.1002_admi.202000318-6a-S4-P032,label 'ozone exposure time: 100s Ozone' carries [100.0] but no matching controlled value
empty_conditions_despite_numeric_caption,10.1002_admi.202000318-6a-S4-P033,panel conditions {} but caption carries numerics
legend_condition_without_structured_binding,10.1002_admi.202000318-6a-S4-P033,label 'ozone exposure time: 100s Ozone' carries [100.0] but no matching controlled value
empty_conditions_despite_numeric_caption,10.1002_admi.202000318-6a-S4-P034,panel conditions {} but caption carries numerics
legend_condition_without_structured_binding,10.1002_admi.202000318-6a-S4-P034,label 'ozone exposure time: 100s Ozone' carries [100.0] but no matching controlled value
empty_conditions_despite_numeric_caption,10.1002_admi.202000318-6a-S4-P035,panel conditions {} but caption carries numerics
legend_condition_without_structured_binding,10.1002_admi.202000318-6a-S4-P035,label 'ozone exposure time: 100s Ozone' carries [100.0] but no matching controlled value
empty_conditions_despite_numeric_caption,10.1002_admi.202000318-6a-S4-P036,panel conditions {} but caption carries numerics
legend_condition_without_structured_binding,10.1002_admi.202000318-6a-S4-P036,label 'ozone exposure time: 100s Ozone' carries [100.0] but no matching controlled value
empty_conditions_despite_numeric_caption,10.1002_admi.202000318-6a-S4-P037,panel conditions {} but caption carries numerics
legend_condition_without_structured_binding,10.1002_admi.202000318-6a-S4-P037,label 'ozone exposure time: 100s Ozone' carries [100.0] but no matching controlled value
empty_conditions_despite_numeric_caption,10.1002_admi.202000318-6a-S4-P038,panel conditions {} but caption carries numerics
legend_condition_without_structured_binding,10.1002_admi.202000318-6a-S4-P038,label 'ozone exposure time: 100s Ozone' carries [100.0] but no matching controlled value
empty_conditions_despite_numeric_caption,10.1002_admi.202000318-6a-S5-P000,panel conditions {} but caption carries numerics
legend_condition_without_structured_binding,10.1002_admi.202000318-6a-S5-P000,label 'ozone exposure time: 60s Ozone' carries [60.0] but no matching controlled value
empty_conditions_despite_numeric_caption,10.1002_admi.202000318-6a-S5-P001,panel conditions {} but caption carries numerics
legend_condition_without_structured_binding,10.1002_admi.202000318-6a-S5-P001,label 'ozone exposure time: 60s Ozone' carries [60.0] but no matching controlled value
empty_conditions_despite_numeric_caption,10.1002_admi.202000318-6a-S5-P002,panel conditions {} but caption carries numerics
legend_condition_without_structured_binding,10.1002_admi.202000318-6a-S5-P002,label 'ozone exposure time: 60s Ozone' carries [60.0] but no matching controlled value
empty_conditions_despite_numeric_caption,10.1002_admi.202000318-6a-S5-P003,panel conditions {} but caption carries numerics
legend_condition_without_structured_binding,10.1002_admi.202000318-6a-S5-P003,label 'ozone exposure time: 60s Ozone' carries [60.0] but no matching controlled value
empty_conditions_despite_numeric_caption,10.1002_admi.202000318-6a-S5-P004,panel conditions {} but caption carries numerics
legend_condition_without_structured_binding,10.1002_admi.202000318-6a-S5-P004,label 'ozone exposure time: 60s Ozone' carries [60.0] but no matching controlled value
empty_conditions_despite_numeric_caption,10.1002_admi.202000318-6a-S5-P005,panel conditions {} but caption carries numerics
legend_condition_without_structured_binding,10.1002_admi.202000318-6a-S5-P005,label 'ozone exposure time: 60s Ozone' carries [60.0] but no matching controlled value
empty_conditions_despite_numeric_caption,10.1002_admi.202000318-6a-S5-P006,panel conditions {} but caption carries numerics
legend_condition_without_structured_binding,10.1002_admi.202000318-6a-S5-P006,label 'ozone exposure time: 60s Ozone' carries [60.0] but no matching controlled value
empty_conditions_despite_numeric_caption,10.1002_admi.202000318-6a-S5-P007,panel conditions {} but caption carries numerics
legend_condition_without_structured_binding,10.1002_admi.202000318-6a-S5-P007,label 'ozone exposure time: 60s Ozone' carries [60.0] but no matching controlled value
empty_conditions_despite_numeric_caption,10.1002_admi.202000318-6a-S5-P008,panel conditions {} but caption carries numerics
legend_condition_without_structured_binding,10.1002_admi.202000318-6a-S5-P008,label 'ozone exposure time: 60s Ozone' carries [60.0] but no matching controlled value
empty_conditions_despite_numeric_caption,10.1002_admi.202000318-6a-S5-P009,panel conditions {} but caption carries numerics
legend_condition_without_structured_binding,10.1002_admi.202000318-6a-S5-P009,label 'ozone exposure time: 60s Ozone' carries [60.0] but no matching controlled value
empty_conditions_despite_numeric_caption,10.1002_admi.202000318-6a-S5-P010,panel conditions {} but caption carries numerics
legend_condition_without_structured_binding,10.1002_admi.202000318-6a-S5-P010,label 'ozone exposure time: 60s Ozone' carries [60.0] but no matching controlled value
empty_conditions_despite_numeric_caption,10.1002_admi.202000318-6a-S5-P011,panel conditions {} but caption carries numerics
legend_condition_without_structured_binding,10.1002_admi.202000318-6a-S5-P011,label 'ozone exposure time: 60s Ozone' carries [60.0] but no matching controlled value
empty_conditions_despite_numeric_caption,10.1002_admi.202000318-6a-S5-P012,panel conditions {} but caption carries numerics
legend_condition_without_structured_binding,10.1002_admi.202000318-6a-S5-P012,label 'ozone exposure time: 60s Ozone' carries [60.0] but no matching controlled value
empty_conditions_despite_numeric_caption,10.1002_admi.202000318-6a-S5-P013,panel conditions {} but caption carries numerics
legend_condition_without_structured_binding,10.1002_admi.202000318-6a-S5-P013,label 'ozone exposure time: 60s Ozone' carries [60.0] but no matching controlled value
empty_conditions_despite_numeric_caption,10.1002_admi.202000318-6a-S5-P014,panel conditions {} but caption carries numerics
legend_condition_without_structured_binding,10.1002_admi.202000318-6a-S5-P014,label 'ozone exposure time: 60s Ozone' carries [60.0] but no matching controlled value
empty_conditions_despite_numeric_caption,10.1002_admi.202000318-6a-S5-P015,panel conditions {} but caption carries numerics
legend_condition_without_structured_binding,10.1002_admi.202000318-6a-S5-P015,label 'ozone exposure time: 60s Ozone' carries [60.0] but no matching controlled value
empty_conditions_despite_numeric_caption,10.1002_admi.202000318-6a-S5-P016,panel conditions {} but caption carries numerics
legend_condition_without_structured_binding,10.1002_admi.202000318-6a-S5-P016,label 'ozone exposure time: 60s Ozone' carries [60.0] but no matching controlled value
empty_conditions_despite_numeric_caption,10.1002_admi.202000318-6a-S5-P017,panel conditions {} but caption carries numerics
legend_condition_without_structured_binding,10.1002_admi.202000318-6a-S5-P017,label 'ozone exposure time: 60s Ozone' carries [60.0] but no matching controlled value
empty_conditions_despite_numeric_caption,10.1002_admi.202000318-6a-S5-P018,panel conditions {} but caption carries numerics
legend_condition_without_structured_binding,10.1002_admi.202000318-6a-S5-P018,label 'ozone exposure time: 60s Ozone' carries [60.0] but no matching controlled value
empty_conditions_despite_numeric_caption,10.1002_admi.202000318-6a-S5-P019,panel conditions {} but caption carries numerics
legend_condition_without_structured_binding,10.1002_admi.202000318-6a-S5-P019,label 'ozone exposure time: 60s Ozone' carries [60.0] but no matching controlled value
empty_conditions_despite_numeric_caption,10.1002_admi.202000318-6a-S5-P020,panel conditions {} but caption carries numerics
legend_condition_without_structured_binding,10.1002_admi.202000318-6a-S5-P020,label 'ozone exposure time: 60s Ozone' carries [60.0] but no matching controlled value
empty_conditions_despite_numeric_caption,10.1002_admi.202000318-6a-S6-P000,panel conditions {} but caption carries numerics
legend_condition_without_structured_binding,10.1002_admi.202000318-6a-S6-P000,label 'ozone exposure time: 20s Ozone' carries [20.0] but no matching controlled value
empty_conditions_despite_numeric_caption,10.1002_admi.202000318-6a-S6-P001,panel conditions {} but caption carries numerics
legend_condition_without_structured_binding,10.1002_admi.202000318-6a-S6-P001,label 'ozone exposure time: 20s Ozone' carries [20.0] but no matching controlled value
empty_conditions_despite_numeric_caption,10.1002_admi.202000318-6a-S6-P002,panel conditions {} but caption carries numerics
legend_condition_without_structured_binding,10.1002_admi.202000318-6a-S6-P002,label 'ozone exposure time: 20s Ozone' carries [20.0] but no matching controlled value
empty_conditions_despite_numeric_caption,10.1002_admi.202000318-6a-S6-P003,panel conditions {} but caption carries numerics
legend_condition_without_structured_binding,10.1002_admi.202000318-6a-S6-P003,label 'ozone exposure time: 20s Ozone' carries [20.0] but no matching controlled value
empty_conditions_despite_numeric_caption,10.1002_admi.202000318-6a-S6-P004,panel conditions {} but caption carries numerics
legend_condition_without_structured_binding,10.1002_admi.202000318-6a-S6-P004,label 'ozone exposure time: 20s Ozone' carries [20.0] but no matching controlled value
empty_conditions_despite_numeric_caption,10.1002_admi.202000318-6a-S6-P005,panel conditions {} but caption carries numerics
legend_condition_without_structured_binding,10.1002_admi.202000318-6a-S6-P005,label 'ozone exposure time: 20s Ozone' carries [20.0] but no matching controlled value
empty_conditions_despite_numeric_caption,10.1002_admi.202000318-6a-S6-P006,panel conditions {} but caption carries numerics
legend_condition_without_structured_binding,10.1002_admi.202000318-6a-S6-P006,label 'ozone exposure time: 20s Ozone' carries [20.0] but no matching controlled value
empty_conditions_despite_numeric_caption,10.1002_admi.202000318-6a-S6-P007,panel conditions {} but caption carries numerics
legend_condition_without_structured_binding,10.1002_admi.202000318-6a-S6-P007,label 'ozone exposure time: 20s Ozone' carries [20.0] but no matching controlled value
empty_conditions_despite_numeric_caption,10.1002_admi.202000318-6a-S6-P008,panel conditions {} but caption carries numerics
legend_condition_without_structured_binding,10.1002_admi.202000318-6a-S6-P008,label 'ozone exposure time: 20s Ozone' carries [20.0] but no matching controlled value
empty_conditions_despite_numeric_caption,10.1002_admi.202000318-6a-S6-P009,panel conditions {} but caption carries numerics
legend_condition_without_structured_binding,10.1002_admi.202000318-6a-S6-P009,label 'ozone exposure time: 20s Ozone' carries [20.0] but no matching controlled value
empty_conditions_despite_numeric_caption,10.1002_admi.202000318-6a-S6-P010,panel conditions {} but caption carries numerics
legend_condition_without_structured_binding,10.1002_admi.202000318-6a-S6-P010,label 'ozone exposure time: 20s Ozone' carries [20.0] but no matching controlled value
empty_conditions_despite_numeric_caption,10.1002_admi.202000318-6a-S6-P011,panel conditions {} but caption carries numerics
legend_condition_without_structured_binding,10.1002_admi.202000318-6a-S6-P011,label 'ozone exposure time: 20s Ozone' carries [20.0] but no matching controlled value
empty_conditions_despite_numeric_caption,10.1002_admi.202000318-6a-S6-P012,panel conditions {} but caption carries numerics
legend_condition_without_structured_binding,10.1002_admi.202000318-6a-S6-P012,label 'ozone exposure time: 20s Ozone' carries [20.0] but no matching controlled value
empty_conditions_despite_numeric_caption,10.1002_admi.202000318-6a-S6-P013,panel conditions {} but caption carries numerics
legend_condition_without_structured_binding,10.1002_admi.202000318-6a-S6-P013,label 'ozone exposure time: 20s Ozone' carries [20.0] but no matching controlled value
empty_conditions_despite_numeric_caption,10.1002_admi.202000318-6a-S6-P014,panel conditions {} but caption carries numerics
legend_condition_without_structured_binding,10.1002_admi.202000318-6a-S6-P014,label 'ozone exposure time: 20s Ozone' carries [20.0] but no matching controlled value
empty_conditions_despite_numeric_caption,10.1002_admi.202000318-6a-S6-P015,panel conditions {} but caption carries numerics
legend_condition_without_structured_binding,10.1002_admi.202000318-6a-S6-P015,label 'ozone exposure time: 20s Ozone' carries [20.0] but no matching controlled value
empty_conditions_despite_numeric_caption,10.1002_admi.202000318-6b-S7-P000,panel conditions {} but caption carries numerics
empty_conditions_despite_numeric_caption,10.1002_admi.202000318-6b-S7-P001,panel conditions {} but caption carries numerics
empty_conditions_despite_numeric_caption,10.1002_admi.202000318-6b-S7-P002,panel conditions {} but caption carries numerics
empty_conditions_despite_numeric_caption,10.1002_admi.202000318-6b-S7-P003,panel conditions {} but caption carries numerics
empty_conditions_despite_numeric_caption,10.1002_admi.202000318-6b-S7-P004,panel conditions {} but caption carries numerics
empty_conditions_despite_numeric_caption,10.1002_admi.202000318-6b-S7-P005,panel conditions {} but caption carries numerics
empty_conditions_despite_numeric_caption,10.1002_admi.202000318-6b-S7-P006,panel conditions {} but caption carries numerics
empty_conditions_despite_numeric_caption,10.1002_admi.202000318-6b-S7-P007,panel conditions {} but caption carries numerics
empty_conditions_despite_numeric_caption,10.1002_admi.202000318-6b-S7-P008,panel conditions {} but caption carries numerics
pressure_in_source_not_in_output,10.1002_celc.201600139-1b-S0-P000,document.md states a pressure; record has none usable
legend_condition_without_structured_binding,10.1002_celc.201600139-1b-S0-P000,label 'precursor: LTB:H2S' carries [2.0] but no matching controlled value
pressure_in_source_not_in_output,10.1002_celc.201600139-1b-S0-P001,document.md states a pressure; record has none usable
legend_condition_without_structured_binding,10.1002_celc.201600139-1b-S0-P001,label 'precursor: LTB:H2S' carries [2.0] but no matching controlled value
pressure_in_source_not_in_output,10.1002_celc.201600139-1b-S0-P002,document.md states a pressure; record has none usable
pressure_in_source_not_in_output,10.1002_celc.201600139-1b-S0-P003,document.md states a pressure; record has none usable
legend_condition_without_structured_binding,10.1002_celc.201600139-1b-S0-P003,label 'precursor: LTB:H2S' carries [2.0] but no matching controlled value
pressure_in_source_not_in_output,10.1002_celc.201600139-1b-S0-P004,document.md states a pressure; record has none usable
legend_condition_without_structured_binding,10.1002_celc.201600139-1b-S0-P004,label 'precursor: LTB:H2S' carries [2.0] but no matching controlled value
pressure_in_source_not_in_output,10.1002_celc.201600139-1b-S0-P005,document.md states a pressure; record has none usable
legend_condition_without_structured_binding,10.1002_celc.201600139-1b-S0-P005,label 'precursor: LTB:H2S' carries [2.0] but no matching controlled value
pressure_in_source_not_in_output,10.1002_celc.201600139-1b-S0-P006,document.md states a pressure; record has none usable
legend_condition_without_structured_binding,10.1002_celc.201600139-1b-S0-P006,label 'precursor: LTB:H2S' carries [2.0] but no matching controlled value
pressure_in_source_not_in_output,10.1002_celc.201600139-1b-S0-P007,document.md states a pressure; record has none usable
legend_condition_without_structured_binding,10.1002_celc.201600139-1b-S0-P007,label 'precursor: LTB:H2S' carries [2.0] but no matching controlled value
pressure_in_source_not_in_output,10.1002_celc.201600139-1b-S0-P008,document.md states a pressure; record has none usable
legend_condition_without_structured_binding,10.1002_celc.201600139-1b-S0-P008,label 'precursor: LTB:H2S' carries [2.0] but no matching controlled value
pressure_in_source_not_in_output,10.1002_celc.201600139-1b-S0-P009,document.md states a pressure; record has none usable
legend_condition_without_structured_binding,10.1002_celc.201600139-1b-S0-P009,label 'precursor: LTB:H2S' carries [2.0] but no matching controlled value
pressure_in_source_not_in_output,10.1002_celc.201600139-1b-S0-P010,document.md states a pressure; record has none usable
legend_condition_without_structured_binding,10.1002_celc.201600139-1b-S0-P010,label 'precursor: LTB:H2S' carries [2.0] but no matching controlled value
pressure_in_source_not_in_output,10.1002_celc.201600139-1b-S0-P011,document.md states a pressure; record has none usable
legend_condition_without_structured_binding,10.1002_celc.201600139-1b-S0-P011,label 'precursor: LTB:H2S' carries [2.0] but no matching controlled value
pressure_in_source_not_in_output,10.1002_celc.201600139-1b-S0-P012,document.md states a pressure; record has none usable
legend_condition_without_structured_binding,10.1002_celc.201600139-1b-S0-P012,label 'precursor: LTB:H2S' carries [2.0] but no matching controlled value
pressure_in_source_not_in_output,10.1002_celc.201600139-1b-S0-P013,document.md states a pressure; record has none usable
legend_condition_without_structured_binding,10.1002_celc.201600139-1b-S0-P013,label 'precursor: LTB:H2S' carries [2.0] but no matching controlled value
pressure_in_source_not_in_output,10.1002_celc.201600139-1b-S0-P014,document.md states a pressure; record has none usable
legend_condition_without_structured_binding,10.1002_celc.201600139-1b-S0-P014,label 'precursor: LTB:H2S' carries [2.0] but no matching controlled value
pressure_in_source_not_in_output,10.1002_celc.201600139-1b-S0-P015,document.md states a pressure; record has none usable
legend_condition_without_structured_binding,10.1002_celc.201600139-1b-S0-P015,label 'precursor: LTB:H2S' carries [2.0] but no matching controlled value
pressure_in_source_not_in_output,10.1002_celc.201600139-1b-S0-P016,document.md states a pressure; record has none usable
legend_condition_without_structured_binding,10.1002_celc.201600139-1b-S0-P016,label 'precursor: LTB:H2S' carries [2.0] but no matching controlled value
pressure_in_source_not_in_output,10.1002_celc.201600139-1b-S0-P017,document.md states a pressure; record has none usable
legend_condition_without_structured_binding,10.1002_celc.201600139-1b-S0-P017,label 'precursor: LTB:H2S' carries [2.0] but no matching controlled value
pressure_in_source_not_in_output,10.1002_celc.201600139-1b-S0-P018,document.md states a pressure; record has none usable
legend_condition_without_structured_binding,10.1002_celc.201600139-1b-S0-P018,label 'precursor: LTB:H2S' carries [2.0] but no matching controlled value
pressure_in_source_not_in_output,10.1002_celc.201600139-1b-S0-P019,document.md states a pressure; record has none usable
legend_condition_without_structured_binding,10.1002_celc.201600139-1b-S0-P019,label 'precursor: LTB:H2S' carries [2.0] but no matching controlled value
pressure_in_source_not_in_output,10.1002_celc.201600139-1b-S0-P020,document.md states a pressure; record has none usable
legend_condition_without_structured_binding,10.1002_celc.201600139-1b-S0-P020,label 'precursor: LTB:H2S' carries [2.0] but no matching controlled value
pressure_in_source_not_in_output,10.1002_celc.201600139-1b-S0-P021,document.md states a pressure; record has none usable
legend_condition_without_structured_binding,10.1002_celc.201600139-1b-S0-P021,label 'precursor: LTB:H2S' carries [2.0] but no matching controlled value
pressure_in_source_not_in_output,10.1002_celc.201600139-1b-S0-P022,document.md states a pressure; record has none usable
legend_condition_without_structured_binding,10.1002_celc.201600139-1b-S0-P022,label 'precursor: LTB:H2S' carries [2.0] but no matching controlled value
pressure_in_source_not_in_output,10.1002_celc.201600139-1b-S0-P023,document.md states a pressure; record has none usable
legend_condition_without_structured_binding,10.1002_celc.201600139-1b-S0-P023,label 'precursor: LTB:H2S' carries [2.0] but no matching controlled value
pressure_in_source_not_in_output,10.1002_celc.201600139-1b-S0-P024,document.md states a pressure; record has none usable
legend_condition_without_structured_binding,10.1002_celc.201600139-1b-S0-P024,label 'precursor: LTB:H2S' carries [2.0] but no matching controlled value
pressure_in_source_not_in_output,10.1002_celc.201600139-1b-S0-P025,document.md states a pressure; record has none usable
legend_condition_without_structured_binding,10.1002_celc.201600139-1b-S0-P025,label 'precursor: LTB:H2S' carries [2.0] but no matching controlled value
pressure_in_source_not_in_output,10.1002_celc.201600139-1b-S0-P026,document.md states a pressure; record has none usable
legend_condition_without_structured_binding,10.1002_celc.201600139-1b-S0-P026,label 'precursor: LTB:H2S' carries [2.0] but no matching controlled value
pressure_in_source_not_in_output,10.1002_celc.201600139-1b-S0-P027,document.md states a pressure; record has none usable
legend_condition_without_structured_binding,10.1002_celc.201600139-1b-S0-P027,label 'precursor: LTB:H2S' carries [2.0] but no matching controlled value
pressure_in_source_not_in_output,10.1002_celc.201600139-1b-S0-P028,document.md states a pressure; record has none usable
legend_condition_without_structured_binding,10.1002_celc.201600139-1b-S0-P028,label 'precursor: LTB:H2S' carries [2.0] but no matching controlled value
pressure_in_source_not_in_output,10.1002_celc.201600139-1b-S0-P029,document.md states a pressure; record has none usable
legend_condition_without_structured_binding,10.1002_celc.201600139-1b-S0-P029,label 'precursor: LTB:H2S' carries [2.0] but no matching controlled value
pressure_in_source_not_in_output,10.1002_celc.201600139-1b-S1-P000,document.md states a pressure; record has none usable
legend_condition_without_structured_binding,10.1002_celc.201600139-1b-S1-P000,label 'precursor: TDMAAl:H2S' carries [2.0] but no matching controlled value
pressure_in_source_not_in_output,10.1002_celc.201600139-1b-S1-P001,document.md states a pressure; record has none usable
legend_condition_without_structured_binding,10.1002_celc.201600139-1b-S1-P001,label 'precursor: TDMAAl:H2S' carries [2.0] but no matching controlled value
pressure_in_source_not_in_output,10.1002_celc.201600139-1b-S1-P002,document.md states a pressure; record has none usable
legend_condition_without_structured_binding,10.1002_celc.201600139-1b-S1-P002,label 'precursor: TDMAAl:H2S' carries [2.0] but no matching controlled value
pressure_in_source_not_in_output,10.1002_celc.201600139-1b-S1-P003,document.md states a pressure; record has none usable
legend_condition_without_structured_binding,10.1002_celc.201600139-1b-S1-P003,label 'precursor: TDMAAl:H2S' carries [2.0] but no matching controlled value
pressure_in_source_not_in_output,10.1002_celc.201600139-1b-S1-P004,document.md states a pressure; record has none usable
legend_condition_without_structured_binding,10.1002_celc.201600139-1b-S1-P004,label 'precursor: TDMAAl:H2S' carries [2.0] but no matching controlled value
pressure_in_source_not_in_output,10.1002_celc.201600139-1b-S1-P005,document.md states a pressure; record has none usable
legend_condition_without_structured_binding,10.1002_celc.201600139-1b-S1-P005,label 'precursor: TDMAAl:H2S' carries [2.0] but no matching controlled value
pressure_in_source_not_in_output,10.1002_celc.201600139-1b-S1-P006,document.md states a pressure; record has none usable
legend_condition_without_structured_binding,10.1002_celc.201600139-1b-S1-P006,label 'precursor: TDMAAl:H2S' carries [2.0] but no matching controlled value
pressure_in_source_not_in_output,10.1002_celc.201600139-1b-S1-P007,document.md states a pressure; record has none usable
legend_condition_without_structured_binding,10.1002_celc.201600139-1b-S1-P007,label 'precursor: TDMAAl:H2S' carries [2.0] but no matching controlled value
pressure_in_source_not_in_output,10.1002_celc.201600139-1b-S1-P008,document.md states a pressure; record has none usable
legend_condition_without_structured_binding,10.1002_celc.201600139-1b-S1-P008,label 'precursor: TDMAAl:H2S' carries [2.0] but no matching controlled value
pressure_in_source_not_in_output,10.1002_celc.201600139-1b-S1-P009,document.md states a pressure; record has none usable
legend_condition_without_structured_binding,10.1002_celc.201600139-1b-S1-P009,label 'precursor: TDMAAl:H2S' carries [2.0] but no matching controlled value
pressure_in_source_not_in_output,10.1002_celc.201600139-1b-S1-P010,document.md states a pressure; record has none usable
legend_condition_without_structured_binding,10.1002_celc.201600139-1b-S1-P010,label 'precursor: TDMAAl:H2S' carries [2.0] but no matching controlled value
pressure_in_source_not_in_output,10.1002_celc.201600139-1b-S1-P011,document.md states a pressure; record has none usable
legend_condition_without_structured_binding,10.1002_celc.201600139-1b-S1-P011,label 'precursor: TDMAAl:H2S' carries [2.0] but no matching controlled value
pressure_in_source_not_in_output,10.1002_celc.201600139-1b-S1-P012,document.md states a pressure; record has none usable
legend_condition_without_structured_binding,10.1002_celc.201600139-1b-S1-P012,label 'precursor: TDMAAl:H2S' carries [2.0] but no matching controlled value
pressure_in_source_not_in_output,10.1002_celc.201600139-1b-S1-P013,document.md states a pressure; record has none usable
legend_condition_without_structured_binding,10.1002_celc.201600139-1b-S1-P013,label 'precursor: TDMAAl:H2S' carries [2.0] but no matching controlled value
pressure_in_source_not_in_output,10.1002_celc.201600139-1b-S1-P014,document.md states a pressure; record has none usable
legend_condition_without_structured_binding,10.1002_celc.201600139-1b-S1-P014,label 'precursor: TDMAAl:H2S' carries [2.0] but no matching controlled value
pressure_in_source_not_in_output,10.1002_celc.201600139-1b-S1-P015,document.md states a pressure; record has none usable
legend_condition_without_structured_binding,10.1002_celc.201600139-1b-S1-P015,label 'precursor: TDMAAl:H2S' carries [2.0] but no matching controlled value
pressure_in_source_not_in_output,10.1002_celc.201600139-1b-S1-P016,document.md states a pressure; record has none usable
legend_condition_without_structured_binding,10.1002_celc.201600139-1b-S1-P016,label 'precursor: TDMAAl:H2S' carries [2.0] but no matching controlled value
pressure_in_source_not_in_output,10.1002_celc.201600139-1b-S1-P017,document.md states a pressure; record has none usable
legend_condition_without_structured_binding,10.1002_celc.201600139-1b-S1-P017,label 'precursor: TDMAAl:H2S' carries [2.0] but no matching controlled value
pressure_in_source_not_in_output,10.1002_celc.201600139-1b-S1-P018,document.md states a pressure; record has none usable
legend_condition_without_structured_binding,10.1002_celc.201600139-1b-S1-P018,label 'precursor: TDMAAl:H2S' carries [2.0] but no matching controlled value
pressure_in_source_not_in_output,10.1002_celc.201600139-1b-S1-P019,document.md states a pressure; record has none usable
legend_condition_without_structured_binding,10.1002_celc.201600139-1b-S1-P019,label 'precursor: TDMAAl:H2S' carries [2.0] but no matching controlled value
pressure_in_source_not_in_output,10.1002_celc.201600139-1b-S1-P020,document.md states a pressure; record has none usable
legend_condition_without_structured_binding,10.1002_celc.201600139-1b-S1-P020,label 'precursor: TDMAAl:H2S' carries [2.0] but no matching controlled value
pressure_in_source_not_in_output,10.1002_celc.201600139-1b-S1-P021,document.md states a pressure; record has none usable
legend_condition_without_structured_binding,10.1002_celc.201600139-1b-S1-P021,label 'precursor: TDMAAl:H2S' carries [2.0] but no matching controlled value
pressure_in_source_not_in_output,10.1002_celc.201600139-1b-S1-P022,document.md states a pressure; record has none usable
legend_condition_without_structured_binding,10.1002_celc.201600139-1b-S1-P022,label 'precursor: TDMAAl:H2S' carries [2.0] but no matching controlled value
pressure_in_source_not_in_output,10.1002_celc.201600139-1b-S1-P023,document.md states a pressure; record has none usable
legend_condition_without_structured_binding,10.1002_celc.201600139-1b-S1-P023,label 'precursor: TDMAAl:H2S' carries [2.0] but no matching controlled value
pressure_in_source_not_in_output,10.1002_celc.201600139-1b-S1-P024,document.md states a pressure; record has none usable
legend_condition_without_structured_binding,10.1002_celc.201600139-1b-S1-P024,label 'precursor: TDMAAl:H2S' carries [2.0] but no matching controlled value
pressure_in_source_not_in_output,10.1002_celc.201600139-1b-S1-P025,document.md states a pressure; record has none usable
legend_condition_without_structured_binding,10.1002_celc.201600139-1b-S1-P025,label 'precursor: TDMAAl:H2S' carries [2.0] but no matching controlled value
pressure_in_source_not_in_output,10.1002_celc.201600139-1b-S1-P026,document.md states a pressure; record has none usable
legend_condition_without_structured_binding,10.1002_celc.201600139-1b-S1-P026,label 'precursor: TDMAAl:H2S' carries [2.0] but no matching controlled value
pressure_in_source_not_in_output,10.1002_celc.201600139-1b-S1-P027,document.md states a pressure; record has none usable
legend_condition_without_structured_binding,10.1002_celc.201600139-1b-S1-P027,label 'precursor: TDMAAl:H2S' carries [2.0] but no matching controlled value
pressure_in_source_not_in_output,10.1002_celc.201600139-1b-S1-P028,document.md states a pressure; record has none usable
legend_condition_without_structured_binding,10.1002_celc.201600139-1b-S1-P028,label 'precursor: TDMAAl:H2S' carries [2.0] but no matching controlled value
pressure_in_source_not_in_output,10.1002_celc.201600139-1b-S1-P029,document.md states a pressure; record has none usable
legend_condition_without_structured_binding,10.1002_celc.201600139-1b-S1-P029,label 'precursor: TDMAAl:H2S' carries [2.0] but no matching controlled value
pressure_in_source_not_in_output,10.1002_celc.201600139-1b-S1-P030,document.md states a pressure; record has none usable
legend_condition_without_structured_binding,10.1002_celc.201600139-1b-S1-P030,label 'precursor: TDMAAl:H2S' carries [2.0] but no matching controlled value
pressure_in_source_not_in_output,10.1002_celc.201600139-F1c-2,document.md states a pressure; record has none usable
pressure_in_source_not_in_output,10.1002_celc.201600139-F2a-3,document.md states a pressure; record has none usable
pressure_in_source_not_in_output,10.1002_celc.201600139-F2a-4,document.md states a pressure; record has none usable
pressure_in_source_not_in_output,10.1002_celc.201600139-F2a-5,document.md states a pressure; record has none usable
pressure_in_source_not_in_output,10.1002_celc.201600139-F2a-6,document.md states a pressure; record has none usable
pressure_in_source_not_in_output,10.1002_celc.201600139-F3a-7,document.md states a pressure; record has none usable
pressure_in_source_not_in_output,10.1002_celc.201600139-F3a-8,document.md states a pressure; record has none usable
pressure_in_source_not_in_output,10.1002_celc.201600139-3b-S2-P000,document.md states a pressure; record has none usable
pressure_in_source_not_in_output,10.1002_celc.201600139-3b-S2-P001,document.md states a pressure; record has none usable
pressure_in_source_not_in_output,10.1002_celc.201600139-3b-S2-P002,document.md states a pressure; record has none usable
pressure_in_source_not_in_output,10.1002_celc.201600139-3b-S2-P003,document.md states a pressure; record has none usable
pressure_in_source_not_in_output,10.1002_celc.201600139-3b-S2-P004,document.md states a pressure; record has none usable
pressure_in_source_not_in_output,10.1002_celc.201600139-3b-S2-P005,document.md states a pressure; record has none usable
pressure_in_source_not_in_output,10.1002_celc.201600139-3b-S2-P006,document.md states a pressure; record has none usable
pressure_in_source_not_in_output,10.1002_celc.201600139-3b-S3-P000,document.md states a pressure; record has none usable
pressure_in_source_not_in_output,10.1002_celc.201600139-3b-S3-P001,document.md states a pressure; record has none usable
pressure_in_source_not_in_output,10.1002_celc.201600139-3b-S3-P002,document.md states a pressure; record has none usable
pressure_in_source_not_in_output,10.1002_celc.201600139-3b-S3-P003,document.md states a pressure; record has none usable
pressure_in_source_not_in_output,10.1002_celc.201600139-3b-S3-P004,document.md states a pressure; record has none usable
pressure_in_source_not_in_output,10.1002_celc.201600139-3c-S4-P000,document.md states a pressure; record has none usable
pressure_in_source_not_in_output,10.1002_celc.201600139-3c-S4-P001,document.md states a pressure; record has none usable
pressure_in_source_not_in_output,10.1002_celc.201600139-3c-S4-P002,document.md states a pressure; record has none usable
pressure_in_source_not_in_output,10.1002_celc.201600139-3c-S4-P003,document.md states a pressure; record has none usable
pressure_in_source_not_in_output,10.1002_celc.201600139-3c-S4-P004,document.md states a pressure; record has none usable
pressure_in_source_not_in_output,10.1002_celc.201600139-3c-S4-P005,document.md states a pressure; record has none usable
pressure_in_source_not_in_output,10.1002_celc.201600139-3c-S4-P006,document.md states a pressure; record has none usable
pressure_in_source_not_in_output,10.1002_celc.201600139-3c-S4-P007,document.md states a pressure; record has none usable
pressure_in_source_not_in_output,10.1002_celc.201600139-3c-S4-P008,document.md states a pressure; record has none usable
pressure_in_source_not_in_output,10.1002_celc.201600139-3c-S4-P009,document.md states a pressure; record has none usable
pressure_in_source_not_in_output,10.1002_celc.201600139-3c-S4-P010,document.md states a pressure; record has none usable
pressure_in_source_not_in_output,10.1002_celc.201600139-3c-S4-P011,document.md states a pressure; record has none usable
pressure_in_source_not_in_output,10.1002_celc.201600139-3c-S4-P012,document.md states a pressure; record has none usable
pressure_in_source_not_in_output,10.1002_celc.201600139-3c-S4-P013,document.md states a pressure; record has none usable
pressure_in_source_not_in_output,10.1002_celc.201600139-3c-S4-P014,document.md states a pressure; record has none usable
pressure_in_source_not_in_output,10.1002_celc.201600139-3c-S4-P015,document.md states a pressure; record has none usable
pressure_in_source_not_in_output,10.1002_celc.201600139-3c-S4-P016,document.md states a pressure; record has none usable
pressure_in_source_not_in_output,10.1002_celc.201600139-3c-S4-P017,document.md states a pressure; record has none usable
pressure_in_source_not_in_output,10.1002_celc.201600139-3c-S4-P018,document.md states a pressure; record has none usable
pressure_in_source_not_in_output,10.1002_celc.201600139-3c-S4-P019,document.md states a pressure; record has none usable
pressure_in_source_not_in_output,10.1002_celc.201600139-3c-S4-P020,document.md states a pressure; record has none usable
pressure_in_source_not_in_output,10.1002_celc.201600139-3c-S4-P021,document.md states a pressure; record has none usable
pressure_in_source_not_in_output,10.1002_celc.201600139-3c-S5-P000,document.md states a pressure; record has none usable
pressure_in_source_not_in_output,10.1002_celc.201600139-3c-S5-P001,document.md states a pressure; record has none usable
pressure_in_source_not_in_output,10.1002_celc.201600139-3c-S5-P002,document.md states a pressure; record has none usable
pressure_in_source_not_in_output,10.1002_celc.201600139-3c-S5-P003,document.md states a pressure; record has none usable
pressure_in_source_not_in_output,10.1002_celc.201600139-3c-S5-P004,document.md states a pressure; record has none usable
pressure_in_source_not_in_output,10.1002_celc.201600139-3c-S5-P005,document.md states a pressure; record has none usable
pressure_in_source_not_in_output,10.1002_celc.201600139-3c-S5-P006,document.md states a pressure; record has none usable
pressure_in_source_not_in_output,10.1002_celc.201600139-3c-S5-P007,document.md states a pressure; record has none usable
pressure_in_source_not_in_output,10.1002_celc.201600139-3c-S5-P008,document.md states a pressure; record has none usable
pressure_in_source_not_in_output,10.1002_celc.201600139-3c-S5-P009,document.md states a pressure; record has none usable
pressure_in_source_not_in_output,10.1002_celc.201600139-3c-S5-P010,document.md states a pressure; record has none usable
pressure_in_source_not_in_output,10.1002_celc.201600139-3c-S5-P011,document.md states a pressure; record has none usable
pressure_in_source_not_in_output,10.1002_celc.201600139-3c-S5-P012,document.md states a pressure; record has none usable
pressure_in_source_not_in_output,10.1002_celc.201600139-3c-S5-P013,document.md states a pressure; record has none usable
pressure_in_source_not_in_output,10.1002_celc.201600139-3c-S5-P014,document.md states a pressure; record has none usable
pressure_in_source_not_in_output,10.1002_celc.201600139-3c-S5-P015,document.md states a pressure; record has none usable
pressure_in_source_not_in_output,10.1002_celc.201600139-3c-S5-P016,document.md states a pressure; record has none usable
pressure_in_source_not_in_output,10.1002_celc.201600139-3c-S5-P017,document.md states a pressure; record has none usable
pressure_in_source_not_in_output,10.1002_celc.201600139-3c-S5-P018,document.md states a pressure; record has none usable
pressure_in_source_not_in_output,10.1002_celc.201600139-3d-S6-P000,document.md states a pressure; record has none usable
pressure_in_source_not_in_output,10.1002_celc.201600139-3d-S6-P001,document.md states a pressure; record has none usable
pressure_in_source_not_in_output,10.1002_celc.201600139-3d-S6-P002,document.md states a pressure; record has none usable
pressure_in_source_not_in_output,10.1002_celc.201600139-3d-S6-P003,document.md states a pressure; record has none usable
pressure_in_source_not_in_output,10.1002_celc.201600139-3d-S6-P004,document.md states a pressure; record has none usable
pressure_in_source_not_in_output,10.1002_celc.201600139-3d-S6-P005,document.md states a pressure; record has none usable
pressure_in_source_not_in_output,10.1002_celc.201600139-3d-S6-P006,document.md states a pressure; record has none usable
pressure_in_source_not_in_output,10.1002_celc.201600139-3d-S6-P007,document.md states a pressure; record has none usable
pressure_in_source_not_in_output,10.1002_celc.201600139-3d-S7-P000,document.md states a pressure; record has none usable
pressure_in_source_not_in_output,10.1002_celc.201600139-3d-S7-P001,document.md states a pressure; record has none usable
pressure_in_source_not_in_output,10.1002_celc.201600139-3d-S7-P002,document.md states a pressure; record has none usable
pressure_in_source_not_in_output,10.1002_celc.201600139-3d-S7-P003,document.md states a pressure; record has none usable
pressure_in_source_not_in_output,10.1002_celc.201600139-3d-S7-P004,document.md states a pressure; record has none usable
pressure_in_source_not_in_output,10.1002_celc.201600139-3d-S7-P005,document.md states a pressure; record has none usable
pressure_in_source_not_in_output,10.1002_celc.201600139-3d-S7-P006,document.md states a pressure; record has none usable
pressure_in_source_not_in_output,10.1002_celc.201600139-3d-S7-P007,document.md states a pressure; record has none usable
pressure_in_source_not_in_output,10.1002_celc.201600139-4a-S8-P000,document.md states a pressure; record has none usable
pressure_in_source_not_in_output,10.1002_celc.201600139-4a-S8-P001,document.md states a pressure; record has none usable
pressure_in_source_not_in_output,10.1002_celc.201600139-4a-S8-P002,document.md states a pressure; record has none usable
pressure_in_source_not_in_output,10.1002_celc.201600139-4a-S8-P003,document.md states a pressure; record has none usable
pressure_in_source_not_in_output,10.1002_celc.201600139-4a-S8-P004,document.md states a pressure; record has none usable
pressure_in_source_not_in_output,10.1002_celc.201600139-4a-S8-P005,document.md states a pressure; record has none usable
pressure_in_source_not_in_output,10.1002_celc.201600139-4a-S8-P006,document.md states a pressure; record has none usable
pressure_in_source_not_in_output,10.1002_celc.201600139-4a-S8-P007,document.md states a pressure; record has none usable
pressure_in_source_not_in_output,10.1002_celc.201600139-4a-S8-P008,document.md states a pressure; record has none usable
pressure_in_source_not_in_output,10.1002_celc.201600139-4a-S8-P009,document.md states a pressure; record has none usable
pressure_in_source_not_in_output,10.1002_celc.201600139-4a-S8-P010,document.md states a pressure; record has none usable
pressure_in_source_not_in_output,10.1002_celc.201600139-4a-S8-P011,document.md states a pressure; record has none usable
pressure_in_source_not_in_output,10.1002_celc.201600139-4a-S8-P012,document.md states a pressure; record has none usable
pressure_in_source_not_in_output,10.1002_celc.201600139-4a-S8-P013,document.md states a pressure; record has none usable
pressure_in_source_not_in_output,10.1002_celc.201600139-4a-S8-P014,document.md states a pressure; record has none usable
pressure_in_source_not_in_output,10.1002_celc.201600139-4a-S8-P015,document.md states a pressure; record has none usable
pressure_in_source_not_in_output,10.1002_celc.201600139-4a-S8-P016,document.md states a pressure; record has none usable
pressure_in_source_not_in_output,10.1002_celc.201600139-4a-S8-P017,document.md states a pressure; record has none usable
pressure_in_source_not_in_output,10.1002_celc.201600139-4a-S8-P018,document.md states a pressure; record has none usable
pressure_in_source_not_in_output,10.1002_celc.201600139-4a-S8-P019,document.md states a pressure; record has none usable
pressure_in_source_not_in_output,10.1002_celc.201600139-4a-S8-P020,document.md states a pressure; record has none usable
pressure_in_source_not_in_output,10.1002_celc.201600139-4a-S8-P021,document.md states a pressure; record has none usable
pressure_in_source_not_in_output,10.1002_celc.201600139-4a-S8-P022,document.md states a pressure; record has none usable
pressure_in_source_not_in_output,10.1002_celc.201600139-4a-S8-P023,document.md states a pressure; record has none usable
pressure_in_source_not_in_output,10.1002_celc.201600139-4a-S8-P024,document.md states a pressure; record has none usable
pressure_in_source_not_in_output,10.1002_celc.201600139-4a-S8-P025,document.md states a pressure; record has none usable
pressure_in_source_not_in_output,10.1002_celc.201600139-4a-S8-P026,document.md states a pressure; record has none usable
pressure_in_source_not_in_output,10.1002_celc.201600139-4a-S8-P027,document.md states a pressure; record has none usable
pressure_in_source_not_in_output,10.1002_celc.201600139-4a-S8-P028,document.md states a pressure; record has none usable
pressure_in_source_not_in_output,10.1002_celc.201600139-4a-S9-P000,document.md states a pressure; record has none usable
pressure_in_source_not_in_output,10.1002_celc.201600139-4a-S9-P001,document.md states a pressure; record has none usable
pressure_in_source_not_in_output,10.1002_celc.201600139-4a-S9-P002,document.md states a pressure; record has none usable
pressure_in_source_not_in_output,10.1002_celc.201600139-4a-S9-P003,document.md states a pressure; record has none usable
pressure_in_source_not_in_output,10.1002_celc.201600139-4a-S9-P004,document.md states a pressure; record has none usable
pressure_in_source_not_in_output,10.1002_celc.201600139-4a-S9-P005,document.md states a pressure; record has none usable
pressure_in_source_not_in_output,10.1002_celc.201600139-4a-S9-P006,document.md states a pressure; record has none usable
pressure_in_source_not_in_output,10.1002_celc.201600139-4a-S9-P007,document.md states a pressure; record has none usable
pressure_in_source_not_in_output,10.1002_celc.201600139-4a-S9-P008,document.md states a pressure; record has none usable
pressure_in_source_not_in_output,10.1002_celc.201600139-4a-S9-P009,document.md states a pressure; record has none usable
pressure_in_source_not_in_output,10.1002_celc.201600139-4a-S9-P010,document.md states a pressure; record has none usable
pressure_in_source_not_in_output,10.1002_celc.201600139-4a-S9-P011,document.md states a pressure; record has none usable
pressure_in_source_not_in_output,10.1002_celc.201600139-4a-S9-P012,document.md states a pressure; record has none usable
pressure_in_source_not_in_output,10.1002_celc.201600139-4a-S9-P013,document.md states a pressure; record has none usable
pressure_in_source_not_in_output,10.1002_celc.201600139-4a-S9-P014,document.md states a pressure; record has none usable
pressure_in_source_not_in_output,10.1002_celc.201600139-4a-S9-P015,document.md states a pressure; record has none usable
pressure_in_source_not_in_output,10.1002_celc.201600139-4a-S9-P016,document.md states a pressure; record has none usable
pressure_in_source_not_in_output,10.1002_celc.201600139-4a-S9-P017,document.md states a pressure; record has none usable
pressure_in_source_not_in_output,10.1002_celc.201600139-4a-S9-P018,document.md states a pressure; record has none usable
pressure_in_source_not_in_output,10.1002_celc.201600139-4a-S9-P019,document.md states a pressure; record has none usable
pressure_in_source_not_in_output,10.1002_celc.201600139-4a-S9-P020,document.md states a pressure; record has none usable
pressure_in_source_not_in_output,10.1002_celc.201600139-4a-S9-P021,document.md states a pressure; record has none usable
pressure_in_source_not_in_output,10.1002_celc.201600139-4a-S9-P022,document.md states a pressure; record has none usable
pressure_in_source_not_in_output,10.1002_pssa.201532305-F2a-0,document.md states a pressure; record has none usable
conflicting_context,10.1002_pssa.201532305-F2a-0,"[{""quantity"": ""generic_pressure"", ""scope"": ""paper"", ""values"": [1.0, 100.0, 1000.0], ""reason"": ""3 distinct generic_pressure values at paper scope (1, 100, 1000); not applied to this experiment without "
pressure_in_source_not_in_output,10.1002_pssa.201532305-4a-S0-P000,document.md states a pressure; record has none usable
conflicting_context,10.1002_pssa.201532305-4a-S0-P000,"[{""quantity"": ""generic_pressure"", ""scope"": ""paper"", ""values"": [1.0, 100.0, 1000.0], ""reason"": ""3 distinct generic_pressure values at paper scope (1, 100, 1000); not applied to this experiment without "
pressure_in_source_not_in_output,10.1002_pssa.201532305-4a-S0-P001,document.md states a pressure; record has none usable
conflicting_context,10.1002_pssa.201532305-4a-S0-P001,"[{""quantity"": ""generic_pressure"", ""scope"": ""paper"", ""values"": [1.0, 100.0, 1000.0], ""reason"": ""3 distinct generic_pressure values at paper scope (1, 100, 1000); not applied to this experiment without "
pressure_in_source_not_in_output,10.1002_pssa.201532305-4a-S0-P002,document.md states a pressure; record has none usable
conflicting_context,10.1002_pssa.201532305-4a-S0-P002,"[{""quantity"": ""generic_pressure"", ""scope"": ""paper"", ""values"": [1.0, 100.0, 1000.0], ""reason"": ""3 distinct generic_pressure values at paper scope (1, 100, 1000); not applied to this experiment without "
pressure_in_source_not_in_output,10.1002_pssa.201532305-4a-S0-P003,document.md states a pressure; record has none usable
conflicting_context,10.1002_pssa.201532305-4a-S0-P003,"[{""quantity"": ""generic_pressure"", ""scope"": ""paper"", ""values"": [1.0, 100.0, 1000.0], ""reason"": ""3 distinct generic_pressure values at paper scope (1, 100, 1000); not applied to this experiment without "
pressure_in_source_not_in_output,10.1002_pssa.201532305-4a-S0-P004,document.md states a pressure; record has none usable
conflicting_context,10.1002_pssa.201532305-4a-S0-P004,"[{""quantity"": ""generic_pressure"", ""scope"": ""paper"", ""values"": [1.0, 100.0, 1000.0], ""reason"": ""3 distinct generic_pressure values at paper scope (1, 100, 1000); not applied to this experiment without "
pressure_in_source_not_in_output,10.1002_pssa.201532305-4a-S0-P005,document.md states a pressure; record has none usable
conflicting_context,10.1002_pssa.201532305-4a-S0-P005,"[{""quantity"": ""generic_pressure"", ""scope"": ""paper"", ""values"": [1.0, 100.0, 1000.0], ""reason"": ""3 distinct generic_pressure values at paper scope (1, 100, 1000); not applied to this experiment without "
pressure_in_source_not_in_output,10.1002_pssa.201532305-4a-S0-P006,document.md states a pressure; record has none usable
conflicting_context,10.1002_pssa.201532305-4a-S0-P006,"[{""quantity"": ""generic_pressure"", ""scope"": ""paper"", ""values"": [1.0, 100.0, 1000.0], ""reason"": ""3 distinct generic_pressure values at paper scope (1, 100, 1000); not applied to this experiment without "
pressure_in_source_not_in_output,10.1002_pssa.201532305-4a-S0-P007,document.md states a pressure; record has none usable
conflicting_context,10.1002_pssa.201532305-4a-S0-P007,"[{""quantity"": ""generic_pressure"", ""scope"": ""paper"", ""values"": [1.0, 100.0, 1000.0], ""reason"": ""3 distinct generic_pressure values at paper scope (1, 100, 1000); not applied to this experiment without "
pressure_in_source_not_in_output,10.1002_pssa.201532305-4a-S0-P008,document.md states a pressure; record has none usable
conflicting_context,10.1002_pssa.201532305-4a-S0-P008,"[{""quantity"": ""generic_pressure"", ""scope"": ""paper"", ""values"": [1.0, 100.0, 1000.0], ""reason"": ""3 distinct generic_pressure values at paper scope (1, 100, 1000); not applied to this experiment without "
pressure_in_source_not_in_output,10.1002_pssa.201532305-4a-S0-P009,document.md states a pressure; record has none usable
conflicting_context,10.1002_pssa.201532305-4a-S0-P009,"[{""quantity"": ""generic_pressure"", ""scope"": ""paper"", ""values"": [1.0, 100.0, 1000.0], ""reason"": ""3 distinct generic_pressure values at paper scope (1, 100, 1000); not applied to this experiment without "
pressure_in_source_not_in_output,10.1002_pssa.201532305-4a-S0-P010,document.md states a pressure; record has none usable
conflicting_context,10.1002_pssa.201532305-4a-S0-P010,"[{""quantity"": ""generic_pressure"", ""scope"": ""paper"", ""values"": [1.0, 100.0, 1000.0], ""reason"": ""3 distinct generic_pressure values at paper scope (1, 100, 1000); not applied to this experiment without "
pressure_in_source_not_in_output,10.1002_pssa.201532305-4a-S0-P011,document.md states a pressure; record has none usable
conflicting_context,10.1002_pssa.201532305-4a-S0-P011,"[{""quantity"": ""generic_pressure"", ""scope"": ""paper"", ""values"": [1.0, 100.0, 1000.0], ""reason"": ""3 distinct generic_pressure values at paper scope (1, 100, 1000); not applied to this experiment without "
pressure_in_source_not_in_output,10.1002_pssa.201532305-4a-S0-P012,document.md states a pressure; record has none usable
conflicting_context,10.1002_pssa.201532305-4a-S0-P012,"[{""quantity"": ""generic_pressure"", ""scope"": ""paper"", ""values"": [1.0, 100.0, 1000.0], ""reason"": ""3 distinct generic_pressure values at paper scope (1, 100, 1000); not applied to this experiment without "
pressure_in_source_not_in_output,10.1002_pssa.201532305-4a-S0-P013,document.md states a pressure; record has none usable
conflicting_context,10.1002_pssa.201532305-4a-S0-P013,"[{""quantity"": ""generic_pressure"", ""scope"": ""paper"", ""values"": [1.0, 100.0, 1000.0], ""reason"": ""3 distinct generic_pressure values at paper scope (1, 100, 1000); not applied to this experiment without "
pressure_in_source_not_in_output,10.1002_pssa.201532305-4a-S0-P014,document.md states a pressure; record has none usable
conflicting_context,10.1002_pssa.201532305-4a-S0-P014,"[{""quantity"": ""generic_pressure"", ""scope"": ""paper"", ""values"": [1.0, 100.0, 1000.0], ""reason"": ""3 distinct generic_pressure values at paper scope (1, 100, 1000); not applied to this experiment without "
pressure_in_source_not_in_output,10.1002_pssa.201532305-4a-S0-P015,document.md states a pressure; record has none usable
conflicting_context,10.1002_pssa.201532305-4a-S0-P015,"[{""quantity"": ""generic_pressure"", ""scope"": ""paper"", ""values"": [1.0, 100.0, 1000.0], ""reason"": ""3 distinct generic_pressure values at paper scope (1, 100, 1000); not applied to this experiment without "
pressure_in_source_not_in_output,10.1002_pssa.201532305-4a-S0-P016,document.md states a pressure; record has none usable
conflicting_context,10.1002_pssa.201532305-4a-S0-P016,"[{""quantity"": ""generic_pressure"", ""scope"": ""paper"", ""values"": [1.0, 100.0, 1000.0], ""reason"": ""3 distinct generic_pressure values at paper scope (1, 100, 1000); not applied to this experiment without "
pressure_in_source_not_in_output,10.1002_pssa.201532305-4a-S0-P017,document.md states a pressure; record has none usable
conflicting_context,10.1002_pssa.201532305-4a-S0-P017,"[{""quantity"": ""generic_pressure"", ""scope"": ""paper"", ""values"": [1.0, 100.0, 1000.0], ""reason"": ""3 distinct generic_pressure values at paper scope (1, 100, 1000); not applied to this experiment without "
pressure_in_source_not_in_output,10.1002_pssa.201532305-4a-S0-P018,document.md states a pressure; record has none usable
conflicting_context,10.1002_pssa.201532305-4a-S0-P018,"[{""quantity"": ""generic_pressure"", ""scope"": ""paper"", ""values"": [1.0, 100.0, 1000.0], ""reason"": ""3 distinct generic_pressure values at paper scope (1, 100, 1000); not applied to this experiment without "
pressure_in_source_not_in_output,10.1002_pssa.201532305-4a-S0-P019,document.md states a pressure; record has none usable
conflicting_context,10.1002_pssa.201532305-4a-S0-P019,"[{""quantity"": ""generic_pressure"", ""scope"": ""paper"", ""values"": [1.0, 100.0, 1000.0], ""reason"": ""3 distinct generic_pressure values at paper scope (1, 100, 1000); not applied to this experiment without "
pressure_in_source_not_in_output,10.1002_pssa.201532305-4a-S0-P020,document.md states a pressure; record has none usable
conflicting_context,10.1002_pssa.201532305-4a-S0-P020,"[{""quantity"": ""generic_pressure"", ""scope"": ""paper"", ""values"": [1.0, 100.0, 1000.0], ""reason"": ""3 distinct generic_pressure values at paper scope (1, 100, 1000); not applied to this experiment without "
pressure_in_source_not_in_output,10.1002_pssa.201532305-4a-S0-P021,document.md states a pressure; record has none usable
conflicting_context,10.1002_pssa.201532305-4a-S0-P021,"[{""quantity"": ""generic_pressure"", ""scope"": ""paper"", ""values"": [1.0, 100.0, 1000.0], ""reason"": ""3 distinct generic_pressure values at paper scope (1, 100, 1000); not applied to this experiment without "
pressure_in_source_not_in_output,10.1002_pssa.201532305-4a-S0-P022,document.md states a pressure; record has none usable
conflicting_context,10.1002_pssa.201532305-4a-S0-P022,"[{""quantity"": ""generic_pressure"", ""scope"": ""paper"", ""values"": [1.0, 100.0, 1000.0], ""reason"": ""3 distinct generic_pressure values at paper scope (1, 100, 1000); not applied to this experiment without "
pressure_in_source_not_in_output,10.1002_pssa.201532305-4a-S0-P023,document.md states a pressure; record has none usable
conflicting_context,10.1002_pssa.201532305-4a-S0-P023,"[{""quantity"": ""generic_pressure"", ""scope"": ""paper"", ""values"": [1.0, 100.0, 1000.0], ""reason"": ""3 distinct generic_pressure values at paper scope (1, 100, 1000); not applied to this experiment without "
pressure_in_source_not_in_output,10.1002_pssa.201532305-4a-S0-P024,document.md states a pressure; record has none usable
conflicting_context,10.1002_pssa.201532305-4a-S0-P024,"[{""quantity"": ""generic_pressure"", ""scope"": ""paper"", ""values"": [1.0, 100.0, 1000.0], ""reason"": ""3 distinct generic_pressure values at paper scope (1, 100, 1000); not applied to this experiment without "
pressure_in_source_not_in_output,10.1002_pssa.201532305-4a-S1-P000,document.md states a pressure; record has none usable
conflicting_context,10.1002_pssa.201532305-4a-S1-P000,"[{""quantity"": ""generic_pressure"", ""scope"": ""paper"", ""values"": [1.0, 100.0, 1000.0], ""reason"": ""3 distinct generic_pressure values at paper scope (1, 100, 1000); not applied to this experiment without "
pressure_in_source_not_in_output,10.1002_pssa.201532305-4a-S1-P001,document.md states a pressure; record has none usable
conflicting_context,10.1002_pssa.201532305-4a-S1-P001,"[{""quantity"": ""generic_pressure"", ""scope"": ""paper"", ""values"": [1.0, 100.0, 1000.0], ""reason"": ""3 distinct generic_pressure values at paper scope (1, 100, 1000); not applied to this experiment without "
pressure_in_source_not_in_output,10.1002_pssa.201532305-4a-S1-P002,document.md states a pressure; record has none usable
conflicting_context,10.1002_pssa.201532305-4a-S1-P002,"[{""quantity"": ""generic_pressure"", ""scope"": ""paper"", ""values"": [1.0, 100.0, 1000.0], ""reason"": ""3 distinct generic_pressure values at paper scope (1, 100, 1000); not applied to this experiment without "
pressure_in_source_not_in_output,10.1002_pssa.201532305-4a-S1-P003,document.md states a pressure; record has none usable
conflicting_context,10.1002_pssa.201532305-4a-S1-P003,"[{""quantity"": ""generic_pressure"", ""scope"": ""paper"", ""values"": [1.0, 100.0, 1000.0], ""reason"": ""3 distinct generic_pressure values at paper scope (1, 100, 1000); not applied to this experiment without "
pressure_in_source_not_in_output,10.1002_pssa.201532305-4a-S1-P004,document.md states a pressure; record has none usable
conflicting_context,10.1002_pssa.201532305-4a-S1-P004,"[{""quantity"": ""generic_pressure"", ""scope"": ""paper"", ""values"": [1.0, 100.0, 1000.0], ""reason"": ""3 distinct generic_pressure values at paper scope (1, 100, 1000); not applied to this experiment without "
pressure_in_source_not_in_output,10.1002_pssa.201532305-4a-S1-P005,document.md states a pressure; record has none usable
conflicting_context,10.1002_pssa.201532305-4a-S1-P005,"[{""quantity"": ""generic_pressure"", ""scope"": ""paper"", ""values"": [1.0, 100.0, 1000.0], ""reason"": ""3 distinct generic_pressure values at paper scope (1, 100, 1000); not applied to this experiment without "
pressure_in_source_not_in_output,10.1002_pssa.201532305-4a-S1-P006,document.md states a pressure; record has none usable
conflicting_context,10.1002_pssa.201532305-4a-S1-P006,"[{""quantity"": ""generic_pressure"", ""scope"": ""paper"", ""values"": [1.0, 100.0, 1000.0], ""reason"": ""3 distinct generic_pressure values at paper scope (1, 100, 1000); not applied to this experiment without "
pressure_in_source_not_in_output,10.1002_pssa.201532305-4a-S1-P007,document.md states a pressure; record has none usable
conflicting_context,10.1002_pssa.201532305-4a-S1-P007,"[{""quantity"": ""generic_pressure"", ""scope"": ""paper"", ""values"": [1.0, 100.0, 1000.0], ""reason"": ""3 distinct generic_pressure values at paper scope (1, 100, 1000); not applied to this experiment without "
pressure_in_source_not_in_output,10.1002_pssa.201532305-4a-S1-P008,document.md states a pressure; record has none usable
conflicting_context,10.1002_pssa.201532305-4a-S1-P008,"[{""quantity"": ""generic_pressure"", ""scope"": ""paper"", ""values"": [1.0, 100.0, 1000.0], ""reason"": ""3 distinct generic_pressure values at paper scope (1, 100, 1000); not applied to this experiment without "
pressure_in_source_not_in_output,10.1002_pssa.201532305-4a-S1-P009,document.md states a pressure; record has none usable
conflicting_context,10.1002_pssa.201532305-4a-S1-P009,"[{""quantity"": ""generic_pressure"", ""scope"": ""paper"", ""values"": [1.0, 100.0, 1000.0], ""reason"": ""3 distinct generic_pressure values at paper scope (1, 100, 1000); not applied to this experiment without "
pressure_in_source_not_in_output,10.1002_pssa.201532305-4a-S1-P010,document.md states a pressure; record has none usable
conflicting_context,10.1002_pssa.201532305-4a-S1-P010,"[{""quantity"": ""generic_pressure"", ""scope"": ""paper"", ""values"": [1.0, 100.0, 1000.0], ""reason"": ""3 distinct generic_pressure values at paper scope (1, 100, 1000); not applied to this experiment without "
pressure_in_source_not_in_output,10.1002_pssa.201532305-4a-S1-P011,document.md states a pressure; record has none usable
conflicting_context,10.1002_pssa.201532305-4a-S1-P011,"[{""quantity"": ""generic_pressure"", ""scope"": ""paper"", ""values"": [1.0, 100.0, 1000.0], ""reason"": ""3 distinct generic_pressure values at paper scope (1, 100, 1000); not applied to this experiment without "
pressure_in_source_not_in_output,10.1002_pssa.201532305-4a-S1-P012,document.md states a pressure; record has none usable
conflicting_context,10.1002_pssa.201532305-4a-S1-P012,"[{""quantity"": ""generic_pressure"", ""scope"": ""paper"", ""values"": [1.0, 100.0, 1000.0], ""reason"": ""3 distinct generic_pressure values at paper scope (1, 100, 1000); not applied to this experiment without "
pressure_in_source_not_in_output,10.1002_pssa.201532305-4a-S1-P013,document.md states a pressure; record has none usable
conflicting_context,10.1002_pssa.201532305-4a-S1-P013,"[{""quantity"": ""generic_pressure"", ""scope"": ""paper"", ""values"": [1.0, 100.0, 1000.0], ""reason"": ""3 distinct generic_pressure values at paper scope (1, 100, 1000); not applied to this experiment without "
pressure_in_source_not_in_output,10.1002_pssa.201532305-4a-S1-P014,document.md states a pressure; record has none usable
conflicting_context,10.1002_pssa.201532305-4a-S1-P014,"[{""quantity"": ""generic_pressure"", ""scope"": ""paper"", ""values"": [1.0, 100.0, 1000.0], ""reason"": ""3 distinct generic_pressure values at paper scope (1, 100, 1000); not applied to this experiment without "
pressure_in_source_not_in_output,10.1002_pssa.201532305-4a-S1-P015,document.md states a pressure; record has none usable
conflicting_context,10.1002_pssa.201532305-4a-S1-P015,"[{""quantity"": ""generic_pressure"", ""scope"": ""paper"", ""values"": [1.0, 100.0, 1000.0], ""reason"": ""3 distinct generic_pressure values at paper scope (1, 100, 1000); not applied to this experiment without "
pressure_in_source_not_in_output,10.1002_pssa.201532305-4a-S1-P016,document.md states a pressure; record has none usable
conflicting_context,10.1002_pssa.201532305-4a-S1-P016,"[{""quantity"": ""generic_pressure"", ""scope"": ""paper"", ""values"": [1.0, 100.0, 1000.0], ""reason"": ""3 distinct generic_pressure values at paper scope (1, 100, 1000); not applied to this experiment without "
pressure_in_source_not_in_output,10.1002_pssa.201532305-4a-S1-P017,document.md states a pressure; record has none usable
conflicting_context,10.1002_pssa.201532305-4a-S1-P017,"[{""quantity"": ""generic_pressure"", ""scope"": ""paper"", ""values"": [1.0, 100.0, 1000.0], ""reason"": ""3 distinct generic_pressure values at paper scope (1, 100, 1000); not applied to this experiment without "
pressure_in_source_not_in_output,10.1002_pssa.201532305-4a-S1-P018,document.md states a pressure; record has none usable
conflicting_context,10.1002_pssa.201532305-4a-S1-P018,"[{""quantity"": ""generic_pressure"", ""scope"": ""paper"", ""values"": [1.0, 100.0, 1000.0], ""reason"": ""3 distinct generic_pressure values at paper scope (1, 100, 1000); not applied to this experiment without "
pressure_in_source_not_in_output,10.1002_pssa.201532305-4a-S1-P019,document.md states a pressure; record has none usable
conflicting_context,10.1002_pssa.201532305-4a-S1-P019,"[{""quantity"": ""generic_pressure"", ""scope"": ""paper"", ""values"": [1.0, 100.0, 1000.0], ""reason"": ""3 distinct generic_pressure values at paper scope (1, 100, 1000); not applied to this experiment without "
pressure_in_source_not_in_output,10.1002_pssa.201532305-4a-S1-P020,document.md states a pressure; record has none usable
conflicting_context,10.1002_pssa.201532305-4a-S1-P020,"[{""quantity"": ""generic_pressure"", ""scope"": ""paper"", ""values"": [1.0, 100.0, 1000.0], ""reason"": ""3 distinct generic_pressure values at paper scope (1, 100, 1000); not applied to this experiment without "
pressure_in_source_not_in_output,10.1002_pssa.201532305-4a-S1-P021,document.md states a pressure; record has none usable
conflicting_context,10.1002_pssa.201532305-4a-S1-P021,"[{""quantity"": ""generic_pressure"", ""scope"": ""paper"", ""values"": [1.0, 100.0, 1000.0], ""reason"": ""3 distinct generic_pressure values at paper scope (1, 100, 1000); not applied to this experiment without "
pressure_in_source_not_in_output,10.1002_pssa.201532305-4a-S1-P022,document.md states a pressure; record has none usable
conflicting_context,10.1002_pssa.201532305-4a-S1-P022,"[{""quantity"": ""generic_pressure"", ""scope"": ""paper"", ""values"": [1.0, 100.0, 1000.0], ""reason"": ""3 distinct generic_pressure values at paper scope (1, 100, 1000); not applied to this experiment without "
pressure_in_source_not_in_output,10.1002_pssa.201532305-4a-S1-P023,document.md states a pressure; record has none usable
conflicting_context,10.1002_pssa.201532305-4a-S1-P023,"[{""quantity"": ""generic_pressure"", ""scope"": ""paper"", ""values"": [1.0, 100.0, 1000.0], ""reason"": ""3 distinct generic_pressure values at paper scope (1, 100, 1000); not applied to this experiment without "
pressure_in_source_not_in_output,10.1002_pssa.201532305-4a-S1-P024,document.md states a pressure; record has none usable
conflicting_context,10.1002_pssa.201532305-4a-S1-P024,"[{""quantity"": ""generic_pressure"", ""scope"": ""paper"", ""values"": [1.0, 100.0, 1000.0], ""reason"": ""3 distinct generic_pressure values at paper scope (1, 100, 1000); not applied to this experiment without "
pressure_in_source_not_in_output,10.1002_pssa.201532305-4a-S2-P000,document.md states a pressure; record has none usable
conflicting_context,10.1002_pssa.201532305-4a-S2-P000,"[{""quantity"": ""generic_pressure"", ""scope"": ""paper"", ""values"": [1.0, 100.0, 1000.0], ""reason"": ""3 distinct generic_pressure values at paper scope (1, 100, 1000); not applied to this experiment without "
pressure_in_source_not_in_output,10.1002_pssa.201532305-4a-S2-P001,document.md states a pressure; record has none usable
conflicting_context,10.1002_pssa.201532305-4a-S2-P001,"[{""quantity"": ""generic_pressure"", ""scope"": ""paper"", ""values"": [1.0, 100.0, 1000.0], ""reason"": ""3 distinct generic_pressure values at paper scope (1, 100, 1000); not applied to this experiment without "
pressure_in_source_not_in_output,10.1002_pssa.201532305-4a-S2-P002,document.md states a pressure; record has none usable
conflicting_context,10.1002_pssa.201532305-4a-S2-P002,"[{""quantity"": ""generic_pressure"", ""scope"": ""paper"", ""values"": [1.0, 100.0, 1000.0], ""reason"": ""3 distinct generic_pressure values at paper scope (1, 100, 1000); not applied to this experiment without "
pressure_in_source_not_in_output,10.1002_pssa.201532305-4a-S2-P003,document.md states a pressure; record has none usable
conflicting_context,10.1002_pssa.201532305-4a-S2-P003,"[{""quantity"": ""generic_pressure"", ""scope"": ""paper"", ""values"": [1.0, 100.0, 1000.0], ""reason"": ""3 distinct generic_pressure values at paper scope (1, 100, 1000); not applied to this experiment without "
pressure_in_source_not_in_output,10.1002_pssa.201532305-4a-S2-P004,document.md states a pressure; record has none usable
conflicting_context,10.1002_pssa.201532305-4a-S2-P004,"[{""quantity"": ""generic_pressure"", ""scope"": ""paper"", ""values"": [1.0, 100.0, 1000.0], ""reason"": ""3 distinct generic_pressure values at paper scope (1, 100, 1000); not applied to this experiment without "
pressure_in_source_not_in_output,10.1002_pssa.201532305-4a-S2-P005,document.md states a pressure; record has none usable
conflicting_context,10.1002_pssa.201532305-4a-S2-P005,"[{""quantity"": ""generic_pressure"", ""scope"": ""paper"", ""values"": [1.0, 100.0, 1000.0], ""reason"": ""3 distinct generic_pressure values at paper scope (1, 100, 1000); not applied to this experiment without "
pressure_in_source_not_in_output,10.1002_pssa.201532305-4a-S2-P006,document.md states a pressure; record has none usable
conflicting_context,10.1002_pssa.201532305-4a-S2-P006,"[{""quantity"": ""generic_pressure"", ""scope"": ""paper"", ""values"": [1.0, 100.0, 1000.0], ""reason"": ""3 distinct generic_pressure values at paper scope (1, 100, 1000); not applied to this experiment without "
pressure_in_source_not_in_output,10.1002_pssa.201532305-4a-S2-P007,document.md states a pressure; record has none usable
conflicting_context,10.1002_pssa.201532305-4a-S2-P007,"[{""quantity"": ""generic_pressure"", ""scope"": ""paper"", ""values"": [1.0, 100.0, 1000.0], ""reason"": ""3 distinct generic_pressure values at paper scope (1, 100, 1000); not applied to this experiment without "
pressure_in_source_not_in_output,10.1002_pssa.201532305-4a-S2-P008,document.md states a pressure; record has none usable
conflicting_context,10.1002_pssa.201532305-4a-S2-P008,"[{""quantity"": ""generic_pressure"", ""scope"": ""paper"", ""values"": [1.0, 100.0, 1000.0], ""reason"": ""3 distinct generic_pressure values at paper scope (1, 100, 1000); not applied to this experiment without "
pressure_in_source_not_in_output,10.1002_pssa.201532305-4a-S2-P009,document.md states a pressure; record has none usable
conflicting_context,10.1002_pssa.201532305-4a-S2-P009,"[{""quantity"": ""generic_pressure"", ""scope"": ""paper"", ""values"": [1.0, 100.0, 1000.0], ""reason"": ""3 distinct generic_pressure values at paper scope (1, 100, 1000); not applied to this experiment without "
pressure_in_source_not_in_output,10.1002_pssa.201532305-4a-S2-P010,document.md states a pressure; record has none usable
conflicting_context,10.1002_pssa.201532305-4a-S2-P010,"[{""quantity"": ""generic_pressure"", ""scope"": ""paper"", ""values"": [1.0, 100.0, 1000.0], ""reason"": ""3 distinct generic_pressure values at paper scope (1, 100, 1000); not applied to this experiment without "
pressure_in_source_not_in_output,10.1002_pssa.201532305-4a-S2-P011,document.md states a pressure; record has none usable
conflicting_context,10.1002_pssa.201532305-4a-S2-P011,"[{""quantity"": ""generic_pressure"", ""scope"": ""paper"", ""values"": [1.0, 100.0, 1000.0], ""reason"": ""3 distinct generic_pressure values at paper scope (1, 100, 1000); not applied to this experiment without "
pressure_in_source_not_in_output,10.1002_pssa.201532305-4a-S2-P012,document.md states a pressure; record has none usable
conflicting_context,10.1002_pssa.201532305-4a-S2-P012,"[{""quantity"": ""generic_pressure"", ""scope"": ""paper"", ""values"": [1.0, 100.0, 1000.0], ""reason"": ""3 distinct generic_pressure values at paper scope (1, 100, 1000); not applied to this experiment without "
pressure_in_source_not_in_output,10.1002_pssa.201532305-4a-S2-P013,document.md states a pressure; record has none usable
conflicting_context,10.1002_pssa.201532305-4a-S2-P013,"[{""quantity"": ""generic_pressure"", ""scope"": ""paper"", ""values"": [1.0, 100.0, 1000.0], ""reason"": ""3 distinct generic_pressure values at paper scope (1, 100, 1000); not applied to this experiment without "
pressure_in_source_not_in_output,10.1002_pssa.201532305-4a-S2-P014,document.md states a pressure; record has none usable
conflicting_context,10.1002_pssa.201532305-4a-S2-P014,"[{""quantity"": ""generic_pressure"", ""scope"": ""paper"", ""values"": [1.0, 100.0, 1000.0], ""reason"": ""3 distinct generic_pressure values at paper scope (1, 100, 1000); not applied to this experiment without "
pressure_in_source_not_in_output,10.1002_pssa.201532305-4a-S2-P015,document.md states a pressure; record has none usable
conflicting_context,10.1002_pssa.201532305-4a-S2-P015,"[{""quantity"": ""generic_pressure"", ""scope"": ""paper"", ""values"": [1.0, 100.0, 1000.0], ""reason"": ""3 distinct generic_pressure values at paper scope (1, 100, 1000); not applied to this experiment without "
pressure_in_source_not_in_output,10.1002_pssa.201532305-4a-S2-P016,document.md states a pressure; record has none usable
conflicting_context,10.1002_pssa.201532305-4a-S2-P016,"[{""quantity"": ""generic_pressure"", ""scope"": ""paper"", ""values"": [1.0, 100.0, 1000.0], ""reason"": ""3 distinct generic_pressure values at paper scope (1, 100, 1000); not applied to this experiment without "
pressure_in_source_not_in_output,10.1002_pssa.201532305-4a-S2-P017,document.md states a pressure; record has none usable
conflicting_context,10.1002_pssa.201532305-4a-S2-P017,"[{""quantity"": ""generic_pressure"", ""scope"": ""paper"", ""values"": [1.0, 100.0, 1000.0], ""reason"": ""3 distinct generic_pressure values at paper scope (1, 100, 1000); not applied to this experiment without "
pressure_in_source_not_in_output,10.1002_pssa.201532305-4a-S2-P018,document.md states a pressure; record has none usable
conflicting_context,10.1002_pssa.201532305-4a-S2-P018,"[{""quantity"": ""generic_pressure"", ""scope"": ""paper"", ""values"": [1.0, 100.0, 1000.0], ""reason"": ""3 distinct generic_pressure values at paper scope (1, 100, 1000); not applied to this experiment without "
pressure_in_source_not_in_output,10.1002_pssa.201532305-4a-S2-P019,document.md states a pressure; record has none usable
conflicting_context,10.1002_pssa.201532305-4a-S2-P019,"[{""quantity"": ""generic_pressure"", ""scope"": ""paper"", ""values"": [1.0, 100.0, 1000.0], ""reason"": ""3 distinct generic_pressure values at paper scope (1, 100, 1000); not applied to this experiment without "
pressure_in_source_not_in_output,10.1002_pssa.201532305-4a-S2-P020,document.md states a pressure; record has none usable
conflicting_context,10.1002_pssa.201532305-4a-S2-P020,"[{""quantity"": ""generic_pressure"", ""scope"": ""paper"", ""values"": [1.0, 100.0, 1000.0], ""reason"": ""3 distinct generic_pressure values at paper scope (1, 100, 1000); not applied to this experiment without "
pressure_in_source_not_in_output,10.1002_pssa.201532305-4a-S2-P021,document.md states a pressure; record has none usable
conflicting_context,10.1002_pssa.201532305-4a-S2-P021,"[{""quantity"": ""generic_pressure"", ""scope"": ""paper"", ""values"": [1.0, 100.0, 1000.0], ""reason"": ""3 distinct generic_pressure values at paper scope (1, 100, 1000); not applied to this experiment without "
pressure_in_source_not_in_output,10.1002_pssa.201532305-4a-S2-P022,document.md states a pressure; record has none usable
conflicting_context,10.1002_pssa.201532305-4a-S2-P022,"[{""quantity"": ""generic_pressure"", ""scope"": ""paper"", ""values"": [1.0, 100.0, 1000.0], ""reason"": ""3 distinct generic_pressure values at paper scope (1, 100, 1000); not applied to this experiment without "
pressure_in_source_not_in_output,10.1002_pssa.201532305-4a-S2-P023,document.md states a pressure; record has none usable
conflicting_context,10.1002_pssa.201532305-4a-S2-P023,"[{""quantity"": ""generic_pressure"", ""scope"": ""paper"", ""values"": [1.0, 100.0, 1000.0], ""reason"": ""3 distinct generic_pressure values at paper scope (1, 100, 1000); not applied to this experiment without "
pressure_in_source_not_in_output,10.1002_pssa.201532305-4a-S2-P024,document.md states a pressure; record has none usable
conflicting_context,10.1002_pssa.201532305-4a-S2-P024,"[{""quantity"": ""generic_pressure"", ""scope"": ""paper"", ""values"": [1.0, 100.0, 1000.0], ""reason"": ""3 distinct generic_pressure values at paper scope (1, 100, 1000); not applied to this experiment without "
pressure_in_source_not_in_output,10.1002_pssa.201532305-4b-S3-P000,document.md states a pressure; record has none usable
conflicting_context,10.1002_pssa.201532305-4b-S3-P000,"[{""quantity"": ""generic_pressure"", ""scope"": ""paper"", ""values"": [1.0, 100.0, 1000.0], ""reason"": ""3 distinct generic_pressure values at paper scope (1, 100, 1000); not applied to this experiment without "
legend_condition_without_structured_binding,10.1002_pssa.201532305-4b-S3-P000,"label 'H2 flow rate: H2 10 sccm' carries [2.0, 10.0] but no matching controlled value"
pressure_in_source_not_in_output,10.1002_pssa.201532305-4b-S3-P001,document.md states a pressure; record has none usable
conflicting_context,10.1002_pssa.201532305-4b-S3-P001,"[{""quantity"": ""generic_pressure"", ""scope"": ""paper"", ""values"": [1.0, 100.0, 1000.0], ""reason"": ""3 distinct generic_pressure values at paper scope (1, 100, 1000); not applied to this experiment without "
legend_condition_without_structured_binding,10.1002_pssa.201532305-4b-S3-P001,"label 'H2 flow rate: H2 10 sccm' carries [2.0, 10.0] but no matching controlled value"
pressure_in_source_not_in_output,10.1002_pssa.201532305-4b-S3-P002,document.md states a pressure; record has none usable
conflicting_context,10.1002_pssa.201532305-4b-S3-P002,"[{""quantity"": ""generic_pressure"", ""scope"": ""paper"", ""values"": [1.0, 100.0, 1000.0], ""reason"": ""3 distinct generic_pressure values at paper scope (1, 100, 1000); not applied to this experiment without "
legend_condition_without_structured_binding,10.1002_pssa.201532305-4b-S3-P002,"label 'H2 flow rate: H2 10 sccm' carries [2.0, 10.0] but no matching controlled value"
pressure_in_source_not_in_output,10.1002_pssa.201532305-4b-S3-P003,document.md states a pressure; record has none usable
conflicting_context,10.1002_pssa.201532305-4b-S3-P003,"[{""quantity"": ""generic_pressure"", ""scope"": ""paper"", ""values"": [1.0, 100.0, 1000.0], ""reason"": ""3 distinct generic_pressure values at paper scope (1, 100, 1000); not applied to this experiment without "
legend_condition_without_structured_binding,10.1002_pssa.201532305-4b-S3-P003,"label 'H2 flow rate: H2 10 sccm' carries [2.0, 10.0] but no matching controlled value"
pressure_in_source_not_in_output,10.1002_pssa.201532305-4b-S3-P004,document.md states a pressure; record has none usable
conflicting_context,10.1002_pssa.201532305-4b-S3-P004,"[{""quantity"": ""generic_pressure"", ""scope"": ""paper"", ""values"": [1.0, 100.0, 1000.0], ""reason"": ""3 distinct generic_pressure values at paper scope (1, 100, 1000); not applied to this experiment without "
legend_condition_without_structured_binding,10.1002_pssa.201532305-4b-S3-P004,"label 'H2 flow rate: H2 10 sccm' carries [2.0, 10.0] but no matching controlled value"
pressure_in_source_not_in_output,10.1002_pssa.201532305-4b-S3-P005,document.md states a pressure; record has none usable
conflicting_context,10.1002_pssa.201532305-4b-S3-P005,"[{""quantity"": ""generic_pressure"", ""scope"": ""paper"", ""values"": [1.0, 100.0, 1000.0], ""reason"": ""3 distinct generic_pressure values at paper scope (1, 100, 1000); not applied to this experiment without "
legend_condition_without_structured_binding,10.1002_pssa.201532305-4b-S3-P005,"label 'H2 flow rate: H2 10 sccm' carries [2.0, 10.0] but no matching controlled value"
pressure_in_source_not_in_output,10.1002_pssa.201532305-4b-S3-P006,document.md states a pressure; record has none usable
conflicting_context,10.1002_pssa.201532305-4b-S3-P006,"[{""quantity"": ""generic_pressure"", ""scope"": ""paper"", ""values"": [1.0, 100.0, 1000.0], ""reason"": ""3 distinct generic_pressure values at paper scope (1, 100, 1000); not applied to this experiment without "
legend_condition_without_structured_binding,10.1002_pssa.201532305-4b-S3-P006,"label 'H2 flow rate: H2 10 sccm' carries [2.0, 10.0] but no matching controlled value"
pressure_in_source_not_in_output,10.1002_pssa.201532305-4b-S3-P007,document.md states a pressure; record has none usable
conflicting_context,10.1002_pssa.201532305-4b-S3-P007,"[{""quantity"": ""generic_pressure"", ""scope"": ""paper"", ""values"": [1.0, 100.0, 1000.0], ""reason"": ""3 distinct generic_pressure values at paper scope (1, 100, 1000); not applied to this experiment without "
legend_condition_without_structured_binding,10.1002_pssa.201532305-4b-S3-P007,"label 'H2 flow rate: H2 10 sccm' carries [2.0, 10.0] but no matching controlled value"
pressure_in_source_not_in_output,10.1002_pssa.201532305-4b-S3-P008,document.md states a pressure; record has none usable
conflicting_context,10.1002_pssa.201532305-4b-S3-P008,"[{""quantity"": ""generic_pressure"", ""scope"": ""paper"", ""values"": [1.0, 100.0, 1000.0], ""reason"": ""3 distinct generic_pressure values at paper scope (1, 100, 1000); not applied to this experiment without "
legend_condition_without_structured_binding,10.1002_pssa.201532305-4b-S3-P008,"label 'H2 flow rate: H2 10 sccm' carries [2.0, 10.0] but no matching controlled value"
pressure_in_source_not_in_output,10.1002_pssa.201532305-4b-S3-P009,document.md states a pressure; record has none usable
conflicting_context,10.1002_pssa.201532305-4b-S3-P009,"[{""quantity"": ""generic_pressure"", ""scope"": ""paper"", ""values"": [1.0, 100.0, 1000.0], ""reason"": ""3 distinct generic_pressure values at paper scope (1, 100, 1000); not applied to this experiment without "
legend_condition_without_structured_binding,10.1002_pssa.201532305-4b-S3-P009,"label 'H2 flow rate: H2 10 sccm' carries [2.0, 10.0] but no matching controlled value"
pressure_in_source_not_in_output,10.1002_pssa.201532305-4b-S3-P010,document.md states a pressure; record has none usable
conflicting_context,10.1002_pssa.201532305-4b-S3-P010,"[{""quantity"": ""generic_pressure"", ""scope"": ""paper"", ""values"": [1.0, 100.0, 1000.0], ""reason"": ""3 distinct generic_pressure values at paper scope (1, 100, 1000); not applied to this experiment without "
legend_condition_without_structured_binding,10.1002_pssa.201532305-4b-S3-P010,"label 'H2 flow rate: H2 10 sccm' carries [2.0, 10.0] but no matching controlled value"
pressure_in_source_not_in_output,10.1002_pssa.201532305-4b-S3-P011,document.md states a pressure; record has none usable
conflicting_context,10.1002_pssa.201532305-4b-S3-P011,"[{""quantity"": ""generic_pressure"", ""scope"": ""paper"", ""values"": [1.0, 100.0, 1000.0], ""reason"": ""3 distinct generic_pressure values at paper scope (1, 100, 1000); not applied to this experiment without "
legend_condition_without_structured_binding,10.1002_pssa.201532305-4b-S3-P011,"label 'H2 flow rate: H2 10 sccm' carries [2.0, 10.0] but no matching controlled value"
pressure_in_source_not_in_output,10.1002_pssa.201532305-4b-S3-P012,document.md states a pressure; record has none usable
conflicting_context,10.1002_pssa.201532305-4b-S3-P012,"[{""quantity"": ""generic_pressure"", ""scope"": ""paper"", ""values"": [1.0, 100.0, 1000.0], ""reason"": ""3 distinct generic_pressure values at paper scope (1, 100, 1000); not applied to this experiment without "
legend_condition_without_structured_binding,10.1002_pssa.201532305-4b-S3-P012,"label 'H2 flow rate: H2 10 sccm' carries [2.0, 10.0] but no matching controlled value"
pressure_in_source_not_in_output,10.1002_pssa.201532305-4b-S3-P013,document.md states a pressure; record has none usable
conflicting_context,10.1002_pssa.201532305-4b-S3-P013,"[{""quantity"": ""generic_pressure"", ""scope"": ""paper"", ""values"": [1.0, 100.0, 1000.0], ""reason"": ""3 distinct generic_pressure values at paper scope (1, 100, 1000); not applied to this experiment without "
legend_condition_without_structured_binding,10.1002_pssa.201532305-4b-S3-P013,"label 'H2 flow rate: H2 10 sccm' carries [2.0, 10.0] but no matching controlled value"
pressure_in_source_not_in_output,10.1002_pssa.201532305-4b-S3-P014,document.md states a pressure; record has none usable
conflicting_context,10.1002_pssa.201532305-4b-S3-P014,"[{""quantity"": ""generic_pressure"", ""scope"": ""paper"", ""values"": [1.0, 100.0, 1000.0], ""reason"": ""3 distinct generic_pressure values at paper scope (1, 100, 1000); not applied to this experiment without "
legend_condition_without_structured_binding,10.1002_pssa.201532305-4b-S3-P014,"label 'H2 flow rate: H2 10 sccm' carries [2.0, 10.0] but no matching controlled value"
pressure_in_source_not_in_output,10.1002_pssa.201532305-4b-S3-P015,document.md states a pressure; record has none usable
conflicting_context,10.1002_pssa.201532305-4b-S3-P015,"[{""quantity"": ""generic_pressure"", ""scope"": ""paper"", ""values"": [1.0, 100.0, 1000.0], ""reason"": ""3 distinct generic_pressure values at paper scope (1, 100, 1000); not applied to this experiment without "
legend_condition_without_structured_binding,10.1002_pssa.201532305-4b-S3-P015,"label 'H2 flow rate: H2 10 sccm' carries [2.0, 10.0] but no matching controlled value"
pressure_in_source_not_in_output,10.1002_pssa.201532305-4b-S3-P016,document.md states a pressure; record has none usable
conflicting_context,10.1002_pssa.201532305-4b-S3-P016,"[{""quantity"": ""generic_pressure"", ""scope"": ""paper"", ""values"": [1.0, 100.0, 1000.0], ""reason"": ""3 distinct generic_pressure values at paper scope (1, 100, 1000); not applied to this experiment without "
legend_condition_without_structured_binding,10.1002_pssa.201532305-4b-S3-P016,"label 'H2 flow rate: H2 10 sccm' carries [2.0, 10.0] but no matching controlled value"
pressure_in_source_not_in_output,10.1002_pssa.201532305-4b-S3-P017,document.md states a pressure; record has none usable
conflicting_context,10.1002_pssa.201532305-4b-S3-P017,"[{""quantity"": ""generic_pressure"", ""scope"": ""paper"", ""values"": [1.0, 100.0, 1000.0], ""reason"": ""3 distinct generic_pressure values at paper scope (1, 100, 1000); not applied to this experiment without "
legend_condition_without_structured_binding,10.1002_pssa.201532305-4b-S3-P017,"label 'H2 flow rate: H2 10 sccm' carries [2.0, 10.0] but no matching controlled value"
pressure_in_source_not_in_output,10.1002_pssa.201532305-4b-S3-P018,document.md states a pressure; record has none usable
conflicting_context,10.1002_pssa.201532305-4b-S3-P018,"[{""quantity"": ""generic_pressure"", ""scope"": ""paper"", ""values"": [1.0, 100.0, 1000.0], ""reason"": ""3 distinct generic_pressure values at paper scope (1, 100, 1000); not applied to this experiment without "
legend_condition_without_structured_binding,10.1002_pssa.201532305-4b-S3-P018,"label 'H2 flow rate: H2 10 sccm' carries [2.0, 10.0] but no matching controlled value"
pressure_in_source_not_in_output,10.1002_pssa.201532305-4b-S4-P000,document.md states a pressure; record has none usable
conflicting_context,10.1002_pssa.201532305-4b-S4-P000,"[{""quantity"": ""generic_pressure"", ""scope"": ""paper"", ""values"": [1.0, 100.0, 1000.0], ""reason"": ""3 distinct generic_pressure values at paper scope (1, 100, 1000); not applied to this experiment without "
legend_condition_without_structured_binding,10.1002_pssa.201532305-4b-S4-P000,"label 'H2 flow rate: H2 50 sccm' carries [2.0, 50.0] but no matching controlled value"
pressure_in_source_not_in_output,10.1002_pssa.201532305-4b-S4-P001,document.md states a pressure; record has none usable
conflicting_context,10.1002_pssa.201532305-4b-S4-P001,"[{""quantity"": ""generic_pressure"", ""scope"": ""paper"", ""values"": [1.0, 100.0, 1000.0], ""reason"": ""3 distinct generic_pressure values at paper scope (1, 100, 1000); not applied to this experiment without "
legend_condition_without_structured_binding,10.1002_pssa.201532305-4b-S4-P001,"label 'H2 flow rate: H2 50 sccm' carries [2.0, 50.0] but no matching controlled value"
pressure_in_source_not_in_output,10.1002_pssa.201532305-4b-S4-P002,document.md states a pressure; record has none usable
conflicting_context,10.1002_pssa.201532305-4b-S4-P002,"[{""quantity"": ""generic_pressure"", ""scope"": ""paper"", ""values"": [1.0, 100.0, 1000.0], ""reason"": ""3 distinct generic_pressure values at paper scope (1, 100, 1000); not applied to this experiment without "
legend_condition_without_structured_binding,10.1002_pssa.201532305-4b-S4-P002,"label 'H2 flow rate: H2 50 sccm' carries [2.0, 50.0] but no matching controlled value"
pressure_in_source_not_in_output,10.1002_pssa.201532305-4b-S4-P003,document.md states a pressure; record has none usable
conflicting_context,10.1002_pssa.201532305-4b-S4-P003,"[{""quantity"": ""generic_pressure"", ""scope"": ""paper"", ""values"": [1.0, 100.0, 1000.0], ""reason"": ""3 distinct generic_pressure values at paper scope (1, 100, 1000); not applied to this experiment without "
legend_condition_without_structured_binding,10.1002_pssa.201532305-4b-S4-P003,"label 'H2 flow rate: H2 50 sccm' carries [2.0, 50.0] but no matching controlled value"
pressure_in_source_not_in_output,10.1002_pssa.201532305-4b-S4-P004,document.md states a pressure; record has none usable
conflicting_context,10.1002_pssa.201532305-4b-S4-P004,"[{""quantity"": ""generic_pressure"", ""scope"": ""paper"", ""values"": [1.0, 100.0, 1000.0], ""reason"": ""3 distinct generic_pressure values at paper scope (1, 100, 1000); not applied to this experiment without "
legend_condition_without_structured_binding,10.1002_pssa.201532305-4b-S4-P004,"label 'H2 flow rate: H2 50 sccm' carries [2.0, 50.0] but no matching controlled value"
pressure_in_source_not_in_output,10.1002_pssa.201532305-4b-S4-P005,document.md states a pressure; record has none usable
conflicting_context,10.1002_pssa.201532305-4b-S4-P005,"[{""quantity"": ""generic_pressure"", ""scope"": ""paper"", ""values"": [1.0, 100.0, 1000.0], ""reason"": ""3 distinct generic_pressure values at paper scope (1, 100, 1000); not applied to this experiment without "
legend_condition_without_structured_binding,10.1002_pssa.201532305-4b-S4-P005,"label 'H2 flow rate: H2 50 sccm' carries [2.0, 50.0] but no matching controlled value"
pressure_in_source_not_in_output,10.1002_pssa.201532305-4b-S4-P006,document.md states a pressure; record has none usable
conflicting_context,10.1002_pssa.201532305-4b-S4-P006,"[{""quantity"": ""generic_pressure"", ""scope"": ""paper"", ""values"": [1.0, 100.0, 1000.0], ""reason"": ""3 distinct generic_pressure values at paper scope (1, 100, 1000); not applied to this experiment without "
legend_condition_without_structured_binding,10.1002_pssa.201532305-4b-S4-P006,"label 'H2 flow rate: H2 50 sccm' carries [2.0, 50.0] but no matching controlled value"
pressure_in_source_not_in_output,10.1002_pssa.201532305-4b-S4-P007,document.md states a pressure; record has none usable
conflicting_context,10.1002_pssa.201532305-4b-S4-P007,"[{""quantity"": ""generic_pressure"", ""scope"": ""paper"", ""values"": [1.0, 100.0, 1000.0], ""reason"": ""3 distinct generic_pressure values at paper scope (1, 100, 1000); not applied to this experiment without "
legend_condition_without_structured_binding,10.1002_pssa.201532305-4b-S4-P007,"label 'H2 flow rate: H2 50 sccm' carries [2.0, 50.0] but no matching controlled value"
pressure_in_source_not_in_output,10.1002_pssa.201532305-4b-S4-P008,document.md states a pressure; record has none usable
conflicting_context,10.1002_pssa.201532305-4b-S4-P008,"[{""quantity"": ""generic_pressure"", ""scope"": ""paper"", ""values"": [1.0, 100.0, 1000.0], ""reason"": ""3 distinct generic_pressure values at paper scope (1, 100, 1000); not applied to this experiment without "
legend_condition_without_structured_binding,10.1002_pssa.201532305-4b-S4-P008,"label 'H2 flow rate: H2 50 sccm' carries [2.0, 50.0] but no matching controlled value"
pressure_in_source_not_in_output,10.1002_pssa.201532305-4b-S4-P009,document.md states a pressure; record has none usable
conflicting_context,10.1002_pssa.201532305-4b-S4-P009,"[{""quantity"": ""generic_pressure"", ""scope"": ""paper"", ""values"": [1.0, 100.0, 1000.0], ""reason"": ""3 distinct generic_pressure values at paper scope (1, 100, 1000); not applied to this experiment without "
legend_condition_without_structured_binding,10.1002_pssa.201532305-4b-S4-P009,"label 'H2 flow rate: H2 50 sccm' carries [2.0, 50.0] but no matching controlled value"
pressure_in_source_not_in_output,10.1002_pssa.201532305-4b-S4-P010,document.md states a pressure; record has none usable
conflicting_context,10.1002_pssa.201532305-4b-S4-P010,"[{""quantity"": ""generic_pressure"", ""scope"": ""paper"", ""values"": [1.0, 100.0, 1000.0], ""reason"": ""3 distinct generic_pressure values at paper scope (1, 100, 1000); not applied to this experiment without "
legend_condition_without_structured_binding,10.1002_pssa.201532305-4b-S4-P010,"label 'H2 flow rate: H2 50 sccm' carries [2.0, 50.0] but no matching controlled value"
pressure_in_source_not_in_output,10.1002_pssa.201532305-4b-S4-P011,document.md states a pressure; record has none usable
conflicting_context,10.1002_pssa.201532305-4b-S4-P011,"[{""quantity"": ""generic_pressure"", ""scope"": ""paper"", ""values"": [1.0, 100.0, 1000.0], ""reason"": ""3 distinct generic_pressure values at paper scope (1, 100, 1000); not applied to this experiment without "
legend_condition_without_structured_binding,10.1002_pssa.201532305-4b-S4-P011,"label 'H2 flow rate: H2 50 sccm' carries [2.0, 50.0] but no matching controlled value"
pressure_in_source_not_in_output,10.1002_pssa.201532305-4b-S4-P012,document.md states a pressure; record has none usable
conflicting_context,10.1002_pssa.201532305-4b-S4-P012,"[{""quantity"": ""generic_pressure"", ""scope"": ""paper"", ""values"": [1.0, 100.0, 1000.0], ""reason"": ""3 distinct generic_pressure values at paper scope (1, 100, 1000); not applied to this experiment without "
legend_condition_without_structured_binding,10.1002_pssa.201532305-4b-S4-P012,"label 'H2 flow rate: H2 50 sccm' carries [2.0, 50.0] but no matching controlled value"
pressure_in_source_not_in_output,10.1002_pssa.201532305-4b-S4-P013,document.md states a pressure; record has none usable
conflicting_context,10.1002_pssa.201532305-4b-S4-P013,"[{""quantity"": ""generic_pressure"", ""scope"": ""paper"", ""values"": [1.0, 100.0, 1000.0], ""reason"": ""3 distinct generic_pressure values at paper scope (1, 100, 1000); not applied to this experiment without "
legend_condition_without_structured_binding,10.1002_pssa.201532305-4b-S4-P013,"label 'H2 flow rate: H2 50 sccm' carries [2.0, 50.0] but no matching controlled value"
pressure_in_source_not_in_output,10.1002_pssa.201532305-4b-S4-P014,document.md states a pressure; record has none usable
conflicting_context,10.1002_pssa.201532305-4b-S4-P014,"[{""quantity"": ""generic_pressure"", ""scope"": ""paper"", ""values"": [1.0, 100.0, 1000.0], ""reason"": ""3 distinct generic_pressure values at paper scope (1, 100, 1000); not applied to this experiment without "
legend_condition_without_structured_binding,10.1002_pssa.201532305-4b-S4-P014,"label 'H2 flow rate: H2 50 sccm' carries [2.0, 50.0] but no matching controlled value"
pressure_in_source_not_in_output,10.1002_pssa.201532305-4b-S4-P015,document.md states a pressure; record has none usable
conflicting_context,10.1002_pssa.201532305-4b-S4-P015,"[{""quantity"": ""generic_pressure"", ""scope"": ""paper"", ""values"": [1.0, 100.0, 1000.0], ""reason"": ""3 distinct generic_pressure values at paper scope (1, 100, 1000); not applied to this experiment without "
legend_condition_without_structured_binding,10.1002_pssa.201532305-4b-S4-P015,"label 'H2 flow rate: H2 50 sccm' carries [2.0, 50.0] but no matching controlled value"
pressure_in_source_not_in_output,10.1002_pssa.201532305-4b-S4-P016,document.md states a pressure; record has none usable
conflicting_context,10.1002_pssa.201532305-4b-S4-P016,"[{""quantity"": ""generic_pressure"", ""scope"": ""paper"", ""values"": [1.0, 100.0, 1000.0], ""reason"": ""3 distinct generic_pressure values at paper scope (1, 100, 1000); not applied to this experiment without "
legend_condition_without_structured_binding,10.1002_pssa.201532305-4b-S4-P016,"label 'H2 flow rate: H2 50 sccm' carries [2.0, 50.0] but no matching controlled value"
pressure_in_source_not_in_output,10.1002_pssa.201532305-4b-S4-P017,document.md states a pressure; record has none usable
conflicting_context,10.1002_pssa.201532305-4b-S4-P017,"[{""quantity"": ""generic_pressure"", ""scope"": ""paper"", ""values"": [1.0, 100.0, 1000.0], ""reason"": ""3 distinct generic_pressure values at paper scope (1, 100, 1000); not applied to this experiment without "
legend_condition_without_structured_binding,10.1002_pssa.201532305-4b-S4-P017,"label 'H2 flow rate: H2 50 sccm' carries [2.0, 50.0] but no matching controlled value"
pressure_in_source_not_in_output,10.1002_pssa.201532305-4b-S4-P018,document.md states a pressure; record has none usable
conflicting_context,10.1002_pssa.201532305-4b-S4-P018,"[{""quantity"": ""generic_pressure"", ""scope"": ""paper"", ""values"": [1.0, 100.0, 1000.0], ""reason"": ""3 distinct generic_pressure values at paper scope (1, 100, 1000); not applied to this experiment without "
legend_condition_without_structured_binding,10.1002_pssa.201532305-4b-S4-P018,"label 'H2 flow rate: H2 50 sccm' carries [2.0, 50.0] but no matching controlled value"
pressure_in_source_not_in_output,10.1002_pssa.201532305-4b-S5-P000,document.md states a pressure; record has none usable
conflicting_context,10.1002_pssa.201532305-4b-S5-P000,"[{""quantity"": ""generic_pressure"", ""scope"": ""paper"", ""values"": [1.0, 100.0, 1000.0], ""reason"": ""3 distinct generic_pressure values at paper scope (1, 100, 1000); not applied to this experiment without "
pressure_in_source_not_in_output,10.1002_pssa.201532305-4b-S5-P001,document.md states a pressure; record has none usable
conflicting_context,10.1002_pssa.201532305-4b-S5-P001,"[{""quantity"": ""generic_pressure"", ""scope"": ""paper"", ""values"": [1.0, 100.0, 1000.0], ""reason"": ""3 distinct generic_pressure values at paper scope (1, 100, 1000); not applied to this experiment without "
pressure_in_source_not_in_output,10.1002_pssa.201532305-4b-S5-P002,document.md states a pressure; record has none usable
conflicting_context,10.1002_pssa.201532305-4b-S5-P002,"[{""quantity"": ""generic_pressure"", ""scope"": ""paper"", ""values"": [1.0, 100.0, 1000.0], ""reason"": ""3 distinct generic_pressure values at paper scope (1, 100, 1000); not applied to this experiment without "
pressure_in_source_not_in_output,10.1002_pssa.201532305-4b-S5-P003,document.md states a pressure; record has none usable
conflicting_context,10.1002_pssa.201532305-4b-S5-P003,"[{""quantity"": ""generic_pressure"", ""scope"": ""paper"", ""values"": [1.0, 100.0, 1000.0], ""reason"": ""3 distinct generic_pressure values at paper scope (1, 100, 1000); not applied to this experiment without "
pressure_in_source_not_in_output,10.1002_pssa.201532305-4b-S5-P004,document.md states a pressure; record has none usable
conflicting_context,10.1002_pssa.201532305-4b-S5-P004,"[{""quantity"": ""generic_pressure"", ""scope"": ""paper"", ""values"": [1.0, 100.0, 1000.0], ""reason"": ""3 distinct generic_pressure values at paper scope (1, 100, 1000); not applied to this experiment without "
pressure_in_source_not_in_output,10.1002_pssa.201532305-4b-S5-P005,document.md states a pressure; record has none usable
conflicting_context,10.1002_pssa.201532305-4b-S5-P005,"[{""quantity"": ""generic_pressure"", ""scope"": ""paper"", ""values"": [1.0, 100.0, 1000.0], ""reason"": ""3 distinct generic_pressure values at paper scope (1, 100, 1000); not applied to this experiment without "
pressure_in_source_not_in_output,10.1002_pssa.201532305-4b-S5-P006,document.md states a pressure; record has none usable
conflicting_context,10.1002_pssa.201532305-4b-S5-P006,"[{""quantity"": ""generic_pressure"", ""scope"": ""paper"", ""values"": [1.0, 100.0, 1000.0], ""reason"": ""3 distinct generic_pressure values at paper scope (1, 100, 1000); not applied to this experiment without "
pressure_in_source_not_in_output,10.1002_pssa.201532305-4b-S5-P007,document.md states a pressure; record has none usable
conflicting_context,10.1002_pssa.201532305-4b-S5-P007,"[{""quantity"": ""generic_pressure"", ""scope"": ""paper"", ""values"": [1.0, 100.0, 1000.0], ""reason"": ""3 distinct generic_pressure values at paper scope (1, 100, 1000); not applied to this experiment without "
pressure_in_source_not_in_output,10.1002_pssa.201532305-4b-S5-P008,document.md states a pressure; record has none usable
conflicting_context,10.1002_pssa.201532305-4b-S5-P008,"[{""quantity"": ""generic_pressure"", ""scope"": ""paper"", ""values"": [1.0, 100.0, 1000.0], ""reason"": ""3 distinct generic_pressure values at paper scope (1, 100, 1000); not applied to this experiment without "
pressure_in_source_not_in_output,10.1002_pssa.201532305-4b-S5-P009,document.md states a pressure; record has none usable
conflicting_context,10.1002_pssa.201532305-4b-S5-P009,"[{""quantity"": ""generic_pressure"", ""scope"": ""paper"", ""values"": [1.0, 100.0, 1000.0], ""reason"": ""3 distinct generic_pressure values at paper scope (1, 100, 1000); not applied to this experiment without "
pressure_in_source_not_in_output,10.1002_pssa.201532305-4b-S5-P010,document.md states a pressure; record has none usable
conflicting_context,10.1002_pssa.201532305-4b-S5-P010,"[{""quantity"": ""generic_pressure"", ""scope"": ""paper"", ""values"": [1.0, 100.0, 1000.0], ""reason"": ""3 distinct generic_pressure values at paper scope (1, 100, 1000); not applied to this experiment without "
pressure_in_source_not_in_output,10.1002_pssa.201532305-4b-S5-P011,document.md states a pressure; record has none usable
conflicting_context,10.1002_pssa.201532305-4b-S5-P011,"[{""quantity"": ""generic_pressure"", ""scope"": ""paper"", ""values"": [1.0, 100.0, 1000.0], ""reason"": ""3 distinct generic_pressure values at paper scope (1, 100, 1000); not applied to this experiment without "
pressure_in_source_not_in_output,10.1002_pssa.201532305-4b-S5-P012,document.md states a pressure; record has none usable
conflicting_context,10.1002_pssa.201532305-4b-S5-P012,"[{""quantity"": ""generic_pressure"", ""scope"": ""paper"", ""values"": [1.0, 100.0, 1000.0], ""reason"": ""3 distinct generic_pressure values at paper scope (1, 100, 1000); not applied to this experiment without "
pressure_in_source_not_in_output,10.1002_pssa.201532305-4b-S5-P013,document.md states a pressure; record has none usable
conflicting_context,10.1002_pssa.201532305-4b-S5-P013,"[{""quantity"": ""generic_pressure"", ""scope"": ""paper"", ""values"": [1.0, 100.0, 1000.0], ""reason"": ""3 distinct generic_pressure values at paper scope (1, 100, 1000); not applied to this experiment without "
pressure_in_source_not_in_output,10.1002_pssa.201532305-4b-S5-P014,document.md states a pressure; record has none usable
conflicting_context,10.1002_pssa.201532305-4b-S5-P014,"[{""quantity"": ""generic_pressure"", ""scope"": ""paper"", ""values"": [1.0, 100.0, 1000.0], ""reason"": ""3 distinct generic_pressure values at paper scope (1, 100, 1000); not applied to this experiment without "
pressure_in_source_not_in_output,10.1002_pssa.201532305-4b-S5-P015,document.md states a pressure; record has none usable
conflicting_context,10.1002_pssa.201532305-4b-S5-P015,"[{""quantity"": ""generic_pressure"", ""scope"": ""paper"", ""values"": [1.0, 100.0, 1000.0], ""reason"": ""3 distinct generic_pressure values at paper scope (1, 100, 1000); not applied to this experiment without "
pressure_in_source_not_in_output,10.1002_pssa.201532305-4b-S5-P016,document.md states a pressure; record has none usable
conflicting_context,10.1002_pssa.201532305-4b-S5-P016,"[{""quantity"": ""generic_pressure"", ""scope"": ""paper"", ""values"": [1.0, 100.0, 1000.0], ""reason"": ""3 distinct generic_pressure values at paper scope (1, 100, 1000); not applied to this experiment without "
pressure_in_source_not_in_output,10.1002_pssa.201532305-4b-S5-P017,document.md states a pressure; record has none usable
conflicting_context,10.1002_pssa.201532305-4b-S5-P017,"[{""quantity"": ""generic_pressure"", ""scope"": ""paper"", ""values"": [1.0, 100.0, 1000.0], ""reason"": ""3 distinct generic_pressure values at paper scope (1, 100, 1000); not applied to this experiment without "
pressure_in_source_not_in_output,10.1002_pssa.201532305-4b-S5-P018,document.md states a pressure; record has none usable
conflicting_context,10.1002_pssa.201532305-4b-S5-P018,"[{""quantity"": ""generic_pressure"", ""scope"": ""paper"", ""values"": [1.0, 100.0, 1000.0], ""reason"": ""3 distinct generic_pressure values at paper scope (1, 100, 1000); not applied to this experiment without "
pressure_in_source_not_in_output,10.1002_pssa.201532305-4c-S6-P000,document.md states a pressure; record has none usable
conflicting_context,10.1002_pssa.201532305-4c-S6-P000,"[{""quantity"": ""generic_pressure"", ""scope"": ""paper"", ""values"": [1.0, 100.0, 1000.0], ""reason"": ""3 distinct generic_pressure values at paper scope (1, 100, 1000); not applied to this experiment without "
legend_condition_without_structured_binding,10.1002_pssa.201532305-4c-S6-P000,"label 'WF6 flow rate: WF6 10 sccm' carries [6.0, 10.0] but no matching controlled value"
pressure_in_source_not_in_output,10.1002_pssa.201532305-4c-S6-P001,document.md states a pressure; record has none usable
conflicting_context,10.1002_pssa.201532305-4c-S6-P001,"[{""quantity"": ""generic_pressure"", ""scope"": ""paper"", ""values"": [1.0, 100.0, 1000.0], ""reason"": ""3 distinct generic_pressure values at paper scope (1, 100, 1000); not applied to this experiment without "
legend_condition_without_structured_binding,10.1002_pssa.201532305-4c-S6-P001,"label 'WF6 flow rate: WF6 10 sccm' carries [6.0, 10.0] but no matching controlled value"
pressure_in_source_not_in_output,10.1002_pssa.201532305-4c-S6-P002,document.md states a pressure; record has none usable
conflicting_context,10.1002_pssa.201532305-4c-S6-P002,"[{""quantity"": ""generic_pressure"", ""scope"": ""paper"", ""values"": [1.0, 100.0, 1000.0], ""reason"": ""3 distinct generic_pressure values at paper scope (1, 100, 1000); not applied to this experiment without "
legend_condition_without_structured_binding,10.1002_pssa.201532305-4c-S6-P002,"label 'WF6 flow rate: WF6 10 sccm' carries [6.0, 10.0] but no matching controlled value"
pressure_in_source_not_in_output,10.1002_pssa.201532305-4c-S6-P003,document.md states a pressure; record has none usable
conflicting_context,10.1002_pssa.201532305-4c-S6-P003,"[{""quantity"": ""generic_pressure"", ""scope"": ""paper"", ""values"": [1.0, 100.0, 1000.0], ""reason"": ""3 distinct generic_pressure values at paper scope (1, 100, 1000); not applied to this experiment without "
legend_condition_without_structured_binding,10.1002_pssa.201532305-4c-S6-P003,"label 'WF6 flow rate: WF6 10 sccm' carries [6.0, 10.0] but no matching controlled value"
pressure_in_source_not_in_output,10.1002_pssa.201532305-4c-S6-P004,document.md states a pressure; record has none usable
conflicting_context,10.1002_pssa.201532305-4c-S6-P004,"[{""quantity"": ""generic_pressure"", ""scope"": ""paper"", ""values"": [1.0, 100.0, 1000.0], ""reason"": ""3 distinct generic_pressure values at paper scope (1, 100, 1000); not applied to this experiment without "
legend_condition_without_structured_binding,10.1002_pssa.201532305-4c-S6-P004,"label 'WF6 flow rate: WF6 10 sccm' carries [6.0, 10.0] but no matching controlled value"
pressure_in_source_not_in_output,10.1002_pssa.201532305-4c-S6-P005,document.md states a pressure; record has none usable
conflicting_context,10.1002_pssa.201532305-4c-S6-P005,"[{""quantity"": ""generic_pressure"", ""scope"": ""paper"", ""values"": [1.0, 100.0, 1000.0], ""reason"": ""3 distinct generic_pressure values at paper scope (1, 100, 1000); not applied to this experiment without "
legend_condition_without_structured_binding,10.1002_pssa.201532305-4c-S6-P005,"label 'WF6 flow rate: WF6 10 sccm' carries [6.0, 10.0] but no matching controlled value"
pressure_in_source_not_in_output,10.1002_pssa.201532305-4c-S6-P006,document.md states a pressure; record has none usable
conflicting_context,10.1002_pssa.201532305-4c-S6-P006,"[{""quantity"": ""generic_pressure"", ""scope"": ""paper"", ""values"": [1.0, 100.0, 1000.0], ""reason"": ""3 distinct generic_pressure values at paper scope (1, 100, 1000); not applied to this experiment without "
legend_condition_without_structured_binding,10.1002_pssa.201532305-4c-S6-P006,"label 'WF6 flow rate: WF6 10 sccm' carries [6.0, 10.0] but no matching controlled value"
pressure_in_source_not_in_output,10.1002_pssa.201532305-4c-S6-P007,document.md states a pressure; record has none usable
conflicting_context,10.1002_pssa.201532305-4c-S6-P007,"[{""quantity"": ""generic_pressure"", ""scope"": ""paper"", ""values"": [1.0, 100.0, 1000.0], ""reason"": ""3 distinct generic_pressure values at paper scope (1, 100, 1000); not applied to this experiment without "
legend_condition_without_structured_binding,10.1002_pssa.201532305-4c-S6-P007,"label 'WF6 flow rate: WF6 10 sccm' carries [6.0, 10.0] but no matching controlled value"
pressure_in_source_not_in_output,10.1002_pssa.201532305-4c-S6-P008,document.md states a pressure; record has none usable
conflicting_context,10.1002_pssa.201532305-4c-S6-P008,"[{""quantity"": ""generic_pressure"", ""scope"": ""paper"", ""values"": [1.0, 100.0, 1000.0], ""reason"": ""3 distinct generic_pressure values at paper scope (1, 100, 1000); not applied to this experiment without "
legend_condition_without_structured_binding,10.1002_pssa.201532305-4c-S6-P008,"label 'WF6 flow rate: WF6 10 sccm' carries [6.0, 10.0] but no matching controlled value"
pressure_in_source_not_in_output,10.1002_pssa.201532305-4c-S6-P009,document.md states a pressure; record has none usable
conflicting_context,10.1002_pssa.201532305-4c-S6-P009,"[{""quantity"": ""generic_pressure"", ""scope"": ""paper"", ""values"": [1.0, 100.0, 1000.0], ""reason"": ""3 distinct generic_pressure values at paper scope (1, 100, 1000); not applied to this experiment without "
legend_condition_without_structured_binding,10.1002_pssa.201532305-4c-S6-P009,"label 'WF6 flow rate: WF6 10 sccm' carries [6.0, 10.0] but no matching controlled value"
pressure_in_source_not_in_output,10.1002_pssa.201532305-4c-S6-P010,document.md states a pressure; record has none usable
conflicting_context,10.1002_pssa.201532305-4c-S6-P010,"[{""quantity"": ""generic_pressure"", ""scope"": ""paper"", ""values"": [1.0, 100.0, 1000.0], ""reason"": ""3 distinct generic_pressure values at paper scope (1, 100, 1000); not applied to this experiment without "
legend_condition_without_structured_binding,10.1002_pssa.201532305-4c-S6-P010,"label 'WF6 flow rate: WF6 10 sccm' carries [6.0, 10.0] but no matching controlled value"
pressure_in_source_not_in_output,10.1002_pssa.201532305-4c-S6-P011,document.md states a pressure; record has none usable
conflicting_context,10.1002_pssa.201532305-4c-S6-P011,"[{""quantity"": ""generic_pressure"", ""scope"": ""paper"", ""values"": [1.0, 100.0, 1000.0], ""reason"": ""3 distinct generic_pressure values at paper scope (1, 100, 1000); not applied to this experiment without "
legend_condition_without_structured_binding,10.1002_pssa.201532305-4c-S6-P011,"label 'WF6 flow rate: WF6 10 sccm' carries [6.0, 10.0] but no matching controlled value"
pressure_in_source_not_in_output,10.1002_pssa.201532305-4c-S6-P012,document.md states a pressure; record has none usable
conflicting_context,10.1002_pssa.201532305-4c-S6-P012,"[{""quantity"": ""generic_pressure"", ""scope"": ""paper"", ""values"": [1.0, 100.0, 1000.0], ""reason"": ""3 distinct generic_pressure values at paper scope (1, 100, 1000); not applied to this experiment without "
legend_condition_without_structured_binding,10.1002_pssa.201532305-4c-S6-P012,"label 'WF6 flow rate: WF6 10 sccm' carries [6.0, 10.0] but no matching controlled value"
pressure_in_source_not_in_output,10.1002_pssa.201532305-4c-S6-P013,document.md states a pressure; record has none usable
conflicting_context,10.1002_pssa.201532305-4c-S6-P013,"[{""quantity"": ""generic_pressure"", ""scope"": ""paper"", ""values"": [1.0, 100.0, 1000.0], ""reason"": ""3 distinct generic_pressure values at paper scope (1, 100, 1000); not applied to this experiment without "
legend_condition_without_structured_binding,10.1002_pssa.201532305-4c-S6-P013,"label 'WF6 flow rate: WF6 10 sccm' carries [6.0, 10.0] but no matching controlled value"
pressure_in_source_not_in_output,10.1002_pssa.201532305-4c-S6-P014,document.md states a pressure; record has none usable
conflicting_context,10.1002_pssa.201532305-4c-S6-P014,"[{""quantity"": ""generic_pressure"", ""scope"": ""paper"", ""values"": [1.0, 100.0, 1000.0], ""reason"": ""3 distinct generic_pressure values at paper scope (1, 100, 1000); not applied to this experiment without "
legend_condition_without_structured_binding,10.1002_pssa.201532305-4c-S6-P014,"label 'WF6 flow rate: WF6 10 sccm' carries [6.0, 10.0] but no matching controlled value"
pressure_in_source_not_in_output,10.1002_pssa.201532305-4c-S6-P015,document.md states a pressure; record has none usable
conflicting_context,10.1002_pssa.201532305-4c-S6-P015,"[{""quantity"": ""generic_pressure"", ""scope"": ""paper"", ""values"": [1.0, 100.0, 1000.0], ""reason"": ""3 distinct generic_pressure values at paper scope (1, 100, 1000); not applied to this experiment without "
legend_condition_without_structured_binding,10.1002_pssa.201532305-4c-S6-P015,"label 'WF6 flow rate: WF6 10 sccm' carries [6.0, 10.0] but no matching controlled value"
pressure_in_source_not_in_output,10.1002_pssa.201532305-4c-S6-P016,document.md states a pressure; record has none usable
conflicting_context,10.1002_pssa.201532305-4c-S6-P016,"[{""quantity"": ""generic_pressure"", ""scope"": ""paper"", ""values"": [1.0, 100.0, 1000.0], ""reason"": ""3 distinct generic_pressure values at paper scope (1, 100, 1000); not applied to this experiment without "
legend_condition_without_structured_binding,10.1002_pssa.201532305-4c-S6-P016,"label 'WF6 flow rate: WF6 10 sccm' carries [6.0, 10.0] but no matching controlled value"
pressure_in_source_not_in_output,10.1002_pssa.201532305-4c-S6-P017,document.md states a pressure; record has none usable
conflicting_context,10.1002_pssa.201532305-4c-S6-P017,"[{""quantity"": ""generic_pressure"", ""scope"": ""paper"", ""values"": [1.0, 100.0, 1000.0], ""reason"": ""3 distinct generic_pressure values at paper scope (1, 100, 1000); not applied to this experiment without "
legend_condition_without_structured_binding,10.1002_pssa.201532305-4c-S6-P017,"label 'WF6 flow rate: WF6 10 sccm' carries [6.0, 10.0] but no matching controlled value"
pressure_in_source_not_in_output,10.1002_pssa.201532305-4c-S6-P018,document.md states a pressure; record has none usable
conflicting_context,10.1002_pssa.201532305-4c-S6-P018,"[{""quantity"": ""generic_pressure"", ""scope"": ""paper"", ""values"": [1.0, 100.0, 1000.0], ""reason"": ""3 distinct generic_pressure values at paper scope (1, 100, 1000); not applied to this experiment without "
legend_condition_without_structured_binding,10.1002_pssa.201532305-4c-S6-P018,"label 'WF6 flow rate: WF6 10 sccm' carries [6.0, 10.0] but no matching controlled value"
pressure_in_source_not_in_output,10.1002_pssa.201532305-4c-S6-P019,document.md states a pressure; record has none usable
conflicting_context,10.1002_pssa.201532305-4c-S6-P019,"[{""quantity"": ""generic_pressure"", ""scope"": ""paper"", ""values"": [1.0, 100.0, 1000.0], ""reason"": ""3 distinct generic_pressure values at paper scope (1, 100, 1000); not applied to this experiment without "
legend_condition_without_structured_binding,10.1002_pssa.201532305-4c-S6-P019,"label 'WF6 flow rate: WF6 10 sccm' carries [6.0, 10.0] but no matching controlled value"
pressure_in_source_not_in_output,10.1002_pssa.201532305-4c-S6-P020,document.md states a pressure; record has none usable
conflicting_context,10.1002_pssa.201532305-4c-S6-P020,"[{""quantity"": ""generic_pressure"", ""scope"": ""paper"", ""values"": [1.0, 100.0, 1000.0], ""reason"": ""3 distinct generic_pressure values at paper scope (1, 100, 1000); not applied to this experiment without "
legend_condition_without_structured_binding,10.1002_pssa.201532305-4c-S6-P020,"label 'WF6 flow rate: WF6 10 sccm' carries [6.0, 10.0] but no matching controlled value"
pressure_in_source_not_in_output,10.1002_pssa.201532305-4c-S6-P021,document.md states a pressure; record has none usable
conflicting_context,10.1002_pssa.201532305-4c-S6-P021,"[{""quantity"": ""generic_pressure"", ""scope"": ""paper"", ""values"": [1.0, 100.0, 1000.0], ""reason"": ""3 distinct generic_pressure values at paper scope (1, 100, 1000); not applied to this experiment without "
legend_condition_without_structured_binding,10.1002_pssa.201532305-4c-S6-P021,"label 'WF6 flow rate: WF6 10 sccm' carries [6.0, 10.0] but no matching controlled value"
pressure_in_source_not_in_output,10.1002_pssa.201532305-4c-S6-P022,document.md states a pressure; record has none usable
conflicting_context,10.1002_pssa.201532305-4c-S6-P022,"[{""quantity"": ""generic_pressure"", ""scope"": ""paper"", ""values"": [1.0, 100.0, 1000.0], ""reason"": ""3 distinct generic_pressure values at paper scope (1, 100, 1000); not applied to this experiment without "
legend_condition_without_structured_binding,10.1002_pssa.201532305-4c-S6-P022,"label 'WF6 flow rate: WF6 10 sccm' carries [6.0, 10.0] but no matching controlled value"
pressure_in_source_not_in_output,10.1002_pssa.201532305-4c-S7-P000,document.md states a pressure; record has none usable
conflicting_context,10.1002_pssa.201532305-4c-S7-P000,"[{""quantity"": ""generic_pressure"", ""scope"": ""paper"", ""values"": [1.0, 100.0, 1000.0], ""reason"": ""3 distinct generic_pressure values at paper scope (1, 100, 1000); not applied to this experiment without "
legend_condition_without_structured_binding,10.1002_pssa.201532305-4c-S7-P000,"label 'WF6 flow rate: WF6 20 sccm' carries [6.0, 20.0] but no matching controlled value"
pressure_in_source_not_in_output,10.1002_pssa.201532305-4c-S7-P001,document.md states a pressure; record has none usable
conflicting_context,10.1002_pssa.201532305-4c-S7-P001,"[{""quantity"": ""generic_pressure"", ""scope"": ""paper"", ""values"": [1.0, 100.0, 1000.0], ""reason"": ""3 distinct generic_pressure values at paper scope (1, 100, 1000); not applied to this experiment without "
legend_condition_without_structured_binding,10.1002_pssa.201532305-4c-S7-P001,"label 'WF6 flow rate: WF6 20 sccm' carries [6.0, 20.0] but no matching controlled value"
pressure_in_source_not_in_output,10.1002_pssa.201532305-4c-S7-P002,document.md states a pressure; record has none usable
conflicting_context,10.1002_pssa.201532305-4c-S7-P002,"[{""quantity"": ""generic_pressure"", ""scope"": ""paper"", ""values"": [1.0, 100.0, 1000.0], ""reason"": ""3 distinct generic_pressure values at paper scope (1, 100, 1000); not applied to this experiment without "
legend_condition_without_structured_binding,10.1002_pssa.201532305-4c-S7-P002,"label 'WF6 flow rate: WF6 20 sccm' carries [6.0, 20.0] but no matching controlled value"
pressure_in_source_not_in_output,10.1002_pssa.201532305-4c-S7-P003,document.md states a pressure; record has none usable
conflicting_context,10.1002_pssa.201532305-4c-S7-P003,"[{""quantity"": ""generic_pressure"", ""scope"": ""paper"", ""values"": [1.0, 100.0, 1000.0], ""reason"": ""3 distinct generic_pressure values at paper scope (1, 100, 1000); not applied to this experiment without "
legend_condition_without_structured_binding,10.1002_pssa.201532305-4c-S7-P003,"label 'WF6 flow rate: WF6 20 sccm' carries [6.0, 20.0] but no matching controlled value"
pressure_in_source_not_in_output,10.1002_pssa.201532305-4c-S7-P004,document.md states a pressure; record has none usable
conflicting_context,10.1002_pssa.201532305-4c-S7-P004,"[{""quantity"": ""generic_pressure"", ""scope"": ""paper"", ""values"": [1.0, 100.0, 1000.0], ""reason"": ""3 distinct generic_pressure values at paper scope (1, 100, 1000); not applied to this experiment without "
legend_condition_without_structured_binding,10.1002_pssa.201532305-4c-S7-P004,"label 'WF6 flow rate: WF6 20 sccm' carries [6.0, 20.0] but no matching controlled value"
pressure_in_source_not_in_output,10.1002_pssa.201532305-4c-S7-P005,document.md states a pressure; record has none usable
conflicting_context,10.1002_pssa.201532305-4c-S7-P005,"[{""quantity"": ""generic_pressure"", ""scope"": ""paper"", ""values"": [1.0, 100.0, 1000.0], ""reason"": ""3 distinct generic_pressure values at paper scope (1, 100, 1000); not applied to this experiment without "
legend_condition_without_structured_binding,10.1002_pssa.201532305-4c-S7-P005,"label 'WF6 flow rate: WF6 20 sccm' carries [6.0, 20.0] but no matching controlled value"
pressure_in_source_not_in_output,10.1002_pssa.201532305-4c-S7-P006,document.md states a pressure; record has none usable
conflicting_context,10.1002_pssa.201532305-4c-S7-P006,"[{""quantity"": ""generic_pressure"", ""scope"": ""paper"", ""values"": [1.0, 100.0, 1000.0], ""reason"": ""3 distinct generic_pressure values at paper scope (1, 100, 1000); not applied to this experiment without "
legend_condition_without_structured_binding,10.1002_pssa.201532305-4c-S7-P006,"label 'WF6 flow rate: WF6 20 sccm' carries [6.0, 20.0] but no matching controlled value"
pressure_in_source_not_in_output,10.1002_pssa.201532305-4c-S7-P007,document.md states a pressure; record has none usable
conflicting_context,10.1002_pssa.201532305-4c-S7-P007,"[{""quantity"": ""generic_pressure"", ""scope"": ""paper"", ""values"": [1.0, 100.0, 1000.0], ""reason"": ""3 distinct generic_pressure values at paper scope (1, 100, 1000); not applied to this experiment without "
legend_condition_without_structured_binding,10.1002_pssa.201532305-4c-S7-P007,"label 'WF6 flow rate: WF6 20 sccm' carries [6.0, 20.0] but no matching controlled value"
pressure_in_source_not_in_output,10.1002_pssa.201532305-4c-S7-P008,document.md states a pressure; record has none usable
conflicting_context,10.1002_pssa.201532305-4c-S7-P008,"[{""quantity"": ""generic_pressure"", ""scope"": ""paper"", ""values"": [1.0, 100.0, 1000.0], ""reason"": ""3 distinct generic_pressure values at paper scope (1, 100, 1000); not applied to this experiment without "
legend_condition_without_structured_binding,10.1002_pssa.201532305-4c-S7-P008,"label 'WF6 flow rate: WF6 20 sccm' carries [6.0, 20.0] but no matching controlled value"
pressure_in_source_not_in_output,10.1002_pssa.201532305-4c-S7-P009,document.md states a pressure; record has none usable
conflicting_context,10.1002_pssa.201532305-4c-S7-P009,"[{""quantity"": ""generic_pressure"", ""scope"": ""paper"", ""values"": [1.0, 100.0, 1000.0], ""reason"": ""3 distinct generic_pressure values at paper scope (1, 100, 1000); not applied to this experiment without "
legend_condition_without_structured_binding,10.1002_pssa.201532305-4c-S7-P009,"label 'WF6 flow rate: WF6 20 sccm' carries [6.0, 20.0] but no matching controlled value"
pressure_in_source_not_in_output,10.1002_pssa.201532305-4c-S7-P010,document.md states a pressure; record has none usable
conflicting_context,10.1002_pssa.201532305-4c-S7-P010,"[{""quantity"": ""generic_pressure"", ""scope"": ""paper"", ""values"": [1.0, 100.0, 1000.0], ""reason"": ""3 distinct generic_pressure values at paper scope (1, 100, 1000); not applied to this experiment without "
legend_condition_without_structured_binding,10.1002_pssa.201532305-4c-S7-P010,"label 'WF6 flow rate: WF6 20 sccm' carries [6.0, 20.0] but no matching controlled value"
pressure_in_source_not_in_output,10.1002_pssa.201532305-4c-S7-P011,document.md states a pressure; record has none usable
conflicting_context,10.1002_pssa.201532305-4c-S7-P011,"[{""quantity"": ""generic_pressure"", ""scope"": ""paper"", ""values"": [1.0, 100.0, 1000.0], ""reason"": ""3 distinct generic_pressure values at paper scope (1, 100, 1000); not applied to this experiment without "
legend_condition_without_structured_binding,10.1002_pssa.201532305-4c-S7-P011,"label 'WF6 flow rate: WF6 20 sccm' carries [6.0, 20.0] but no matching controlled value"
pressure_in_source_not_in_output,10.1002_pssa.201532305-4c-S7-P012,document.md states a pressure; record has none usable
conflicting_context,10.1002_pssa.201532305-4c-S7-P012,"[{""quantity"": ""generic_pressure"", ""scope"": ""paper"", ""values"": [1.0, 100.0, 1000.0], ""reason"": ""3 distinct generic_pressure values at paper scope (1, 100, 1000); not applied to this experiment without "
legend_condition_without_structured_binding,10.1002_pssa.201532305-4c-S7-P012,"label 'WF6 flow rate: WF6 20 sccm' carries [6.0, 20.0] but no matching controlled value"
pressure_in_source_not_in_output,10.1002_pssa.201532305-4c-S7-P013,document.md states a pressure; record has none usable
conflicting_context,10.1002_pssa.201532305-4c-S7-P013,"[{""quantity"": ""generic_pressure"", ""scope"": ""paper"", ""values"": [1.0, 100.0, 1000.0], ""reason"": ""3 distinct generic_pressure values at paper scope (1, 100, 1000); not applied to this experiment without "
legend_condition_without_structured_binding,10.1002_pssa.201532305-4c-S7-P013,"label 'WF6 flow rate: WF6 20 sccm' carries [6.0, 20.0] but no matching controlled value"
pressure_in_source_not_in_output,10.1002_pssa.201532305-4c-S7-P014,document.md states a pressure; record has none usable
conflicting_context,10.1002_pssa.201532305-4c-S7-P014,"[{""quantity"": ""generic_pressure"", ""scope"": ""paper"", ""values"": [1.0, 100.0, 1000.0], ""reason"": ""3 distinct generic_pressure values at paper scope (1, 100, 1000); not applied to this experiment without "
legend_condition_without_structured_binding,10.1002_pssa.201532305-4c-S7-P014,"label 'WF6 flow rate: WF6 20 sccm' carries [6.0, 20.0] but no matching controlled value"
pressure_in_source_not_in_output,10.1002_pssa.201532305-4c-S7-P015,document.md states a pressure; record has none usable
conflicting_context,10.1002_pssa.201532305-4c-S7-P015,"[{""quantity"": ""generic_pressure"", ""scope"": ""paper"", ""values"": [1.0, 100.0, 1000.0], ""reason"": ""3 distinct generic_pressure values at paper scope (1, 100, 1000); not applied to this experiment without "
legend_condition_without_structured_binding,10.1002_pssa.201532305-4c-S7-P015,"label 'WF6 flow rate: WF6 20 sccm' carries [6.0, 20.0] but no matching controlled value"
pressure_in_source_not_in_output,10.1002_pssa.201532305-4c-S7-P016,document.md states a pressure; record has none usable
conflicting_context,10.1002_pssa.201532305-4c-S7-P016,"[{""quantity"": ""generic_pressure"", ""scope"": ""paper"", ""values"": [1.0, 100.0, 1000.0], ""reason"": ""3 distinct generic_pressure values at paper scope (1, 100, 1000); not applied to this experiment without "
legend_condition_without_structured_binding,10.1002_pssa.201532305-4c-S7-P016,"label 'WF6 flow rate: WF6 20 sccm' carries [6.0, 20.0] but no matching controlled value"
pressure_in_source_not_in_output,10.1002_pssa.201532305-4c-S7-P017,document.md states a pressure; record has none usable
conflicting_context,10.1002_pssa.201532305-4c-S7-P017,"[{""quantity"": ""generic_pressure"", ""scope"": ""paper"", ""values"": [1.0, 100.0, 1000.0], ""reason"": ""3 distinct generic_pressure values at paper scope (1, 100, 1000); not applied to this experiment without "
legend_condition_without_structured_binding,10.1002_pssa.201532305-4c-S7-P017,"label 'WF6 flow rate: WF6 20 sccm' carries [6.0, 20.0] but no matching controlled value"
pressure_in_source_not_in_output,10.1002_pssa.201532305-4c-S7-P018,document.md states a pressure; record has none usable
conflicting_context,10.1002_pssa.201532305-4c-S7-P018,"[{""quantity"": ""generic_pressure"", ""scope"": ""paper"", ""values"": [1.0, 100.0, 1000.0], ""reason"": ""3 distinct generic_pressure values at paper scope (1, 100, 1000); not applied to this experiment without "
legend_condition_without_structured_binding,10.1002_pssa.201532305-4c-S7-P018,"label 'WF6 flow rate: WF6 20 sccm' carries [6.0, 20.0] but no matching controlled value"
pressure_in_source_not_in_output,10.1002_pssa.201532305-4c-S7-P019,document.md states a pressure; record has none usable
conflicting_context,10.1002_pssa.201532305-4c-S7-P019,"[{""quantity"": ""generic_pressure"", ""scope"": ""paper"", ""values"": [1.0, 100.0, 1000.0], ""reason"": ""3 distinct generic_pressure values at paper scope (1, 100, 1000); not applied to this experiment without "
legend_condition_without_structured_binding,10.1002_pssa.201532305-4c-S7-P019,"label 'WF6 flow rate: WF6 20 sccm' carries [6.0, 20.0] but no matching controlled value"
pressure_in_source_not_in_output,10.1002_pssa.201532305-4c-S7-P020,document.md states a pressure; record has none usable
conflicting_context,10.1002_pssa.201532305-4c-S7-P020,"[{""quantity"": ""generic_pressure"", ""scope"": ""paper"", ""values"": [1.0, 100.0, 1000.0], ""reason"": ""3 distinct generic_pressure values at paper scope (1, 100, 1000); not applied to this experiment without "
legend_condition_without_structured_binding,10.1002_pssa.201532305-4c-S7-P020,"label 'WF6 flow rate: WF6 20 sccm' carries [6.0, 20.0] but no matching controlled value"
pressure_in_source_not_in_output,10.1002_pssa.201532305-4c-S7-P021,document.md states a pressure; record has none usable
conflicting_context,10.1002_pssa.201532305-4c-S7-P021,"[{""quantity"": ""generic_pressure"", ""scope"": ""paper"", ""values"": [1.0, 100.0, 1000.0], ""reason"": ""3 distinct generic_pressure values at paper scope (1, 100, 1000); not applied to this experiment without "
legend_condition_without_structured_binding,10.1002_pssa.201532305-4c-S7-P021,"label 'WF6 flow rate: WF6 20 sccm' carries [6.0, 20.0] but no matching controlled value"
pressure_in_source_not_in_output,10.1002_pssa.201532305-4c-S7-P022,document.md states a pressure; record has none usable
conflicting_context,10.1002_pssa.201532305-4c-S7-P022,"[{""quantity"": ""generic_pressure"", ""scope"": ""paper"", ""values"": [1.0, 100.0, 1000.0], ""reason"": ""3 distinct generic_pressure values at paper scope (1, 100, 1000); not applied to this experiment without "
legend_condition_without_structured_binding,10.1002_pssa.201532305-4c-S7-P022,"label 'WF6 flow rate: WF6 20 sccm' carries [6.0, 20.0] but no matching controlled value"
pressure_in_source_not_in_output,10.1002_pssa.201532305-4d-S8-P000,document.md states a pressure; record has none usable
conflicting_context,10.1002_pssa.201532305-4d-S8-P000,"[{""quantity"": ""generic_pressure"", ""scope"": ""paper"", ""values"": [1.0, 100.0, 1000.0], ""reason"": ""3 distinct generic_pressure values at paper scope (1, 100, 1000); not applied to this experiment without "
legend_condition_without_structured_binding,10.1002_pssa.201532305-4d-S8-P000,label 'Ar flow rate: Ar 10 sccm' carries [10.0] but no matching controlled value
pressure_in_source_not_in_output,10.1002_pssa.201532305-4d-S8-P001,document.md states a pressure; record has none usable
conflicting_context,10.1002_pssa.201532305-4d-S8-P001,"[{""quantity"": ""generic_pressure"", ""scope"": ""paper"", ""values"": [1.0, 100.0, 1000.0], ""reason"": ""3 distinct generic_pressure values at paper scope (1, 100, 1000); not applied to this experiment without "
legend_condition_without_structured_binding,10.1002_pssa.201532305-4d-S8-P001,label 'Ar flow rate: Ar 10 sccm' carries [10.0] but no matching controlled value
pressure_in_source_not_in_output,10.1002_pssa.201532305-4d-S8-P002,document.md states a pressure; record has none usable
conflicting_context,10.1002_pssa.201532305-4d-S8-P002,"[{""quantity"": ""generic_pressure"", ""scope"": ""paper"", ""values"": [1.0, 100.0, 1000.0], ""reason"": ""3 distinct generic_pressure values at paper scope (1, 100, 1000); not applied to this experiment without "
legend_condition_without_structured_binding,10.1002_pssa.201532305-4d-S8-P002,label 'Ar flow rate: Ar 10 sccm' carries [10.0] but no matching controlled value
pressure_in_source_not_in_output,10.1002_pssa.201532305-4d-S8-P003,document.md states a pressure; record has none usable
conflicting_context,10.1002_pssa.201532305-4d-S8-P003,"[{""quantity"": ""generic_pressure"", ""scope"": ""paper"", ""values"": [1.0, 100.0, 1000.0], ""reason"": ""3 distinct generic_pressure values at paper scope (1, 100, 1000); not applied to this experiment without "
legend_condition_without_structured_binding,10.1002_pssa.201532305-4d-S8-P003,label 'Ar flow rate: Ar 10 sccm' carries [10.0] but no matching controlled value
pressure_in_source_not_in_output,10.1002_pssa.201532305-4d-S8-P004,document.md states a pressure; record has none usable
conflicting_context,10.1002_pssa.201532305-4d-S8-P004,"[{""quantity"": ""generic_pressure"", ""scope"": ""paper"", ""values"": [1.0, 100.0, 1000.0], ""reason"": ""3 distinct generic_pressure values at paper scope (1, 100, 1000); not applied to this experiment without "
legend_condition_without_structured_binding,10.1002_pssa.201532305-4d-S8-P004,label 'Ar flow rate: Ar 10 sccm' carries [10.0] but no matching controlled value
pressure_in_source_not_in_output,10.1002_pssa.201532305-4d-S8-P005,document.md states a pressure; record has none usable
conflicting_context,10.1002_pssa.201532305-4d-S8-P005,"[{""quantity"": ""generic_pressure"", ""scope"": ""paper"", ""values"": [1.0, 100.0, 1000.0], ""reason"": ""3 distinct generic_pressure values at paper scope (1, 100, 1000); not applied to this experiment without "
legend_condition_without_structured_binding,10.1002_pssa.201532305-4d-S8-P005,label 'Ar flow rate: Ar 10 sccm' carries [10.0] but no matching controlled value
pressure_in_source_not_in_output,10.1002_pssa.201532305-4d-S8-P006,document.md states a pressure; record has none usable
conflicting_context,10.1002_pssa.201532305-4d-S8-P006,"[{""quantity"": ""generic_pressure"", ""scope"": ""paper"", ""values"": [1.0, 100.0, 1000.0], ""reason"": ""3 distinct generic_pressure values at paper scope (1, 100, 1000); not applied to this experiment without "
legend_condition_without_structured_binding,10.1002_pssa.201532305-4d-S8-P006,label 'Ar flow rate: Ar 10 sccm' carries [10.0] but no matching controlled value
pressure_in_source_not_in_output,10.1002_pssa.201532305-4d-S8-P007,document.md states a pressure; record has none usable
conflicting_context,10.1002_pssa.201532305-4d-S8-P007,"[{""quantity"": ""generic_pressure"", ""scope"": ""paper"", ""values"": [1.0, 100.0, 1000.0], ""reason"": ""3 distinct generic_pressure values at paper scope (1, 100, 1000); not applied to this experiment without "
legend_condition_without_structured_binding,10.1002_pssa.201532305-4d-S8-P007,label 'Ar flow rate: Ar 10 sccm' carries [10.0] but no matching controlled value
pressure_in_source_not_in_output,10.1002_pssa.201532305-4d-S8-P008,document.md states a pressure; record has none usable
conflicting_context,10.1002_pssa.201532305-4d-S8-P008,"[{""quantity"": ""generic_pressure"", ""scope"": ""paper"", ""values"": [1.0, 100.0, 1000.0], ""reason"": ""3 distinct generic_pressure values at paper scope (1, 100, 1000); not applied to this experiment without "
legend_condition_without_structured_binding,10.1002_pssa.201532305-4d-S8-P008,label 'Ar flow rate: Ar 10 sccm' carries [10.0] but no matching controlled value
pressure_in_source_not_in_output,10.1002_pssa.201532305-4d-S8-P009,document.md states a pressure; record has none usable
conflicting_context,10.1002_pssa.201532305-4d-S8-P009,"[{""quantity"": ""generic_pressure"", ""scope"": ""paper"", ""values"": [1.0, 100.0, 1000.0], ""reason"": ""3 distinct generic_pressure values at paper scope (1, 100, 1000); not applied to this experiment without "
legend_condition_without_structured_binding,10.1002_pssa.201532305-4d-S8-P009,label 'Ar flow rate: Ar 10 sccm' carries [10.0] but no matching controlled value
pressure_in_source_not_in_output,10.1002_pssa.201532305-4d-S8-P010,document.md states a pressure; record has none usable
conflicting_context,10.1002_pssa.201532305-4d-S8-P010,"[{""quantity"": ""generic_pressure"", ""scope"": ""paper"", ""values"": [1.0, 100.0, 1000.0], ""reason"": ""3 distinct generic_pressure values at paper scope (1, 100, 1000); not applied to this experiment without "
legend_condition_without_structured_binding,10.1002_pssa.201532305-4d-S8-P010,label 'Ar flow rate: Ar 10 sccm' carries [10.0] but no matching controlled value
pressure_in_source_not_in_output,10.1002_pssa.201532305-4d-S8-P011,document.md states a pressure; record has none usable
conflicting_context,10.1002_pssa.201532305-4d-S8-P011,"[{""quantity"": ""generic_pressure"", ""scope"": ""paper"", ""values"": [1.0, 100.0, 1000.0], ""reason"": ""3 distinct generic_pressure values at paper scope (1, 100, 1000); not applied to this experiment without "
legend_condition_without_structured_binding,10.1002_pssa.201532305-4d-S8-P011,label 'Ar flow rate: Ar 10 sccm' carries [10.0] but no matching controlled value
pressure_in_source_not_in_output,10.1002_pssa.201532305-4d-S8-P012,document.md states a pressure; record has none usable
conflicting_context,10.1002_pssa.201532305-4d-S8-P012,"[{""quantity"": ""generic_pressure"", ""scope"": ""paper"", ""values"": [1.0, 100.0, 1000.0], ""reason"": ""3 distinct generic_pressure values at paper scope (1, 100, 1000); not applied to this experiment without "
legend_condition_without_structured_binding,10.1002_pssa.201532305-4d-S8-P012,label 'Ar flow rate: Ar 10 sccm' carries [10.0] but no matching controlled value
pressure_in_source_not_in_output,10.1002_pssa.201532305-4d-S8-P013,document.md states a pressure; record has none usable
conflicting_context,10.1002_pssa.201532305-4d-S8-P013,"[{""quantity"": ""generic_pressure"", ""scope"": ""paper"", ""values"": [1.0, 100.0, 1000.0], ""reason"": ""3 distinct generic_pressure values at paper scope (1, 100, 1000); not applied to this experiment without "
legend_condition_without_structured_binding,10.1002_pssa.201532305-4d-S8-P013,label 'Ar flow rate: Ar 10 sccm' carries [10.0] but no matching controlled value
pressure_in_source_not_in_output,10.1002_pssa.201532305-4d-S8-P014,document.md states a pressure; record has none usable
conflicting_context,10.1002_pssa.201532305-4d-S8-P014,"[{""quantity"": ""generic_pressure"", ""scope"": ""paper"", ""values"": [1.0, 100.0, 1000.0], ""reason"": ""3 distinct generic_pressure values at paper scope (1, 100, 1000); not applied to this experiment without "
legend_condition_without_structured_binding,10.1002_pssa.201532305-4d-S8-P014,label 'Ar flow rate: Ar 10 sccm' carries [10.0] but no matching controlled value
pressure_in_source_not_in_output,10.1002_pssa.201532305-4d-S8-P015,document.md states a pressure; record has none usable
conflicting_context,10.1002_pssa.201532305-4d-S8-P015,"[{""quantity"": ""generic_pressure"", ""scope"": ""paper"", ""values"": [1.0, 100.0, 1000.0], ""reason"": ""3 distinct generic_pressure values at paper scope (1, 100, 1000); not applied to this experiment without "
legend_condition_without_structured_binding,10.1002_pssa.201532305-4d-S8-P015,label 'Ar flow rate: Ar 10 sccm' carries [10.0] but no matching controlled value
pressure_in_source_not_in_output,10.1002_pssa.201532305-4d-S8-P016,document.md states a pressure; record has none usable
conflicting_context,10.1002_pssa.201532305-4d-S8-P016,"[{""quantity"": ""generic_pressure"", ""scope"": ""paper"", ""values"": [1.0, 100.0, 1000.0], ""reason"": ""3 distinct generic_pressure values at paper scope (1, 100, 1000); not applied to this experiment without "
legend_condition_without_structured_binding,10.1002_pssa.201532305-4d-S8-P016,label 'Ar flow rate: Ar 10 sccm' carries [10.0] but no matching controlled value
pressure_in_source_not_in_output,10.1002_pssa.201532305-4d-S8-P017,document.md states a pressure; record has none usable
conflicting_context,10.1002_pssa.201532305-4d-S8-P017,"[{""quantity"": ""generic_pressure"", ""scope"": ""paper"", ""values"": [1.0, 100.0, 1000.0], ""reason"": ""3 distinct generic_pressure values at paper scope (1, 100, 1000); not applied to this experiment without "
legend_condition_without_structured_binding,10.1002_pssa.201532305-4d-S8-P017,label 'Ar flow rate: Ar 10 sccm' carries [10.0] but no matching controlled value
pressure_in_source_not_in_output,10.1002_pssa.201532305-4d-S8-P018,document.md states a pressure; record has none usable
conflicting_context,10.1002_pssa.201532305-4d-S8-P018,"[{""quantity"": ""generic_pressure"", ""scope"": ""paper"", ""values"": [1.0, 100.0, 1000.0], ""reason"": ""3 distinct generic_pressure values at paper scope (1, 100, 1000); not applied to this experiment without "
legend_condition_without_structured_binding,10.1002_pssa.201532305-4d-S8-P018,label 'Ar flow rate: Ar 10 sccm' carries [10.0] but no matching controlled value
pressure_in_source_not_in_output,10.1002_pssa.201532305-4d-S8-P019,document.md states a pressure; record has none usable
conflicting_context,10.1002_pssa.201532305-4d-S8-P019,"[{""quantity"": ""generic_pressure"", ""scope"": ""paper"", ""values"": [1.0, 100.0, 1000.0], ""reason"": ""3 distinct generic_pressure values at paper scope (1, 100, 1000); not applied to this experiment without "
legend_condition_without_structured_binding,10.1002_pssa.201532305-4d-S8-P019,label 'Ar flow rate: Ar 10 sccm' carries [10.0] but no matching controlled value
pressure_in_source_not_in_output,10.1002_pssa.201532305-4d-S8-P020,document.md states a pressure; record has none usable
conflicting_context,10.1002_pssa.201532305-4d-S8-P020,"[{""quantity"": ""generic_pressure"", ""scope"": ""paper"", ""values"": [1.0, 100.0, 1000.0], ""reason"": ""3 distinct generic_pressure values at paper scope (1, 100, 1000); not applied to this experiment without "
legend_condition_without_structured_binding,10.1002_pssa.201532305-4d-S8-P020,label 'Ar flow rate: Ar 10 sccm' carries [10.0] but no matching controlled value
pressure_in_source_not_in_output,10.1002_pssa.201532305-4d-S9-P000,document.md states a pressure; record has none usable
conflicting_context,10.1002_pssa.201532305-4d-S9-P000,"[{""quantity"": ""generic_pressure"", ""scope"": ""paper"", ""values"": [1.0, 100.0, 1000.0], ""reason"": ""3 distinct generic_pressure values at paper scope (1, 100, 1000); not applied to this experiment without "
pressure_in_source_not_in_output,10.1002_pssa.201532305-4d-S9-P001,document.md states a pressure; record has none usable
conflicting_context,10.1002_pssa.201532305-4d-S9-P001,"[{""quantity"": ""generic_pressure"", ""scope"": ""paper"", ""values"": [1.0, 100.0, 1000.0], ""reason"": ""3 distinct generic_pressure values at paper scope (1, 100, 1000); not applied to this experiment without "
pressure_in_source_not_in_output,10.1002_pssa.201532305-4d-S9-P002,document.md states a pressure; record has none usable
conflicting_context,10.1002_pssa.201532305-4d-S9-P002,"[{""quantity"": ""generic_pressure"", ""scope"": ""paper"", ""values"": [1.0, 100.0, 1000.0], ""reason"": ""3 distinct generic_pressure values at paper scope (1, 100, 1000); not applied to this experiment without "
pressure_in_source_not_in_output,10.1002_pssa.201532305-4d-S9-P003,document.md states a pressure; record has none usable
conflicting_context,10.1002_pssa.201532305-4d-S9-P003,"[{""quantity"": ""generic_pressure"", ""scope"": ""paper"", ""values"": [1.0, 100.0, 1000.0], ""reason"": ""3 distinct generic_pressure values at paper scope (1, 100, 1000); not applied to this experiment without "
pressure_in_source_not_in_output,10.1002_pssa.201532305-4d-S9-P004,document.md states a pressure; record has none usable
conflicting_context,10.1002_pssa.201532305-4d-S9-P004,"[{""quantity"": ""generic_pressure"", ""scope"": ""paper"", ""values"": [1.0, 100.0, 1000.0], ""reason"": ""3 distinct generic_pressure values at paper scope (1, 100, 1000); not applied to this experiment without "
pressure_in_source_not_in_output,10.1002_pssa.201532305-4d-S9-P005,document.md states a pressure; record has none usable
conflicting_context,10.1002_pssa.201532305-4d-S9-P005,"[{""quantity"": ""generic_pressure"", ""scope"": ""paper"", ""values"": [1.0, 100.0, 1000.0], ""reason"": ""3 distinct generic_pressure values at paper scope (1, 100, 1000); not applied to this experiment without "
pressure_in_source_not_in_output,10.1002_pssa.201532305-4d-S9-P006,document.md states a pressure; record has none usable
conflicting_context,10.1002_pssa.201532305-4d-S9-P006,"[{""quantity"": ""generic_pressure"", ""scope"": ""paper"", ""values"": [1.0, 100.0, 1000.0], ""reason"": ""3 distinct generic_pressure values at paper scope (1, 100, 1000); not applied to this experiment without "
pressure_in_source_not_in_output,10.1002_pssa.201532305-4d-S9-P007,document.md states a pressure; record has none usable
conflicting_context,10.1002_pssa.201532305-4d-S9-P007,"[{""quantity"": ""generic_pressure"", ""scope"": ""paper"", ""values"": [1.0, 100.0, 1000.0], ""reason"": ""3 distinct generic_pressure values at paper scope (1, 100, 1000); not applied to this experiment without "
pressure_in_source_not_in_output,10.1002_pssa.201532305-4d-S9-P008,document.md states a pressure; record has none usable
conflicting_context,10.1002_pssa.201532305-4d-S9-P008,"[{""quantity"": ""generic_pressure"", ""scope"": ""paper"", ""values"": [1.0, 100.0, 1000.0], ""reason"": ""3 distinct generic_pressure values at paper scope (1, 100, 1000); not applied to this experiment without "
pressure_in_source_not_in_output,10.1002_pssa.201532305-4d-S9-P009,document.md states a pressure; record has none usable
conflicting_context,10.1002_pssa.201532305-4d-S9-P009,"[{""quantity"": ""generic_pressure"", ""scope"": ""paper"", ""values"": [1.0, 100.0, 1000.0], ""reason"": ""3 distinct generic_pressure values at paper scope (1, 100, 1000); not applied to this experiment without "
pressure_in_source_not_in_output,10.1002_pssa.201532305-4d-S9-P010,document.md states a pressure; record has none usable
conflicting_context,10.1002_pssa.201532305-4d-S9-P010,"[{""quantity"": ""generic_pressure"", ""scope"": ""paper"", ""values"": [1.0, 100.0, 1000.0], ""reason"": ""3 distinct generic_pressure values at paper scope (1, 100, 1000); not applied to this experiment without "
pressure_in_source_not_in_output,10.1002_pssa.201532305-4d-S9-P011,document.md states a pressure; record has none usable
conflicting_context,10.1002_pssa.201532305-4d-S9-P011,"[{""quantity"": ""generic_pressure"", ""scope"": ""paper"", ""values"": [1.0, 100.0, 1000.0], ""reason"": ""3 distinct generic_pressure values at paper scope (1, 100, 1000); not applied to this experiment without "
pressure_in_source_not_in_output,10.1002_pssa.201532305-4d-S9-P012,document.md states a pressure; record has none usable
conflicting_context,10.1002_pssa.201532305-4d-S9-P012,"[{""quantity"": ""generic_pressure"", ""scope"": ""paper"", ""values"": [1.0, 100.0, 1000.0], ""reason"": ""3 distinct generic_pressure values at paper scope (1, 100, 1000); not applied to this experiment without "
pressure_in_source_not_in_output,10.1002_pssa.201532305-4d-S9-P013,document.md states a pressure; record has none usable
conflicting_context,10.1002_pssa.201532305-4d-S9-P013,"[{""quantity"": ""generic_pressure"", ""scope"": ""paper"", ""values"": [1.0, 100.0, 1000.0], ""reason"": ""3 distinct generic_pressure values at paper scope (1, 100, 1000); not applied to this experiment without "
pressure_in_source_not_in_output,10.1002_pssa.201532305-4d-S9-P014,document.md states a pressure; record has none usable
conflicting_context,10.1002_pssa.201532305-4d-S9-P014,"[{""quantity"": ""generic_pressure"", ""scope"": ""paper"", ""values"": [1.0, 100.0, 1000.0], ""reason"": ""3 distinct generic_pressure values at paper scope (1, 100, 1000); not applied to this experiment without "
pressure_in_source_not_in_output,10.1002_pssa.201532305-4d-S9-P015,document.md states a pressure; record has none usable
conflicting_context,10.1002_pssa.201532305-4d-S9-P015,"[{""quantity"": ""generic_pressure"", ""scope"": ""paper"", ""values"": [1.0, 100.0, 1000.0], ""reason"": ""3 distinct generic_pressure values at paper scope (1, 100, 1000); not applied to this experiment without "
pressure_in_source_not_in_output,10.1002_pssa.201532305-4d-S9-P016,document.md states a pressure; record has none usable
conflicting_context,10.1002_pssa.201532305-4d-S9-P016,"[{""quantity"": ""generic_pressure"", ""scope"": ""paper"", ""values"": [1.0, 100.0, 1000.0], ""reason"": ""3 distinct generic_pressure values at paper scope (1, 100, 1000); not applied to this experiment without "
pressure_in_source_not_in_output,10.1002_pssa.201532305-4d-S9-P017,document.md states a pressure; record has none usable
conflicting_context,10.1002_pssa.201532305-4d-S9-P017,"[{""quantity"": ""generic_pressure"", ""scope"": ""paper"", ""values"": [1.0, 100.0, 1000.0], ""reason"": ""3 distinct generic_pressure values at paper scope (1, 100, 1000); not applied to this experiment without "
pressure_in_source_not_in_output,10.1002_pssa.201532305-4d-S9-P018,document.md states a pressure; record has none usable
conflicting_context,10.1002_pssa.201532305-4d-S9-P018,"[{""quantity"": ""generic_pressure"", ""scope"": ""paper"", ""values"": [1.0, 100.0, 1000.0], ""reason"": ""3 distinct generic_pressure values at paper scope (1, 100, 1000); not applied to this experiment without "
pressure_in_source_not_in_output,10.1002_pssa.201532305-4d-S9-P019,document.md states a pressure; record has none usable
conflicting_context,10.1002_pssa.201532305-4d-S9-P019,"[{""quantity"": ""generic_pressure"", ""scope"": ""paper"", ""values"": [1.0, 100.0, 1000.0], ""reason"": ""3 distinct generic_pressure values at paper scope (1, 100, 1000); not applied to this experiment without "
pressure_in_source_not_in_output,10.1002_pssa.201532305-4d-S9-P020,document.md states a pressure; record has none usable
conflicting_context,10.1002_pssa.201532305-4d-S9-P020,"[{""quantity"": ""generic_pressure"", ""scope"": ""paper"", ""values"": [1.0, 100.0, 1000.0], ""reason"": ""3 distinct generic_pressure values at paper scope (1, 100, 1000); not applied to this experiment without "
pressure_in_source_not_in_output,10.1002_pssa.201532305-F5a-11,document.md states a pressure; record has none usable
conflicting_context,10.1002_pssa.201532305-F5a-11,"[{""quantity"": ""generic_pressure"", ""scope"": ""paper"", ""values"": [1.0, 100.0, 1000.0], ""reason"": ""3 distinct generic_pressure values at paper scope (1, 100, 1000); not applied to this experiment without "
pressure_in_source_not_in_output,10.1002_pssa.201532305-F5a-12,document.md states a pressure; record has none usable
conflicting_context,10.1002_pssa.201532305-F5a-12,"[{""quantity"": ""generic_pressure"", ""scope"": ""paper"", ""values"": [1.0, 100.0, 1000.0], ""reason"": ""3 distinct generic_pressure values at paper scope (1, 100, 1000); not applied to this experiment without "
pressure_in_source_not_in_output,10.1002_pssa.201532305-F5a-13,document.md states a pressure; record has none usable
conflicting_context,10.1002_pssa.201532305-F5a-13,"[{""quantity"": ""generic_pressure"", ""scope"": ""paper"", ""values"": [1.0, 100.0, 1000.0], ""reason"": ""3 distinct generic_pressure values at paper scope (1, 100, 1000); not applied to this experiment without "
pressure_in_source_not_in_output,10.1002_pssa.201532305-F5a-14,document.md states a pressure; record has none usable
conflicting_context,10.1002_pssa.201532305-F5a-14,"[{""quantity"": ""generic_pressure"", ""scope"": ""paper"", ""values"": [1.0, 100.0, 1000.0], ""reason"": ""3 distinct generic_pressure values at paper scope (1, 100, 1000); not applied to this experiment without "
pressure_in_source_not_in_output,10.1002_pssa.201532305-F5a-15,document.md states a pressure; record has none usable
conflicting_context,10.1002_pssa.201532305-F5a-15,"[{""quantity"": ""generic_pressure"", ""scope"": ""paper"", ""values"": [1.0, 100.0, 1000.0], ""reason"": ""3 distinct generic_pressure values at paper scope (1, 100, 1000); not applied to this experiment without "
pressure_in_source_not_in_output,10.1002_pssa.201532305-F5a-16,document.md states a pressure; record has none usable
conflicting_context,10.1002_pssa.201532305-F5a-16,"[{""quantity"": ""generic_pressure"", ""scope"": ""paper"", ""values"": [1.0, 100.0, 1000.0], ""reason"": ""3 distinct generic_pressure values at paper scope (1, 100, 1000); not applied to this experiment without "
conflicting_context,10.1002_pssa.201532305-6a-S10-P000,"[{""quantity"": ""generic_pressure"", ""scope"": ""paper"", ""values"": [1.0, 100.0, 1000.0], ""reason"": ""3 distinct generic_pressure values at paper scope (1, 100, 1000); not applied to this experiment without "
conflicting_context,10.1002_pssa.201532305-6a-S10-P001,"[{""quantity"": ""generic_pressure"", ""scope"": ""paper"", ""values"": [1.0, 100.0, 1000.0], ""reason"": ""3 distinct generic_pressure values at paper scope (1, 100, 1000); not applied to this experiment without "
conflicting_context,10.1002_pssa.201532305-6a-S10-P002,"[{""quantity"": ""generic_pressure"", ""scope"": ""paper"", ""values"": [1.0, 100.0, 1000.0], ""reason"": ""3 distinct generic_pressure values at paper scope (1, 100, 1000); not applied to this experiment without "
pressure_in_source_not_in_output,10.1002_pssa.201532305-F7a-18,document.md states a pressure; record has none usable
conflicting_context,10.1002_pssa.201532305-F7a-18,"[{""quantity"": ""generic_pressure"", ""scope"": ""paper"", ""values"": [1.0, 100.0, 1000.0], ""reason"": ""3 distinct generic_pressure values at paper scope (1, 100, 1000); not applied to this experiment without "
conflicting_context,10.1002_pssa.201532305-9a-S11-P000,"[{""quantity"": ""generic_pressure"", ""scope"": ""paper"", ""values"": [1.0, 100.0, 1000.0], ""reason"": ""3 distinct generic_pressure values at paper scope (1, 100, 1000); not applied to this experiment without "
conflicting_context,10.1002_pssa.201532305-9a-S11-P001,"[{""quantity"": ""generic_pressure"", ""scope"": ""paper"", ""values"": [1.0, 100.0, 1000.0], ""reason"": ""3 distinct generic_pressure values at paper scope (1, 100, 1000); not applied to this experiment without "
conflicting_context,10.1002_pssa.201532305-9a-S11-P002,"[{""quantity"": ""generic_pressure"", ""scope"": ""paper"", ""values"": [1.0, 100.0, 1000.0], ""reason"": ""3 distinct generic_pressure values at paper scope (1, 100, 1000); not applied to this experiment without "
conflicting_context,10.1002_pssa.201532305-9a-S11-P003,"[{""quantity"": ""generic_pressure"", ""scope"": ""paper"", ""values"": [1.0, 100.0, 1000.0], ""reason"": ""3 distinct generic_pressure values at paper scope (1, 100, 1000); not applied to this experiment without "
conflicting_context,10.1002_pssa.201532305-10a-S12-P000,"[{""quantity"": ""generic_pressure"", ""scope"": ""paper"", ""values"": [1.0, 100.0, 1000.0], ""reason"": ""3 distinct generic_pressure values at paper scope (1, 100, 1000); not applied to this experiment without "
conflicting_context,10.1002_pssa.201532305-10a-S12-P001,"[{""quantity"": ""generic_pressure"", ""scope"": ""paper"", ""values"": [1.0, 100.0, 1000.0], ""reason"": ""3 distinct generic_pressure values at paper scope (1, 100, 1000); not applied to this experiment without "
conflicting_context,10.1002_pssa.201532305-10a-S12-P002,"[{""quantity"": ""generic_pressure"", ""scope"": ""paper"", ""values"": [1.0, 100.0, 1000.0], ""reason"": ""3 distinct generic_pressure values at paper scope (1, 100, 1000); not applied to this experiment without "
conflicting_context,10.1002_pssa.201532305-10a-S12-P003,"[{""quantity"": ""generic_pressure"", ""scope"": ""paper"", ""values"": [1.0, 100.0, 1000.0], ""reason"": ""3 distinct generic_pressure values at paper scope (1, 100, 1000); not applied to this experiment without "
conflicting_context,10.1002_pssa.201532305-10a-S12-P004,"[{""quantity"": ""generic_pressure"", ""scope"": ""paper"", ""values"": [1.0, 100.0, 1000.0], ""reason"": ""3 distinct generic_pressure values at paper scope (1, 100, 1000); not applied to this experiment without "
conflicting_context,10.1002_pssa.201532305-10a-S12-P005,"[{""quantity"": ""generic_pressure"", ""scope"": ""paper"", ""values"": [1.0, 100.0, 1000.0], ""reason"": ""3 distinct generic_pressure values at paper scope (1, 100, 1000); not applied to this experiment without "
conflicting_context,10.1002_pssa.201532305-10a-S12-P006,"[{""quantity"": ""generic_pressure"", ""scope"": ""paper"", ""values"": [1.0, 100.0, 1000.0], ""reason"": ""3 distinct generic_pressure values at paper scope (1, 100, 1000); not applied to this experiment without "
conflicting_context,10.1002_pssa.201532305-10a-S12-P007,"[{""quantity"": ""generic_pressure"", ""scope"": ""paper"", ""values"": [1.0, 100.0, 1000.0], ""reason"": ""3 distinct generic_pressure values at paper scope (1, 100, 1000); not applied to this experiment without "
conflicting_context,10.1002_pssa.201532305-10a-S12-P008,"[{""quantity"": ""generic_pressure"", ""scope"": ""paper"", ""values"": [1.0, 100.0, 1000.0], ""reason"": ""3 distinct generic_pressure values at paper scope (1, 100, 1000); not applied to this experiment without "
conflicting_context,10.1002_pssa.201532305-10a-S12-P009,"[{""quantity"": ""generic_pressure"", ""scope"": ""paper"", ""values"": [1.0, 100.0, 1000.0], ""reason"": ""3 distinct generic_pressure values at paper scope (1, 100, 1000); not applied to this experiment without "
conflicting_context,10.1002_pssa.201532305-10a-S12-P010,"[{""quantity"": ""generic_pressure"", ""scope"": ""paper"", ""values"": [1.0, 100.0, 1000.0], ""reason"": ""3 distinct generic_pressure values at paper scope (1, 100, 1000); not applied to this experiment without "
conflicting_context,10.1002_pssa.201532305-10a-S12-P011,"[{""quantity"": ""generic_pressure"", ""scope"": ""paper"", ""values"": [1.0, 100.0, 1000.0], ""reason"": ""3 distinct generic_pressure values at paper scope (1, 100, 1000); not applied to this experiment without "
conflicting_context,10.1002_pssa.201532305-10a-S12-P012,"[{""quantity"": ""generic_pressure"", ""scope"": ""paper"", ""values"": [1.0, 100.0, 1000.0], ""reason"": ""3 distinct generic_pressure values at paper scope (1, 100, 1000); not applied to this experiment without "
conflicting_context,10.1002_pssa.201532305-10a-S12-P013,"[{""quantity"": ""generic_pressure"", ""scope"": ""paper"", ""values"": [1.0, 100.0, 1000.0], ""reason"": ""3 distinct generic_pressure values at paper scope (1, 100, 1000); not applied to this experiment without "
conflicting_context,10.1002_pssa.201532305-10a-S12-P014,"[{""quantity"": ""generic_pressure"", ""scope"": ""paper"", ""values"": [1.0, 100.0, 1000.0], ""reason"": ""3 distinct generic_pressure values at paper scope (1, 100, 1000); not applied to this experiment without "
conflicting_context,10.1002_pssa.201532305-10a-S12-P015,"[{""quantity"": ""generic_pressure"", ""scope"": ""paper"", ""values"": [1.0, 100.0, 1000.0], ""reason"": ""3 distinct generic_pressure values at paper scope (1, 100, 1000); not applied to this experiment without "
conflicting_context,10.1002_pssa.201532305-10a-S12-P016,"[{""quantity"": ""generic_pressure"", ""scope"": ""paper"", ""values"": [1.0, 100.0, 1000.0], ""reason"": ""3 distinct generic_pressure values at paper scope (1, 100, 1000); not applied to this experiment without "
conflicting_context,10.1002_pssa.201532305-10a-S12-P017,"[{""quantity"": ""generic_pressure"", ""scope"": ""paper"", ""values"": [1.0, 100.0, 1000.0], ""reason"": ""3 distinct generic_pressure values at paper scope (1, 100, 1000); not applied to this experiment without "
conflicting_context,10.1002_pssa.201532305-10a-S12-P018,"[{""quantity"": ""generic_pressure"", ""scope"": ""paper"", ""values"": [1.0, 100.0, 1000.0], ""reason"": ""3 distinct generic_pressure values at paper scope (1, 100, 1000); not applied to this experiment without "
conflicting_context,10.1002_pssa.201532305-10a-S12-P019,"[{""quantity"": ""generic_pressure"", ""scope"": ""paper"", ""values"": [1.0, 100.0, 1000.0], ""reason"": ""3 distinct generic_pressure values at paper scope (1, 100, 1000); not applied to this experiment without "
conflicting_context,10.1002_pssa.201532305-10a-S12-P020,"[{""quantity"": ""generic_pressure"", ""scope"": ""paper"", ""values"": [1.0, 100.0, 1000.0], ""reason"": ""3 distinct generic_pressure values at paper scope (1, 100, 1000); not applied to this experiment without "
conflicting_context,10.1002_pssa.201532305-10a-S12-P021,"[{""quantity"": ""generic_pressure"", ""scope"": ""paper"", ""values"": [1.0, 100.0, 1000.0], ""reason"": ""3 distinct generic_pressure values at paper scope (1, 100, 1000); not applied to this experiment without "
conflicting_context,10.1002_pssa.201532305-10a-S12-P022,"[{""quantity"": ""generic_pressure"", ""scope"": ""paper"", ""values"": [1.0, 100.0, 1000.0], ""reason"": ""3 distinct generic_pressure values at paper scope (1, 100, 1000); not applied to this experiment without "
conflicting_context,10.1002_pssa.201532305-10a-S12-P023,"[{""quantity"": ""generic_pressure"", ""scope"": ""paper"", ""values"": [1.0, 100.0, 1000.0], ""reason"": ""3 distinct generic_pressure values at paper scope (1, 100, 1000); not applied to this experiment without "
conflicting_context,10.1002_pssa.201532305-10a-S12-P024,"[{""quantity"": ""generic_pressure"", ""scope"": ""paper"", ""values"": [1.0, 100.0, 1000.0], ""reason"": ""3 distinct generic_pressure values at paper scope (1, 100, 1000); not applied to this experiment without "
conflicting_context,10.1002_pssa.201532305-10a-S12-P025,"[{""quantity"": ""generic_pressure"", ""scope"": ""paper"", ""values"": [1.0, 100.0, 1000.0], ""reason"": ""3 distinct generic_pressure values at paper scope (1, 100, 1000); not applied to this experiment without "
conflicting_context,10.1002_pssa.201532305-10a-S12-P026,"[{""quantity"": ""generic_pressure"", ""scope"": ""paper"", ""values"": [1.0, 100.0, 1000.0], ""reason"": ""3 distinct generic_pressure values at paper scope (1, 100, 1000); not applied to this experiment without "
conflicting_context,10.1002_pssa.201532305-10a-S12-P027,"[{""quantity"": ""generic_pressure"", ""scope"": ""paper"", ""values"": [1.0, 100.0, 1000.0], ""reason"": ""3 distinct generic_pressure values at paper scope (1, 100, 1000); not applied to this experiment without "
conflicting_context,10.1002_pssa.201532305-10a-S12-P028,"[{""quantity"": ""generic_pressure"", ""scope"": ""paper"", ""values"": [1.0, 100.0, 1000.0], ""reason"": ""3 distinct generic_pressure values at paper scope (1, 100, 1000); not applied to this experiment without "
conflicting_context,10.1002_pssa.201532305-10a-S12-P029,"[{""quantity"": ""generic_pressure"", ""scope"": ""paper"", ""values"": [1.0, 100.0, 1000.0], ""reason"": ""3 distinct generic_pressure values at paper scope (1, 100, 1000); not applied to this experiment without "
conflicting_context,10.1002_pssa.201532305-10a-S12-P030,"[{""quantity"": ""generic_pressure"", ""scope"": ""paper"", ""values"": [1.0, 100.0, 1000.0], ""reason"": ""3 distinct generic_pressure values at paper scope (1, 100, 1000); not applied to this experiment without "
conflicting_context,10.1002_pssa.201532305-10a-S12-P031,"[{""quantity"": ""generic_pressure"", ""scope"": ""paper"", ""values"": [1.0, 100.0, 1000.0], ""reason"": ""3 distinct generic_pressure values at paper scope (1, 100, 1000); not applied to this experiment without "
conflicting_context,10.1002_pssa.201532305-10a-S12-P032,"[{""quantity"": ""generic_pressure"", ""scope"": ""paper"", ""values"": [1.0, 100.0, 1000.0], ""reason"": ""3 distinct generic_pressure values at paper scope (1, 100, 1000); not applied to this experiment without "
conflicting_context,10.1002_pssa.201532305-10a-S12-P033,"[{""quantity"": ""generic_pressure"", ""scope"": ""paper"", ""values"": [1.0, 100.0, 1000.0], ""reason"": ""3 distinct generic_pressure values at paper scope (1, 100, 1000); not applied to this experiment without "
conflicting_context,10.1002_pssa.201532305-10a-S12-P034,"[{""quantity"": ""generic_pressure"", ""scope"": ""paper"", ""values"": [1.0, 100.0, 1000.0], ""reason"": ""3 distinct generic_pressure values at paper scope (1, 100, 1000); not applied to this experiment without "
conflicting_context,10.1002_pssa.201532305-10a-S12-P035,"[{""quantity"": ""generic_pressure"", ""scope"": ""paper"", ""values"": [1.0, 100.0, 1000.0], ""reason"": ""3 distinct generic_pressure values at paper scope (1, 100, 1000); not applied to this experiment without "
conflicting_context,10.1002_pssa.201532305-10a-S12-P036,"[{""quantity"": ""generic_pressure"", ""scope"": ""paper"", ""values"": [1.0, 100.0, 1000.0], ""reason"": ""3 distinct generic_pressure values at paper scope (1, 100, 1000); not applied to this experiment without "
conflicting_context,10.1002_pssa.201532305-10a-S12-P037,"[{""quantity"": ""generic_pressure"", ""scope"": ""paper"", ""values"": [1.0, 100.0, 1000.0], ""reason"": ""3 distinct generic_pressure values at paper scope (1, 100, 1000); not applied to this experiment without "
conflicting_context,10.1002_pssa.201532305-10a-S12-P038,"[{""quantity"": ""generic_pressure"", ""scope"": ""paper"", ""values"": [1.0, 100.0, 1000.0], ""reason"": ""3 distinct generic_pressure values at paper scope (1, 100, 1000); not applied to this experiment without "
conflicting_context,10.1002_pssa.201532305-10a-S12-P039,"[{""quantity"": ""generic_pressure"", ""scope"": ""paper"", ""values"": [1.0, 100.0, 1000.0], ""reason"": ""3 distinct generic_pressure values at paper scope (1, 100, 1000); not applied to this experiment without "
conflicting_context,10.1002_pssa.201532305-10a-S12-P040,"[{""quantity"": ""generic_pressure"", ""scope"": ""paper"", ""values"": [1.0, 100.0, 1000.0], ""reason"": ""3 distinct generic_pressure values at paper scope (1, 100, 1000); not applied to this experiment without "
conflicting_context,10.1002_pssa.201532305-10a-S12-P041,"[{""quantity"": ""generic_pressure"", ""scope"": ""paper"", ""values"": [1.0, 100.0, 1000.0], ""reason"": ""3 distinct generic_pressure values at paper scope (1, 100, 1000); not applied to this experiment without "
conflicting_context,10.1002_pssa.201532305-10a-S12-P042,"[{""quantity"": ""generic_pressure"", ""scope"": ""paper"", ""values"": [1.0, 100.0, 1000.0], ""reason"": ""3 distinct generic_pressure values at paper scope (1, 100, 1000); not applied to this experiment without "
conflicting_context,10.1002_pssa.201532305-10a-S12-P043,"[{""quantity"": ""generic_pressure"", ""scope"": ""paper"", ""values"": [1.0, 100.0, 1000.0], ""reason"": ""3 distinct generic_pressure values at paper scope (1, 100, 1000); not applied to this experiment without "
conflicting_context,10.1002_pssa.201532305-10a-S12-P044,"[{""quantity"": ""generic_pressure"", ""scope"": ""paper"", ""values"": [1.0, 100.0, 1000.0], ""reason"": ""3 distinct generic_pressure values at paper scope (1, 100, 1000); not applied to this experiment without "
conflicting_context,10.1002_pssa.201532305-10a-S12-P045,"[{""quantity"": ""generic_pressure"", ""scope"": ""paper"", ""values"": [1.0, 100.0, 1000.0], ""reason"": ""3 distinct generic_pressure values at paper scope (1, 100, 1000); not applied to this experiment without "
conflicting_context,10.1002_pssa.201532305-10a-S12-P046,"[{""quantity"": ""generic_pressure"", ""scope"": ""paper"", ""values"": [1.0, 100.0, 1000.0], ""reason"": ""3 distinct generic_pressure values at paper scope (1, 100, 1000); not applied to this experiment without "
conflicting_context,10.1002_pssa.201532305-10a-S12-P047,"[{""quantity"": ""generic_pressure"", ""scope"": ""paper"", ""values"": [1.0, 100.0, 1000.0], ""reason"": ""3 distinct generic_pressure values at paper scope (1, 100, 1000); not applied to this experiment without "
conflicting_context,10.1002_pssa.201532305-11a-S13-P000,"[{""quantity"": ""generic_pressure"", ""scope"": ""paper"", ""values"": [1.0, 100.0, 1000.0], ""reason"": ""3 distinct generic_pressure values at paper scope (1, 100, 1000); not applied to this experiment without "
conflicting_context,10.1002_pssa.201532305-11a-S13-P001,"[{""quantity"": ""generic_pressure"", ""scope"": ""paper"", ""values"": [1.0, 100.0, 1000.0], ""reason"": ""3 distinct generic_pressure values at paper scope (1, 100, 1000); not applied to this experiment without "
conflicting_context,10.1002_pssa.201532305-11a-S13-P002,"[{""quantity"": ""generic_pressure"", ""scope"": ""paper"", ""values"": [1.0, 100.0, 1000.0], ""reason"": ""3 distinct generic_pressure values at paper scope (1, 100, 1000); not applied to this experiment without "
conflicting_context,10.1002_pssa.201532305-11a-S13-P003,"[{""quantity"": ""generic_pressure"", ""scope"": ""paper"", ""values"": [1.0, 100.0, 1000.0], ""reason"": ""3 distinct generic_pressure values at paper scope (1, 100, 1000); not applied to this experiment without "
conflicting_context,10.1002_pssa.201532305-11a-S13-P004,"[{""quantity"": ""generic_pressure"", ""scope"": ""paper"", ""values"": [1.0, 100.0, 1000.0], ""reason"": ""3 distinct generic_pressure values at paper scope (1, 100, 1000); not applied to this experiment without "
conflicting_context,10.1002_pssa.201532305-11a-S13-P005,"[{""quantity"": ""generic_pressure"", ""scope"": ""paper"", ""values"": [1.0, 100.0, 1000.0], ""reason"": ""3 distinct generic_pressure values at paper scope (1, 100, 1000); not applied to this experiment without "
conflicting_context,10.1002_pssa.201532305-11a-S13-P006,"[{""quantity"": ""generic_pressure"", ""scope"": ""paper"", ""values"": [1.0, 100.0, 1000.0], ""reason"": ""3 distinct generic_pressure values at paper scope (1, 100, 1000); not applied to this experiment without "
conflicting_context,10.1002_pssa.201532305-F11b-22,"[{""quantity"": ""generic_pressure"", ""scope"": ""paper"", ""values"": [1.0, 100.0, 1000.0], ""reason"": ""3 distinct generic_pressure values at paper scope (1, 100, 1000); not applied to this experiment without "
conflicting_context,10.1002_pssa.201532305-11c-S14-P000,"[{""quantity"": ""generic_pressure"", ""scope"": ""paper"", ""values"": [1.0, 100.0, 1000.0], ""reason"": ""3 distinct generic_pressure values at paper scope (1, 100, 1000); not applied to this experiment without "
conflicting_context,10.1002_pssa.201532305-11c-S14-P001,"[{""quantity"": ""generic_pressure"", ""scope"": ""paper"", ""values"": [1.0, 100.0, 1000.0], ""reason"": ""3 distinct generic_pressure values at paper scope (1, 100, 1000); not applied to this experiment without "
conflicting_context,10.1002_pssa.201532305-11c-S14-P002,"[{""quantity"": ""generic_pressure"", ""scope"": ""paper"", ""values"": [1.0, 100.0, 1000.0], ""reason"": ""3 distinct generic_pressure values at paper scope (1, 100, 1000); not applied to this experiment without "
conflicting_context,10.1002_pssa.201532305-11c-S14-P003,"[{""quantity"": ""generic_pressure"", ""scope"": ""paper"", ""values"": [1.0, 100.0, 1000.0], ""reason"": ""3 distinct generic_pressure values at paper scope (1, 100, 1000); not applied to this experiment without "
conflicting_context,10.1002_pssa.201532305-11c-S14-P004,"[{""quantity"": ""generic_pressure"", ""scope"": ""paper"", ""values"": [1.0, 100.0, 1000.0], ""reason"": ""3 distinct generic_pressure values at paper scope (1, 100, 1000); not applied to this experiment without "
conflicting_context,10.1002_pssa.201532305-F12a-24,"[{""quantity"": ""generic_pressure"", ""scope"": ""paper"", ""values"": [1.0, 100.0, 1000.0], ""reason"": ""3 distinct generic_pressure values at paper scope (1, 100, 1000); not applied to this experiment without "
conflicting_context,10.1002_pssa.201532305-F12a-25,"[{""quantity"": ""generic_pressure"", ""scope"": ""paper"", ""values"": [1.0, 100.0, 1000.0], ""reason"": ""3 distinct generic_pressure values at paper scope (1, 100, 1000); not applied to this experiment without "
conflicting_context,10.1002_pssa.201532305-F12a-26,"[{""quantity"": ""generic_pressure"", ""scope"": ""paper"", ""values"": [1.0, 100.0, 1000.0], ""reason"": ""3 distinct generic_pressure values at paper scope (1, 100, 1000); not applied to this experiment without "
conflicting_context,10.1002_pssa.201532305-F12a-27,"[{""quantity"": ""generic_pressure"", ""scope"": ""paper"", ""values"": [1.0, 100.0, 1000.0], ""reason"": ""3 distinct generic_pressure values at paper scope (1, 100, 1000); not applied to this experiment without "
pressure_in_source_not_in_output,10.1007_s11671-010-9676-0-paper-0,document.md states a pressure; record has none usable
figure_geometry_broadcast_across_figures,10.1007_s12274-010-0066-9-F1f-0,2 distinct paper-scope geometry values attached
pressure_in_source_not_in_output,10.1016_j.mee.2018.01.027-F4b-0,document.md states a pressure; record has none usable
conflicting_context,10.1016_j.mee.2018.01.027-F4b-0,"[{""quantity"": ""generic_pressure"", ""scope"": ""paper"", ""values"": [1.599864, 2.66644], ""reason"": ""2 distinct generic_pressure values at paper scope (1.59986, 2.66644); not applied to this experiment witho"
pressure_in_source_not_in_output,10.1016_j.mee.2018.01.027-F4c-1,document.md states a pressure; record has none usable
conflicting_context,10.1016_j.mee.2018.01.027-F4c-1,"[{""quantity"": ""generic_pressure"", ""scope"": ""paper"", ""values"": [1.599864, 2.66644], ""reason"": ""2 distinct generic_pressure values at paper scope (1.59986, 2.66644); not applied to this experiment witho"
pressure_in_source_not_in_output,10.1016_j.mee.2018.01.033-paper-0,document.md states a pressure; record has none usable
conflicting_context,10.1016_j.mee.2018.01.033-paper-0,"[{""quantity"": ""feature_width"", ""scope"": ""paper"", ""values"": [6.4, 7.2, 8.0, 8.8, 9.0, 10.0], ""reason"": ""6 distinct feature_width values at paper scope (6.4, 7.2, 8, 8.8, 9, 10); not applied to this exp"
figure_geometry_broadcast_across_figures,10.1016_j.mee.2018.01.033-paper-0,6 distinct paper-scope geometry values attached
pressure_in_source_not_in_output,10.1016_j.sse.2022.108584-F2a-0,document.md states a pressure; record has none usable
conflicting_context,10.1016_j.sse.2022.108584-F2a-0,"[{""quantity"": ""initial_sticking_coefficient"", ""scope"": ""paper"", ""values"": [5e-05, 0.00012, 0.00019, 0.004, 0.0057, 0.0075], ""reason"": ""6 distinct initial_sticking_coefficient values at paper scope (5e"
empty_conditions_despite_numeric_caption,10.1016_j.sse.2022.108584-F2a-0,panel conditions {} but caption carries numerics
figure_geometry_broadcast_across_figures,10.1016_j.sse.2022.108584-F2a-0,2 distinct paper-scope geometry values attached
pressure_in_source_not_in_output,10.1016_j.sse.2022.108584-F2a-1,document.md states a pressure; record has none usable
conflicting_context,10.1016_j.sse.2022.108584-F2a-1,"[{""quantity"": ""initial_sticking_coefficient"", ""scope"": ""paper"", ""values"": [5e-05, 0.00012, 0.00019, 0.004, 0.0057, 0.0075], ""reason"": ""6 distinct initial_sticking_coefficient values at paper scope (5e"
empty_conditions_despite_numeric_caption,10.1016_j.sse.2022.108584-F2a-1,panel conditions {} but caption carries numerics
figure_geometry_broadcast_across_figures,10.1016_j.sse.2022.108584-F2a-1,2 distinct paper-scope geometry values attached
pressure_in_source_not_in_output,10.1016_j.sse.2022.108584-F2a-2,document.md states a pressure; record has none usable
conflicting_context,10.1016_j.sse.2022.108584-F2a-2,"[{""quantity"": ""initial_sticking_coefficient"", ""scope"": ""paper"", ""values"": [5e-05, 0.00012, 0.00019, 0.004, 0.0057, 0.0075], ""reason"": ""6 distinct initial_sticking_coefficient values at paper scope (5e"
empty_conditions_despite_numeric_caption,10.1016_j.sse.2022.108584-F2a-2,panel conditions {} but caption carries numerics
figure_geometry_broadcast_across_figures,10.1016_j.sse.2022.108584-F2a-2,2 distinct paper-scope geometry values attached
pressure_in_source_not_in_output,10.1016_j.sse.2022.108584-F2a-3,document.md states a pressure; record has none usable
conflicting_context,10.1016_j.sse.2022.108584-F2a-3,"[{""quantity"": ""initial_sticking_coefficient"", ""scope"": ""paper"", ""values"": [5e-05, 0.00012, 0.00019, 0.004, 0.0057, 0.0075], ""reason"": ""6 distinct initial_sticking_coefficient values at paper scope (5e"
empty_conditions_despite_numeric_caption,10.1016_j.sse.2022.108584-F2a-3,panel conditions {} but caption carries numerics
legend_condition_without_structured_binding,10.1016_j.sse.2022.108584-F2a-3,label 'contour condition: t_p < 10 s' carries [10.0] but no matching controlled value
figure_geometry_broadcast_across_figures,10.1016_j.sse.2022.108584-F2a-3,2 distinct paper-scope geometry values attached
pressure_in_source_not_in_output,10.1016_j.sse.2022.108584-F2a-4,document.md states a pressure; record has none usable
conflicting_context,10.1016_j.sse.2022.108584-F2a-4,"[{""quantity"": ""initial_sticking_coefficient"", ""scope"": ""paper"", ""values"": [5e-05, 0.00012, 0.00019, 0.004, 0.0057, 0.0075], ""reason"": ""6 distinct initial_sticking_coefficient values at paper scope (5e"
empty_conditions_despite_numeric_caption,10.1016_j.sse.2022.108584-F2a-4,panel conditions {} but caption carries numerics
legend_condition_without_structured_binding,10.1016_j.sse.2022.108584-F2a-4,label 'contour condition: t_p < 1 s' carries [1.0] but no matching controlled value
figure_geometry_broadcast_across_figures,10.1016_j.sse.2022.108584-F2a-4,2 distinct paper-scope geometry values attached
pressure_in_source_not_in_output,10.1016_j.sse.2022.108584-F2a-5,document.md states a pressure; record has none usable
conflicting_context,10.1016_j.sse.2022.108584-F2a-5,"[{""quantity"": ""initial_sticking_coefficient"", ""scope"": ""paper"", ""values"": [5e-05, 0.00012, 0.00019, 0.004, 0.0057, 0.0075], ""reason"": ""6 distinct initial_sticking_coefficient values at paper scope (5e"
empty_conditions_despite_numeric_caption,10.1016_j.sse.2022.108584-F2a-5,panel conditions {} but caption carries numerics
legend_condition_without_structured_binding,10.1016_j.sse.2022.108584-F2a-5,label 'contour condition: t_p < 0.1 s' carries [0.1] but no matching controlled value
figure_geometry_broadcast_across_figures,10.1016_j.sse.2022.108584-F2a-5,2 distinct paper-scope geometry values attached
pressure_in_source_not_in_output,10.1016_j.sse.2022.108584-F4a-6,document.md states a pressure; record has none usable
conflicting_context,10.1016_j.sse.2022.108584-F4a-6,"[{""quantity"": ""initial_sticking_coefficient"", ""scope"": ""paper"", ""values"": [5e-05, 0.00012, 0.00019, 0.004, 0.0057, 0.0075], ""reason"": ""6 distinct initial_sticking_coefficient values at paper scope (5e"
legend_condition_without_structured_binding,10.1016_j.sse.2022.108584-F4a-6,"label 'temperature: Arts 2019, 310 °C' carries [310.0, 2019.0] but no matching controlled value"
figure_geometry_broadcast_across_figures,10.1016_j.sse.2022.108584-F4a-6,2 distinct paper-scope geometry values attached
pressure_in_source_not_in_output,10.1016_j.sse.2022.108584-F4a-7,document.md states a pressure; record has none usable
conflicting_context,10.1016_j.sse.2022.108584-F4a-7,"[{""quantity"": ""initial_sticking_coefficient"", ""scope"": ""paper"", ""values"": [5e-05, 0.00012, 0.00019, 0.004, 0.0057, 0.0075], ""reason"": ""6 distinct initial_sticking_coefficient values at paper scope (5e"
legend_condition_without_structured_binding,10.1016_j.sse.2022.108584-F4a-7,"label 'temperature: Model, 310 °C' carries [310.0] but no matching controlled value"
figure_geometry_broadcast_across_figures,10.1016_j.sse.2022.108584-F4a-7,2 distinct paper-scope geometry values attached
pressure_in_source_not_in_output,10.1016_j.sse.2022.108584-F4a-8,document.md states a pressure; record has none usable
conflicting_context,10.1016_j.sse.2022.108584-F4a-8,"[{""quantity"": ""initial_sticking_coefficient"", ""scope"": ""paper"", ""values"": [5e-05, 0.00012, 0.00019, 0.004, 0.0057, 0.0075], ""reason"": ""6 distinct initial_sticking_coefficient values at paper scope (5e"
legend_condition_without_structured_binding,10.1016_j.sse.2022.108584-F4a-8,"label 'temperature: Arts 2019, 220 °C' carries [220.0, 2019.0] but no matching controlled value"
figure_geometry_broadcast_across_figures,10.1016_j.sse.2022.108584-F4a-8,2 distinct paper-scope geometry values attached
pressure_in_source_not_in_output,10.1016_j.sse.2022.108584-F4a-9,document.md states a pressure; record has none usable
conflicting_context,10.1016_j.sse.2022.108584-F4a-9,"[{""quantity"": ""initial_sticking_coefficient"", ""scope"": ""paper"", ""values"": [5e-05, 0.00012, 0.00019, 0.004, 0.0057, 0.0075], ""reason"": ""6 distinct initial_sticking_coefficient values at paper scope (5e"
legend_condition_without_structured_binding,10.1016_j.sse.2022.108584-F4a-9,"label 'temperature: Model, 220 °C' carries [220.0] but no matching controlled value"
figure_geometry_broadcast_across_figures,10.1016_j.sse.2022.108584-F4a-9,2 distinct paper-scope geometry values attached
pressure_in_source_not_in_output,10.1016_j.sse.2022.108584-F4a-10,document.md states a pressure; record has none usable
conflicting_context,10.1016_j.sse.2022.108584-F4a-10,"[{""quantity"": ""initial_sticking_coefficient"", ""scope"": ""paper"", ""values"": [5e-05, 0.00012, 0.00019, 0.004, 0.0057, 0.0075], ""reason"": ""6 distinct initial_sticking_coefficient values at paper scope (5e"
legend_condition_without_structured_binding,10.1016_j.sse.2022.108584-F4a-10,"label 'temperature: Arts 2019, 150 °C' carries [150.0, 2019.0] but no matching controlled value"
figure_geometry_broadcast_across_figures,10.1016_j.sse.2022.108584-F4a-10,2 distinct paper-scope geometry values attached
pressure_in_source_not_in_output,10.1016_j.sse.2022.108584-F4a-11,document.md states a pressure; record has none usable
conflicting_context,10.1016_j.sse.2022.108584-F4a-11,"[{""quantity"": ""initial_sticking_coefficient"", ""scope"": ""paper"", ""values"": [5e-05, 0.00012, 0.00019, 0.004, 0.0057, 0.0075], ""reason"": ""6 distinct initial_sticking_coefficient values at paper scope (5e"
legend_condition_without_structured_binding,10.1016_j.sse.2022.108584-F4a-11,"label 'temperature: Model, 150 °C' carries [150.0] but no matching controlled value"
figure_geometry_broadcast_across_figures,10.1016_j.sse.2022.108584-F4a-11,2 distinct paper-scope geometry values attached
pressure_in_source_not_in_output,10.1016_j.sse.2022.108584-F5a-12,document.md states a pressure; record has none usable
conflicting_context,10.1016_j.sse.2022.108584-F5a-12,"[{""quantity"": ""initial_sticking_coefficient"", ""scope"": ""paper"", ""values"": [5e-05, 0.00012, 0.00019, 0.004, 0.0057, 0.0075], ""reason"": ""6 distinct initial_sticking_coefficient values at paper scope (5e"
figure_geometry_broadcast_across_figures,10.1016_j.sse.2022.108584-F5a-12,2 distinct paper-scope geometry values attached
pressure_in_source_not_in_output,10.1016_j.sse.2022.108584-F5a-13,document.md states a pressure; record has none usable
conflicting_context,10.1016_j.sse.2022.108584-F5a-13,"[{""quantity"": ""initial_sticking_coefficient"", ""scope"": ""paper"", ""values"": [5e-05, 0.00012, 0.00019, 0.004, 0.0057, 0.0075], ""reason"": ""6 distinct initial_sticking_coefficient values at paper scope (5e"
figure_geometry_broadcast_across_figures,10.1016_j.sse.2022.108584-F5a-13,2 distinct paper-scope geometry values attached
pressure_in_source_not_in_output,10.1016_j.sse.2022.108584-5b-S0-P000,document.md states a pressure; record has none usable
conflicting_context,10.1016_j.sse.2022.108584-5b-S0-P000,"[{""quantity"": ""initial_sticking_coefficient"", ""scope"": ""paper"", ""values"": [5e-05, 0.00012, 0.00019, 0.004, 0.0057, 0.0075], ""reason"": ""6 distinct initial_sticking_coefficient values at paper scope (5e"
figure_geometry_broadcast_across_figures,10.1016_j.sse.2022.108584-5b-S0-P000,2 distinct paper-scope geometry values attached
pressure_in_source_not_in_output,10.1016_j.sse.2022.108584-5b-S0-P001,document.md states a pressure; record has none usable
conflicting_context,10.1016_j.sse.2022.108584-5b-S0-P001,"[{""quantity"": ""initial_sticking_coefficient"", ""scope"": ""paper"", ""values"": [5e-05, 0.00012, 0.00019, 0.004, 0.0057, 0.0075], ""reason"": ""6 distinct initial_sticking_coefficient values at paper scope (5e"
figure_geometry_broadcast_across_figures,10.1016_j.sse.2022.108584-5b-S0-P001,2 distinct paper-scope geometry values attached
pressure_in_source_not_in_output,10.1016_j.sse.2022.108584-5b-S0-P002,document.md states a pressure; record has none usable
conflicting_context,10.1016_j.sse.2022.108584-5b-S0-P002,"[{""quantity"": ""initial_sticking_coefficient"", ""scope"": ""paper"", ""values"": [5e-05, 0.00012, 0.00019, 0.004, 0.0057, 0.0075], ""reason"": ""6 distinct initial_sticking_coefficient values at paper scope (5e"
figure_geometry_broadcast_across_figures,10.1016_j.sse.2022.108584-5b-S0-P002,2 distinct paper-scope geometry values attached
pressure_in_source_not_in_output,10.1016_j.sse.2022.108584-5b-S0-P003,document.md states a pressure; record has none usable
conflicting_context,10.1016_j.sse.2022.108584-5b-S0-P003,"[{""quantity"": ""initial_sticking_coefficient"", ""scope"": ""paper"", ""values"": [5e-05, 0.00012, 0.00019, 0.004, 0.0057, 0.0075], ""reason"": ""6 distinct initial_sticking_coefficient values at paper scope (5e"
figure_geometry_broadcast_across_figures,10.1016_j.sse.2022.108584-5b-S0-P003,2 distinct paper-scope geometry values attached
pressure_in_source_not_in_output,10.1016_j.sse.2022.108584-5b-S0-P004,document.md states a pressure; record has none usable
conflicting_context,10.1016_j.sse.2022.108584-5b-S0-P004,"[{""quantity"": ""initial_sticking_coefficient"", ""scope"": ""paper"", ""values"": [5e-05, 0.00012, 0.00019, 0.004, 0.0057, 0.0075], ""reason"": ""6 distinct initial_sticking_coefficient values at paper scope (5e"
figure_geometry_broadcast_across_figures,10.1016_j.sse.2022.108584-5b-S0-P004,2 distinct paper-scope geometry values attached
pressure_in_source_not_in_output,10.1016_j.sse.2022.108584-5b-S0-P005,document.md states a pressure; record has none usable
conflicting_context,10.1016_j.sse.2022.108584-5b-S0-P005,"[{""quantity"": ""initial_sticking_coefficient"", ""scope"": ""paper"", ""values"": [5e-05, 0.00012, 0.00019, 0.004, 0.0057, 0.0075], ""reason"": ""6 distinct initial_sticking_coefficient values at paper scope (5e"
figure_geometry_broadcast_across_figures,10.1016_j.sse.2022.108584-5b-S0-P005,2 distinct paper-scope geometry values attached
pressure_in_source_not_in_output,10.1016_j.sse.2022.108584-5b-S0-P006,document.md states a pressure; record has none usable
conflicting_context,10.1016_j.sse.2022.108584-5b-S0-P006,"[{""quantity"": ""initial_sticking_coefficient"", ""scope"": ""paper"", ""values"": [5e-05, 0.00012, 0.00019, 0.004, 0.0057, 0.0075], ""reason"": ""6 distinct initial_sticking_coefficient values at paper scope (5e"
figure_geometry_broadcast_across_figures,10.1016_j.sse.2022.108584-5b-S0-P006,2 distinct paper-scope geometry values attached
pressure_in_source_not_in_output,10.1016_j.sse.2022.108584-5b-S0-P007,document.md states a pressure; record has none usable
conflicting_context,10.1016_j.sse.2022.108584-5b-S0-P007,"[{""quantity"": ""initial_sticking_coefficient"", ""scope"": ""paper"", ""values"": [5e-05, 0.00012, 0.00019, 0.004, 0.0057, 0.0075], ""reason"": ""6 distinct initial_sticking_coefficient values at paper scope (5e"
figure_geometry_broadcast_across_figures,10.1016_j.sse.2022.108584-5b-S0-P007,2 distinct paper-scope geometry values attached
pressure_in_source_not_in_output,10.1016_j.sse.2022.108584-5b-S0-P008,document.md states a pressure; record has none usable
conflicting_context,10.1016_j.sse.2022.108584-5b-S0-P008,"[{""quantity"": ""initial_sticking_coefficient"", ""scope"": ""paper"", ""values"": [5e-05, 0.00012, 0.00019, 0.004, 0.0057, 0.0075], ""reason"": ""6 distinct initial_sticking_coefficient values at paper scope (5e"
figure_geometry_broadcast_across_figures,10.1016_j.sse.2022.108584-5b-S0-P008,2 distinct paper-scope geometry values attached
pressure_in_source_not_in_output,10.1016_j.sse.2022.108584-5b-S0-P009,document.md states a pressure; record has none usable
conflicting_context,10.1016_j.sse.2022.108584-5b-S0-P009,"[{""quantity"": ""initial_sticking_coefficient"", ""scope"": ""paper"", ""values"": [5e-05, 0.00012, 0.00019, 0.004, 0.0057, 0.0075], ""reason"": ""6 distinct initial_sticking_coefficient values at paper scope (5e"
figure_geometry_broadcast_across_figures,10.1016_j.sse.2022.108584-5b-S0-P009,2 distinct paper-scope geometry values attached
pressure_in_source_not_in_output,10.1016_j.sse.2022.108584-5b-S0-P010,document.md states a pressure; record has none usable
conflicting_context,10.1016_j.sse.2022.108584-5b-S0-P010,"[{""quantity"": ""initial_sticking_coefficient"", ""scope"": ""paper"", ""values"": [5e-05, 0.00012, 0.00019, 0.004, 0.0057, 0.0075], ""reason"": ""6 distinct initial_sticking_coefficient values at paper scope (5e"
figure_geometry_broadcast_across_figures,10.1016_j.sse.2022.108584-5b-S0-P010,2 distinct paper-scope geometry values attached
pressure_in_source_not_in_output,10.1016_j.sse.2022.108584-5b-S0-P011,document.md states a pressure; record has none usable
conflicting_context,10.1016_j.sse.2022.108584-5b-S0-P011,"[{""quantity"": ""initial_sticking_coefficient"", ""scope"": ""paper"", ""values"": [5e-05, 0.00012, 0.00019, 0.004, 0.0057, 0.0075], ""reason"": ""6 distinct initial_sticking_coefficient values at paper scope (5e"
figure_geometry_broadcast_across_figures,10.1016_j.sse.2022.108584-5b-S0-P011,2 distinct paper-scope geometry values attached
pressure_in_source_not_in_output,10.1016_j.sse.2022.108584-5b-S0-P012,document.md states a pressure; record has none usable
conflicting_context,10.1016_j.sse.2022.108584-5b-S0-P012,"[{""quantity"": ""initial_sticking_coefficient"", ""scope"": ""paper"", ""values"": [5e-05, 0.00012, 0.00019, 0.004, 0.0057, 0.0075], ""reason"": ""6 distinct initial_sticking_coefficient values at paper scope (5e"
figure_geometry_broadcast_across_figures,10.1016_j.sse.2022.108584-5b-S0-P012,2 distinct paper-scope geometry values attached
pressure_in_source_not_in_output,10.1016_j.sse.2022.108584-5b-S0-P013,document.md states a pressure; record has none usable
conflicting_context,10.1016_j.sse.2022.108584-5b-S0-P013,"[{""quantity"": ""initial_sticking_coefficient"", ""scope"": ""paper"", ""values"": [5e-05, 0.00012, 0.00019, 0.004, 0.0057, 0.0075], ""reason"": ""6 distinct initial_sticking_coefficient values at paper scope (5e"
figure_geometry_broadcast_across_figures,10.1016_j.sse.2022.108584-5b-S0-P013,2 distinct paper-scope geometry values attached
pressure_in_source_not_in_output,10.1016_j.sse.2022.108584-5b-S0-P014,document.md states a pressure; record has none usable
conflicting_context,10.1016_j.sse.2022.108584-5b-S0-P014,"[{""quantity"": ""initial_sticking_coefficient"", ""scope"": ""paper"", ""values"": [5e-05, 0.00012, 0.00019, 0.004, 0.0057, 0.0075], ""reason"": ""6 distinct initial_sticking_coefficient values at paper scope (5e"
figure_geometry_broadcast_across_figures,10.1016_j.sse.2022.108584-5b-S0-P014,2 distinct paper-scope geometry values attached
pressure_in_source_not_in_output,10.1016_j.sse.2022.108584-5b-S0-P015,document.md states a pressure; record has none usable
conflicting_context,10.1016_j.sse.2022.108584-5b-S0-P015,"[{""quantity"": ""initial_sticking_coefficient"", ""scope"": ""paper"", ""values"": [5e-05, 0.00012, 0.00019, 0.004, 0.0057, 0.0075], ""reason"": ""6 distinct initial_sticking_coefficient values at paper scope (5e"
figure_geometry_broadcast_across_figures,10.1016_j.sse.2022.108584-5b-S0-P015,2 distinct paper-scope geometry values attached
pressure_in_source_not_in_output,10.1016_j.sse.2022.108584-5b-S0-P016,document.md states a pressure; record has none usable
conflicting_context,10.1016_j.sse.2022.108584-5b-S0-P016,"[{""quantity"": ""initial_sticking_coefficient"", ""scope"": ""paper"", ""values"": [5e-05, 0.00012, 0.00019, 0.004, 0.0057, 0.0075], ""reason"": ""6 distinct initial_sticking_coefficient values at paper scope (5e"
figure_geometry_broadcast_across_figures,10.1016_j.sse.2022.108584-5b-S0-P016,2 distinct paper-scope geometry values attached
pressure_in_source_not_in_output,10.1016_j.sse.2022.108584-5b-S1-P000,document.md states a pressure; record has none usable
conflicting_context,10.1016_j.sse.2022.108584-5b-S1-P000,"[{""quantity"": ""initial_sticking_coefficient"", ""scope"": ""paper"", ""values"": [5e-05, 0.00012, 0.00019, 0.004, 0.0057, 0.0075], ""reason"": ""6 distinct initial_sticking_coefficient values at paper scope (5e"
figure_geometry_broadcast_across_figures,10.1016_j.sse.2022.108584-5b-S1-P000,2 distinct paper-scope geometry values attached
pressure_in_source_not_in_output,10.1016_j.sse.2022.108584-5b-S1-P001,document.md states a pressure; record has none usable
conflicting_context,10.1016_j.sse.2022.108584-5b-S1-P001,"[{""quantity"": ""initial_sticking_coefficient"", ""scope"": ""paper"", ""values"": [5e-05, 0.00012, 0.00019, 0.004, 0.0057, 0.0075], ""reason"": ""6 distinct initial_sticking_coefficient values at paper scope (5e"
figure_geometry_broadcast_across_figures,10.1016_j.sse.2022.108584-5b-S1-P001,2 distinct paper-scope geometry values attached
pressure_in_source_not_in_output,10.1016_j.sse.2022.108584-5b-S1-P002,document.md states a pressure; record has none usable
conflicting_context,10.1016_j.sse.2022.108584-5b-S1-P002,"[{""quantity"": ""initial_sticking_coefficient"", ""scope"": ""paper"", ""values"": [5e-05, 0.00012, 0.00019, 0.004, 0.0057, 0.0075], ""reason"": ""6 distinct initial_sticking_coefficient values at paper scope (5e"
figure_geometry_broadcast_across_figures,10.1016_j.sse.2022.108584-5b-S1-P002,2 distinct paper-scope geometry values attached
pressure_in_source_not_in_output,10.1016_j.sse.2022.108584-5b-S1-P003,document.md states a pressure; record has none usable
conflicting_context,10.1016_j.sse.2022.108584-5b-S1-P003,"[{""quantity"": ""initial_sticking_coefficient"", ""scope"": ""paper"", ""values"": [5e-05, 0.00012, 0.00019, 0.004, 0.0057, 0.0075], ""reason"": ""6 distinct initial_sticking_coefficient values at paper scope (5e"
figure_geometry_broadcast_across_figures,10.1016_j.sse.2022.108584-5b-S1-P003,2 distinct paper-scope geometry values attached
pressure_in_source_not_in_output,10.1016_j.sse.2022.108584-5b-S1-P004,document.md states a pressure; record has none usable
conflicting_context,10.1016_j.sse.2022.108584-5b-S1-P004,"[{""quantity"": ""initial_sticking_coefficient"", ""scope"": ""paper"", ""values"": [5e-05, 0.00012, 0.00019, 0.004, 0.0057, 0.0075], ""reason"": ""6 distinct initial_sticking_coefficient values at paper scope (5e"
figure_geometry_broadcast_across_figures,10.1016_j.sse.2022.108584-5b-S1-P004,2 distinct paper-scope geometry values attached
pressure_in_source_not_in_output,10.1016_j.sse.2022.108584-5b-S1-P005,document.md states a pressure; record has none usable
conflicting_context,10.1016_j.sse.2022.108584-5b-S1-P005,"[{""quantity"": ""initial_sticking_coefficient"", ""scope"": ""paper"", ""values"": [5e-05, 0.00012, 0.00019, 0.004, 0.0057, 0.0075], ""reason"": ""6 distinct initial_sticking_coefficient values at paper scope (5e"
figure_geometry_broadcast_across_figures,10.1016_j.sse.2022.108584-5b-S1-P005,2 distinct paper-scope geometry values attached
pressure_in_source_not_in_output,10.1016_j.sse.2022.108584-5b-S1-P006,document.md states a pressure; record has none usable
conflicting_context,10.1016_j.sse.2022.108584-5b-S1-P006,"[{""quantity"": ""initial_sticking_coefficient"", ""scope"": ""paper"", ""values"": [5e-05, 0.00012, 0.00019, 0.004, 0.0057, 0.0075], ""reason"": ""6 distinct initial_sticking_coefficient values at paper scope (5e"
figure_geometry_broadcast_across_figures,10.1016_j.sse.2022.108584-5b-S1-P006,2 distinct paper-scope geometry values attached
pressure_in_source_not_in_output,10.1016_j.sse.2022.108584-5b-S1-P007,document.md states a pressure; record has none usable
conflicting_context,10.1016_j.sse.2022.108584-5b-S1-P007,"[{""quantity"": ""initial_sticking_coefficient"", ""scope"": ""paper"", ""values"": [5e-05, 0.00012, 0.00019, 0.004, 0.0057, 0.0075], ""reason"": ""6 distinct initial_sticking_coefficient values at paper scope (5e"
figure_geometry_broadcast_across_figures,10.1016_j.sse.2022.108584-5b-S1-P007,2 distinct paper-scope geometry values attached
pressure_in_source_not_in_output,10.1016_j.sse.2022.108584-5b-S1-P008,document.md states a pressure; record has none usable
conflicting_context,10.1016_j.sse.2022.108584-5b-S1-P008,"[{""quantity"": ""initial_sticking_coefficient"", ""scope"": ""paper"", ""values"": [5e-05, 0.00012, 0.00019, 0.004, 0.0057, 0.0075], ""reason"": ""6 distinct initial_sticking_coefficient values at paper scope (5e"
figure_geometry_broadcast_across_figures,10.1016_j.sse.2022.108584-5b-S1-P008,2 distinct paper-scope geometry values attached
pressure_in_source_not_in_output,10.1016_j.sse.2022.108584-5b-S1-P009,document.md states a pressure; record has none usable
conflicting_context,10.1016_j.sse.2022.108584-5b-S1-P009,"[{""quantity"": ""initial_sticking_coefficient"", ""scope"": ""paper"", ""values"": [5e-05, 0.00012, 0.00019, 0.004, 0.0057, 0.0075], ""reason"": ""6 distinct initial_sticking_coefficient values at paper scope (5e"
figure_geometry_broadcast_across_figures,10.1016_j.sse.2022.108584-5b-S1-P009,2 distinct paper-scope geometry values attached
pressure_in_source_not_in_output,10.1016_j.sse.2022.108584-5b-S1-P010,document.md states a pressure; record has none usable
conflicting_context,10.1016_j.sse.2022.108584-5b-S1-P010,"[{""quantity"": ""initial_sticking_coefficient"", ""scope"": ""paper"", ""values"": [5e-05, 0.00012, 0.00019, 0.004, 0.0057, 0.0075], ""reason"": ""6 distinct initial_sticking_coefficient values at paper scope (5e"
figure_geometry_broadcast_across_figures,10.1016_j.sse.2022.108584-5b-S1-P010,2 distinct paper-scope geometry values attached
pressure_in_source_not_in_output,10.1016_j.sse.2022.108584-5b-S1-P011,document.md states a pressure; record has none usable
conflicting_context,10.1016_j.sse.2022.108584-5b-S1-P011,"[{""quantity"": ""initial_sticking_coefficient"", ""scope"": ""paper"", ""values"": [5e-05, 0.00012, 0.00019, 0.004, 0.0057, 0.0075], ""reason"": ""6 distinct initial_sticking_coefficient values at paper scope (5e"
figure_geometry_broadcast_across_figures,10.1016_j.sse.2022.108584-5b-S1-P011,2 distinct paper-scope geometry values attached
pressure_in_source_not_in_output,10.1016_j.sse.2022.108584-5b-S1-P012,document.md states a pressure; record has none usable
conflicting_context,10.1016_j.sse.2022.108584-5b-S1-P012,"[{""quantity"": ""initial_sticking_coefficient"", ""scope"": ""paper"", ""values"": [5e-05, 0.00012, 0.00019, 0.004, 0.0057, 0.0075], ""reason"": ""6 distinct initial_sticking_coefficient values at paper scope (5e"
figure_geometry_broadcast_across_figures,10.1016_j.sse.2022.108584-5b-S1-P012,2 distinct paper-scope geometry values attached
pressure_in_source_not_in_output,10.1016_j.sse.2022.108584-5b-S1-P013,document.md states a pressure; record has none usable
conflicting_context,10.1016_j.sse.2022.108584-5b-S1-P013,"[{""quantity"": ""initial_sticking_coefficient"", ""scope"": ""paper"", ""values"": [5e-05, 0.00012, 0.00019, 0.004, 0.0057, 0.0075], ""reason"": ""6 distinct initial_sticking_coefficient values at paper scope (5e"
figure_geometry_broadcast_across_figures,10.1016_j.sse.2022.108584-5b-S1-P013,2 distinct paper-scope geometry values attached
pressure_in_source_not_in_output,10.1016_j.sse.2022.108584-5b-S1-P014,document.md states a pressure; record has none usable
conflicting_context,10.1016_j.sse.2022.108584-5b-S1-P014,"[{""quantity"": ""initial_sticking_coefficient"", ""scope"": ""paper"", ""values"": [5e-05, 0.00012, 0.00019, 0.004, 0.0057, 0.0075], ""reason"": ""6 distinct initial_sticking_coefficient values at paper scope (5e"
figure_geometry_broadcast_across_figures,10.1016_j.sse.2022.108584-5b-S1-P014,2 distinct paper-scope geometry values attached
pressure_in_source_not_in_output,10.1016_j.sse.2022.108584-5b-S1-P015,document.md states a pressure; record has none usable
conflicting_context,10.1016_j.sse.2022.108584-5b-S1-P015,"[{""quantity"": ""initial_sticking_coefficient"", ""scope"": ""paper"", ""values"": [5e-05, 0.00012, 0.00019, 0.004, 0.0057, 0.0075], ""reason"": ""6 distinct initial_sticking_coefficient values at paper scope (5e"
figure_geometry_broadcast_across_figures,10.1016_j.sse.2022.108584-5b-S1-P015,2 distinct paper-scope geometry values attached
pressure_in_source_not_in_output,10.1016_j.sse.2022.108584-5b-S1-P016,document.md states a pressure; record has none usable
conflicting_context,10.1016_j.sse.2022.108584-5b-S1-P016,"[{""quantity"": ""initial_sticking_coefficient"", ""scope"": ""paper"", ""values"": [5e-05, 0.00012, 0.00019, 0.004, 0.0057, 0.0075], ""reason"": ""6 distinct initial_sticking_coefficient values at paper scope (5e"
figure_geometry_broadcast_across_figures,10.1016_j.sse.2022.108584-5b-S1-P016,2 distinct paper-scope geometry values attached
pressure_in_source_not_in_output,10.1016_j.sse.2022.108584-5b-S2-P000,document.md states a pressure; record has none usable
conflicting_context,10.1016_j.sse.2022.108584-5b-S2-P000,"[{""quantity"": ""initial_sticking_coefficient"", ""scope"": ""paper"", ""values"": [5e-05, 0.00012, 0.00019, 0.004, 0.0057, 0.0075], ""reason"": ""6 distinct initial_sticking_coefficient values at paper scope (5e"
figure_geometry_broadcast_across_figures,10.1016_j.sse.2022.108584-5b-S2-P000,2 distinct paper-scope geometry values attached
pressure_in_source_not_in_output,10.1016_j.sse.2022.108584-5b-S2-P001,document.md states a pressure; record has none usable
conflicting_context,10.1016_j.sse.2022.108584-5b-S2-P001,"[{""quantity"": ""initial_sticking_coefficient"", ""scope"": ""paper"", ""values"": [5e-05, 0.00012, 0.00019, 0.004, 0.0057, 0.0075], ""reason"": ""6 distinct initial_sticking_coefficient values at paper scope (5e"
figure_geometry_broadcast_across_figures,10.1016_j.sse.2022.108584-5b-S2-P001,2 distinct paper-scope geometry values attached
pressure_in_source_not_in_output,10.1016_j.sse.2022.108584-5b-S2-P002,document.md states a pressure; record has none usable
conflicting_context,10.1016_j.sse.2022.108584-5b-S2-P002,"[{""quantity"": ""initial_sticking_coefficient"", ""scope"": ""paper"", ""values"": [5e-05, 0.00012, 0.00019, 0.004, 0.0057, 0.0075], ""reason"": ""6 distinct initial_sticking_coefficient values at paper scope (5e"
figure_geometry_broadcast_across_figures,10.1016_j.sse.2022.108584-5b-S2-P002,2 distinct paper-scope geometry values attached
pressure_in_source_not_in_output,10.1016_j.sse.2022.108584-5b-S2-P003,document.md states a pressure; record has none usable
conflicting_context,10.1016_j.sse.2022.108584-5b-S2-P003,"[{""quantity"": ""initial_sticking_coefficient"", ""scope"": ""paper"", ""values"": [5e-05, 0.00012, 0.00019, 0.004, 0.0057, 0.0075], ""reason"": ""6 distinct initial_sticking_coefficient values at paper scope (5e"
figure_geometry_broadcast_across_figures,10.1016_j.sse.2022.108584-5b-S2-P003,2 distinct paper-scope geometry values attached
pressure_in_source_not_in_output,10.1016_j.sse.2022.108584-5b-S2-P004,document.md states a pressure; record has none usable
conflicting_context,10.1016_j.sse.2022.108584-5b-S2-P004,"[{""quantity"": ""initial_sticking_coefficient"", ""scope"": ""paper"", ""values"": [5e-05, 0.00012, 0.00019, 0.004, 0.0057, 0.0075], ""reason"": ""6 distinct initial_sticking_coefficient values at paper scope (5e"
figure_geometry_broadcast_across_figures,10.1016_j.sse.2022.108584-5b-S2-P004,2 distinct paper-scope geometry values attached
pressure_in_source_not_in_output,10.1016_j.sse.2022.108584-5b-S2-P005,document.md states a pressure; record has none usable
conflicting_context,10.1016_j.sse.2022.108584-5b-S2-P005,"[{""quantity"": ""initial_sticking_coefficient"", ""scope"": ""paper"", ""values"": [5e-05, 0.00012, 0.00019, 0.004, 0.0057, 0.0075], ""reason"": ""6 distinct initial_sticking_coefficient values at paper scope (5e"
figure_geometry_broadcast_across_figures,10.1016_j.sse.2022.108584-5b-S2-P005,2 distinct paper-scope geometry values attached
pressure_in_source_not_in_output,10.1016_j.sse.2022.108584-5b-S2-P006,document.md states a pressure; record has none usable
conflicting_context,10.1016_j.sse.2022.108584-5b-S2-P006,"[{""quantity"": ""initial_sticking_coefficient"", ""scope"": ""paper"", ""values"": [5e-05, 0.00012, 0.00019, 0.004, 0.0057, 0.0075], ""reason"": ""6 distinct initial_sticking_coefficient values at paper scope (5e"
figure_geometry_broadcast_across_figures,10.1016_j.sse.2022.108584-5b-S2-P006,2 distinct paper-scope geometry values attached
pressure_in_source_not_in_output,10.1016_j.sse.2022.108584-5b-S2-P007,document.md states a pressure; record has none usable
conflicting_context,10.1016_j.sse.2022.108584-5b-S2-P007,"[{""quantity"": ""initial_sticking_coefficient"", ""scope"": ""paper"", ""values"": [5e-05, 0.00012, 0.00019, 0.004, 0.0057, 0.0075], ""reason"": ""6 distinct initial_sticking_coefficient values at paper scope (5e"
figure_geometry_broadcast_across_figures,10.1016_j.sse.2022.108584-5b-S2-P007,2 distinct paper-scope geometry values attached
pressure_in_source_not_in_output,10.1016_j.sse.2022.108584-5b-S2-P008,document.md states a pressure; record has none usable
conflicting_context,10.1016_j.sse.2022.108584-5b-S2-P008,"[{""quantity"": ""initial_sticking_coefficient"", ""scope"": ""paper"", ""values"": [5e-05, 0.00012, 0.00019, 0.004, 0.0057, 0.0075], ""reason"": ""6 distinct initial_sticking_coefficient values at paper scope (5e"
figure_geometry_broadcast_across_figures,10.1016_j.sse.2022.108584-5b-S2-P008,2 distinct paper-scope geometry values attached
pressure_in_source_not_in_output,10.1016_j.sse.2022.108584-5b-S2-P009,document.md states a pressure; record has none usable
conflicting_context,10.1016_j.sse.2022.108584-5b-S2-P009,"[{""quantity"": ""initial_sticking_coefficient"", ""scope"": ""paper"", ""values"": [5e-05, 0.00012, 0.00019, 0.004, 0.0057, 0.0075], ""reason"": ""6 distinct initial_sticking_coefficient values at paper scope (5e"
figure_geometry_broadcast_across_figures,10.1016_j.sse.2022.108584-5b-S2-P009,2 distinct paper-scope geometry values attached
pressure_in_source_not_in_output,10.1016_j.sse.2022.108584-5b-S2-P010,document.md states a pressure; record has none usable
conflicting_context,10.1016_j.sse.2022.108584-5b-S2-P010,"[{""quantity"": ""initial_sticking_coefficient"", ""scope"": ""paper"", ""values"": [5e-05, 0.00012, 0.00019, 0.004, 0.0057, 0.0075], ""reason"": ""6 distinct initial_sticking_coefficient values at paper scope (5e"
figure_geometry_broadcast_across_figures,10.1016_j.sse.2022.108584-5b-S2-P010,2 distinct paper-scope geometry values attached
pressure_in_source_not_in_output,10.1016_j.sse.2022.108584-5b-S2-P011,document.md states a pressure; record has none usable
conflicting_context,10.1016_j.sse.2022.108584-5b-S2-P011,"[{""quantity"": ""initial_sticking_coefficient"", ""scope"": ""paper"", ""values"": [5e-05, 0.00012, 0.00019, 0.004, 0.0057, 0.0075], ""reason"": ""6 distinct initial_sticking_coefficient values at paper scope (5e"
figure_geometry_broadcast_across_figures,10.1016_j.sse.2022.108584-5b-S2-P011,2 distinct paper-scope geometry values attached
pressure_in_source_not_in_output,10.1016_j.sse.2022.108584-5b-S2-P012,document.md states a pressure; record has none usable
conflicting_context,10.1016_j.sse.2022.108584-5b-S2-P012,"[{""quantity"": ""initial_sticking_coefficient"", ""scope"": ""paper"", ""values"": [5e-05, 0.00012, 0.00019, 0.004, 0.0057, 0.0075], ""reason"": ""6 distinct initial_sticking_coefficient values at paper scope (5e"
figure_geometry_broadcast_across_figures,10.1016_j.sse.2022.108584-5b-S2-P012,2 distinct paper-scope geometry values attached
pressure_in_source_not_in_output,10.1016_j.sse.2022.108584-5b-S2-P013,document.md states a pressure; record has none usable
conflicting_context,10.1016_j.sse.2022.108584-5b-S2-P013,"[{""quantity"": ""initial_sticking_coefficient"", ""scope"": ""paper"", ""values"": [5e-05, 0.00012, 0.00019, 0.004, 0.0057, 0.0075], ""reason"": ""6 distinct initial_sticking_coefficient values at paper scope (5e"
figure_geometry_broadcast_across_figures,10.1016_j.sse.2022.108584-5b-S2-P013,2 distinct paper-scope geometry values attached
pressure_in_source_not_in_output,10.1016_j.sse.2022.108584-5b-S2-P014,document.md states a pressure; record has none usable
conflicting_context,10.1016_j.sse.2022.108584-5b-S2-P014,"[{""quantity"": ""initial_sticking_coefficient"", ""scope"": ""paper"", ""values"": [5e-05, 0.00012, 0.00019, 0.004, 0.0057, 0.0075], ""reason"": ""6 distinct initial_sticking_coefficient values at paper scope (5e"
figure_geometry_broadcast_across_figures,10.1016_j.sse.2022.108584-5b-S2-P014,2 distinct paper-scope geometry values attached
pressure_in_source_not_in_output,10.1016_j.sse.2022.108584-5b-S2-P015,document.md states a pressure; record has none usable
conflicting_context,10.1016_j.sse.2022.108584-5b-S2-P015,"[{""quantity"": ""initial_sticking_coefficient"", ""scope"": ""paper"", ""values"": [5e-05, 0.00012, 0.00019, 0.004, 0.0057, 0.0075], ""reason"": ""6 distinct initial_sticking_coefficient values at paper scope (5e"
figure_geometry_broadcast_across_figures,10.1016_j.sse.2022.108584-5b-S2-P015,2 distinct paper-scope geometry values attached
pressure_in_source_not_in_output,10.1016_j.sse.2022.108584-5b-S2-P016,document.md states a pressure; record has none usable
conflicting_context,10.1016_j.sse.2022.108584-5b-S2-P016,"[{""quantity"": ""initial_sticking_coefficient"", ""scope"": ""paper"", ""values"": [5e-05, 0.00012, 0.00019, 0.004, 0.0057, 0.0075], ""reason"": ""6 distinct initial_sticking_coefficient values at paper scope (5e"
figure_geometry_broadcast_across_figures,10.1016_j.sse.2022.108584-5b-S2-P016,2 distinct paper-scope geometry values attached
pressure_in_source_not_in_output,10.1016_j.sse.2022.108584-F6a-17,document.md states a pressure; record has none usable
conflicting_context,10.1016_j.sse.2022.108584-F6a-17,"[{""quantity"": ""initial_sticking_coefficient"", ""scope"": ""paper"", ""values"": [5e-05, 0.00012, 0.00019, 0.004, 0.0057, 0.0075], ""reason"": ""6 distinct initial_sticking_coefficient values at paper scope (5e"
figure_geometry_broadcast_across_figures,10.1016_j.sse.2022.108584-F6a-17,2 distinct paper-scope geometry values attached
pressure_in_source_not_in_output,10.1016_j.sse.2022.108584-F6a-18,document.md states a pressure; record has none usable
conflicting_context,10.1016_j.sse.2022.108584-F6a-18,"[{""quantity"": ""initial_sticking_coefficient"", ""scope"": ""paper"", ""values"": [5e-05, 0.00012, 0.00019, 0.004, 0.0057, 0.0075], ""reason"": ""6 distinct initial_sticking_coefficient values at paper scope (5e"
legend_condition_without_structured_binding,10.1016_j.sse.2022.108584-F6a-18,"label 'reference: Yim and Ylivaara 2020, t_p = 0.2 s' carries [0.2, 2020.0] but no matching controlled value"
figure_geometry_broadcast_across_figures,10.1016_j.sse.2022.108584-F6a-18,2 distinct paper-scope geometry values attached
pressure_in_source_not_in_output,10.1016_j.sse.2022.108584-F6a-19,document.md states a pressure; record has none usable
conflicting_context,10.1016_j.sse.2022.108584-F6a-19,"[{""quantity"": ""initial_sticking_coefficient"", ""scope"": ""paper"", ""values"": [5e-05, 0.00012, 0.00019, 0.004, 0.0057, 0.0075], ""reason"": ""6 distinct initial_sticking_coefficient values at paper scope (5e"
legend_condition_without_structured_binding,10.1016_j.sse.2022.108584-F6a-19,"label 'reference: Yim and Ylivaara 2020, t_p = 0.1 s' carries [0.1, 2020.0] but no matching controlled value"
figure_geometry_broadcast_across_figures,10.1016_j.sse.2022.108584-F6a-19,2 distinct paper-scope geometry values attached
pressure_in_source_not_in_output,10.1016_j.sse.2022.108584-F6a-20,document.md states a pressure; record has none usable
conflicting_context,10.1016_j.sse.2022.108584-F6a-20,"[{""quantity"": ""initial_sticking_coefficient"", ""scope"": ""paper"", ""values"": [5e-05, 0.00012, 0.00019, 0.004, 0.0057, 0.0075], ""reason"": ""6 distinct initial_sticking_coefficient values at paper scope (5e"
figure_geometry_broadcast_across_figures,10.1016_j.sse.2022.108584-F6a-20,2 distinct paper-scope geometry values attached
pressure_in_source_not_in_output,10.1016_j.sse.2022.108584-F7a-21,document.md states a pressure; record has none usable
conflicting_context,10.1016_j.sse.2022.108584-F7a-21,"[{""quantity"": ""initial_sticking_coefficient"", ""scope"": ""paper"", ""values"": [5e-05, 0.00012, 0.00019, 0.004, 0.0057, 0.0075], ""reason"": ""6 distinct initial_sticking_coefficient values at paper scope (5e"
legend_condition_without_structured_binding,10.1016_j.sse.2022.108584-F7a-21,"label 'initial opening d: Yim and Ylivaara 2020, d = 2.0 µm' carries [2.0, 2020.0] but no matching controlled value"
figure_geometry_broadcast_across_figures,10.1016_j.sse.2022.108584-F7a-21,2 distinct paper-scope geometry values attached
pressure_in_source_not_in_output,10.1016_j.sse.2022.108584-F7a-22,document.md states a pressure; record has none usable
conflicting_context,10.1016_j.sse.2022.108584-F7a-22,"[{""quantity"": ""initial_sticking_coefficient"", ""scope"": ""paper"", ""values"": [5e-05, 0.00012, 0.00019, 0.004, 0.0057, 0.0075], ""reason"": ""6 distinct initial_sticking_coefficient values at paper scope (5e"
legend_condition_without_structured_binding,10.1016_j.sse.2022.108584-F7a-22,"label 'initial opening d: Yim and Ylivaara 2020, d = 0.5 µm' carries [0.5, 2020.0] but no matching controlled value"
figure_geometry_broadcast_across_figures,10.1016_j.sse.2022.108584-F7a-22,2 distinct paper-scope geometry values attached
pressure_in_source_not_in_output,10.1016_j.sse.2022.108584-F7a-23,document.md states a pressure; record has none usable
conflicting_context,10.1016_j.sse.2022.108584-F7a-23,"[{""quantity"": ""initial_sticking_coefficient"", ""scope"": ""paper"", ""values"": [5e-05, 0.00012, 0.00019, 0.004, 0.0057, 0.0075], ""reason"": ""6 distinct initial_sticking_coefficient values at paper scope (5e"
legend_condition_without_structured_binding,10.1016_j.sse.2022.108584-F7a-23,"label 'initial opening d: Yim and Ylivaara 2020, d = 0.1 µm' carries [0.1, 2020.0] but no matching controlled value"
figure_geometry_broadcast_across_figures,10.1016_j.sse.2022.108584-F7a-23,2 distinct paper-scope geometry values attached
pressure_in_source_not_in_output,10.1016_j.sse.2022.108584-F7a-24,document.md states a pressure; record has none usable
conflicting_context,10.1016_j.sse.2022.108584-F7a-24,"[{""quantity"": ""initial_sticking_coefficient"", ""scope"": ""paper"", ""values"": [5e-05, 0.00012, 0.00019, 0.004, 0.0057, 0.0075], ""reason"": ""6 distinct initial_sticking_coefficient values at paper scope (5e"
legend_condition_without_structured_binding,10.1016_j.sse.2022.108584-F7a-24,"label 'initial opening d: Knudsen, d = 2.0 µm' carries [2.0] but no matching controlled value"
figure_geometry_broadcast_across_figures,10.1016_j.sse.2022.108584-F7a-24,2 distinct paper-scope geometry values attached
pressure_in_source_not_in_output,10.1016_j.sse.2022.108584-F7a-25,document.md states a pressure; record has none usable
conflicting_context,10.1016_j.sse.2022.108584-F7a-25,"[{""quantity"": ""initial_sticking_coefficient"", ""scope"": ""paper"", ""values"": [5e-05, 0.00012, 0.00019, 0.004, 0.0057, 0.0075], ""reason"": ""6 distinct initial_sticking_coefficient values at paper scope (5e"
legend_condition_without_structured_binding,10.1016_j.sse.2022.108584-F7a-25,"label 'initial opening d: Bosanquet, d = 2.0 µm' carries [2.0] but no matching controlled value"
figure_geometry_broadcast_across_figures,10.1016_j.sse.2022.108584-F7a-25,2 distinct paper-scope geometry values attached
empty_conditions_despite_numeric_caption,10.1016_j.tsf.2012.11.127-F5a-12,panel conditions {} but caption carries numerics
empty_conditions_despite_numeric_caption,10.1016_j.tsf.2012.11.127-F5a-13,panel conditions {} but caption carries numerics
empty_conditions_despite_numeric_caption,10.1016_j.tsf.2012.11.127-F5a-14,panel conditions {} but caption carries numerics
empty_conditions_despite_numeric_caption,10.1016_j.tsf.2012.11.127-F5a-15,panel conditions {} but caption carries numerics
empty_conditions_despite_numeric_caption,10.1016_j.tsf.2012.11.127-F5a-16,panel conditions {} but caption carries numerics
empty_conditions_despite_numeric_caption,10.1016_j.tsf.2012.11.127-F5b-17,panel conditions {} but caption carries numerics
empty_conditions_despite_numeric_caption,10.1016_j.tsf.2012.11.127-F5b-18,panel conditions {} but caption carries numerics
empty_conditions_despite_numeric_caption,10.1016_j.tsf.2012.11.127-F5b-19,panel conditions {} but caption carries numerics
empty_conditions_despite_numeric_caption,10.1016_j.tsf.2012.11.127-F5b-20,panel conditions {} but caption carries numerics
empty_conditions_despite_numeric_caption,10.1016_j.tsf.2012.11.127-F5b-21,panel conditions {} but caption carries numerics
empty_conditions_despite_numeric_caption,10.1016_j.tsf.2012.11.127-F6a-22,panel conditions {} but caption carries numerics
empty_conditions_despite_numeric_caption,10.1016_j.tsf.2012.11.127-F6a-23,panel conditions {} but caption carries numerics
empty_conditions_despite_numeric_caption,10.1016_j.tsf.2012.11.127-F6a-24,panel conditions {} but caption carries numerics
empty_conditions_despite_numeric_caption,10.1016_j.tsf.2012.11.127-F7a-28,panel conditions {} but caption carries numerics
empty_conditions_despite_numeric_caption,10.1016_j.tsf.2012.11.127-F7a-29,panel conditions {} but caption carries numerics
pressure_in_source_not_in_output,10.1021_acs.chemmater.2c01154-F1a-0,document.md states a pressure; record has none usable
conflicting_context,10.1021_acs.chemmater.2c01154-F1a-0,"[{""quantity"": ""chamber_total_pressure"", ""scope"": ""paper"", ""values"": [0.799932, 26.6644], ""reason"": ""2 distinct chamber_total_pressure values at paper scope (0.799932, 26.6644); not applied to this exp"
pressure_in_source_not_in_output,10.1021_acs.chemmater.2c01154-F1a-1,document.md states a pressure; record has none usable
conflicting_context,10.1021_acs.chemmater.2c01154-F1a-1,"[{""quantity"": ""chamber_total_pressure"", ""scope"": ""paper"", ""values"": [0.799932, 26.6644], ""reason"": ""2 distinct chamber_total_pressure values at paper scope (0.799932, 26.6644); not applied to this exp"
pressure_in_source_not_in_output,10.1021_acs.chemmater.2c01154-F1a-2,document.md states a pressure; record has none usable
conflicting_context,10.1021_acs.chemmater.2c01154-F1a-2,"[{""quantity"": ""chamber_total_pressure"", ""scope"": ""paper"", ""values"": [0.799932, 26.6644], ""reason"": ""2 distinct chamber_total_pressure values at paper scope (0.799932, 26.6644); not applied to this exp"
pressure_in_source_not_in_output,10.1021_acs.chemmater.2c01154-F1a-3,document.md states a pressure; record has none usable
conflicting_context,10.1021_acs.chemmater.2c01154-F1a-3,"[{""quantity"": ""chamber_total_pressure"", ""scope"": ""paper"", ""values"": [0.799932, 26.6644], ""reason"": ""2 distinct chamber_total_pressure values at paper scope (0.799932, 26.6644); not applied to this exp"
pressure_in_source_not_in_output,10.1021_acs.chemmater.2c01154-F1a-4,document.md states a pressure; record has none usable
conflicting_context,10.1021_acs.chemmater.2c01154-F1a-4,"[{""quantity"": ""chamber_total_pressure"", ""scope"": ""paper"", ""values"": [0.799932, 26.6644], ""reason"": ""2 distinct chamber_total_pressure values at paper scope (0.799932, 26.6644); not applied to this exp"
pressure_in_source_not_in_output,10.1021_acs.chemmater.2c01154-F1a-5,document.md states a pressure; record has none usable
conflicting_context,10.1021_acs.chemmater.2c01154-F1a-5,"[{""quantity"": ""chamber_total_pressure"", ""scope"": ""paper"", ""values"": [0.799932, 26.6644], ""reason"": ""2 distinct chamber_total_pressure values at paper scope (0.799932, 26.6644); not applied to this exp"
pressure_in_source_not_in_output,10.1021_acs.chemmater.2c01154-F1b-6,document.md states a pressure; record has none usable
conflicting_context,10.1021_acs.chemmater.2c01154-F1b-6,"[{""quantity"": ""chamber_total_pressure"", ""scope"": ""paper"", ""values"": [0.799932, 26.6644], ""reason"": ""2 distinct chamber_total_pressure values at paper scope (0.799932, 26.6644); not applied to this exp"
pressure_in_source_not_in_output,10.1021_acs.chemmater.2c01154-F1b-7,document.md states a pressure; record has none usable
conflicting_context,10.1021_acs.chemmater.2c01154-F1b-7,"[{""quantity"": ""chamber_total_pressure"", ""scope"": ""paper"", ""values"": [0.799932, 26.6644], ""reason"": ""2 distinct chamber_total_pressure values at paper scope (0.799932, 26.6644); not applied to this exp"
legend_condition_without_structured_binding,10.1021_acs.chemmater.2c01154-F1b-7,"label 'number of cycles: 10 cyc (0.9 nm)' carries [0.9, 10.0] but no matching controlled value"
pressure_in_source_not_in_output,10.1021_acs.chemmater.2c01154-F1b-8,document.md states a pressure; record has none usable
conflicting_context,10.1021_acs.chemmater.2c01154-F1b-8,"[{""quantity"": ""chamber_total_pressure"", ""scope"": ""paper"", ""values"": [0.799932, 26.6644], ""reason"": ""2 distinct chamber_total_pressure values at paper scope (0.799932, 26.6644); not applied to this exp"
legend_condition_without_structured_binding,10.1021_acs.chemmater.2c01154-F1b-8,"label 'number of cycles: 20 cyc (1.6 nm)' carries [1.6, 20.0] but no matching controlled value"
pressure_in_source_not_in_output,10.1021_acs.chemmater.2c01154-F1b-9,document.md states a pressure; record has none usable
conflicting_context,10.1021_acs.chemmater.2c01154-F1b-9,"[{""quantity"": ""chamber_total_pressure"", ""scope"": ""paper"", ""values"": [0.799932, 26.6644], ""reason"": ""2 distinct chamber_total_pressure values at paper scope (0.799932, 26.6644); not applied to this exp"
legend_condition_without_structured_binding,10.1021_acs.chemmater.2c01154-F1b-9,"label 'number of cycles: 30 cyc (2.6 nm)' carries [2.6, 30.0] but no matching controlled value"
pressure_in_source_not_in_output,10.1021_acs.chemmater.2c01154-F1b-10,document.md states a pressure; record has none usable
conflicting_context,10.1021_acs.chemmater.2c01154-F1b-10,"[{""quantity"": ""chamber_total_pressure"", ""scope"": ""paper"", ""values"": [0.799932, 26.6644], ""reason"": ""2 distinct chamber_total_pressure values at paper scope (0.799932, 26.6644); not applied to this exp"
legend_condition_without_structured_binding,10.1021_acs.chemmater.2c01154-F1b-10,"label 'number of cycles: 50 cyc (4.8 nm)' carries [4.8, 50.0] but no matching controlled value"
pressure_in_source_not_in_output,10.1021_acs.chemmater.2c01154-F2a-11,document.md states a pressure; record has none usable
conflicting_context,10.1021_acs.chemmater.2c01154-F2a-11,"[{""quantity"": ""chamber_total_pressure"", ""scope"": ""paper"", ""values"": [0.799932, 26.6644], ""reason"": ""2 distinct chamber_total_pressure values at paper scope (0.799932, 26.6644); not applied to this exp"
pressure_in_source_not_in_output,10.1021_acs.chemmater.2c01154-F2a-12,document.md states a pressure; record has none usable
conflicting_context,10.1021_acs.chemmater.2c01154-F2a-12,"[{""quantity"": ""chamber_total_pressure"", ""scope"": ""paper"", ""values"": [0.799932, 26.6644], ""reason"": ""2 distinct chamber_total_pressure values at paper scope (0.799932, 26.6644); not applied to this exp"
pressure_in_source_not_in_output,10.1021_acs.chemmater.2c01154-F4a-13,document.md states a pressure; record has none usable
conflicting_context,10.1021_acs.chemmater.2c01154-F4a-13,"[{""quantity"": ""chamber_total_pressure"", ""scope"": ""paper"", ""values"": [0.799932, 26.6644], ""reason"": ""2 distinct chamber_total_pressure values at paper scope (0.799932, 26.6644); not applied to this exp"
pressure_in_source_not_in_output,10.1021_acs.chemmater.2c01154-F4a-14,document.md states a pressure; record has none usable
conflicting_context,10.1021_acs.chemmater.2c01154-F4a-14,"[{""quantity"": ""chamber_total_pressure"", ""scope"": ""paper"", ""values"": [0.799932, 26.6644], ""reason"": ""2 distinct chamber_total_pressure values at paper scope (0.799932, 26.6644); not applied to this exp"
pressure_in_source_not_in_output,10.1021_acs.chemmater.2c01154-F4a-15,document.md states a pressure; record has none usable
conflicting_context,10.1021_acs.chemmater.2c01154-F4a-15,"[{""quantity"": ""chamber_total_pressure"", ""scope"": ""paper"", ""values"": [0.799932, 26.6644], ""reason"": ""2 distinct chamber_total_pressure values at paper scope (0.799932, 26.6644); not applied to this exp"
pressure_in_source_not_in_output,10.1021_acs.chemmater.2c01154-F4a-16,document.md states a pressure; record has none usable
conflicting_context,10.1021_acs.chemmater.2c01154-F4a-16,"[{""quantity"": ""chamber_total_pressure"", ""scope"": ""paper"", ""values"": [0.799932, 26.6644], ""reason"": ""2 distinct chamber_total_pressure values at paper scope (0.799932, 26.6644); not applied to this exp"
pressure_in_source_not_in_output,10.1021_acs.chemmater.2c01154-F4a-17,document.md states a pressure; record has none usable
conflicting_context,10.1021_acs.chemmater.2c01154-F4a-17,"[{""quantity"": ""chamber_total_pressure"", ""scope"": ""paper"", ""values"": [0.799932, 26.6644], ""reason"": ""2 distinct chamber_total_pressure values at paper scope (0.799932, 26.6644); not applied to this exp"
pressure_in_source_not_in_output,10.1021_acs.chemmater.2c01154-F4a-18,document.md states a pressure; record has none usable
conflicting_context,10.1021_acs.chemmater.2c01154-F4a-18,"[{""quantity"": ""chamber_total_pressure"", ""scope"": ""paper"", ""values"": [0.799932, 26.6644], ""reason"": ""2 distinct chamber_total_pressure values at paper scope (0.799932, 26.6644); not applied to this exp"
pressure_in_source_not_in_output,10.1021_acs.chemmater.2c01154-F4a-19,document.md states a pressure; record has none usable
conflicting_context,10.1021_acs.chemmater.2c01154-F4a-19,"[{""quantity"": ""chamber_total_pressure"", ""scope"": ""paper"", ""values"": [0.799932, 26.6644], ""reason"": ""2 distinct chamber_total_pressure values at paper scope (0.799932, 26.6644); not applied to this exp"
pressure_in_source_not_in_output,10.1021_acs.chemmater.2c01154-F4a-20,document.md states a pressure; record has none usable
conflicting_context,10.1021_acs.chemmater.2c01154-F4a-20,"[{""quantity"": ""chamber_total_pressure"", ""scope"": ""paper"", ""values"": [0.799932, 26.6644], ""reason"": ""2 distinct chamber_total_pressure values at paper scope (0.799932, 26.6644); not applied to this exp"
pressure_in_source_not_in_output,10.1021_acs.chemmater.2c01154-F5a-21,document.md states a pressure; record has none usable
conflicting_context,10.1021_acs.chemmater.2c01154-F5a-21,"[{""quantity"": ""chamber_total_pressure"", ""scope"": ""paper"", ""values"": [0.799932, 26.6644], ""reason"": ""2 distinct chamber_total_pressure values at paper scope (0.799932, 26.6644); not applied to this exp"
pressure_in_source_not_in_output,10.1021_acs.chemmater.2c01154-F5a-22,document.md states a pressure; record has none usable
conflicting_context,10.1021_acs.chemmater.2c01154-F5a-22,"[{""quantity"": ""chamber_total_pressure"", ""scope"": ""paper"", ""values"": [0.799932, 26.6644], ""reason"": ""2 distinct chamber_total_pressure values at paper scope (0.799932, 26.6644); not applied to this exp"
pressure_in_source_not_in_output,10.1021_acs.chemmater.2c01154-F5a-23,document.md states a pressure; record has none usable
conflicting_context,10.1021_acs.chemmater.2c01154-F5a-23,"[{""quantity"": ""chamber_total_pressure"", ""scope"": ""paper"", ""values"": [0.799932, 26.6644], ""reason"": ""2 distinct chamber_total_pressure values at paper scope (0.799932, 26.6644); not applied to this exp"
pressure_in_source_not_in_output,10.1021_acs.chemmater.2c01154-F5a-24,document.md states a pressure; record has none usable
conflicting_context,10.1021_acs.chemmater.2c01154-F5a-24,"[{""quantity"": ""chamber_total_pressure"", ""scope"": ""paper"", ""values"": [0.799932, 26.6644], ""reason"": ""2 distinct chamber_total_pressure values at paper scope (0.799932, 26.6644); not applied to this exp"
pressure_in_source_not_in_output,10.1021_acs.chemmater.2c01154-F5a-25,document.md states a pressure; record has none usable
conflicting_context,10.1021_acs.chemmater.2c01154-F5a-25,"[{""quantity"": ""chamber_total_pressure"", ""scope"": ""paper"", ""values"": [0.799932, 26.6644], ""reason"": ""2 distinct chamber_total_pressure values at paper scope (0.799932, 26.6644); not applied to this exp"
pressure_in_source_not_in_output,10.1021_acs.chemmater.2c01154-F5b-26,document.md states a pressure; record has none usable
conflicting_context,10.1021_acs.chemmater.2c01154-F5b-26,"[{""quantity"": ""chamber_total_pressure"", ""scope"": ""paper"", ""values"": [0.799932, 26.6644], ""reason"": ""2 distinct chamber_total_pressure values at paper scope (0.799932, 26.6644); not applied to this exp"
pressure_in_source_not_in_output,10.1021_acs.chemmater.2c01154-F5b-27,document.md states a pressure; record has none usable
conflicting_context,10.1021_acs.chemmater.2c01154-F5b-27,"[{""quantity"": ""chamber_total_pressure"", ""scope"": ""paper"", ""values"": [0.799932, 26.6644], ""reason"": ""2 distinct chamber_total_pressure values at paper scope (0.799932, 26.6644); not applied to this exp"
pressure_in_source_not_in_output,10.1021_acs.chemmater.2c01154-F5b-28,document.md states a pressure; record has none usable
conflicting_context,10.1021_acs.chemmater.2c01154-F5b-28,"[{""quantity"": ""chamber_total_pressure"", ""scope"": ""paper"", ""values"": [0.799932, 26.6644], ""reason"": ""2 distinct chamber_total_pressure values at paper scope (0.799932, 26.6644); not applied to this exp"
pressure_in_source_not_in_output,10.1021_acs.chemmater.2c01154-F5b-29,document.md states a pressure; record has none usable
conflicting_context,10.1021_acs.chemmater.2c01154-F5b-29,"[{""quantity"": ""chamber_total_pressure"", ""scope"": ""paper"", ""values"": [0.799932, 26.6644], ""reason"": ""2 distinct chamber_total_pressure values at paper scope (0.799932, 26.6644); not applied to this exp"
pressure_in_source_not_in_output,10.1021_acs.chemmater.2c01154-F5b-30,document.md states a pressure; record has none usable
conflicting_context,10.1021_acs.chemmater.2c01154-F5b-30,"[{""quantity"": ""chamber_total_pressure"", ""scope"": ""paper"", ""values"": [0.799932, 26.6644], ""reason"": ""2 distinct chamber_total_pressure values at paper scope (0.799932, 26.6644); not applied to this exp"
pressure_in_source_not_in_output,10.1021_acs.chemmater.2c01154-7a-S0-P000,document.md states a pressure; record has none usable
conflicting_context,10.1021_acs.chemmater.2c01154-7a-S0-P000,"[{""quantity"": ""chamber_total_pressure"", ""scope"": ""paper"", ""values"": [0.799932, 26.6644], ""reason"": ""2 distinct chamber_total_pressure values at paper scope (0.799932, 26.6644); not applied to this exp"
pressure_in_source_not_in_output,10.1021_acs.chemmater.2c01154-7a-S0-P001,document.md states a pressure; record has none usable
conflicting_context,10.1021_acs.chemmater.2c01154-7a-S0-P001,"[{""quantity"": ""chamber_total_pressure"", ""scope"": ""paper"", ""values"": [0.799932, 26.6644], ""reason"": ""2 distinct chamber_total_pressure values at paper scope (0.799932, 26.6644); not applied to this exp"
pressure_in_source_not_in_output,10.1021_acs.chemmater.2c01154-7a-S0-P002,document.md states a pressure; record has none usable
conflicting_context,10.1021_acs.chemmater.2c01154-7a-S0-P002,"[{""quantity"": ""chamber_total_pressure"", ""scope"": ""paper"", ""values"": [0.799932, 26.6644], ""reason"": ""2 distinct chamber_total_pressure values at paper scope (0.799932, 26.6644); not applied to this exp"
pressure_in_source_not_in_output,10.1021_acs.chemmater.2c01154-7a-S0-P003,document.md states a pressure; record has none usable
conflicting_context,10.1021_acs.chemmater.2c01154-7a-S0-P003,"[{""quantity"": ""chamber_total_pressure"", ""scope"": ""paper"", ""values"": [0.799932, 26.6644], ""reason"": ""2 distinct chamber_total_pressure values at paper scope (0.799932, 26.6644); not applied to this exp"
pressure_in_source_not_in_output,10.1021_acs.chemmater.2c01154-7a-S0-P004,document.md states a pressure; record has none usable
conflicting_context,10.1021_acs.chemmater.2c01154-7a-S0-P004,"[{""quantity"": ""chamber_total_pressure"", ""scope"": ""paper"", ""values"": [0.799932, 26.6644], ""reason"": ""2 distinct chamber_total_pressure values at paper scope (0.799932, 26.6644); not applied to this exp"
pressure_in_source_not_in_output,10.1021_acs.chemmater.2c01154-7a-S0-P005,document.md states a pressure; record has none usable
conflicting_context,10.1021_acs.chemmater.2c01154-7a-S0-P005,"[{""quantity"": ""chamber_total_pressure"", ""scope"": ""paper"", ""values"": [0.799932, 26.6644], ""reason"": ""2 distinct chamber_total_pressure values at paper scope (0.799932, 26.6644); not applied to this exp"
pressure_in_source_not_in_output,10.1021_acs.chemmater.2c01154-7a-S0-P006,document.md states a pressure; record has none usable
conflicting_context,10.1021_acs.chemmater.2c01154-7a-S0-P006,"[{""quantity"": ""chamber_total_pressure"", ""scope"": ""paper"", ""values"": [0.799932, 26.6644], ""reason"": ""2 distinct chamber_total_pressure values at paper scope (0.799932, 26.6644); not applied to this exp"
pressure_in_source_not_in_output,10.1021_acs.chemmater.2c01154-7a-S0-P007,document.md states a pressure; record has none usable
conflicting_context,10.1021_acs.chemmater.2c01154-7a-S0-P007,"[{""quantity"": ""chamber_total_pressure"", ""scope"": ""paper"", ""values"": [0.799932, 26.6644], ""reason"": ""2 distinct chamber_total_pressure values at paper scope (0.799932, 26.6644); not applied to this exp"
pressure_in_source_not_in_output,10.1021_acs.chemmater.2c01154-7a-S0-P008,document.md states a pressure; record has none usable
conflicting_context,10.1021_acs.chemmater.2c01154-7a-S0-P008,"[{""quantity"": ""chamber_total_pressure"", ""scope"": ""paper"", ""values"": [0.799932, 26.6644], ""reason"": ""2 distinct chamber_total_pressure values at paper scope (0.799932, 26.6644); not applied to this exp"
pressure_in_source_not_in_output,10.1021_acs.chemmater.2c01154-7a-S0-P009,document.md states a pressure; record has none usable
conflicting_context,10.1021_acs.chemmater.2c01154-7a-S0-P009,"[{""quantity"": ""chamber_total_pressure"", ""scope"": ""paper"", ""values"": [0.799932, 26.6644], ""reason"": ""2 distinct chamber_total_pressure values at paper scope (0.799932, 26.6644); not applied to this exp"
pressure_in_source_not_in_output,10.1021_acs.chemmater.2c01154-7a-S0-P010,document.md states a pressure; record has none usable
conflicting_context,10.1021_acs.chemmater.2c01154-7a-S0-P010,"[{""quantity"": ""chamber_total_pressure"", ""scope"": ""paper"", ""values"": [0.799932, 26.6644], ""reason"": ""2 distinct chamber_total_pressure values at paper scope (0.799932, 26.6644); not applied to this exp"
pressure_in_source_not_in_output,10.1021_acs.chemmater.2c01154-7a-S0-P011,document.md states a pressure; record has none usable
conflicting_context,10.1021_acs.chemmater.2c01154-7a-S0-P011,"[{""quantity"": ""chamber_total_pressure"", ""scope"": ""paper"", ""values"": [0.799932, 26.6644], ""reason"": ""2 distinct chamber_total_pressure values at paper scope (0.799932, 26.6644); not applied to this exp"
pressure_in_source_not_in_output,10.1021_acs.chemmater.2c01154-7a-S0-P012,document.md states a pressure; record has none usable
conflicting_context,10.1021_acs.chemmater.2c01154-7a-S0-P012,"[{""quantity"": ""chamber_total_pressure"", ""scope"": ""paper"", ""values"": [0.799932, 26.6644], ""reason"": ""2 distinct chamber_total_pressure values at paper scope (0.799932, 26.6644); not applied to this exp"
pressure_in_source_not_in_output,10.1021_acs.chemmater.2c01154-7a-S0-P013,document.md states a pressure; record has none usable
conflicting_context,10.1021_acs.chemmater.2c01154-7a-S0-P013,"[{""quantity"": ""chamber_total_pressure"", ""scope"": ""paper"", ""values"": [0.799932, 26.6644], ""reason"": ""2 distinct chamber_total_pressure values at paper scope (0.799932, 26.6644); not applied to this exp"
pressure_in_source_not_in_output,10.1021_acs.chemmater.2c01154-7a-S0-P014,document.md states a pressure; record has none usable
conflicting_context,10.1021_acs.chemmater.2c01154-7a-S0-P014,"[{""quantity"": ""chamber_total_pressure"", ""scope"": ""paper"", ""values"": [0.799932, 26.6644], ""reason"": ""2 distinct chamber_total_pressure values at paper scope (0.799932, 26.6644); not applied to this exp"
pressure_in_source_not_in_output,10.1021_acs.chemmater.2c01154-7a-S1-P000,document.md states a pressure; record has none usable
conflicting_context,10.1021_acs.chemmater.2c01154-7a-S1-P000,"[{""quantity"": ""chamber_total_pressure"", ""scope"": ""paper"", ""values"": [0.799932, 26.6644], ""reason"": ""2 distinct chamber_total_pressure values at paper scope (0.799932, 26.6644); not applied to this exp"
pressure_in_source_not_in_output,10.1021_acs.chemmater.2c01154-7a-S1-P001,document.md states a pressure; record has none usable
conflicting_context,10.1021_acs.chemmater.2c01154-7a-S1-P001,"[{""quantity"": ""chamber_total_pressure"", ""scope"": ""paper"", ""values"": [0.799932, 26.6644], ""reason"": ""2 distinct chamber_total_pressure values at paper scope (0.799932, 26.6644); not applied to this exp"
pressure_in_source_not_in_output,10.1021_acs.chemmater.2c01154-7a-S1-P002,document.md states a pressure; record has none usable
conflicting_context,10.1021_acs.chemmater.2c01154-7a-S1-P002,"[{""quantity"": ""chamber_total_pressure"", ""scope"": ""paper"", ""values"": [0.799932, 26.6644], ""reason"": ""2 distinct chamber_total_pressure values at paper scope (0.799932, 26.6644); not applied to this exp"
pressure_in_source_not_in_output,10.1021_acs.chemmater.2c01154-7a-S1-P003,document.md states a pressure; record has none usable
conflicting_context,10.1021_acs.chemmater.2c01154-7a-S1-P003,"[{""quantity"": ""chamber_total_pressure"", ""scope"": ""paper"", ""values"": [0.799932, 26.6644], ""reason"": ""2 distinct chamber_total_pressure values at paper scope (0.799932, 26.6644); not applied to this exp"
pressure_in_source_not_in_output,10.1021_acs.chemmater.2c01154-7a-S1-P004,document.md states a pressure; record has none usable
conflicting_context,10.1021_acs.chemmater.2c01154-7a-S1-P004,"[{""quantity"": ""chamber_total_pressure"", ""scope"": ""paper"", ""values"": [0.799932, 26.6644], ""reason"": ""2 distinct chamber_total_pressure values at paper scope (0.799932, 26.6644); not applied to this exp"
pressure_in_source_not_in_output,10.1021_acs.chemmater.2c01154-7a-S1-P005,document.md states a pressure; record has none usable
conflicting_context,10.1021_acs.chemmater.2c01154-7a-S1-P005,"[{""quantity"": ""chamber_total_pressure"", ""scope"": ""paper"", ""values"": [0.799932, 26.6644], ""reason"": ""2 distinct chamber_total_pressure values at paper scope (0.799932, 26.6644); not applied to this exp"
pressure_in_source_not_in_output,10.1021_acs.chemmater.2c01154-7a-S1-P006,document.md states a pressure; record has none usable
conflicting_context,10.1021_acs.chemmater.2c01154-7a-S1-P006,"[{""quantity"": ""chamber_total_pressure"", ""scope"": ""paper"", ""values"": [0.799932, 26.6644], ""reason"": ""2 distinct chamber_total_pressure values at paper scope (0.799932, 26.6644); not applied to this exp"
pressure_in_source_not_in_output,10.1021_acs.chemmater.2c01154-7a-S1-P007,document.md states a pressure; record has none usable
conflicting_context,10.1021_acs.chemmater.2c01154-7a-S1-P007,"[{""quantity"": ""chamber_total_pressure"", ""scope"": ""paper"", ""values"": [0.799932, 26.6644], ""reason"": ""2 distinct chamber_total_pressure values at paper scope (0.799932, 26.6644); not applied to this exp"
pressure_in_source_not_in_output,10.1021_acs.chemmater.2c01154-7a-S1-P008,document.md states a pressure; record has none usable
conflicting_context,10.1021_acs.chemmater.2c01154-7a-S1-P008,"[{""quantity"": ""chamber_total_pressure"", ""scope"": ""paper"", ""values"": [0.799932, 26.6644], ""reason"": ""2 distinct chamber_total_pressure values at paper scope (0.799932, 26.6644); not applied to this exp"
pressure_in_source_not_in_output,10.1021_acs.chemmater.2c01154-7a-S1-P009,document.md states a pressure; record has none usable
conflicting_context,10.1021_acs.chemmater.2c01154-7a-S1-P009,"[{""quantity"": ""chamber_total_pressure"", ""scope"": ""paper"", ""values"": [0.799932, 26.6644], ""reason"": ""2 distinct chamber_total_pressure values at paper scope (0.799932, 26.6644); not applied to this exp"
pressure_in_source_not_in_output,10.1021_acs.chemmater.2c01154-7a-S1-P010,document.md states a pressure; record has none usable
conflicting_context,10.1021_acs.chemmater.2c01154-7a-S1-P010,"[{""quantity"": ""chamber_total_pressure"", ""scope"": ""paper"", ""values"": [0.799932, 26.6644], ""reason"": ""2 distinct chamber_total_pressure values at paper scope (0.799932, 26.6644); not applied to this exp"
pressure_in_source_not_in_output,10.1021_acs.chemmater.2c01154-7a-S1-P011,document.md states a pressure; record has none usable
conflicting_context,10.1021_acs.chemmater.2c01154-7a-S1-P011,"[{""quantity"": ""chamber_total_pressure"", ""scope"": ""paper"", ""values"": [0.799932, 26.6644], ""reason"": ""2 distinct chamber_total_pressure values at paper scope (0.799932, 26.6644); not applied to this exp"
pressure_in_source_not_in_output,10.1021_acs.chemmater.2c01154-7a-S1-P012,document.md states a pressure; record has none usable
conflicting_context,10.1021_acs.chemmater.2c01154-7a-S1-P012,"[{""quantity"": ""chamber_total_pressure"", ""scope"": ""paper"", ""values"": [0.799932, 26.6644], ""reason"": ""2 distinct chamber_total_pressure values at paper scope (0.799932, 26.6644); not applied to this exp"
pressure_in_source_not_in_output,10.1021_acs.chemmater.2c01154-7a-S1-P013,document.md states a pressure; record has none usable
conflicting_context,10.1021_acs.chemmater.2c01154-7a-S1-P013,"[{""quantity"": ""chamber_total_pressure"", ""scope"": ""paper"", ""values"": [0.799932, 26.6644], ""reason"": ""2 distinct chamber_total_pressure values at paper scope (0.799932, 26.6644); not applied to this exp"
pressure_in_source_not_in_output,10.1021_acs.chemmater.2c01154-7a-S1-P014,document.md states a pressure; record has none usable
conflicting_context,10.1021_acs.chemmater.2c01154-7a-S1-P014,"[{""quantity"": ""chamber_total_pressure"", ""scope"": ""paper"", ""values"": [0.799932, 26.6644], ""reason"": ""2 distinct chamber_total_pressure values at paper scope (0.799932, 26.6644); not applied to this exp"
pressure_in_source_not_in_output,10.1021_acs.chemmater.2c01154-7a-S2-P000,document.md states a pressure; record has none usable
conflicting_context,10.1021_acs.chemmater.2c01154-7a-S2-P000,"[{""quantity"": ""chamber_total_pressure"", ""scope"": ""paper"", ""values"": [0.799932, 26.6644], ""reason"": ""2 distinct chamber_total_pressure values at paper scope (0.799932, 26.6644); not applied to this exp"
pressure_in_source_not_in_output,10.1021_acs.chemmater.2c01154-7a-S2-P001,document.md states a pressure; record has none usable
conflicting_context,10.1021_acs.chemmater.2c01154-7a-S2-P001,"[{""quantity"": ""chamber_total_pressure"", ""scope"": ""paper"", ""values"": [0.799932, 26.6644], ""reason"": ""2 distinct chamber_total_pressure values at paper scope (0.799932, 26.6644); not applied to this exp"
pressure_in_source_not_in_output,10.1021_acs.chemmater.2c01154-7a-S2-P002,document.md states a pressure; record has none usable
conflicting_context,10.1021_acs.chemmater.2c01154-7a-S2-P002,"[{""quantity"": ""chamber_total_pressure"", ""scope"": ""paper"", ""values"": [0.799932, 26.6644], ""reason"": ""2 distinct chamber_total_pressure values at paper scope (0.799932, 26.6644); not applied to this exp"
pressure_in_source_not_in_output,10.1021_acs.chemmater.2c01154-7a-S2-P003,document.md states a pressure; record has none usable
conflicting_context,10.1021_acs.chemmater.2c01154-7a-S2-P003,"[{""quantity"": ""chamber_total_pressure"", ""scope"": ""paper"", ""values"": [0.799932, 26.6644], ""reason"": ""2 distinct chamber_total_pressure values at paper scope (0.799932, 26.6644); not applied to this exp"
pressure_in_source_not_in_output,10.1021_acs.chemmater.2c01154-7a-S2-P004,document.md states a pressure; record has none usable
conflicting_context,10.1021_acs.chemmater.2c01154-7a-S2-P004,"[{""quantity"": ""chamber_total_pressure"", ""scope"": ""paper"", ""values"": [0.799932, 26.6644], ""reason"": ""2 distinct chamber_total_pressure values at paper scope (0.799932, 26.6644); not applied to this exp"
pressure_in_source_not_in_output,10.1021_acs.chemmater.2c01154-7a-S2-P005,document.md states a pressure; record has none usable
conflicting_context,10.1021_acs.chemmater.2c01154-7a-S2-P005,"[{""quantity"": ""chamber_total_pressure"", ""scope"": ""paper"", ""values"": [0.799932, 26.6644], ""reason"": ""2 distinct chamber_total_pressure values at paper scope (0.799932, 26.6644); not applied to this exp"
pressure_in_source_not_in_output,10.1021_acs.chemmater.2c01154-7a-S2-P006,document.md states a pressure; record has none usable
conflicting_context,10.1021_acs.chemmater.2c01154-7a-S2-P006,"[{""quantity"": ""chamber_total_pressure"", ""scope"": ""paper"", ""values"": [0.799932, 26.6644], ""reason"": ""2 distinct chamber_total_pressure values at paper scope (0.799932, 26.6644); not applied to this exp"
pressure_in_source_not_in_output,10.1021_acs.chemmater.2c01154-7a-S2-P007,document.md states a pressure; record has none usable
conflicting_context,10.1021_acs.chemmater.2c01154-7a-S2-P007,"[{""quantity"": ""chamber_total_pressure"", ""scope"": ""paper"", ""values"": [0.799932, 26.6644], ""reason"": ""2 distinct chamber_total_pressure values at paper scope (0.799932, 26.6644); not applied to this exp"
pressure_in_source_not_in_output,10.1021_acs.chemmater.2c01154-7a-S2-P008,document.md states a pressure; record has none usable
conflicting_context,10.1021_acs.chemmater.2c01154-7a-S2-P008,"[{""quantity"": ""chamber_total_pressure"", ""scope"": ""paper"", ""values"": [0.799932, 26.6644], ""reason"": ""2 distinct chamber_total_pressure values at paper scope (0.799932, 26.6644); not applied to this exp"
pressure_in_source_not_in_output,10.1021_acs.chemmater.2c01154-7a-S2-P009,document.md states a pressure; record has none usable
conflicting_context,10.1021_acs.chemmater.2c01154-7a-S2-P009,"[{""quantity"": ""chamber_total_pressure"", ""scope"": ""paper"", ""values"": [0.799932, 26.6644], ""reason"": ""2 distinct chamber_total_pressure values at paper scope (0.799932, 26.6644); not applied to this exp"
pressure_in_source_not_in_output,10.1021_acs.chemmater.2c01154-7a-S2-P010,document.md states a pressure; record has none usable
conflicting_context,10.1021_acs.chemmater.2c01154-7a-S2-P010,"[{""quantity"": ""chamber_total_pressure"", ""scope"": ""paper"", ""values"": [0.799932, 26.6644], ""reason"": ""2 distinct chamber_total_pressure values at paper scope (0.799932, 26.6644); not applied to this exp"
pressure_in_source_not_in_output,10.1021_acs.chemmater.2c01154-7a-S2-P011,document.md states a pressure; record has none usable
conflicting_context,10.1021_acs.chemmater.2c01154-7a-S2-P011,"[{""quantity"": ""chamber_total_pressure"", ""scope"": ""paper"", ""values"": [0.799932, 26.6644], ""reason"": ""2 distinct chamber_total_pressure values at paper scope (0.799932, 26.6644); not applied to this exp"
pressure_in_source_not_in_output,10.1021_acs.chemmater.2c01154-7a-S2-P012,document.md states a pressure; record has none usable
conflicting_context,10.1021_acs.chemmater.2c01154-7a-S2-P012,"[{""quantity"": ""chamber_total_pressure"", ""scope"": ""paper"", ""values"": [0.799932, 26.6644], ""reason"": ""2 distinct chamber_total_pressure values at paper scope (0.799932, 26.6644); not applied to this exp"
pressure_in_source_not_in_output,10.1021_acs.chemmater.2c01154-7a-S2-P013,document.md states a pressure; record has none usable
conflicting_context,10.1021_acs.chemmater.2c01154-7a-S2-P013,"[{""quantity"": ""chamber_total_pressure"", ""scope"": ""paper"", ""values"": [0.799932, 26.6644], ""reason"": ""2 distinct chamber_total_pressure values at paper scope (0.799932, 26.6644); not applied to this exp"
pressure_in_source_not_in_output,10.1021_acs.chemmater.2c01154-7a-S2-P014,document.md states a pressure; record has none usable
conflicting_context,10.1021_acs.chemmater.2c01154-7a-S2-P014,"[{""quantity"": ""chamber_total_pressure"", ""scope"": ""paper"", ""values"": [0.799932, 26.6644], ""reason"": ""2 distinct chamber_total_pressure values at paper scope (0.799932, 26.6644); not applied to this exp"
pressure_in_source_not_in_output,10.1021_acs.chemmater.2c01154-7a-S3-P000,document.md states a pressure; record has none usable
conflicting_context,10.1021_acs.chemmater.2c01154-7a-S3-P000,"[{""quantity"": ""chamber_total_pressure"", ""scope"": ""paper"", ""values"": [0.799932, 26.6644], ""reason"": ""2 distinct chamber_total_pressure values at paper scope (0.799932, 26.6644); not applied to this exp"
pressure_in_source_not_in_output,10.1021_acs.chemmater.2c01154-7a-S3-P001,document.md states a pressure; record has none usable
conflicting_context,10.1021_acs.chemmater.2c01154-7a-S3-P001,"[{""quantity"": ""chamber_total_pressure"", ""scope"": ""paper"", ""values"": [0.799932, 26.6644], ""reason"": ""2 distinct chamber_total_pressure values at paper scope (0.799932, 26.6644); not applied to this exp"
pressure_in_source_not_in_output,10.1021_acs.chemmater.2c01154-7a-S3-P002,document.md states a pressure; record has none usable
conflicting_context,10.1021_acs.chemmater.2c01154-7a-S3-P002,"[{""quantity"": ""chamber_total_pressure"", ""scope"": ""paper"", ""values"": [0.799932, 26.6644], ""reason"": ""2 distinct chamber_total_pressure values at paper scope (0.799932, 26.6644); not applied to this exp"
pressure_in_source_not_in_output,10.1021_acs.chemmater.2c01154-7a-S3-P003,document.md states a pressure; record has none usable
conflicting_context,10.1021_acs.chemmater.2c01154-7a-S3-P003,"[{""quantity"": ""chamber_total_pressure"", ""scope"": ""paper"", ""values"": [0.799932, 26.6644], ""reason"": ""2 distinct chamber_total_pressure values at paper scope (0.799932, 26.6644); not applied to this exp"
pressure_in_source_not_in_output,10.1021_acs.chemmater.2c01154-7a-S3-P004,document.md states a pressure; record has none usable
conflicting_context,10.1021_acs.chemmater.2c01154-7a-S3-P004,"[{""quantity"": ""chamber_total_pressure"", ""scope"": ""paper"", ""values"": [0.799932, 26.6644], ""reason"": ""2 distinct chamber_total_pressure values at paper scope (0.799932, 26.6644); not applied to this exp"
pressure_in_source_not_in_output,10.1021_acs.chemmater.2c01154-7a-S3-P005,document.md states a pressure; record has none usable
conflicting_context,10.1021_acs.chemmater.2c01154-7a-S3-P005,"[{""quantity"": ""chamber_total_pressure"", ""scope"": ""paper"", ""values"": [0.799932, 26.6644], ""reason"": ""2 distinct chamber_total_pressure values at paper scope (0.799932, 26.6644); not applied to this exp"
pressure_in_source_not_in_output,10.1021_acs.chemmater.2c01154-7a-S3-P006,document.md states a pressure; record has none usable
conflicting_context,10.1021_acs.chemmater.2c01154-7a-S3-P006,"[{""quantity"": ""chamber_total_pressure"", ""scope"": ""paper"", ""values"": [0.799932, 26.6644], ""reason"": ""2 distinct chamber_total_pressure values at paper scope (0.799932, 26.6644); not applied to this exp"
pressure_in_source_not_in_output,10.1021_acs.chemmater.2c01154-7a-S3-P007,document.md states a pressure; record has none usable
conflicting_context,10.1021_acs.chemmater.2c01154-7a-S3-P007,"[{""quantity"": ""chamber_total_pressure"", ""scope"": ""paper"", ""values"": [0.799932, 26.6644], ""reason"": ""2 distinct chamber_total_pressure values at paper scope (0.799932, 26.6644); not applied to this exp"
pressure_in_source_not_in_output,10.1021_acs.chemmater.2c01154-7a-S3-P008,document.md states a pressure; record has none usable
conflicting_context,10.1021_acs.chemmater.2c01154-7a-S3-P008,"[{""quantity"": ""chamber_total_pressure"", ""scope"": ""paper"", ""values"": [0.799932, 26.6644], ""reason"": ""2 distinct chamber_total_pressure values at paper scope (0.799932, 26.6644); not applied to this exp"
pressure_in_source_not_in_output,10.1021_acs.chemmater.2c01154-7a-S3-P009,document.md states a pressure; record has none usable
conflicting_context,10.1021_acs.chemmater.2c01154-7a-S3-P009,"[{""quantity"": ""chamber_total_pressure"", ""scope"": ""paper"", ""values"": [0.799932, 26.6644], ""reason"": ""2 distinct chamber_total_pressure values at paper scope (0.799932, 26.6644); not applied to this exp"
pressure_in_source_not_in_output,10.1021_acs.chemmater.2c01154-7a-S3-P010,document.md states a pressure; record has none usable
conflicting_context,10.1021_acs.chemmater.2c01154-7a-S3-P010,"[{""quantity"": ""chamber_total_pressure"", ""scope"": ""paper"", ""values"": [0.799932, 26.6644], ""reason"": ""2 distinct chamber_total_pressure values at paper scope (0.799932, 26.6644); not applied to this exp"
pressure_in_source_not_in_output,10.1021_acs.chemmater.2c01154-7a-S3-P011,document.md states a pressure; record has none usable
conflicting_context,10.1021_acs.chemmater.2c01154-7a-S3-P011,"[{""quantity"": ""chamber_total_pressure"", ""scope"": ""paper"", ""values"": [0.799932, 26.6644], ""reason"": ""2 distinct chamber_total_pressure values at paper scope (0.799932, 26.6644); not applied to this exp"
pressure_in_source_not_in_output,10.1021_acs.chemmater.2c01154-7a-S3-P012,document.md states a pressure; record has none usable
conflicting_context,10.1021_acs.chemmater.2c01154-7a-S3-P012,"[{""quantity"": ""chamber_total_pressure"", ""scope"": ""paper"", ""values"": [0.799932, 26.6644], ""reason"": ""2 distinct chamber_total_pressure values at paper scope (0.799932, 26.6644); not applied to this exp"
pressure_in_source_not_in_output,10.1021_acs.chemmater.2c01154-7a-S3-P013,document.md states a pressure; record has none usable
conflicting_context,10.1021_acs.chemmater.2c01154-7a-S3-P013,"[{""quantity"": ""chamber_total_pressure"", ""scope"": ""paper"", ""values"": [0.799932, 26.6644], ""reason"": ""2 distinct chamber_total_pressure values at paper scope (0.799932, 26.6644); not applied to this exp"
pressure_in_source_not_in_output,10.1021_acs.chemmater.2c01154-7a-S3-P014,document.md states a pressure; record has none usable
conflicting_context,10.1021_acs.chemmater.2c01154-7a-S3-P014,"[{""quantity"": ""chamber_total_pressure"", ""scope"": ""paper"", ""values"": [0.799932, 26.6644], ""reason"": ""2 distinct chamber_total_pressure values at paper scope (0.799932, 26.6644); not applied to this exp"
pressure_in_source_not_in_output,10.1021_acs.chemmater.2c01154-7a-S4-P000,document.md states a pressure; record has none usable
conflicting_context,10.1021_acs.chemmater.2c01154-7a-S4-P000,"[{""quantity"": ""chamber_total_pressure"", ""scope"": ""paper"", ""values"": [0.799932, 26.6644], ""reason"": ""2 distinct chamber_total_pressure values at paper scope (0.799932, 26.6644); not applied to this exp"
pressure_in_source_not_in_output,10.1021_acs.chemmater.2c01154-7a-S4-P001,document.md states a pressure; record has none usable
conflicting_context,10.1021_acs.chemmater.2c01154-7a-S4-P001,"[{""quantity"": ""chamber_total_pressure"", ""scope"": ""paper"", ""values"": [0.799932, 26.6644], ""reason"": ""2 distinct chamber_total_pressure values at paper scope (0.799932, 26.6644); not applied to this exp"
pressure_in_source_not_in_output,10.1021_acs.chemmater.2c01154-7a-S4-P002,document.md states a pressure; record has none usable
conflicting_context,10.1021_acs.chemmater.2c01154-7a-S4-P002,"[{""quantity"": ""chamber_total_pressure"", ""scope"": ""paper"", ""values"": [0.799932, 26.6644], ""reason"": ""2 distinct chamber_total_pressure values at paper scope (0.799932, 26.6644); not applied to this exp"
pressure_in_source_not_in_output,10.1021_acs.chemmater.2c01154-7a-S4-P003,document.md states a pressure; record has none usable
conflicting_context,10.1021_acs.chemmater.2c01154-7a-S4-P003,"[{""quantity"": ""chamber_total_pressure"", ""scope"": ""paper"", ""values"": [0.799932, 26.6644], ""reason"": ""2 distinct chamber_total_pressure values at paper scope (0.799932, 26.6644); not applied to this exp"
pressure_in_source_not_in_output,10.1021_acs.chemmater.2c01154-7a-S4-P004,document.md states a pressure; record has none usable
conflicting_context,10.1021_acs.chemmater.2c01154-7a-S4-P004,"[{""quantity"": ""chamber_total_pressure"", ""scope"": ""paper"", ""values"": [0.799932, 26.6644], ""reason"": ""2 distinct chamber_total_pressure values at paper scope (0.799932, 26.6644); not applied to this exp"
pressure_in_source_not_in_output,10.1021_acs.chemmater.2c01154-7a-S4-P005,document.md states a pressure; record has none usable
conflicting_context,10.1021_acs.chemmater.2c01154-7a-S4-P005,"[{""quantity"": ""chamber_total_pressure"", ""scope"": ""paper"", ""values"": [0.799932, 26.6644], ""reason"": ""2 distinct chamber_total_pressure values at paper scope (0.799932, 26.6644); not applied to this exp"
pressure_in_source_not_in_output,10.1021_acs.chemmater.2c01154-7a-S4-P006,document.md states a pressure; record has none usable
conflicting_context,10.1021_acs.chemmater.2c01154-7a-S4-P006,"[{""quantity"": ""chamber_total_pressure"", ""scope"": ""paper"", ""values"": [0.799932, 26.6644], ""reason"": ""2 distinct chamber_total_pressure values at paper scope (0.799932, 26.6644); not applied to this exp"
pressure_in_source_not_in_output,10.1021_acs.chemmater.2c01154-7a-S4-P007,document.md states a pressure; record has none usable
conflicting_context,10.1021_acs.chemmater.2c01154-7a-S4-P007,"[{""quantity"": ""chamber_total_pressure"", ""scope"": ""paper"", ""values"": [0.799932, 26.6644], ""reason"": ""2 distinct chamber_total_pressure values at paper scope (0.799932, 26.6644); not applied to this exp"
pressure_in_source_not_in_output,10.1021_acs.chemmater.2c01154-7a-S4-P008,document.md states a pressure; record has none usable
conflicting_context,10.1021_acs.chemmater.2c01154-7a-S4-P008,"[{""quantity"": ""chamber_total_pressure"", ""scope"": ""paper"", ""values"": [0.799932, 26.6644], ""reason"": ""2 distinct chamber_total_pressure values at paper scope (0.799932, 26.6644); not applied to this exp"
pressure_in_source_not_in_output,10.1021_acs.chemmater.2c01154-7a-S4-P009,document.md states a pressure; record has none usable
conflicting_context,10.1021_acs.chemmater.2c01154-7a-S4-P009,"[{""quantity"": ""chamber_total_pressure"", ""scope"": ""paper"", ""values"": [0.799932, 26.6644], ""reason"": ""2 distinct chamber_total_pressure values at paper scope (0.799932, 26.6644); not applied to this exp"
pressure_in_source_not_in_output,10.1021_acs.chemmater.2c01154-7a-S4-P010,document.md states a pressure; record has none usable
conflicting_context,10.1021_acs.chemmater.2c01154-7a-S4-P010,"[{""quantity"": ""chamber_total_pressure"", ""scope"": ""paper"", ""values"": [0.799932, 26.6644], ""reason"": ""2 distinct chamber_total_pressure values at paper scope (0.799932, 26.6644); not applied to this exp"
pressure_in_source_not_in_output,10.1021_acs.chemmater.2c01154-7a-S4-P011,document.md states a pressure; record has none usable
conflicting_context,10.1021_acs.chemmater.2c01154-7a-S4-P011,"[{""quantity"": ""chamber_total_pressure"", ""scope"": ""paper"", ""values"": [0.799932, 26.6644], ""reason"": ""2 distinct chamber_total_pressure values at paper scope (0.799932, 26.6644); not applied to this exp"
pressure_in_source_not_in_output,10.1021_acs.chemmater.2c01154-7a-S4-P012,document.md states a pressure; record has none usable
conflicting_context,10.1021_acs.chemmater.2c01154-7a-S4-P012,"[{""quantity"": ""chamber_total_pressure"", ""scope"": ""paper"", ""values"": [0.799932, 26.6644], ""reason"": ""2 distinct chamber_total_pressure values at paper scope (0.799932, 26.6644); not applied to this exp"
pressure_in_source_not_in_output,10.1021_acs.chemmater.2c01154-7a-S4-P013,document.md states a pressure; record has none usable
conflicting_context,10.1021_acs.chemmater.2c01154-7a-S4-P013,"[{""quantity"": ""chamber_total_pressure"", ""scope"": ""paper"", ""values"": [0.799932, 26.6644], ""reason"": ""2 distinct chamber_total_pressure values at paper scope (0.799932, 26.6644); not applied to this exp"
pressure_in_source_not_in_output,10.1021_acs.chemmater.2c01154-7a-S4-P014,document.md states a pressure; record has none usable
conflicting_context,10.1021_acs.chemmater.2c01154-7a-S4-P014,"[{""quantity"": ""chamber_total_pressure"", ""scope"": ""paper"", ""values"": [0.799932, 26.6644], ""reason"": ""2 distinct chamber_total_pressure values at paper scope (0.799932, 26.6644); not applied to this exp"
pressure_in_source_not_in_output,10.1021_acs.chemmater.2c01154-7a-S5-P000,document.md states a pressure; record has none usable
conflicting_context,10.1021_acs.chemmater.2c01154-7a-S5-P000,"[{""quantity"": ""chamber_total_pressure"", ""scope"": ""paper"", ""values"": [0.799932, 26.6644], ""reason"": ""2 distinct chamber_total_pressure values at paper scope (0.799932, 26.6644); not applied to this exp"
pressure_in_source_not_in_output,10.1021_acs.chemmater.2c01154-7a-S5-P001,document.md states a pressure; record has none usable
conflicting_context,10.1021_acs.chemmater.2c01154-7a-S5-P001,"[{""quantity"": ""chamber_total_pressure"", ""scope"": ""paper"", ""values"": [0.799932, 26.6644], ""reason"": ""2 distinct chamber_total_pressure values at paper scope (0.799932, 26.6644); not applied to this exp"
pressure_in_source_not_in_output,10.1021_acs.chemmater.2c01154-7a-S5-P002,document.md states a pressure; record has none usable
conflicting_context,10.1021_acs.chemmater.2c01154-7a-S5-P002,"[{""quantity"": ""chamber_total_pressure"", ""scope"": ""paper"", ""values"": [0.799932, 26.6644], ""reason"": ""2 distinct chamber_total_pressure values at paper scope (0.799932, 26.6644); not applied to this exp"
pressure_in_source_not_in_output,10.1021_acs.chemmater.2c01154-7a-S5-P003,document.md states a pressure; record has none usable
conflicting_context,10.1021_acs.chemmater.2c01154-7a-S5-P003,"[{""quantity"": ""chamber_total_pressure"", ""scope"": ""paper"", ""values"": [0.799932, 26.6644], ""reason"": ""2 distinct chamber_total_pressure values at paper scope (0.799932, 26.6644); not applied to this exp"
pressure_in_source_not_in_output,10.1021_acs.chemmater.2c01154-7a-S5-P004,document.md states a pressure; record has none usable
conflicting_context,10.1021_acs.chemmater.2c01154-7a-S5-P004,"[{""quantity"": ""chamber_total_pressure"", ""scope"": ""paper"", ""values"": [0.799932, 26.6644], ""reason"": ""2 distinct chamber_total_pressure values at paper scope (0.799932, 26.6644); not applied to this exp"
pressure_in_source_not_in_output,10.1021_acs.chemmater.2c01154-7a-S5-P005,document.md states a pressure; record has none usable
conflicting_context,10.1021_acs.chemmater.2c01154-7a-S5-P005,"[{""quantity"": ""chamber_total_pressure"", ""scope"": ""paper"", ""values"": [0.799932, 26.6644], ""reason"": ""2 distinct chamber_total_pressure values at paper scope (0.799932, 26.6644); not applied to this exp"
pressure_in_source_not_in_output,10.1021_acs.chemmater.2c01154-7a-S5-P006,document.md states a pressure; record has none usable
conflicting_context,10.1021_acs.chemmater.2c01154-7a-S5-P006,"[{""quantity"": ""chamber_total_pressure"", ""scope"": ""paper"", ""values"": [0.799932, 26.6644], ""reason"": ""2 distinct chamber_total_pressure values at paper scope (0.799932, 26.6644); not applied to this exp"
pressure_in_source_not_in_output,10.1021_acs.chemmater.2c01154-7a-S5-P007,document.md states a pressure; record has none usable
conflicting_context,10.1021_acs.chemmater.2c01154-7a-S5-P007,"[{""quantity"": ""chamber_total_pressure"", ""scope"": ""paper"", ""values"": [0.799932, 26.6644], ""reason"": ""2 distinct chamber_total_pressure values at paper scope (0.799932, 26.6644); not applied to this exp"
pressure_in_source_not_in_output,10.1021_acs.chemmater.2c01154-7a-S5-P008,document.md states a pressure; record has none usable
conflicting_context,10.1021_acs.chemmater.2c01154-7a-S5-P008,"[{""quantity"": ""chamber_total_pressure"", ""scope"": ""paper"", ""values"": [0.799932, 26.6644], ""reason"": ""2 distinct chamber_total_pressure values at paper scope (0.799932, 26.6644); not applied to this exp"
pressure_in_source_not_in_output,10.1021_acs.chemmater.2c01154-7a-S5-P009,document.md states a pressure; record has none usable
conflicting_context,10.1021_acs.chemmater.2c01154-7a-S5-P009,"[{""quantity"": ""chamber_total_pressure"", ""scope"": ""paper"", ""values"": [0.799932, 26.6644], ""reason"": ""2 distinct chamber_total_pressure values at paper scope (0.799932, 26.6644); not applied to this exp"
pressure_in_source_not_in_output,10.1021_acs.chemmater.2c01154-7a-S5-P010,document.md states a pressure; record has none usable
conflicting_context,10.1021_acs.chemmater.2c01154-7a-S5-P010,"[{""quantity"": ""chamber_total_pressure"", ""scope"": ""paper"", ""values"": [0.799932, 26.6644], ""reason"": ""2 distinct chamber_total_pressure values at paper scope (0.799932, 26.6644); not applied to this exp"
pressure_in_source_not_in_output,10.1021_acs.chemmater.2c01154-7a-S5-P011,document.md states a pressure; record has none usable
conflicting_context,10.1021_acs.chemmater.2c01154-7a-S5-P011,"[{""quantity"": ""chamber_total_pressure"", ""scope"": ""paper"", ""values"": [0.799932, 26.6644], ""reason"": ""2 distinct chamber_total_pressure values at paper scope (0.799932, 26.6644); not applied to this exp"
pressure_in_source_not_in_output,10.1021_acs.chemmater.2c01154-7a-S5-P012,document.md states a pressure; record has none usable
conflicting_context,10.1021_acs.chemmater.2c01154-7a-S5-P012,"[{""quantity"": ""chamber_total_pressure"", ""scope"": ""paper"", ""values"": [0.799932, 26.6644], ""reason"": ""2 distinct chamber_total_pressure values at paper scope (0.799932, 26.6644); not applied to this exp"
pressure_in_source_not_in_output,10.1021_acs.chemmater.2c01154-7a-S5-P013,document.md states a pressure; record has none usable
conflicting_context,10.1021_acs.chemmater.2c01154-7a-S5-P013,"[{""quantity"": ""chamber_total_pressure"", ""scope"": ""paper"", ""values"": [0.799932, 26.6644], ""reason"": ""2 distinct chamber_total_pressure values at paper scope (0.799932, 26.6644); not applied to this exp"
pressure_in_source_not_in_output,10.1021_acs.chemmater.2c01154-7a-S5-P014,document.md states a pressure; record has none usable
conflicting_context,10.1021_acs.chemmater.2c01154-7a-S5-P014,"[{""quantity"": ""chamber_total_pressure"", ""scope"": ""paper"", ""values"": [0.799932, 26.6644], ""reason"": ""2 distinct chamber_total_pressure values at paper scope (0.799932, 26.6644); not applied to this exp"
pressure_in_source_not_in_output,10.1021_acs.chemmater.2c01154-7b-S6-P000,document.md states a pressure; record has none usable
conflicting_context,10.1021_acs.chemmater.2c01154-7b-S6-P000,"[{""quantity"": ""chamber_total_pressure"", ""scope"": ""paper"", ""values"": [0.799932, 26.6644], ""reason"": ""2 distinct chamber_total_pressure values at paper scope (0.799932, 26.6644); not applied to this exp"
empty_conditions_despite_numeric_caption,10.1021_acs.chemmater.2c01154-7b-S6-P000,panel conditions {} but caption carries numerics
pressure_in_source_not_in_output,10.1021_acs.chemmater.2c01154-7b-S6-P001,document.md states a pressure; record has none usable
conflicting_context,10.1021_acs.chemmater.2c01154-7b-S6-P001,"[{""quantity"": ""chamber_total_pressure"", ""scope"": ""paper"", ""values"": [0.799932, 26.6644], ""reason"": ""2 distinct chamber_total_pressure values at paper scope (0.799932, 26.6644); not applied to this exp"
empty_conditions_despite_numeric_caption,10.1021_acs.chemmater.2c01154-7b-S6-P001,panel conditions {} but caption carries numerics
pressure_in_source_not_in_output,10.1021_acs.chemmater.2c01154-7b-S6-P002,document.md states a pressure; record has none usable
conflicting_context,10.1021_acs.chemmater.2c01154-7b-S6-P002,"[{""quantity"": ""chamber_total_pressure"", ""scope"": ""paper"", ""values"": [0.799932, 26.6644], ""reason"": ""2 distinct chamber_total_pressure values at paper scope (0.799932, 26.6644); not applied to this exp"
empty_conditions_despite_numeric_caption,10.1021_acs.chemmater.2c01154-7b-S6-P002,panel conditions {} but caption carries numerics
pressure_in_source_not_in_output,10.1021_acs.chemmater.2c01154-7b-S7-P000,document.md states a pressure; record has none usable
conflicting_context,10.1021_acs.chemmater.2c01154-7b-S7-P000,"[{""quantity"": ""chamber_total_pressure"", ""scope"": ""paper"", ""values"": [0.799932, 26.6644], ""reason"": ""2 distinct chamber_total_pressure values at paper scope (0.799932, 26.6644); not applied to this exp"
empty_conditions_despite_numeric_caption,10.1021_acs.chemmater.2c01154-7b-S7-P000,panel conditions {} but caption carries numerics
pressure_in_source_not_in_output,10.1021_acs.chemmater.2c01154-7b-S7-P001,document.md states a pressure; record has none usable
conflicting_context,10.1021_acs.chemmater.2c01154-7b-S7-P001,"[{""quantity"": ""chamber_total_pressure"", ""scope"": ""paper"", ""values"": [0.799932, 26.6644], ""reason"": ""2 distinct chamber_total_pressure values at paper scope (0.799932, 26.6644); not applied to this exp"
empty_conditions_despite_numeric_caption,10.1021_acs.chemmater.2c01154-7b-S7-P001,panel conditions {} but caption carries numerics
pressure_in_source_not_in_output,10.1021_acs.chemmater.2c01154-7b-S7-P002,document.md states a pressure; record has none usable
conflicting_context,10.1021_acs.chemmater.2c01154-7b-S7-P002,"[{""quantity"": ""chamber_total_pressure"", ""scope"": ""paper"", ""values"": [0.799932, 26.6644], ""reason"": ""2 distinct chamber_total_pressure values at paper scope (0.799932, 26.6644); not applied to this exp"
empty_conditions_despite_numeric_caption,10.1021_acs.chemmater.2c01154-7b-S7-P002,panel conditions {} but caption carries numerics
pressure_in_source_not_in_output,10.1021_acs.chemmater.2c01154-7b-S7-P003,document.md states a pressure; record has none usable
conflicting_context,10.1021_acs.chemmater.2c01154-7b-S7-P003,"[{""quantity"": ""chamber_total_pressure"", ""scope"": ""paper"", ""values"": [0.799932, 26.6644], ""reason"": ""2 distinct chamber_total_pressure values at paper scope (0.799932, 26.6644); not applied to this exp"
empty_conditions_despite_numeric_caption,10.1021_acs.chemmater.2c01154-7b-S7-P003,panel conditions {} but caption carries numerics
pressure_in_source_not_in_output,10.1021_acs.chemmater.2c01154-7b-S7-P004,document.md states a pressure; record has none usable
conflicting_context,10.1021_acs.chemmater.2c01154-7b-S7-P004,"[{""quantity"": ""chamber_total_pressure"", ""scope"": ""paper"", ""values"": [0.799932, 26.6644], ""reason"": ""2 distinct chamber_total_pressure values at paper scope (0.799932, 26.6644); not applied to this exp"
empty_conditions_despite_numeric_caption,10.1021_acs.chemmater.2c01154-7b-S7-P004,panel conditions {} but caption carries numerics
pressure_in_source_not_in_output,10.1021_acs.chemmater.2c01154-7b-S7-P005,document.md states a pressure; record has none usable
conflicting_context,10.1021_acs.chemmater.2c01154-7b-S7-P005,"[{""quantity"": ""chamber_total_pressure"", ""scope"": ""paper"", ""values"": [0.799932, 26.6644], ""reason"": ""2 distinct chamber_total_pressure values at paper scope (0.799932, 26.6644); not applied to this exp"
empty_conditions_despite_numeric_caption,10.1021_acs.chemmater.2c01154-7b-S7-P005,panel conditions {} but caption carries numerics
pressure_in_source_not_in_output,10.1021_acs.chemmater.2c01154-7b-S7-P006,document.md states a pressure; record has none usable
conflicting_context,10.1021_acs.chemmater.2c01154-7b-S7-P006,"[{""quantity"": ""chamber_total_pressure"", ""scope"": ""paper"", ""values"": [0.799932, 26.6644], ""reason"": ""2 distinct chamber_total_pressure values at paper scope (0.799932, 26.6644); not applied to this exp"
empty_conditions_despite_numeric_caption,10.1021_acs.chemmater.2c01154-7b-S7-P006,panel conditions {} but caption carries numerics
pressure_in_source_not_in_output,10.1021_acs.chemmater.2c01154-7b-S7-P007,document.md states a pressure; record has none usable
conflicting_context,10.1021_acs.chemmater.2c01154-7b-S7-P007,"[{""quantity"": ""chamber_total_pressure"", ""scope"": ""paper"", ""values"": [0.799932, 26.6644], ""reason"": ""2 distinct chamber_total_pressure values at paper scope (0.799932, 26.6644); not applied to this exp"
empty_conditions_despite_numeric_caption,10.1021_acs.chemmater.2c01154-7b-S7-P007,panel conditions {} but caption carries numerics
pressure_in_source_not_in_output,10.1021_acs.chemmater.2c01154-F7b-39,document.md states a pressure; record has none usable
conflicting_context,10.1021_acs.chemmater.2c01154-F7b-39,"[{""quantity"": ""chamber_total_pressure"", ""scope"": ""paper"", ""values"": [0.799932, 26.6644], ""reason"": ""2 distinct chamber_total_pressure values at paper scope (0.799932, 26.6644); not applied to this exp"
empty_conditions_despite_numeric_caption,10.1021_acs.chemmater.2c01154-F7b-39,panel conditions {} but caption carries numerics
pressure_in_source_not_in_output,10.1021_acs.chemmater.2c01154-7b-S8-P000,document.md states a pressure; record has none usable
conflicting_context,10.1021_acs.chemmater.2c01154-7b-S8-P000,"[{""quantity"": ""chamber_total_pressure"", ""scope"": ""paper"", ""values"": [0.799932, 26.6644], ""reason"": ""2 distinct chamber_total_pressure values at paper scope (0.799932, 26.6644); not applied to this exp"
empty_conditions_despite_numeric_caption,10.1021_acs.chemmater.2c01154-7b-S8-P000,panel conditions {} but caption carries numerics
pressure_in_source_not_in_output,10.1021_acs.chemmater.2c01154-7b-S8-P001,document.md states a pressure; record has none usable
conflicting_context,10.1021_acs.chemmater.2c01154-7b-S8-P001,"[{""quantity"": ""chamber_total_pressure"", ""scope"": ""paper"", ""values"": [0.799932, 26.6644], ""reason"": ""2 distinct chamber_total_pressure values at paper scope (0.799932, 26.6644); not applied to this exp"
empty_conditions_despite_numeric_caption,10.1021_acs.chemmater.2c01154-7b-S8-P001,panel conditions {} but caption carries numerics
pressure_in_source_not_in_output,10.1021_acs.chemmater.2c01154-7b-S8-P002,document.md states a pressure; record has none usable
conflicting_context,10.1021_acs.chemmater.2c01154-7b-S8-P002,"[{""quantity"": ""chamber_total_pressure"", ""scope"": ""paper"", ""values"": [0.799932, 26.6644], ""reason"": ""2 distinct chamber_total_pressure values at paper scope (0.799932, 26.6644); not applied to this exp"
empty_conditions_despite_numeric_caption,10.1021_acs.chemmater.2c01154-7b-S8-P002,panel conditions {} but caption carries numerics
pressure_in_source_not_in_output,10.1021_acs.chemmater.2c01154-7b-S8-P003,document.md states a pressure; record has none usable
conflicting_context,10.1021_acs.chemmater.2c01154-7b-S8-P003,"[{""quantity"": ""chamber_total_pressure"", ""scope"": ""paper"", ""values"": [0.799932, 26.6644], ""reason"": ""2 distinct chamber_total_pressure values at paper scope (0.799932, 26.6644); not applied to this exp"
empty_conditions_despite_numeric_caption,10.1021_acs.chemmater.2c01154-7b-S8-P003,panel conditions {} but caption carries numerics
pressure_in_source_not_in_output,10.1021_acs.chemmater.2c01154-7b-S8-P004,document.md states a pressure; record has none usable
conflicting_context,10.1021_acs.chemmater.2c01154-7b-S8-P004,"[{""quantity"": ""chamber_total_pressure"", ""scope"": ""paper"", ""values"": [0.799932, 26.6644], ""reason"": ""2 distinct chamber_total_pressure values at paper scope (0.799932, 26.6644); not applied to this exp"
empty_conditions_despite_numeric_caption,10.1021_acs.chemmater.2c01154-7b-S8-P004,panel conditions {} but caption carries numerics
pressure_in_source_not_in_output,10.1021_acs.chemmater.2c01154-7b-S9-P000,document.md states a pressure; record has none usable
conflicting_context,10.1021_acs.chemmater.2c01154-7b-S9-P000,"[{""quantity"": ""chamber_total_pressure"", ""scope"": ""paper"", ""values"": [0.799932, 26.6644], ""reason"": ""2 distinct chamber_total_pressure values at paper scope (0.799932, 26.6644); not applied to this exp"
empty_conditions_despite_numeric_caption,10.1021_acs.chemmater.2c01154-7b-S9-P000,panel conditions {} but caption carries numerics
pressure_in_source_not_in_output,10.1021_acs.chemmater.2c01154-7b-S9-P001,document.md states a pressure; record has none usable
conflicting_context,10.1021_acs.chemmater.2c01154-7b-S9-P001,"[{""quantity"": ""chamber_total_pressure"", ""scope"": ""paper"", ""values"": [0.799932, 26.6644], ""reason"": ""2 distinct chamber_total_pressure values at paper scope (0.799932, 26.6644); not applied to this exp"
empty_conditions_despite_numeric_caption,10.1021_acs.chemmater.2c01154-7b-S9-P001,panel conditions {} but caption carries numerics
pressure_in_source_not_in_output,10.1021_acs.chemmater.2c01154-7b-S9-P002,document.md states a pressure; record has none usable
conflicting_context,10.1021_acs.chemmater.2c01154-7b-S9-P002,"[{""quantity"": ""chamber_total_pressure"", ""scope"": ""paper"", ""values"": [0.799932, 26.6644], ""reason"": ""2 distinct chamber_total_pressure values at paper scope (0.799932, 26.6644); not applied to this exp"
empty_conditions_despite_numeric_caption,10.1021_acs.chemmater.2c01154-7b-S9-P002,panel conditions {} but caption carries numerics
pressure_in_source_not_in_output,10.1021_acs.chemmater.2c01154-7b-S9-P003,document.md states a pressure; record has none usable
conflicting_context,10.1021_acs.chemmater.2c01154-7b-S9-P003,"[{""quantity"": ""chamber_total_pressure"", ""scope"": ""paper"", ""values"": [0.799932, 26.6644], ""reason"": ""2 distinct chamber_total_pressure values at paper scope (0.799932, 26.6644); not applied to this exp"
empty_conditions_despite_numeric_caption,10.1021_acs.chemmater.2c01154-7b-S9-P003,panel conditions {} but caption carries numerics
pressure_in_source_not_in_output,10.1021_acs.chemmater.2c01154-7b-S10-P000,document.md states a pressure; record has none usable
conflicting_context,10.1021_acs.chemmater.2c01154-7b-S10-P000,"[{""quantity"": ""chamber_total_pressure"", ""scope"": ""paper"", ""values"": [0.799932, 26.6644], ""reason"": ""2 distinct chamber_total_pressure values at paper scope (0.799932, 26.6644); not applied to this exp"
empty_conditions_despite_numeric_caption,10.1021_acs.chemmater.2c01154-7b-S10-P000,panel conditions {} but caption carries numerics
pressure_in_source_not_in_output,10.1021_acs.chemmater.2c01154-7b-S10-P001,document.md states a pressure; record has none usable
conflicting_context,10.1021_acs.chemmater.2c01154-7b-S10-P001,"[{""quantity"": ""chamber_total_pressure"", ""scope"": ""paper"", ""values"": [0.799932, 26.6644], ""reason"": ""2 distinct chamber_total_pressure values at paper scope (0.799932, 26.6644); not applied to this exp"
empty_conditions_despite_numeric_caption,10.1021_acs.chemmater.2c01154-7b-S10-P001,panel conditions {} but caption carries numerics
pressure_in_source_not_in_output,10.1021_acs.chemmater.2c01154-7b-S10-P002,document.md states a pressure; record has none usable
conflicting_context,10.1021_acs.chemmater.2c01154-7b-S10-P002,"[{""quantity"": ""chamber_total_pressure"", ""scope"": ""paper"", ""values"": [0.799932, 26.6644], ""reason"": ""2 distinct chamber_total_pressure values at paper scope (0.799932, 26.6644); not applied to this exp"
empty_conditions_despite_numeric_caption,10.1021_acs.chemmater.2c01154-7b-S10-P002,panel conditions {} but caption carries numerics
pressure_in_source_not_in_output,10.1021_acs.chemmater.2c01154-7b-S10-P003,document.md states a pressure; record has none usable
conflicting_context,10.1021_acs.chemmater.2c01154-7b-S10-P003,"[{""quantity"": ""chamber_total_pressure"", ""scope"": ""paper"", ""values"": [0.799932, 26.6644], ""reason"": ""2 distinct chamber_total_pressure values at paper scope (0.799932, 26.6644); not applied to this exp"
empty_conditions_despite_numeric_caption,10.1021_acs.chemmater.2c01154-7b-S10-P003,panel conditions {} but caption carries numerics
pressure_in_source_not_in_output,10.1021_acs.chemmater.2c01154-7b-S10-P004,document.md states a pressure; record has none usable
conflicting_context,10.1021_acs.chemmater.2c01154-7b-S10-P004,"[{""quantity"": ""chamber_total_pressure"", ""scope"": ""paper"", ""values"": [0.799932, 26.6644], ""reason"": ""2 distinct chamber_total_pressure values at paper scope (0.799932, 26.6644); not applied to this exp"
empty_conditions_despite_numeric_caption,10.1021_acs.chemmater.2c01154-7b-S10-P004,panel conditions {} but caption carries numerics
pressure_in_source_not_in_output,10.1021_acs.chemmater.2c01154-7b-S10-P005,document.md states a pressure; record has none usable
conflicting_context,10.1021_acs.chemmater.2c01154-7b-S10-P005,"[{""quantity"": ""chamber_total_pressure"", ""scope"": ""paper"", ""values"": [0.799932, 26.6644], ""reason"": ""2 distinct chamber_total_pressure values at paper scope (0.799932, 26.6644); not applied to this exp"
empty_conditions_despite_numeric_caption,10.1021_acs.chemmater.2c01154-7b-S10-P005,panel conditions {} but caption carries numerics
pressure_in_source_not_in_output,10.1021_acs.chemmater.2c01154-7b-S10-P006,document.md states a pressure; record has none usable
conflicting_context,10.1021_acs.chemmater.2c01154-7b-S10-P006,"[{""quantity"": ""chamber_total_pressure"", ""scope"": ""paper"", ""values"": [0.799932, 26.6644], ""reason"": ""2 distinct chamber_total_pressure values at paper scope (0.799932, 26.6644); not applied to this exp"
empty_conditions_despite_numeric_caption,10.1021_acs.chemmater.2c01154-7b-S10-P006,panel conditions {} but caption carries numerics
pressure_in_source_not_in_output,10.1021_acs.chemmater.2c01154-7b-S11-P000,document.md states a pressure; record has none usable
conflicting_context,10.1021_acs.chemmater.2c01154-7b-S11-P000,"[{""quantity"": ""chamber_total_pressure"", ""scope"": ""paper"", ""values"": [0.799932, 26.6644], ""reason"": ""2 distinct chamber_total_pressure values at paper scope (0.799932, 26.6644); not applied to this exp"
empty_conditions_despite_numeric_caption,10.1021_acs.chemmater.2c01154-7b-S11-P000,panel conditions {} but caption carries numerics
pressure_in_source_not_in_output,10.1021_acs.chemmater.2c01154-7b-S11-P001,document.md states a pressure; record has none usable
conflicting_context,10.1021_acs.chemmater.2c01154-7b-S11-P001,"[{""quantity"": ""chamber_total_pressure"", ""scope"": ""paper"", ""values"": [0.799932, 26.6644], ""reason"": ""2 distinct chamber_total_pressure values at paper scope (0.799932, 26.6644); not applied to this exp"
empty_conditions_despite_numeric_caption,10.1021_acs.chemmater.2c01154-7b-S11-P001,panel conditions {} but caption carries numerics
pressure_in_source_not_in_output,10.1021_acs.chemmater.2c01154-7b-S11-P002,document.md states a pressure; record has none usable
conflicting_context,10.1021_acs.chemmater.2c01154-7b-S11-P002,"[{""quantity"": ""chamber_total_pressure"", ""scope"": ""paper"", ""values"": [0.799932, 26.6644], ""reason"": ""2 distinct chamber_total_pressure values at paper scope (0.799932, 26.6644); not applied to this exp"
empty_conditions_despite_numeric_caption,10.1021_acs.chemmater.2c01154-7b-S11-P002,panel conditions {} but caption carries numerics
pressure_in_source_not_in_output,10.1021_acs.chemmater.2c01154-7b-S11-P003,document.md states a pressure; record has none usable
conflicting_context,10.1021_acs.chemmater.2c01154-7b-S11-P003,"[{""quantity"": ""chamber_total_pressure"", ""scope"": ""paper"", ""values"": [0.799932, 26.6644], ""reason"": ""2 distinct chamber_total_pressure values at paper scope (0.799932, 26.6644); not applied to this exp"
empty_conditions_despite_numeric_caption,10.1021_acs.chemmater.2c01154-7b-S11-P003,panel conditions {} but caption carries numerics
pressure_in_source_not_in_output,10.1021_acs.chemmater.2c01154-8a-S12-P000,document.md states a pressure; record has none usable
conflicting_context,10.1021_acs.chemmater.2c01154-8a-S12-P000,"[{""quantity"": ""chamber_total_pressure"", ""scope"": ""paper"", ""values"": [0.799932, 26.6644], ""reason"": ""2 distinct chamber_total_pressure values at paper scope (0.799932, 26.6644); not applied to this exp"
pressure_in_source_not_in_output,10.1021_acs.chemmater.2c01154-8a-S12-P001,document.md states a pressure; record has none usable
conflicting_context,10.1021_acs.chemmater.2c01154-8a-S12-P001,"[{""quantity"": ""chamber_total_pressure"", ""scope"": ""paper"", ""values"": [0.799932, 26.6644], ""reason"": ""2 distinct chamber_total_pressure values at paper scope (0.799932, 26.6644); not applied to this exp"
pressure_in_source_not_in_output,10.1021_acs.chemmater.2c01154-8a-S12-P002,document.md states a pressure; record has none usable
conflicting_context,10.1021_acs.chemmater.2c01154-8a-S12-P002,"[{""quantity"": ""chamber_total_pressure"", ""scope"": ""paper"", ""values"": [0.799932, 26.6644], ""reason"": ""2 distinct chamber_total_pressure values at paper scope (0.799932, 26.6644); not applied to this exp"
pressure_in_source_not_in_output,10.1021_acs.chemmater.2c01154-8a-S13-P000,document.md states a pressure; record has none usable
conflicting_context,10.1021_acs.chemmater.2c01154-8a-S13-P000,"[{""quantity"": ""chamber_total_pressure"", ""scope"": ""paper"", ""values"": [0.799932, 26.6644], ""reason"": ""2 distinct chamber_total_pressure values at paper scope (0.799932, 26.6644); not applied to this exp"
pressure_in_source_not_in_output,10.1021_acs.chemmater.2c01154-8a-S13-P001,document.md states a pressure; record has none usable
conflicting_context,10.1021_acs.chemmater.2c01154-8a-S13-P001,"[{""quantity"": ""chamber_total_pressure"", ""scope"": ""paper"", ""values"": [0.799932, 26.6644], ""reason"": ""2 distinct chamber_total_pressure values at paper scope (0.799932, 26.6644); not applied to this exp"
pressure_in_source_not_in_output,10.1021_acs.chemmater.2c01154-8a-S13-P002,document.md states a pressure; record has none usable
conflicting_context,10.1021_acs.chemmater.2c01154-8a-S13-P002,"[{""quantity"": ""chamber_total_pressure"", ""scope"": ""paper"", ""values"": [0.799932, 26.6644], ""reason"": ""2 distinct chamber_total_pressure values at paper scope (0.799932, 26.6644); not applied to this exp"
pressure_in_source_not_in_output,10.1021_acs.chemmater.2c01154-8a-S13-P003,document.md states a pressure; record has none usable
conflicting_context,10.1021_acs.chemmater.2c01154-8a-S13-P003,"[{""quantity"": ""chamber_total_pressure"", ""scope"": ""paper"", ""values"": [0.799932, 26.6644], ""reason"": ""2 distinct chamber_total_pressure values at paper scope (0.799932, 26.6644); not applied to this exp"
pressure_in_source_not_in_output,10.1021_acs.chemmater.2c01154-8a-S13-P004,document.md states a pressure; record has none usable
conflicting_context,10.1021_acs.chemmater.2c01154-8a-S13-P004,"[{""quantity"": ""chamber_total_pressure"", ""scope"": ""paper"", ""values"": [0.799932, 26.6644], ""reason"": ""2 distinct chamber_total_pressure values at paper scope (0.799932, 26.6644); not applied to this exp"
pressure_in_source_not_in_output,10.1021_acs.chemmater.2c01154-8a-S13-P005,document.md states a pressure; record has none usable
conflicting_context,10.1021_acs.chemmater.2c01154-8a-S13-P005,"[{""quantity"": ""chamber_total_pressure"", ""scope"": ""paper"", ""values"": [0.799932, 26.6644], ""reason"": ""2 distinct chamber_total_pressure values at paper scope (0.799932, 26.6644); not applied to this exp"
pressure_in_source_not_in_output,10.1021_acs.chemmater.2c01154-8a-S13-P006,document.md states a pressure; record has none usable
conflicting_context,10.1021_acs.chemmater.2c01154-8a-S13-P006,"[{""quantity"": ""chamber_total_pressure"", ""scope"": ""paper"", ""values"": [0.799932, 26.6644], ""reason"": ""2 distinct chamber_total_pressure values at paper scope (0.799932, 26.6644); not applied to this exp"
pressure_in_source_not_in_output,10.1021_acs.chemmater.2c01154-8a-S13-P007,document.md states a pressure; record has none usable
conflicting_context,10.1021_acs.chemmater.2c01154-8a-S13-P007,"[{""quantity"": ""chamber_total_pressure"", ""scope"": ""paper"", ""values"": [0.799932, 26.6644], ""reason"": ""2 distinct chamber_total_pressure values at paper scope (0.799932, 26.6644); not applied to this exp"
pressure_in_source_not_in_output,10.1021_acs.chemmater.2c01154-F8a-46,document.md states a pressure; record has none usable
conflicting_context,10.1021_acs.chemmater.2c01154-F8a-46,"[{""quantity"": ""chamber_total_pressure"", ""scope"": ""paper"", ""values"": [0.799932, 26.6644], ""reason"": ""2 distinct chamber_total_pressure values at paper scope (0.799932, 26.6644); not applied to this exp"
pressure_in_source_not_in_output,10.1021_acs.chemmater.2c01154-8a-S14-P000,document.md states a pressure; record has none usable
conflicting_context,10.1021_acs.chemmater.2c01154-8a-S14-P000,"[{""quantity"": ""chamber_total_pressure"", ""scope"": ""paper"", ""values"": [0.799932, 26.6644], ""reason"": ""2 distinct chamber_total_pressure values at paper scope (0.799932, 26.6644); not applied to this exp"
pressure_in_source_not_in_output,10.1021_acs.chemmater.2c01154-8a-S14-P001,document.md states a pressure; record has none usable
conflicting_context,10.1021_acs.chemmater.2c01154-8a-S14-P001,"[{""quantity"": ""chamber_total_pressure"", ""scope"": ""paper"", ""values"": [0.799932, 26.6644], ""reason"": ""2 distinct chamber_total_pressure values at paper scope (0.799932, 26.6644); not applied to this exp"
pressure_in_source_not_in_output,10.1021_acs.chemmater.2c01154-8a-S14-P002,document.md states a pressure; record has none usable
conflicting_context,10.1021_acs.chemmater.2c01154-8a-S14-P002,"[{""quantity"": ""chamber_total_pressure"", ""scope"": ""paper"", ""values"": [0.799932, 26.6644], ""reason"": ""2 distinct chamber_total_pressure values at paper scope (0.799932, 26.6644); not applied to this exp"
pressure_in_source_not_in_output,10.1021_acs.chemmater.2c01154-8a-S14-P003,document.md states a pressure; record has none usable
conflicting_context,10.1021_acs.chemmater.2c01154-8a-S14-P003,"[{""quantity"": ""chamber_total_pressure"", ""scope"": ""paper"", ""values"": [0.799932, 26.6644], ""reason"": ""2 distinct chamber_total_pressure values at paper scope (0.799932, 26.6644); not applied to this exp"
pressure_in_source_not_in_output,10.1021_acs.chemmater.2c01154-8a-S14-P004,document.md states a pressure; record has none usable
conflicting_context,10.1021_acs.chemmater.2c01154-8a-S14-P004,"[{""quantity"": ""chamber_total_pressure"", ""scope"": ""paper"", ""values"": [0.799932, 26.6644], ""reason"": ""2 distinct chamber_total_pressure values at paper scope (0.799932, 26.6644); not applied to this exp"
pressure_in_source_not_in_output,10.1021_acs.chemmater.2c01154-8a-S15-P000,document.md states a pressure; record has none usable
conflicting_context,10.1021_acs.chemmater.2c01154-8a-S15-P000,"[{""quantity"": ""chamber_total_pressure"", ""scope"": ""paper"", ""values"": [0.799932, 26.6644], ""reason"": ""2 distinct chamber_total_pressure values at paper scope (0.799932, 26.6644); not applied to this exp"
pressure_in_source_not_in_output,10.1021_acs.chemmater.2c01154-8a-S15-P001,document.md states a pressure; record has none usable
conflicting_context,10.1021_acs.chemmater.2c01154-8a-S15-P001,"[{""quantity"": ""chamber_total_pressure"", ""scope"": ""paper"", ""values"": [0.799932, 26.6644], ""reason"": ""2 distinct chamber_total_pressure values at paper scope (0.799932, 26.6644); not applied to this exp"
pressure_in_source_not_in_output,10.1021_acs.chemmater.2c01154-8a-S15-P002,document.md states a pressure; record has none usable
conflicting_context,10.1021_acs.chemmater.2c01154-8a-S15-P002,"[{""quantity"": ""chamber_total_pressure"", ""scope"": ""paper"", ""values"": [0.799932, 26.6644], ""reason"": ""2 distinct chamber_total_pressure values at paper scope (0.799932, 26.6644); not applied to this exp"
pressure_in_source_not_in_output,10.1021_acs.chemmater.2c01154-8a-S15-P003,document.md states a pressure; record has none usable
conflicting_context,10.1021_acs.chemmater.2c01154-8a-S15-P003,"[{""quantity"": ""chamber_total_pressure"", ""scope"": ""paper"", ""values"": [0.799932, 26.6644], ""reason"": ""2 distinct chamber_total_pressure values at paper scope (0.799932, 26.6644); not applied to this exp"
pressure_in_source_not_in_output,10.1021_acs.chemmater.2c01154-8a-S16-P000,document.md states a pressure; record has none usable
conflicting_context,10.1021_acs.chemmater.2c01154-8a-S16-P000,"[{""quantity"": ""chamber_total_pressure"", ""scope"": ""paper"", ""values"": [0.799932, 26.6644], ""reason"": ""2 distinct chamber_total_pressure values at paper scope (0.799932, 26.6644); not applied to this exp"
pressure_in_source_not_in_output,10.1021_acs.chemmater.2c01154-8a-S16-P001,document.md states a pressure; record has none usable
conflicting_context,10.1021_acs.chemmater.2c01154-8a-S16-P001,"[{""quantity"": ""chamber_total_pressure"", ""scope"": ""paper"", ""values"": [0.799932, 26.6644], ""reason"": ""2 distinct chamber_total_pressure values at paper scope (0.799932, 26.6644); not applied to this exp"
pressure_in_source_not_in_output,10.1021_acs.chemmater.2c01154-8a-S16-P002,document.md states a pressure; record has none usable
conflicting_context,10.1021_acs.chemmater.2c01154-8a-S16-P002,"[{""quantity"": ""chamber_total_pressure"", ""scope"": ""paper"", ""values"": [0.799932, 26.6644], ""reason"": ""2 distinct chamber_total_pressure values at paper scope (0.799932, 26.6644); not applied to this exp"
pressure_in_source_not_in_output,10.1021_acs.chemmater.2c01154-8a-S16-P003,document.md states a pressure; record has none usable
conflicting_context,10.1021_acs.chemmater.2c01154-8a-S16-P003,"[{""quantity"": ""chamber_total_pressure"", ""scope"": ""paper"", ""values"": [0.799932, 26.6644], ""reason"": ""2 distinct chamber_total_pressure values at paper scope (0.799932, 26.6644); not applied to this exp"
pressure_in_source_not_in_output,10.1021_acs.chemmater.2c01154-8a-S16-P004,document.md states a pressure; record has none usable
conflicting_context,10.1021_acs.chemmater.2c01154-8a-S16-P004,"[{""quantity"": ""chamber_total_pressure"", ""scope"": ""paper"", ""values"": [0.799932, 26.6644], ""reason"": ""2 distinct chamber_total_pressure values at paper scope (0.799932, 26.6644); not applied to this exp"
pressure_in_source_not_in_output,10.1021_acs.chemmater.2c01154-8a-S16-P005,document.md states a pressure; record has none usable
conflicting_context,10.1021_acs.chemmater.2c01154-8a-S16-P005,"[{""quantity"": ""chamber_total_pressure"", ""scope"": ""paper"", ""values"": [0.799932, 26.6644], ""reason"": ""2 distinct chamber_total_pressure values at paper scope (0.799932, 26.6644); not applied to this exp"
pressure_in_source_not_in_output,10.1021_acs.chemmater.2c01154-8a-S16-P006,document.md states a pressure; record has none usable
conflicting_context,10.1021_acs.chemmater.2c01154-8a-S16-P006,"[{""quantity"": ""chamber_total_pressure"", ""scope"": ""paper"", ""values"": [0.799932, 26.6644], ""reason"": ""2 distinct chamber_total_pressure values at paper scope (0.799932, 26.6644); not applied to this exp"
pressure_in_source_not_in_output,10.1021_acs.chemmater.2c01154-8a-S17-P000,document.md states a pressure; record has none usable
conflicting_context,10.1021_acs.chemmater.2c01154-8a-S17-P000,"[{""quantity"": ""chamber_total_pressure"", ""scope"": ""paper"", ""values"": [0.799932, 26.6644], ""reason"": ""2 distinct chamber_total_pressure values at paper scope (0.799932, 26.6644); not applied to this exp"
pressure_in_source_not_in_output,10.1021_acs.chemmater.2c01154-8a-S17-P001,document.md states a pressure; record has none usable
conflicting_context,10.1021_acs.chemmater.2c01154-8a-S17-P001,"[{""quantity"": ""chamber_total_pressure"", ""scope"": ""paper"", ""values"": [0.799932, 26.6644], ""reason"": ""2 distinct chamber_total_pressure values at paper scope (0.799932, 26.6644); not applied to this exp"
pressure_in_source_not_in_output,10.1021_acs.chemmater.2c01154-8a-S17-P002,document.md states a pressure; record has none usable
conflicting_context,10.1021_acs.chemmater.2c01154-8a-S17-P002,"[{""quantity"": ""chamber_total_pressure"", ""scope"": ""paper"", ""values"": [0.799932, 26.6644], ""reason"": ""2 distinct chamber_total_pressure values at paper scope (0.799932, 26.6644); not applied to this exp"
pressure_in_source_not_in_output,10.1021_acs.chemmater.2c01154-8a-S17-P003,document.md states a pressure; record has none usable
conflicting_context,10.1021_acs.chemmater.2c01154-8a-S17-P003,"[{""quantity"": ""chamber_total_pressure"", ""scope"": ""paper"", ""values"": [0.799932, 26.6644], ""reason"": ""2 distinct chamber_total_pressure values at paper scope (0.799932, 26.6644); not applied to this exp"
pressure_in_source_not_in_output,10.1021_acs.chemmater.2c01154-F9a-51,document.md states a pressure; record has none usable
conflicting_context,10.1021_acs.chemmater.2c01154-F9a-51,"[{""quantity"": ""chamber_total_pressure"", ""scope"": ""paper"", ""values"": [0.799932, 26.6644], ""reason"": ""2 distinct chamber_total_pressure values at paper scope (0.799932, 26.6644); not applied to this exp"
pressure_in_source_not_in_output,10.1021_acs.chemmater.2c01154-F9a-52,document.md states a pressure; record has none usable
conflicting_context,10.1021_acs.chemmater.2c01154-F9a-52,"[{""quantity"": ""chamber_total_pressure"", ""scope"": ""paper"", ""values"": [0.799932, 26.6644], ""reason"": ""2 distinct chamber_total_pressure values at paper scope (0.799932, 26.6644); not applied to this exp"
pressure_in_source_not_in_output,10.1021_acs.chemmater.2c01154-F9b-53,document.md states a pressure; record has none usable
conflicting_context,10.1021_acs.chemmater.2c01154-F9b-53,"[{""quantity"": ""chamber_total_pressure"", ""scope"": ""paper"", ""values"": [0.799932, 26.6644], ""reason"": ""2 distinct chamber_total_pressure values at paper scope (0.799932, 26.6644); not applied to this exp"
pressure_in_source_not_in_output,10.1021_acs.chemmater.2c01154-F9b-54,document.md states a pressure; record has none usable
conflicting_context,10.1021_acs.chemmater.2c01154-F9b-54,"[{""quantity"": ""chamber_total_pressure"", ""scope"": ""paper"", ""values"": [0.799932, 26.6644], ""reason"": ""2 distinct chamber_total_pressure values at paper scope (0.799932, 26.6644); not applied to this exp"
pressure_in_source_not_in_output,10.1021_acs.chemmater.2c01154-F9b-55,document.md states a pressure; record has none usable
conflicting_context,10.1021_acs.chemmater.2c01154-F9b-55,"[{""quantity"": ""chamber_total_pressure"", ""scope"": ""paper"", ""values"": [0.799932, 26.6644], ""reason"": ""2 distinct chamber_total_pressure values at paper scope (0.799932, 26.6644); not applied to this exp"
pressure_in_source_not_in_output,10.1021_acs.chemmater.2c02292-1a-S0-P000,document.md states a pressure; record has none usable
pressure_in_source_not_in_output,10.1021_acs.chemmater.2c02292-1a-S0-P001,document.md states a pressure; record has none usable
pressure_in_source_not_in_output,10.1021_acs.chemmater.2c02292-1a-S0-P002,document.md states a pressure; record has none usable
pressure_in_source_not_in_output,10.1021_acs.chemmater.2c02292-1a-S0-P003,document.md states a pressure; record has none usable
pressure_in_source_not_in_output,10.1021_acs.chemmater.2c02292-1a-S0-P004,document.md states a pressure; record has none usable
pressure_in_source_not_in_output,10.1021_acs.chemmater.2c02292-1b-S1-P000,document.md states a pressure; record has none usable
pressure_in_source_not_in_output,10.1021_acs.chemmater.2c02292-1b-S1-P001,document.md states a pressure; record has none usable
pressure_in_source_not_in_output,10.1021_acs.chemmater.2c02292-1b-S1-P002,document.md states a pressure; record has none usable
pressure_in_source_not_in_output,10.1021_acs.chemmater.2c02292-1b-S1-P003,document.md states a pressure; record has none usable
pressure_in_source_not_in_output,10.1021_acs.chemmater.2c02292-1b-S1-P004,document.md states a pressure; record has none usable
pressure_in_source_not_in_output,10.1021_acs.chemmater.2c02292-1c-S2-P000,document.md states a pressure; record has none usable
empty_conditions_despite_numeric_caption,10.1021_acs.chemmater.2c02292-1c-S2-P000,panel conditions {} but caption carries numerics
pressure_in_source_not_in_output,10.1021_acs.chemmater.2c02292-1c-S2-P001,document.md states a pressure; record has none usable
empty_conditions_despite_numeric_caption,10.1021_acs.chemmater.2c02292-1c-S2-P001,panel conditions {} but caption carries numerics
pressure_in_source_not_in_output,10.1021_acs.chemmater.2c02292-1c-S2-P002,document.md states a pressure; record has none usable
empty_conditions_despite_numeric_caption,10.1021_acs.chemmater.2c02292-1c-S2-P002,panel conditions {} but caption carries numerics
pressure_in_source_not_in_output,10.1021_acs.chemmater.2c02292-1c-S2-P003,document.md states a pressure; record has none usable
empty_conditions_despite_numeric_caption,10.1021_acs.chemmater.2c02292-1c-S2-P003,panel conditions {} but caption carries numerics
pressure_in_source_not_in_output,10.1021_acs.chemmater.2c02292-1d-S3-P000,document.md states a pressure; record has none usable
pressure_in_source_not_in_output,10.1021_acs.chemmater.2c02292-1d-S3-P001,document.md states a pressure; record has none usable
pressure_in_source_not_in_output,10.1021_acs.chemmater.2c02292-1d-S3-P002,document.md states a pressure; record has none usable
pressure_in_source_not_in_output,10.1021_acs.chemmater.2c02292-1d-S3-P003,document.md states a pressure; record has none usable
pressure_in_source_not_in_output,10.1021_acs.chemmater.2c02292-1d-S3-P004,document.md states a pressure; record has none usable
pressure_in_source_not_in_output,10.1021_acs.chemmater.2c02292-1d-S3-P005,document.md states a pressure; record has none usable
pressure_in_source_not_in_output,10.1021_acs.chemmater.2c02292-1d-S4-P000,document.md states a pressure; record has none usable
pressure_in_source_not_in_output,10.1021_acs.chemmater.2c02292-1d-S4-P001,document.md states a pressure; record has none usable
pressure_in_source_not_in_output,10.1021_acs.chemmater.2c02292-1d-S4-P002,document.md states a pressure; record has none usable
pressure_in_source_not_in_output,10.1021_acs.chemmater.2c02292-1d-S4-P003,document.md states a pressure; record has none usable
pressure_in_source_not_in_output,10.1021_acs.chemmater.2c02292-F1f-5,document.md states a pressure; record has none usable
empty_conditions_despite_numeric_caption,10.1021_acs.chemmater.2c02292-F1f-5,panel conditions {} but caption carries numerics
pressure_in_source_not_in_output,10.1021_acs.chemmater.2c02292-F2a-6,document.md states a pressure; record has none usable
empty_conditions_despite_numeric_caption,10.1021_acs.chemmater.2c02292-F2a-6,panel conditions {} but caption carries numerics
pressure_in_source_not_in_output,10.1021_acs.chemmater.2c02292-F2a-7,document.md states a pressure; record has none usable
empty_conditions_despite_numeric_caption,10.1021_acs.chemmater.2c02292-F2a-7,panel conditions {} but caption carries numerics
pressure_in_source_not_in_output,10.1021_acs.chemmater.2c02292-F2b-8,document.md states a pressure; record has none usable
empty_conditions_despite_numeric_caption,10.1021_acs.chemmater.2c02292-F2b-8,panel conditions {} but caption carries numerics
pressure_in_source_not_in_output,10.1021_acs.chemmater.2c02292-F2b-9,document.md states a pressure; record has none usable
empty_conditions_despite_numeric_caption,10.1021_acs.chemmater.2c02292-F2b-9,panel conditions {} but caption carries numerics
pressure_in_source_not_in_output,10.1021_acs.chemmater.2c02292-F2b-10,document.md states a pressure; record has none usable
empty_conditions_despite_numeric_caption,10.1021_acs.chemmater.2c02292-F2b-10,panel conditions {} but caption carries numerics
pressure_in_source_not_in_output,10.1021_acs.chemmater.2c02292-F2b-11,document.md states a pressure; record has none usable
empty_conditions_despite_numeric_caption,10.1021_acs.chemmater.2c02292-F2b-11,panel conditions {} but caption carries numerics
pressure_in_source_not_in_output,10.1021_acs.chemmater.2c02292-F2b-12,document.md states a pressure; record has none usable
empty_conditions_despite_numeric_caption,10.1021_acs.chemmater.2c02292-F2b-12,panel conditions {} but caption carries numerics
legend_condition_without_structured_binding,10.1021_acs.chemmater.2c02292-F2b-12,label 'peak component: C 1s' carries [1.0] but no matching controlled value
pressure_in_source_not_in_output,10.1021_acs.chemmater.2c02292-F2c-13,document.md states a pressure; record has none usable
empty_conditions_despite_numeric_caption,10.1021_acs.chemmater.2c02292-F2c-13,panel conditions {} but caption carries numerics
legend_condition_without_structured_binding,10.1021_acs.chemmater.2c02292-F2c-13,label 'peak component: O 1s' carries [1.0] but no matching controlled value
pressure_in_source_not_in_output,10.1021_acs.chemmater.2c02292-F2c-14,document.md states a pressure; record has none usable
empty_conditions_despite_numeric_caption,10.1021_acs.chemmater.2c02292-F2c-14,panel conditions {} but caption carries numerics
pressure_in_source_not_in_output,10.1021_acs.chemmater.2c02292-F3a-15,document.md states a pressure; record has none usable
pressure_in_source_not_in_output,10.1021_acs.chemmater.2c02292-F3a-16,document.md states a pressure; record has none usable
pressure_in_source_not_in_output,10.1021_acs.chemmater.2c02292-F3a-17,document.md states a pressure; record has none usable
pressure_in_source_not_in_output,10.1021_acs.chemmater.2c02292-4c-S5-P000,document.md states a pressure; record has none usable
pressure_in_source_not_in_output,10.1021_acs.chemmater.2c02292-4c-S5-P001,document.md states a pressure; record has none usable
pressure_in_source_not_in_output,10.1021_acs.chemmater.2c02292-4c-S5-P002,document.md states a pressure; record has none usable
pressure_in_source_not_in_output,10.1021_acs.chemmater.2c02292-4c-S5-P003,document.md states a pressure; record has none usable
pressure_in_source_not_in_output,10.1021_acs.chemmater.2c02292-4c-S5-P004,document.md states a pressure; record has none usable
pressure_in_source_not_in_output,10.1021_acs.chemmater.2c02292-4c-S5-P005,document.md states a pressure; record has none usable
pressure_in_source_not_in_output,10.1021_acs.chemmater.2c02292-4c-S5-P006,document.md states a pressure; record has none usable
pressure_in_source_not_in_output,10.1021_acs.chemmater.2c02292-4c-S5-P007,document.md states a pressure; record has none usable
pressure_in_source_not_in_output,10.1021_acs.chemmater.2c02292-4c-S5-P008,document.md states a pressure; record has none usable
pressure_in_source_not_in_output,10.1021_acs.chemmater.2c02292-4c-S5-P009,document.md states a pressure; record has none usable
pressure_in_source_not_in_output,10.1021_acs.chemmater.2c02292-4c-S5-P010,document.md states a pressure; record has none usable
pressure_in_source_not_in_output,10.1021_acs.chemmater.2c02292-4c-S5-P011,document.md states a pressure; record has none usable
pressure_in_source_not_in_output,10.1021_acs.chemmater.2c02292-4c-S5-P012,document.md states a pressure; record has none usable
pressure_in_source_not_in_output,10.1021_acs.chemmater.2c02292-4c-S5-P013,document.md states a pressure; record has none usable
pressure_in_source_not_in_output,10.1021_acs.chemmater.2c02292-4c-S5-P014,document.md states a pressure; record has none usable
pressure_in_source_not_in_output,10.1021_acs.chemmater.2c02292-4c-S5-P015,document.md states a pressure; record has none usable
pressure_in_source_not_in_output,10.1021_acs.chemmater.2c02292-4c-S5-P016,document.md states a pressure; record has none usable
pressure_in_source_not_in_output,10.1021_acs.chemmater.2c02292-4c-S5-P017,document.md states a pressure; record has none usable
pressure_in_source_not_in_output,10.1021_acs.chemmater.2c02292-4c-S5-P018,document.md states a pressure; record has none usable
pressure_in_source_not_in_output,10.1021_acs.chemmater.2c02292-4c-S5-P019,document.md states a pressure; record has none usable
pressure_in_source_not_in_output,10.1021_acs.chemmater.2c02292-4c-S5-P020,document.md states a pressure; record has none usable
pressure_in_source_not_in_output,10.1021_acs.chemmater.2c02292-4c-S5-P021,document.md states a pressure; record has none usable
pressure_in_source_not_in_output,10.1021_acs.chemmater.2c02292-4c-S5-P022,document.md states a pressure; record has none usable
pressure_in_source_not_in_output,10.1021_acs.chemmater.2c02292-4c-S5-P023,document.md states a pressure; record has none usable
pressure_in_source_not_in_output,10.1021_acs.chemmater.2c02292-4c-S5-P024,document.md states a pressure; record has none usable
pressure_in_source_not_in_output,10.1021_acs.chemmater.2c02292-4c-S5-P025,document.md states a pressure; record has none usable
pressure_in_source_not_in_output,10.1021_acs.chemmater.2c02292-4c-S5-P026,document.md states a pressure; record has none usable
pressure_in_source_not_in_output,10.1021_acs.chemmater.2c02292-4c-S5-P027,document.md states a pressure; record has none usable
pressure_in_source_not_in_output,10.1021_acs.chemmater.2c02292-4c-S5-P028,document.md states a pressure; record has none usable
pressure_in_source_not_in_output,10.1021_acs.chemmater.2c02292-4c-S5-P029,document.md states a pressure; record has none usable
pressure_in_source_not_in_output,10.1021_acs.chemmater.2c02292-4c-S5-P030,document.md states a pressure; record has none usable
pressure_in_source_not_in_output,10.1021_acs.chemmater.2c02292-4c-S5-P031,document.md states a pressure; record has none usable
pressure_in_source_not_in_output,10.1021_acs.chemmater.2c02292-4c-S5-P032,document.md states a pressure; record has none usable
pressure_in_source_not_in_output,10.1021_acs.chemmater.2c02292-4c-S5-P033,document.md states a pressure; record has none usable
pressure_in_source_not_in_output,10.1021_acs.chemmater.2c02292-4c-S5-P034,document.md states a pressure; record has none usable
pressure_in_source_not_in_output,10.1021_acs.chemmater.2c02292-4c-S5-P035,document.md states a pressure; record has none usable
pressure_in_source_not_in_output,10.1021_acs.chemmater.2c02292-4c-S5-P036,document.md states a pressure; record has none usable
pressure_in_source_not_in_output,10.1021_acs.chemmater.2c02292-4c-S5-P037,document.md states a pressure; record has none usable
pressure_in_source_not_in_output,10.1021_acs.chemmater.2c02292-4c-S6-P000,document.md states a pressure; record has none usable
pressure_in_source_not_in_output,10.1021_acs.chemmater.2c02292-4c-S6-P001,document.md states a pressure; record has none usable
pressure_in_source_not_in_output,10.1021_acs.chemmater.2c02292-4c-S6-P002,document.md states a pressure; record has none usable
pressure_in_source_not_in_output,10.1021_acs.chemmater.2c02292-4c-S6-P003,document.md states a pressure; record has none usable
pressure_in_source_not_in_output,10.1021_acs.chemmater.2c02292-4c-S6-P004,document.md states a pressure; record has none usable
pressure_in_source_not_in_output,10.1021_acs.chemmater.2c02292-4c-S6-P005,document.md states a pressure; record has none usable
pressure_in_source_not_in_output,10.1021_acs.chemmater.2c02292-4c-S6-P006,document.md states a pressure; record has none usable
pressure_in_source_not_in_output,10.1021_acs.chemmater.2c02292-4c-S6-P007,document.md states a pressure; record has none usable
pressure_in_source_not_in_output,10.1021_acs.chemmater.2c02292-4c-S6-P008,document.md states a pressure; record has none usable
pressure_in_source_not_in_output,10.1021_acs.chemmater.2c02292-4c-S6-P009,document.md states a pressure; record has none usable
pressure_in_source_not_in_output,10.1021_acs.chemmater.2c02292-4c-S6-P010,document.md states a pressure; record has none usable
pressure_in_source_not_in_output,10.1021_acs.chemmater.2c02292-4c-S6-P011,document.md states a pressure; record has none usable
pressure_in_source_not_in_output,10.1021_acs.chemmater.2c02292-4c-S6-P012,document.md states a pressure; record has none usable
pressure_in_source_not_in_output,10.1021_acs.chemmater.2c02292-4c-S6-P013,document.md states a pressure; record has none usable
pressure_in_source_not_in_output,10.1021_acs.chemmater.2c02292-4c-S6-P014,document.md states a pressure; record has none usable
pressure_in_source_not_in_output,10.1021_acs.chemmater.2c02292-4c-S6-P015,document.md states a pressure; record has none usable
pressure_in_source_not_in_output,10.1021_acs.chemmater.2c02292-4c-S6-P016,document.md states a pressure; record has none usable
pressure_in_source_not_in_output,10.1021_acs.chemmater.2c02292-4c-S6-P017,document.md states a pressure; record has none usable
pressure_in_source_not_in_output,10.1021_acs.chemmater.2c02292-4c-S6-P018,document.md states a pressure; record has none usable
pressure_in_source_not_in_output,10.1021_acs.chemmater.2c02292-4c-S6-P019,document.md states a pressure; record has none usable
pressure_in_source_not_in_output,10.1021_acs.chemmater.2c02292-4c-S6-P020,document.md states a pressure; record has none usable
pressure_in_source_not_in_output,10.1021_acs.chemmater.2c02292-4c-S6-P021,document.md states a pressure; record has none usable
pressure_in_source_not_in_output,10.1021_acs.chemmater.2c02292-4c-S6-P022,document.md states a pressure; record has none usable
pressure_in_source_not_in_output,10.1021_acs.chemmater.2c02292-4c-S6-P023,document.md states a pressure; record has none usable
pressure_in_source_not_in_output,10.1021_acs.chemmater.2c02292-4c-S6-P024,document.md states a pressure; record has none usable
pressure_in_source_not_in_output,10.1021_acs.chemmater.2c02292-F4d-20,document.md states a pressure; record has none usable
pressure_in_source_not_in_output,10.1021_acs.chemmater.2c02292-F4d-21,document.md states a pressure; record has none usable
pressure_in_source_not_in_output,10.1021_acs.chemmater.2c02292-F4e-22,document.md states a pressure; record has none usable
pressure_in_source_not_in_output,10.1021_acs.chemmater.2c02292-F4e-23,document.md states a pressure; record has none usable
pressure_in_source_not_in_output,10.1021_acs.chemmater.2c02292-5a-S7-P000,document.md states a pressure; record has none usable
pressure_in_source_not_in_output,10.1021_acs.chemmater.2c02292-5a-S7-P001,document.md states a pressure; record has none usable
pressure_in_source_not_in_output,10.1021_acs.chemmater.2c02292-5a-S7-P002,document.md states a pressure; record has none usable
pressure_in_source_not_in_output,10.1021_acs.chemmater.2c02292-5a-S7-P003,document.md states a pressure; record has none usable
pressure_in_source_not_in_output,10.1021_acs.chemmater.2c02292-5a-S7-P004,document.md states a pressure; record has none usable
pressure_in_source_not_in_output,10.1021_acs.chemmater.2c02292-5a-S7-P005,document.md states a pressure; record has none usable
pressure_in_source_not_in_output,10.1021_acs.chemmater.2c02292-5a-S7-P006,document.md states a pressure; record has none usable
pressure_in_source_not_in_output,10.1021_acs.chemmater.2c02292-5a-S8-P000,document.md states a pressure; record has none usable
pressure_in_source_not_in_output,10.1021_acs.chemmater.2c02292-5a-S8-P001,document.md states a pressure; record has none usable
pressure_in_source_not_in_output,10.1021_acs.chemmater.2c02292-5a-S8-P002,document.md states a pressure; record has none usable
pressure_in_source_not_in_output,10.1021_acs.chemmater.2c02292-5a-S8-P003,document.md states a pressure; record has none usable
pressure_in_source_not_in_output,10.1021_acs.chemmater.2c02292-5a-S8-P004,document.md states a pressure; record has none usable
pressure_in_source_not_in_output,10.1021_acs.chemmater.2c02292-5a-S9-P000,document.md states a pressure; record has none usable
pressure_in_source_not_in_output,10.1021_acs.chemmater.2c02292-5a-S9-P001,document.md states a pressure; record has none usable
pressure_in_source_not_in_output,10.1021_acs.chemmater.2c02292-5a-S9-P002,document.md states a pressure; record has none usable
pressure_in_source_not_in_output,10.1021_acs.chemmater.2c02292-5a-S9-P003,document.md states a pressure; record has none usable
pressure_in_source_not_in_output,10.1021_acs.chemmater.2c02292-5a-S10-P000,document.md states a pressure; record has none usable
pressure_in_source_not_in_output,10.1021_acs.chemmater.2c02292-5a-S10-P001,document.md states a pressure; record has none usable
pressure_in_source_not_in_output,10.1021_acs.chemmater.2c02292-5a-S10-P002,document.md states a pressure; record has none usable
pressure_in_source_not_in_output,10.1021_acs.chemmater.2c02292-5a-S10-P003,document.md states a pressure; record has none usable
pressure_in_source_not_in_output,10.1021_acs.chemmater.2c02292-5b-S11-P000,document.md states a pressure; record has none usable
pressure_in_source_not_in_output,10.1021_acs.chemmater.2c02292-5b-S11-P001,document.md states a pressure; record has none usable
pressure_in_source_not_in_output,10.1021_acs.chemmater.2c02292-5b-S11-P002,document.md states a pressure; record has none usable
pressure_in_source_not_in_output,10.1021_acs.chemmater.2c02292-5b-S11-P003,document.md states a pressure; record has none usable
pressure_in_source_not_in_output,10.1021_acs.chemmater.2c02292-5b-S11-P004,document.md states a pressure; record has none usable
pressure_in_source_not_in_output,10.1021_acs.chemmater.2c02292-5b-S12-P000,document.md states a pressure; record has none usable
pressure_in_source_not_in_output,10.1021_acs.chemmater.2c02292-5b-S12-P001,document.md states a pressure; record has none usable
pressure_in_source_not_in_output,10.1021_acs.chemmater.2c02292-5b-S12-P002,document.md states a pressure; record has none usable
pressure_in_source_not_in_output,10.1021_acs.chemmater.2c02292-5b-S13-P000,document.md states a pressure; record has none usable
pressure_in_source_not_in_output,10.1021_acs.chemmater.2c02292-5b-S13-P001,document.md states a pressure; record has none usable
pressure_in_source_not_in_output,10.1021_acs.chemmater.2c02292-5b-S13-P002,document.md states a pressure; record has none usable
pressure_in_source_not_in_output,10.1021_acs.chemmater.2c02292-5c-S14-P000,document.md states a pressure; record has none usable
pressure_in_source_not_in_output,10.1021_acs.chemmater.2c02292-5c-S14-P001,document.md states a pressure; record has none usable
pressure_in_source_not_in_output,10.1021_acs.chemmater.2c02292-5c-S14-P002,document.md states a pressure; record has none usable
pressure_in_source_not_in_output,10.1021_acs.chemmater.2c02292-5c-S14-P003,document.md states a pressure; record has none usable
pressure_in_source_not_in_output,10.1021_acs.chemmater.2c02292-5c-S15-P000,document.md states a pressure; record has none usable
pressure_in_source_not_in_output,10.1021_acs.chemmater.2c02292-5c-S15-P001,document.md states a pressure; record has none usable
pressure_in_source_not_in_output,10.1021_acs.chemmater.2c02292-5c-S15-P002,document.md states a pressure; record has none usable
pressure_in_source_not_in_output,10.1021_acs.chemmater.2c02292-5c-S16-P000,document.md states a pressure; record has none usable
pressure_in_source_not_in_output,10.1021_acs.chemmater.2c02292-5c-S16-P001,document.md states a pressure; record has none usable
pressure_in_source_not_in_output,10.1021_acs.chemmater.2c02292-5c-S16-P002,document.md states a pressure; record has none usable
pressure_in_source_not_in_output,10.1021_acs.chemmater.2c02292-F6a-34,document.md states a pressure; record has none usable
pressure_in_source_not_in_output,10.1021_acs.chemmater.2c02292-F6a-35,document.md states a pressure; record has none usable
pressure_in_source_not_in_output,10.1021_acs.chemmater.2c02292-F6a-36,document.md states a pressure; record has none usable
pressure_in_source_not_in_output,10.1021_acs.chemmater.2c02292-F6b-37,document.md states a pressure; record has none usable
pressure_in_source_not_in_output,10.1021_acs.chemmater.2c02292-F6b-38,document.md states a pressure; record has none usable
pressure_in_source_not_in_output,10.1021_acs.chemmater.2c02292-F6b-39,document.md states a pressure; record has none usable
pressure_in_source_not_in_output,10.1021_acs.chemmater.2c02292-F6c-40,document.md states a pressure; record has none usable
pressure_in_source_not_in_output,10.1021_acs.chemmater.2c02292-F6c-41,document.md states a pressure; record has none usable
pressure_in_source_not_in_output,10.1021_acs.chemmater.2c02292-F6d-42,document.md states a pressure; record has none usable
pressure_in_source_not_in_output,10.1021_acs.chemmater.2c02292-F6d-43,document.md states a pressure; record has none usable
conflicting_context,10.1021_acs.jpcc.9b08176-1b-S0-P000,"[{""quantity"": ""recombination_probability"", ""scope"": ""paper"", ""values"": [5e-05, 6e-05, 7e-05], ""reason"": ""3 distinct recombination_probability values at paper scope (5e-05, 6e-05, 7e-05); not applied t"
empty_conditions_despite_numeric_caption,10.1021_acs.jpcc.9b08176-1b-S0-P000,panel conditions {} but caption carries numerics
conflicting_context,10.1021_acs.jpcc.9b08176-1b-S0-P001,"[{""quantity"": ""recombination_probability"", ""scope"": ""paper"", ""values"": [5e-05, 6e-05, 7e-05], ""reason"": ""3 distinct recombination_probability values at paper scope (5e-05, 6e-05, 7e-05); not applied t"
empty_conditions_despite_numeric_caption,10.1021_acs.jpcc.9b08176-1b-S0-P001,panel conditions {} but caption carries numerics
conflicting_context,10.1021_acs.jpcc.9b08176-1b-S0-P002,"[{""quantity"": ""recombination_probability"", ""scope"": ""paper"", ""values"": [5e-05, 6e-05, 7e-05], ""reason"": ""3 distinct recombination_probability values at paper scope (5e-05, 6e-05, 7e-05); not applied t"
empty_conditions_despite_numeric_caption,10.1021_acs.jpcc.9b08176-1b-S0-P002,panel conditions {} but caption carries numerics
conflicting_context,10.1021_acs.jpcc.9b08176-1b-S0-P003,"[{""quantity"": ""recombination_probability"", ""scope"": ""paper"", ""values"": [5e-05, 6e-05, 7e-05], ""reason"": ""3 distinct recombination_probability values at paper scope (5e-05, 6e-05, 7e-05); not applied t"
empty_conditions_despite_numeric_caption,10.1021_acs.jpcc.9b08176-1b-S0-P003,panel conditions {} but caption carries numerics
conflicting_context,10.1021_acs.jpcc.9b08176-1b-S0-P004,"[{""quantity"": ""recombination_probability"", ""scope"": ""paper"", ""values"": [5e-05, 6e-05, 7e-05], ""reason"": ""3 distinct recombination_probability values at paper scope (5e-05, 6e-05, 7e-05); not applied t"
empty_conditions_despite_numeric_caption,10.1021_acs.jpcc.9b08176-1b-S0-P004,panel conditions {} but caption carries numerics
conflicting_context,10.1021_acs.jpcc.9b08176-1b-S0-P005,"[{""quantity"": ""recombination_probability"", ""scope"": ""paper"", ""values"": [5e-05, 6e-05, 7e-05], ""reason"": ""3 distinct recombination_probability values at paper scope (5e-05, 6e-05, 7e-05); not applied t"
empty_conditions_despite_numeric_caption,10.1021_acs.jpcc.9b08176-1b-S0-P005,panel conditions {} but caption carries numerics
conflicting_context,10.1021_acs.jpcc.9b08176-1b-S0-P006,"[{""quantity"": ""recombination_probability"", ""scope"": ""paper"", ""values"": [5e-05, 6e-05, 7e-05], ""reason"": ""3 distinct recombination_probability values at paper scope (5e-05, 6e-05, 7e-05); not applied t"
empty_conditions_despite_numeric_caption,10.1021_acs.jpcc.9b08176-1b-S0-P006,panel conditions {} but caption carries numerics
conflicting_context,10.1021_acs.jpcc.9b08176-1b-S0-P007,"[{""quantity"": ""recombination_probability"", ""scope"": ""paper"", ""values"": [5e-05, 6e-05, 7e-05], ""reason"": ""3 distinct recombination_probability values at paper scope (5e-05, 6e-05, 7e-05); not applied t"
empty_conditions_despite_numeric_caption,10.1021_acs.jpcc.9b08176-1b-S0-P007,panel conditions {} but caption carries numerics
conflicting_context,10.1021_acs.jpcc.9b08176-1b-S0-P008,"[{""quantity"": ""recombination_probability"", ""scope"": ""paper"", ""values"": [5e-05, 6e-05, 7e-05], ""reason"": ""3 distinct recombination_probability values at paper scope (5e-05, 6e-05, 7e-05); not applied t"
empty_conditions_despite_numeric_caption,10.1021_acs.jpcc.9b08176-1b-S0-P008,panel conditions {} but caption carries numerics
conflicting_context,10.1021_acs.jpcc.9b08176-1b-S0-P009,"[{""quantity"": ""recombination_probability"", ""scope"": ""paper"", ""values"": [5e-05, 6e-05, 7e-05], ""reason"": ""3 distinct recombination_probability values at paper scope (5e-05, 6e-05, 7e-05); not applied t"
empty_conditions_despite_numeric_caption,10.1021_acs.jpcc.9b08176-1b-S0-P009,panel conditions {} but caption carries numerics
conflicting_context,10.1021_acs.jpcc.9b08176-1b-S0-P010,"[{""quantity"": ""recombination_probability"", ""scope"": ""paper"", ""values"": [5e-05, 6e-05, 7e-05], ""reason"": ""3 distinct recombination_probability values at paper scope (5e-05, 6e-05, 7e-05); not applied t"
empty_conditions_despite_numeric_caption,10.1021_acs.jpcc.9b08176-1b-S0-P010,panel conditions {} but caption carries numerics
conflicting_context,10.1021_acs.jpcc.9b08176-1b-S0-P011,"[{""quantity"": ""recombination_probability"", ""scope"": ""paper"", ""values"": [5e-05, 6e-05, 7e-05], ""reason"": ""3 distinct recombination_probability values at paper scope (5e-05, 6e-05, 7e-05); not applied t"
empty_conditions_despite_numeric_caption,10.1021_acs.jpcc.9b08176-1b-S0-P011,panel conditions {} but caption carries numerics
conflicting_context,10.1021_acs.jpcc.9b08176-1b-S0-P012,"[{""quantity"": ""recombination_probability"", ""scope"": ""paper"", ""values"": [5e-05, 6e-05, 7e-05], ""reason"": ""3 distinct recombination_probability values at paper scope (5e-05, 6e-05, 7e-05); not applied t"
empty_conditions_despite_numeric_caption,10.1021_acs.jpcc.9b08176-1b-S0-P012,panel conditions {} but caption carries numerics
conflicting_context,10.1021_acs.jpcc.9b08176-1b-S0-P013,"[{""quantity"": ""recombination_probability"", ""scope"": ""paper"", ""values"": [5e-05, 6e-05, 7e-05], ""reason"": ""3 distinct recombination_probability values at paper scope (5e-05, 6e-05, 7e-05); not applied t"
empty_conditions_despite_numeric_caption,10.1021_acs.jpcc.9b08176-1b-S0-P013,panel conditions {} but caption carries numerics
conflicting_context,10.1021_acs.jpcc.9b08176-1b-S0-P014,"[{""quantity"": ""recombination_probability"", ""scope"": ""paper"", ""values"": [5e-05, 6e-05, 7e-05], ""reason"": ""3 distinct recombination_probability values at paper scope (5e-05, 6e-05, 7e-05); not applied t"
empty_conditions_despite_numeric_caption,10.1021_acs.jpcc.9b08176-1b-S0-P014,panel conditions {} but caption carries numerics
conflicting_context,10.1021_acs.jpcc.9b08176-1b-S0-P015,"[{""quantity"": ""recombination_probability"", ""scope"": ""paper"", ""values"": [5e-05, 6e-05, 7e-05], ""reason"": ""3 distinct recombination_probability values at paper scope (5e-05, 6e-05, 7e-05); not applied t"
empty_conditions_despite_numeric_caption,10.1021_acs.jpcc.9b08176-1b-S0-P015,panel conditions {} but caption carries numerics
conflicting_context,10.1021_acs.jpcc.9b08176-1b-S1-P000,"[{""quantity"": ""recombination_probability"", ""scope"": ""paper"", ""values"": [5e-05, 6e-05, 7e-05], ""reason"": ""3 distinct recombination_probability values at paper scope (5e-05, 6e-05, 7e-05); not applied t"
empty_conditions_despite_numeric_caption,10.1021_acs.jpcc.9b08176-1b-S1-P000,panel conditions {} but caption carries numerics
conflicting_context,10.1021_acs.jpcc.9b08176-1b-S1-P001,"[{""quantity"": ""recombination_probability"", ""scope"": ""paper"", ""values"": [5e-05, 6e-05, 7e-05], ""reason"": ""3 distinct recombination_probability values at paper scope (5e-05, 6e-05, 7e-05); not applied t"
empty_conditions_despite_numeric_caption,10.1021_acs.jpcc.9b08176-1b-S1-P001,panel conditions {} but caption carries numerics
conflicting_context,10.1021_acs.jpcc.9b08176-1b-S1-P002,"[{""quantity"": ""recombination_probability"", ""scope"": ""paper"", ""values"": [5e-05, 6e-05, 7e-05], ""reason"": ""3 distinct recombination_probability values at paper scope (5e-05, 6e-05, 7e-05); not applied t"
empty_conditions_despite_numeric_caption,10.1021_acs.jpcc.9b08176-1b-S1-P002,panel conditions {} but caption carries numerics
conflicting_context,10.1021_acs.jpcc.9b08176-1b-S1-P003,"[{""quantity"": ""recombination_probability"", ""scope"": ""paper"", ""values"": [5e-05, 6e-05, 7e-05], ""reason"": ""3 distinct recombination_probability values at paper scope (5e-05, 6e-05, 7e-05); not applied t"
empty_conditions_despite_numeric_caption,10.1021_acs.jpcc.9b08176-1b-S1-P003,panel conditions {} but caption carries numerics
conflicting_context,10.1021_acs.jpcc.9b08176-1b-S1-P004,"[{""quantity"": ""recombination_probability"", ""scope"": ""paper"", ""values"": [5e-05, 6e-05, 7e-05], ""reason"": ""3 distinct recombination_probability values at paper scope (5e-05, 6e-05, 7e-05); not applied t"
empty_conditions_despite_numeric_caption,10.1021_acs.jpcc.9b08176-1b-S1-P004,panel conditions {} but caption carries numerics
conflicting_context,10.1021_acs.jpcc.9b08176-1b-S1-P005,"[{""quantity"": ""recombination_probability"", ""scope"": ""paper"", ""values"": [5e-05, 6e-05, 7e-05], ""reason"": ""3 distinct recombination_probability values at paper scope (5e-05, 6e-05, 7e-05); not applied t"
empty_conditions_despite_numeric_caption,10.1021_acs.jpcc.9b08176-1b-S1-P005,panel conditions {} but caption carries numerics
conflicting_context,10.1021_acs.jpcc.9b08176-1b-S1-P006,"[{""quantity"": ""recombination_probability"", ""scope"": ""paper"", ""values"": [5e-05, 6e-05, 7e-05], ""reason"": ""3 distinct recombination_probability values at paper scope (5e-05, 6e-05, 7e-05); not applied t"
empty_conditions_despite_numeric_caption,10.1021_acs.jpcc.9b08176-1b-S1-P006,panel conditions {} but caption carries numerics
conflicting_context,10.1021_acs.jpcc.9b08176-1b-S1-P007,"[{""quantity"": ""recombination_probability"", ""scope"": ""paper"", ""values"": [5e-05, 6e-05, 7e-05], ""reason"": ""3 distinct recombination_probability values at paper scope (5e-05, 6e-05, 7e-05); not applied t"
empty_conditions_despite_numeric_caption,10.1021_acs.jpcc.9b08176-1b-S1-P007,panel conditions {} but caption carries numerics
conflicting_context,10.1021_acs.jpcc.9b08176-1b-S1-P008,"[{""quantity"": ""recombination_probability"", ""scope"": ""paper"", ""values"": [5e-05, 6e-05, 7e-05], ""reason"": ""3 distinct recombination_probability values at paper scope (5e-05, 6e-05, 7e-05); not applied t"
empty_conditions_despite_numeric_caption,10.1021_acs.jpcc.9b08176-1b-S1-P008,panel conditions {} but caption carries numerics
conflicting_context,10.1021_acs.jpcc.9b08176-1b-S1-P009,"[{""quantity"": ""recombination_probability"", ""scope"": ""paper"", ""values"": [5e-05, 6e-05, 7e-05], ""reason"": ""3 distinct recombination_probability values at paper scope (5e-05, 6e-05, 7e-05); not applied t"
empty_conditions_despite_numeric_caption,10.1021_acs.jpcc.9b08176-1b-S1-P009,panel conditions {} but caption carries numerics
conflicting_context,10.1021_acs.jpcc.9b08176-1b-S1-P010,"[{""quantity"": ""recombination_probability"", ""scope"": ""paper"", ""values"": [5e-05, 6e-05, 7e-05], ""reason"": ""3 distinct recombination_probability values at paper scope (5e-05, 6e-05, 7e-05); not applied t"
empty_conditions_despite_numeric_caption,10.1021_acs.jpcc.9b08176-1b-S1-P010,panel conditions {} but caption carries numerics
conflicting_context,10.1021_acs.jpcc.9b08176-1b-S1-P011,"[{""quantity"": ""recombination_probability"", ""scope"": ""paper"", ""values"": [5e-05, 6e-05, 7e-05], ""reason"": ""3 distinct recombination_probability values at paper scope (5e-05, 6e-05, 7e-05); not applied t"
empty_conditions_despite_numeric_caption,10.1021_acs.jpcc.9b08176-1b-S1-P011,panel conditions {} but caption carries numerics
conflicting_context,10.1021_acs.jpcc.9b08176-1b-S1-P012,"[{""quantity"": ""recombination_probability"", ""scope"": ""paper"", ""values"": [5e-05, 6e-05, 7e-05], ""reason"": ""3 distinct recombination_probability values at paper scope (5e-05, 6e-05, 7e-05); not applied t"
empty_conditions_despite_numeric_caption,10.1021_acs.jpcc.9b08176-1b-S1-P012,panel conditions {} but caption carries numerics
conflicting_context,10.1021_acs.jpcc.9b08176-1b-S2-P000,"[{""quantity"": ""recombination_probability"", ""scope"": ""paper"", ""values"": [5e-05, 6e-05, 7e-05], ""reason"": ""3 distinct recombination_probability values at paper scope (5e-05, 6e-05, 7e-05); not applied t"
empty_conditions_despite_numeric_caption,10.1021_acs.jpcc.9b08176-1b-S2-P000,panel conditions {} but caption carries numerics
conflicting_context,10.1021_acs.jpcc.9b08176-1b-S2-P001,"[{""quantity"": ""recombination_probability"", ""scope"": ""paper"", ""values"": [5e-05, 6e-05, 7e-05], ""reason"": ""3 distinct recombination_probability values at paper scope (5e-05, 6e-05, 7e-05); not applied t"
empty_conditions_despite_numeric_caption,10.1021_acs.jpcc.9b08176-1b-S2-P001,panel conditions {} but caption carries numerics
conflicting_context,10.1021_acs.jpcc.9b08176-1b-S2-P002,"[{""quantity"": ""recombination_probability"", ""scope"": ""paper"", ""values"": [5e-05, 6e-05, 7e-05], ""reason"": ""3 distinct recombination_probability values at paper scope (5e-05, 6e-05, 7e-05); not applied t"
empty_conditions_despite_numeric_caption,10.1021_acs.jpcc.9b08176-1b-S2-P002,panel conditions {} but caption carries numerics
conflicting_context,10.1021_acs.jpcc.9b08176-1b-S2-P003,"[{""quantity"": ""recombination_probability"", ""scope"": ""paper"", ""values"": [5e-05, 6e-05, 7e-05], ""reason"": ""3 distinct recombination_probability values at paper scope (5e-05, 6e-05, 7e-05); not applied t"
empty_conditions_despite_numeric_caption,10.1021_acs.jpcc.9b08176-1b-S2-P003,panel conditions {} but caption carries numerics
conflicting_context,10.1021_acs.jpcc.9b08176-1b-S2-P004,"[{""quantity"": ""recombination_probability"", ""scope"": ""paper"", ""values"": [5e-05, 6e-05, 7e-05], ""reason"": ""3 distinct recombination_probability values at paper scope (5e-05, 6e-05, 7e-05); not applied t"
empty_conditions_despite_numeric_caption,10.1021_acs.jpcc.9b08176-1b-S2-P004,panel conditions {} but caption carries numerics
conflicting_context,10.1021_acs.jpcc.9b08176-1b-S2-P005,"[{""quantity"": ""recombination_probability"", ""scope"": ""paper"", ""values"": [5e-05, 6e-05, 7e-05], ""reason"": ""3 distinct recombination_probability values at paper scope (5e-05, 6e-05, 7e-05); not applied t"
empty_conditions_despite_numeric_caption,10.1021_acs.jpcc.9b08176-1b-S2-P005,panel conditions {} but caption carries numerics
conflicting_context,10.1021_acs.jpcc.9b08176-1b-S2-P006,"[{""quantity"": ""recombination_probability"", ""scope"": ""paper"", ""values"": [5e-05, 6e-05, 7e-05], ""reason"": ""3 distinct recombination_probability values at paper scope (5e-05, 6e-05, 7e-05); not applied t"
empty_conditions_despite_numeric_caption,10.1021_acs.jpcc.9b08176-1b-S2-P006,panel conditions {} but caption carries numerics
conflicting_context,10.1021_acs.jpcc.9b08176-1b-S2-P007,"[{""quantity"": ""recombination_probability"", ""scope"": ""paper"", ""values"": [5e-05, 6e-05, 7e-05], ""reason"": ""3 distinct recombination_probability values at paper scope (5e-05, 6e-05, 7e-05); not applied t"
empty_conditions_despite_numeric_caption,10.1021_acs.jpcc.9b08176-1b-S2-P007,panel conditions {} but caption carries numerics
conflicting_context,10.1021_acs.jpcc.9b08176-1b-S2-P008,"[{""quantity"": ""recombination_probability"", ""scope"": ""paper"", ""values"": [5e-05, 6e-05, 7e-05], ""reason"": ""3 distinct recombination_probability values at paper scope (5e-05, 6e-05, 7e-05); not applied t"
empty_conditions_despite_numeric_caption,10.1021_acs.jpcc.9b08176-1b-S2-P008,panel conditions {} but caption carries numerics
conflicting_context,10.1021_acs.jpcc.9b08176-1b-S2-P009,"[{""quantity"": ""recombination_probability"", ""scope"": ""paper"", ""values"": [5e-05, 6e-05, 7e-05], ""reason"": ""3 distinct recombination_probability values at paper scope (5e-05, 6e-05, 7e-05); not applied t"
empty_conditions_despite_numeric_caption,10.1021_acs.jpcc.9b08176-1b-S2-P009,panel conditions {} but caption carries numerics
conflicting_context,10.1021_acs.jpcc.9b08176-1b-S2-P010,"[{""quantity"": ""recombination_probability"", ""scope"": ""paper"", ""values"": [5e-05, 6e-05, 7e-05], ""reason"": ""3 distinct recombination_probability values at paper scope (5e-05, 6e-05, 7e-05); not applied t"
empty_conditions_despite_numeric_caption,10.1021_acs.jpcc.9b08176-1b-S2-P010,panel conditions {} but caption carries numerics
conflicting_context,10.1021_acs.jpcc.9b08176-1b-S2-P011,"[{""quantity"": ""recombination_probability"", ""scope"": ""paper"", ""values"": [5e-05, 6e-05, 7e-05], ""reason"": ""3 distinct recombination_probability values at paper scope (5e-05, 6e-05, 7e-05); not applied t"
empty_conditions_despite_numeric_caption,10.1021_acs.jpcc.9b08176-1b-S2-P011,panel conditions {} but caption carries numerics
conflicting_context,10.1021_acs.jpcc.9b08176-1b-S3-P000,"[{""quantity"": ""recombination_probability"", ""scope"": ""paper"", ""values"": [5e-05, 6e-05, 7e-05], ""reason"": ""3 distinct recombination_probability values at paper scope (5e-05, 6e-05, 7e-05); not applied t"
empty_conditions_despite_numeric_caption,10.1021_acs.jpcc.9b08176-1b-S3-P000,panel conditions {} but caption carries numerics
conflicting_context,10.1021_acs.jpcc.9b08176-1b-S3-P001,"[{""quantity"": ""recombination_probability"", ""scope"": ""paper"", ""values"": [5e-05, 6e-05, 7e-05], ""reason"": ""3 distinct recombination_probability values at paper scope (5e-05, 6e-05, 7e-05); not applied t"
empty_conditions_despite_numeric_caption,10.1021_acs.jpcc.9b08176-1b-S3-P001,panel conditions {} but caption carries numerics
conflicting_context,10.1021_acs.jpcc.9b08176-1b-S3-P002,"[{""quantity"": ""recombination_probability"", ""scope"": ""paper"", ""values"": [5e-05, 6e-05, 7e-05], ""reason"": ""3 distinct recombination_probability values at paper scope (5e-05, 6e-05, 7e-05); not applied t"
empty_conditions_despite_numeric_caption,10.1021_acs.jpcc.9b08176-1b-S3-P002,panel conditions {} but caption carries numerics
conflicting_context,10.1021_acs.jpcc.9b08176-1b-S3-P003,"[{""quantity"": ""recombination_probability"", ""scope"": ""paper"", ""values"": [5e-05, 6e-05, 7e-05], ""reason"": ""3 distinct recombination_probability values at paper scope (5e-05, 6e-05, 7e-05); not applied t"
empty_conditions_despite_numeric_caption,10.1021_acs.jpcc.9b08176-1b-S3-P003,panel conditions {} but caption carries numerics
conflicting_context,10.1021_acs.jpcc.9b08176-1b-S3-P004,"[{""quantity"": ""recombination_probability"", ""scope"": ""paper"", ""values"": [5e-05, 6e-05, 7e-05], ""reason"": ""3 distinct recombination_probability values at paper scope (5e-05, 6e-05, 7e-05); not applied t"
empty_conditions_despite_numeric_caption,10.1021_acs.jpcc.9b08176-1b-S3-P004,panel conditions {} but caption carries numerics
conflicting_context,10.1021_acs.jpcc.9b08176-1b-S3-P005,"[{""quantity"": ""recombination_probability"", ""scope"": ""paper"", ""values"": [5e-05, 6e-05, 7e-05], ""reason"": ""3 distinct recombination_probability values at paper scope (5e-05, 6e-05, 7e-05); not applied t"
empty_conditions_despite_numeric_caption,10.1021_acs.jpcc.9b08176-1b-S3-P005,panel conditions {} but caption carries numerics
conflicting_context,10.1021_acs.jpcc.9b08176-1b-S3-P006,"[{""quantity"": ""recombination_probability"", ""scope"": ""paper"", ""values"": [5e-05, 6e-05, 7e-05], ""reason"": ""3 distinct recombination_probability values at paper scope (5e-05, 6e-05, 7e-05); not applied t"
empty_conditions_despite_numeric_caption,10.1021_acs.jpcc.9b08176-1b-S3-P006,panel conditions {} but caption carries numerics
conflicting_context,10.1021_acs.jpcc.9b08176-1b-S3-P007,"[{""quantity"": ""recombination_probability"", ""scope"": ""paper"", ""values"": [5e-05, 6e-05, 7e-05], ""reason"": ""3 distinct recombination_probability values at paper scope (5e-05, 6e-05, 7e-05); not applied t"
empty_conditions_despite_numeric_caption,10.1021_acs.jpcc.9b08176-1b-S3-P007,panel conditions {} but caption carries numerics
conflicting_context,10.1021_acs.jpcc.9b08176-1b-S3-P008,"[{""quantity"": ""recombination_probability"", ""scope"": ""paper"", ""values"": [5e-05, 6e-05, 7e-05], ""reason"": ""3 distinct recombination_probability values at paper scope (5e-05, 6e-05, 7e-05); not applied t"
empty_conditions_despite_numeric_caption,10.1021_acs.jpcc.9b08176-1b-S3-P008,panel conditions {} but caption carries numerics
conflicting_context,10.1021_acs.jpcc.9b08176-1b-S3-P009,"[{""quantity"": ""recombination_probability"", ""scope"": ""paper"", ""values"": [5e-05, 6e-05, 7e-05], ""reason"": ""3 distinct recombination_probability values at paper scope (5e-05, 6e-05, 7e-05); not applied t"
empty_conditions_despite_numeric_caption,10.1021_acs.jpcc.9b08176-1b-S3-P009,panel conditions {} but caption carries numerics
conflicting_context,10.1021_acs.jpcc.9b08176-1b-S3-P010,"[{""quantity"": ""recombination_probability"", ""scope"": ""paper"", ""values"": [5e-05, 6e-05, 7e-05], ""reason"": ""3 distinct recombination_probability values at paper scope (5e-05, 6e-05, 7e-05); not applied t"
empty_conditions_despite_numeric_caption,10.1021_acs.jpcc.9b08176-1b-S3-P010,panel conditions {} but caption carries numerics
conflicting_context,10.1021_acs.jpcc.9b08176-1c-S4-P000,"[{""quantity"": ""recombination_probability"", ""scope"": ""paper"", ""values"": [5e-05, 6e-05, 7e-05], ""reason"": ""3 distinct recombination_probability values at paper scope (5e-05, 6e-05, 7e-05); not applied t"
empty_conditions_despite_numeric_caption,10.1021_acs.jpcc.9b08176-1c-S4-P000,panel conditions {} but caption carries numerics
conflicting_context,10.1021_acs.jpcc.9b08176-1c-S4-P001,"[{""quantity"": ""recombination_probability"", ""scope"": ""paper"", ""values"": [5e-05, 6e-05, 7e-05], ""reason"": ""3 distinct recombination_probability values at paper scope (5e-05, 6e-05, 7e-05); not applied t"
empty_conditions_despite_numeric_caption,10.1021_acs.jpcc.9b08176-1c-S4-P001,panel conditions {} but caption carries numerics
legend_condition_without_structured_binding,10.1021_acs.jpcc.9b08176-1c-S4-P001,"label 'exposure time: t=10^0' carries [0.0, 10.0] but no matching controlled value"
conflicting_context,10.1021_acs.jpcc.9b08176-1c-S4-P002,"[{""quantity"": ""recombination_probability"", ""scope"": ""paper"", ""values"": [5e-05, 6e-05, 7e-05], ""reason"": ""3 distinct recombination_probability values at paper scope (5e-05, 6e-05, 7e-05); not applied t"
empty_conditions_despite_numeric_caption,10.1021_acs.jpcc.9b08176-1c-S4-P002,panel conditions {} but caption carries numerics
legend_condition_without_structured_binding,10.1021_acs.jpcc.9b08176-1c-S4-P002,"label 'exposure time: t=10^0' carries [0.0, 10.0] but no matching controlled value"
conflicting_context,10.1021_acs.jpcc.9b08176-1c-S4-P003,"[{""quantity"": ""recombination_probability"", ""scope"": ""paper"", ""values"": [5e-05, 6e-05, 7e-05], ""reason"": ""3 distinct recombination_probability values at paper scope (5e-05, 6e-05, 7e-05); not applied t"
empty_conditions_despite_numeric_caption,10.1021_acs.jpcc.9b08176-1c-S4-P003,panel conditions {} but caption carries numerics
legend_condition_without_structured_binding,10.1021_acs.jpcc.9b08176-1c-S4-P003,"label 'exposure time: t=10^0' carries [0.0, 10.0] but no matching controlled value"
conflicting_context,10.1021_acs.jpcc.9b08176-1c-S4-P004,"[{""quantity"": ""recombination_probability"", ""scope"": ""paper"", ""values"": [5e-05, 6e-05, 7e-05], ""reason"": ""3 distinct recombination_probability values at paper scope (5e-05, 6e-05, 7e-05); not applied t"
empty_conditions_despite_numeric_caption,10.1021_acs.jpcc.9b08176-1c-S4-P004,panel conditions {} but caption carries numerics
legend_condition_without_structured_binding,10.1021_acs.jpcc.9b08176-1c-S4-P004,"label 'exposure time: t=10^0' carries [0.0, 10.0] but no matching controlled value"
conflicting_context,10.1021_acs.jpcc.9b08176-1c-S4-P005,"[{""quantity"": ""recombination_probability"", ""scope"": ""paper"", ""values"": [5e-05, 6e-05, 7e-05], ""reason"": ""3 distinct recombination_probability values at paper scope (5e-05, 6e-05, 7e-05); not applied t"
empty_conditions_despite_numeric_caption,10.1021_acs.jpcc.9b08176-1c-S4-P005,panel conditions {} but caption carries numerics
legend_condition_without_structured_binding,10.1021_acs.jpcc.9b08176-1c-S4-P005,"label 'exposure time: t=10^0' carries [0.0, 10.0] but no matching controlled value"
conflicting_context,10.1021_acs.jpcc.9b08176-1c-S4-P006,"[{""quantity"": ""recombination_probability"", ""scope"": ""paper"", ""values"": [5e-05, 6e-05, 7e-05], ""reason"": ""3 distinct recombination_probability values at paper scope (5e-05, 6e-05, 7e-05); not applied t"
empty_conditions_despite_numeric_caption,10.1021_acs.jpcc.9b08176-1c-S4-P006,panel conditions {} but caption carries numerics
legend_condition_without_structured_binding,10.1021_acs.jpcc.9b08176-1c-S4-P006,"label 'exposure time: t=10^0' carries [0.0, 10.0] but no matching controlled value"
conflicting_context,10.1021_acs.jpcc.9b08176-1c-S4-P007,"[{""quantity"": ""recombination_probability"", ""scope"": ""paper"", ""values"": [5e-05, 6e-05, 7e-05], ""reason"": ""3 distinct recombination_probability values at paper scope (5e-05, 6e-05, 7e-05); not applied t"
empty_conditions_despite_numeric_caption,10.1021_acs.jpcc.9b08176-1c-S4-P007,panel conditions {} but caption carries numerics
legend_condition_without_structured_binding,10.1021_acs.jpcc.9b08176-1c-S4-P007,"label 'exposure time: t=10^0' carries [0.0, 10.0] but no matching controlled value"
conflicting_context,10.1021_acs.jpcc.9b08176-1c-S4-P008,"[{""quantity"": ""recombination_probability"", ""scope"": ""paper"", ""values"": [5e-05, 6e-05, 7e-05], ""reason"": ""3 distinct recombination_probability values at paper scope (5e-05, 6e-05, 7e-05); not applied t"
empty_conditions_despite_numeric_caption,10.1021_acs.jpcc.9b08176-1c-S4-P008,panel conditions {} but caption carries numerics
legend_condition_without_structured_binding,10.1021_acs.jpcc.9b08176-1c-S4-P008,"label 'exposure time: t=10^0' carries [0.0, 10.0] but no matching controlled value"
conflicting_context,10.1021_acs.jpcc.9b08176-1c-S4-P009,"[{""quantity"": ""recombination_probability"", ""scope"": ""paper"", ""values"": [5e-05, 6e-05, 7e-05], ""reason"": ""3 distinct recombination_probability values at paper scope (5e-05, 6e-05, 7e-05); not applied t"
empty_conditions_despite_numeric_caption,10.1021_acs.jpcc.9b08176-1c-S4-P009,panel conditions {} but caption carries numerics
legend_condition_without_structured_binding,10.1021_acs.jpcc.9b08176-1c-S4-P009,"label 'exposure time: t=10^0' carries [0.0, 10.0] but no matching controlled value"
conflicting_context,10.1021_acs.jpcc.9b08176-1c-S4-P010,"[{""quantity"": ""recombination_probability"", ""scope"": ""paper"", ""values"": [5e-05, 6e-05, 7e-05], ""reason"": ""3 distinct recombination_probability values at paper scope (5e-05, 6e-05, 7e-05); not applied t"
empty_conditions_despite_numeric_caption,10.1021_acs.jpcc.9b08176-1c-S4-P010,panel conditions {} but caption carries numerics
legend_condition_without_structured_binding,10.1021_acs.jpcc.9b08176-1c-S4-P010,"label 'exposure time: t=10^0' carries [0.0, 10.0] but no matching controlled value"
conflicting_context,10.1021_acs.jpcc.9b08176-1c-S4-P011,"[{""quantity"": ""recombination_probability"", ""scope"": ""paper"", ""values"": [5e-05, 6e-05, 7e-05], ""reason"": ""3 distinct recombination_probability values at paper scope (5e-05, 6e-05, 7e-05); not applied t"
empty_conditions_despite_numeric_caption,10.1021_acs.jpcc.9b08176-1c-S4-P011,panel conditions {} but caption carries numerics
legend_condition_without_structured_binding,10.1021_acs.jpcc.9b08176-1c-S4-P011,"label 'exposure time: t=10^0' carries [0.0, 10.0] but no matching controlled value"
conflicting_context,10.1021_acs.jpcc.9b08176-1c-S4-P012,"[{""quantity"": ""recombination_probability"", ""scope"": ""paper"", ""values"": [5e-05, 6e-05, 7e-05], ""reason"": ""3 distinct recombination_probability values at paper scope (5e-05, 6e-05, 7e-05); not applied t"
empty_conditions_despite_numeric_caption,10.1021_acs.jpcc.9b08176-1c-S4-P012,panel conditions {} but caption carries numerics
legend_condition_without_structured_binding,10.1021_acs.jpcc.9b08176-1c-S4-P012,"label 'exposure time: t=10^0' carries [0.0, 10.0] but no matching controlled value"
conflicting_context,10.1021_acs.jpcc.9b08176-1c-S4-P013,"[{""quantity"": ""recombination_probability"", ""scope"": ""paper"", ""values"": [5e-05, 6e-05, 7e-05], ""reason"": ""3 distinct recombination_probability values at paper scope (5e-05, 6e-05, 7e-05); not applied t"
empty_conditions_despite_numeric_caption,10.1021_acs.jpcc.9b08176-1c-S4-P013,panel conditions {} but caption carries numerics
legend_condition_without_structured_binding,10.1021_acs.jpcc.9b08176-1c-S4-P013,"label 'exposure time: t=10^0' carries [0.0, 10.0] but no matching controlled value"
conflicting_context,10.1021_acs.jpcc.9b08176-1c-S5-P000,"[{""quantity"": ""recombination_probability"", ""scope"": ""paper"", ""values"": [5e-05, 6e-05, 7e-05], ""reason"": ""3 distinct recombination_probability values at paper scope (5e-05, 6e-05, 7e-05); not applied t"
empty_conditions_despite_numeric_caption,10.1021_acs.jpcc.9b08176-1c-S5-P000,panel conditions {} but caption carries numerics
legend_condition_without_structured_binding,10.1021_acs.jpcc.9b08176-1c-S5-P000,"label 'exposure time: t=10^1' carries [1.0, 10.0] but no matching controlled value"
conflicting_context,10.1021_acs.jpcc.9b08176-1c-S5-P001,"[{""quantity"": ""recombination_probability"", ""scope"": ""paper"", ""values"": [5e-05, 6e-05, 7e-05], ""reason"": ""3 distinct recombination_probability values at paper scope (5e-05, 6e-05, 7e-05); not applied t"
empty_conditions_despite_numeric_caption,10.1021_acs.jpcc.9b08176-1c-S5-P001,panel conditions {} but caption carries numerics
legend_condition_without_structured_binding,10.1021_acs.jpcc.9b08176-1c-S5-P001,"label 'exposure time: t=10^1' carries [1.0, 10.0] but no matching controlled value"
conflicting_context,10.1021_acs.jpcc.9b08176-1c-S5-P002,"[{""quantity"": ""recombination_probability"", ""scope"": ""paper"", ""values"": [5e-05, 6e-05, 7e-05], ""reason"": ""3 distinct recombination_probability values at paper scope (5e-05, 6e-05, 7e-05); not applied t"
empty_conditions_despite_numeric_caption,10.1021_acs.jpcc.9b08176-1c-S5-P002,panel conditions {} but caption carries numerics
legend_condition_without_structured_binding,10.1021_acs.jpcc.9b08176-1c-S5-P002,"label 'exposure time: t=10^1' carries [1.0, 10.0] but no matching controlled value"
conflicting_context,10.1021_acs.jpcc.9b08176-1c-S5-P003,"[{""quantity"": ""recombination_probability"", ""scope"": ""paper"", ""values"": [5e-05, 6e-05, 7e-05], ""reason"": ""3 distinct recombination_probability values at paper scope (5e-05, 6e-05, 7e-05); not applied t"
empty_conditions_despite_numeric_caption,10.1021_acs.jpcc.9b08176-1c-S5-P003,panel conditions {} but caption carries numerics
legend_condition_without_structured_binding,10.1021_acs.jpcc.9b08176-1c-S5-P003,"label 'exposure time: t=10^1' carries [1.0, 10.0] but no matching controlled value"
conflicting_context,10.1021_acs.jpcc.9b08176-1c-S5-P004,"[{""quantity"": ""recombination_probability"", ""scope"": ""paper"", ""values"": [5e-05, 6e-05, 7e-05], ""reason"": ""3 distinct recombination_probability values at paper scope (5e-05, 6e-05, 7e-05); not applied t"
empty_conditions_despite_numeric_caption,10.1021_acs.jpcc.9b08176-1c-S5-P004,panel conditions {} but caption carries numerics
legend_condition_without_structured_binding,10.1021_acs.jpcc.9b08176-1c-S5-P004,"label 'exposure time: t=10^1' carries [1.0, 10.0] but no matching controlled value"
conflicting_context,10.1021_acs.jpcc.9b08176-1c-S5-P005,"[{""quantity"": ""recombination_probability"", ""scope"": ""paper"", ""values"": [5e-05, 6e-05, 7e-05], ""reason"": ""3 distinct recombination_probability values at paper scope (5e-05, 6e-05, 7e-05); not applied t"
empty_conditions_despite_numeric_caption,10.1021_acs.jpcc.9b08176-1c-S5-P005,panel conditions {} but caption carries numerics
legend_condition_without_structured_binding,10.1021_acs.jpcc.9b08176-1c-S5-P005,"label 'exposure time: t=10^1' carries [1.0, 10.0] but no matching controlled value"
conflicting_context,10.1021_acs.jpcc.9b08176-1c-S5-P006,"[{""quantity"": ""recombination_probability"", ""scope"": ""paper"", ""values"": [5e-05, 6e-05, 7e-05], ""reason"": ""3 distinct recombination_probability values at paper scope (5e-05, 6e-05, 7e-05); not applied t"
empty_conditions_despite_numeric_caption,10.1021_acs.jpcc.9b08176-1c-S5-P006,panel conditions {} but caption carries numerics
legend_condition_without_structured_binding,10.1021_acs.jpcc.9b08176-1c-S5-P006,"label 'exposure time: t=10^1' carries [1.0, 10.0] but no matching controlled value"
conflicting_context,10.1021_acs.jpcc.9b08176-1c-S5-P007,"[{""quantity"": ""recombination_probability"", ""scope"": ""paper"", ""values"": [5e-05, 6e-05, 7e-05], ""reason"": ""3 distinct recombination_probability values at paper scope (5e-05, 6e-05, 7e-05); not applied t"
empty_conditions_despite_numeric_caption,10.1021_acs.jpcc.9b08176-1c-S5-P007,panel conditions {} but caption carries numerics
legend_condition_without_structured_binding,10.1021_acs.jpcc.9b08176-1c-S5-P007,"label 'exposure time: t=10^1' carries [1.0, 10.0] but no matching controlled value"
conflicting_context,10.1021_acs.jpcc.9b08176-1c-S5-P008,"[{""quantity"": ""recombination_probability"", ""scope"": ""paper"", ""values"": [5e-05, 6e-05, 7e-05], ""reason"": ""3 distinct recombination_probability values at paper scope (5e-05, 6e-05, 7e-05); not applied t"
empty_conditions_despite_numeric_caption,10.1021_acs.jpcc.9b08176-1c-S5-P008,panel conditions {} but caption carries numerics
legend_condition_without_structured_binding,10.1021_acs.jpcc.9b08176-1c-S5-P008,"label 'exposure time: t=10^1' carries [1.0, 10.0] but no matching controlled value"
conflicting_context,10.1021_acs.jpcc.9b08176-1c-S5-P009,"[{""quantity"": ""recombination_probability"", ""scope"": ""paper"", ""values"": [5e-05, 6e-05, 7e-05], ""reason"": ""3 distinct recombination_probability values at paper scope (5e-05, 6e-05, 7e-05); not applied t"
empty_conditions_despite_numeric_caption,10.1021_acs.jpcc.9b08176-1c-S5-P009,panel conditions {} but caption carries numerics
legend_condition_without_structured_binding,10.1021_acs.jpcc.9b08176-1c-S5-P009,"label 'exposure time: t=10^1' carries [1.0, 10.0] but no matching controlled value"
conflicting_context,10.1021_acs.jpcc.9b08176-1c-S5-P010,"[{""quantity"": ""recombination_probability"", ""scope"": ""paper"", ""values"": [5e-05, 6e-05, 7e-05], ""reason"": ""3 distinct recombination_probability values at paper scope (5e-05, 6e-05, 7e-05); not applied t"
empty_conditions_despite_numeric_caption,10.1021_acs.jpcc.9b08176-1c-S5-P010,panel conditions {} but caption carries numerics
legend_condition_without_structured_binding,10.1021_acs.jpcc.9b08176-1c-S5-P010,"label 'exposure time: t=10^1' carries [1.0, 10.0] but no matching controlled value"
conflicting_context,10.1021_acs.jpcc.9b08176-1c-S5-P011,"[{""quantity"": ""recombination_probability"", ""scope"": ""paper"", ""values"": [5e-05, 6e-05, 7e-05], ""reason"": ""3 distinct recombination_probability values at paper scope (5e-05, 6e-05, 7e-05); not applied t"
empty_conditions_despite_numeric_caption,10.1021_acs.jpcc.9b08176-1c-S5-P011,panel conditions {} but caption carries numerics
legend_condition_without_structured_binding,10.1021_acs.jpcc.9b08176-1c-S5-P011,"label 'exposure time: t=10^1' carries [1.0, 10.0] but no matching controlled value"
conflicting_context,10.1021_acs.jpcc.9b08176-1c-S5-P012,"[{""quantity"": ""recombination_probability"", ""scope"": ""paper"", ""values"": [5e-05, 6e-05, 7e-05], ""reason"": ""3 distinct recombination_probability values at paper scope (5e-05, 6e-05, 7e-05); not applied t"
empty_conditions_despite_numeric_caption,10.1021_acs.jpcc.9b08176-1c-S5-P012,panel conditions {} but caption carries numerics
legend_condition_without_structured_binding,10.1021_acs.jpcc.9b08176-1c-S5-P012,"label 'exposure time: t=10^1' carries [1.0, 10.0] but no matching controlled value"
conflicting_context,10.1021_acs.jpcc.9b08176-1c-S5-P013,"[{""quantity"": ""recombination_probability"", ""scope"": ""paper"", ""values"": [5e-05, 6e-05, 7e-05], ""reason"": ""3 distinct recombination_probability values at paper scope (5e-05, 6e-05, 7e-05); not applied t"
empty_conditions_despite_numeric_caption,10.1021_acs.jpcc.9b08176-1c-S5-P013,panel conditions {} but caption carries numerics
legend_condition_without_structured_binding,10.1021_acs.jpcc.9b08176-1c-S5-P013,"label 'exposure time: t=10^1' carries [1.0, 10.0] but no matching controlled value"
conflicting_context,10.1021_acs.jpcc.9b08176-1c-S6-P000,"[{""quantity"": ""recombination_probability"", ""scope"": ""paper"", ""values"": [5e-05, 6e-05, 7e-05], ""reason"": ""3 distinct recombination_probability values at paper scope (5e-05, 6e-05, 7e-05); not applied t"
empty_conditions_despite_numeric_caption,10.1021_acs.jpcc.9b08176-1c-S6-P000,panel conditions {} but caption carries numerics
legend_condition_without_structured_binding,10.1021_acs.jpcc.9b08176-1c-S6-P000,"label 'exposure time: t=10^2' carries [2.0, 10.0] but no matching controlled value"
conflicting_context,10.1021_acs.jpcc.9b08176-1c-S6-P001,"[{""quantity"": ""recombination_probability"", ""scope"": ""paper"", ""values"": [5e-05, 6e-05, 7e-05], ""reason"": ""3 distinct recombination_probability values at paper scope (5e-05, 6e-05, 7e-05); not applied t"
empty_conditions_despite_numeric_caption,10.1021_acs.jpcc.9b08176-1c-S6-P001,panel conditions {} but caption carries numerics
legend_condition_without_structured_binding,10.1021_acs.jpcc.9b08176-1c-S6-P001,"label 'exposure time: t=10^2' carries [2.0, 10.0] but no matching controlled value"
conflicting_context,10.1021_acs.jpcc.9b08176-1c-S6-P002,"[{""quantity"": ""recombination_probability"", ""scope"": ""paper"", ""values"": [5e-05, 6e-05, 7e-05], ""reason"": ""3 distinct recombination_probability values at paper scope (5e-05, 6e-05, 7e-05); not applied t"
empty_conditions_despite_numeric_caption,10.1021_acs.jpcc.9b08176-1c-S6-P002,panel conditions {} but caption carries numerics
legend_condition_without_structured_binding,10.1021_acs.jpcc.9b08176-1c-S6-P002,"label 'exposure time: t=10^2' carries [2.0, 10.0] but no matching controlled value"
conflicting_context,10.1021_acs.jpcc.9b08176-1c-S6-P003,"[{""quantity"": ""recombination_probability"", ""scope"": ""paper"", ""values"": [5e-05, 6e-05, 7e-05], ""reason"": ""3 distinct recombination_probability values at paper scope (5e-05, 6e-05, 7e-05); not applied t"
empty_conditions_despite_numeric_caption,10.1021_acs.jpcc.9b08176-1c-S6-P003,panel conditions {} but caption carries numerics
legend_condition_without_structured_binding,10.1021_acs.jpcc.9b08176-1c-S6-P003,"label 'exposure time: t=10^2' carries [2.0, 10.0] but no matching controlled value"
conflicting_context,10.1021_acs.jpcc.9b08176-1c-S6-P004,"[{""quantity"": ""recombination_probability"", ""scope"": ""paper"", ""values"": [5e-05, 6e-05, 7e-05], ""reason"": ""3 distinct recombination_probability values at paper scope (5e-05, 6e-05, 7e-05); not applied t"
empty_conditions_despite_numeric_caption,10.1021_acs.jpcc.9b08176-1c-S6-P004,panel conditions {} but caption carries numerics
legend_condition_without_structured_binding,10.1021_acs.jpcc.9b08176-1c-S6-P004,"label 'exposure time: t=10^2' carries [2.0, 10.0] but no matching controlled value"
conflicting_context,10.1021_acs.jpcc.9b08176-1c-S6-P005,"[{""quantity"": ""recombination_probability"", ""scope"": ""paper"", ""values"": [5e-05, 6e-05, 7e-05], ""reason"": ""3 distinct recombination_probability values at paper scope (5e-05, 6e-05, 7e-05); not applied t"
empty_conditions_despite_numeric_caption,10.1021_acs.jpcc.9b08176-1c-S6-P005,panel conditions {} but caption carries numerics
legend_condition_without_structured_binding,10.1021_acs.jpcc.9b08176-1c-S6-P005,"label 'exposure time: t=10^2' carries [2.0, 10.0] but no matching controlled value"
conflicting_context,10.1021_acs.jpcc.9b08176-1c-S6-P006,"[{""quantity"": ""recombination_probability"", ""scope"": ""paper"", ""values"": [5e-05, 6e-05, 7e-05], ""reason"": ""3 distinct recombination_probability values at paper scope (5e-05, 6e-05, 7e-05); not applied t"
empty_conditions_despite_numeric_caption,10.1021_acs.jpcc.9b08176-1c-S6-P006,panel conditions {} but caption carries numerics
legend_condition_without_structured_binding,10.1021_acs.jpcc.9b08176-1c-S6-P006,"label 'exposure time: t=10^2' carries [2.0, 10.0] but no matching controlled value"
conflicting_context,10.1021_acs.jpcc.9b08176-1c-S6-P007,"[{""quantity"": ""recombination_probability"", ""scope"": ""paper"", ""values"": [5e-05, 6e-05, 7e-05], ""reason"": ""3 distinct recombination_probability values at paper scope (5e-05, 6e-05, 7e-05); not applied t"
empty_conditions_despite_numeric_caption,10.1021_acs.jpcc.9b08176-1c-S6-P007,panel conditions {} but caption carries numerics
legend_condition_without_structured_binding,10.1021_acs.jpcc.9b08176-1c-S6-P007,"label 'exposure time: t=10^2' carries [2.0, 10.0] but no matching controlled value"
conflicting_context,10.1021_acs.jpcc.9b08176-1c-S6-P008,"[{""quantity"": ""recombination_probability"", ""scope"": ""paper"", ""values"": [5e-05, 6e-05, 7e-05], ""reason"": ""3 distinct recombination_probability values at paper scope (5e-05, 6e-05, 7e-05); not applied t"
empty_conditions_despite_numeric_caption,10.1021_acs.jpcc.9b08176-1c-S6-P008,panel conditions {} but caption carries numerics
legend_condition_without_structured_binding,10.1021_acs.jpcc.9b08176-1c-S6-P008,"label 'exposure time: t=10^2' carries [2.0, 10.0] but no matching controlled value"
conflicting_context,10.1021_acs.jpcc.9b08176-1c-S6-P009,"[{""quantity"": ""recombination_probability"", ""scope"": ""paper"", ""values"": [5e-05, 6e-05, 7e-05], ""reason"": ""3 distinct recombination_probability values at paper scope (5e-05, 6e-05, 7e-05); not applied t"
empty_conditions_despite_numeric_caption,10.1021_acs.jpcc.9b08176-1c-S6-P009,panel conditions {} but caption carries numerics
legend_condition_without_structured_binding,10.1021_acs.jpcc.9b08176-1c-S6-P009,"label 'exposure time: t=10^2' carries [2.0, 10.0] but no matching controlled value"
conflicting_context,10.1021_acs.jpcc.9b08176-1c-S6-P010,"[{""quantity"": ""recombination_probability"", ""scope"": ""paper"", ""values"": [5e-05, 6e-05, 7e-05], ""reason"": ""3 distinct recombination_probability values at paper scope (5e-05, 6e-05, 7e-05); not applied t"
empty_conditions_despite_numeric_caption,10.1021_acs.jpcc.9b08176-1c-S6-P010,panel conditions {} but caption carries numerics
legend_condition_without_structured_binding,10.1021_acs.jpcc.9b08176-1c-S6-P010,"label 'exposure time: t=10^2' carries [2.0, 10.0] but no matching controlled value"
conflicting_context,10.1021_acs.jpcc.9b08176-1c-S6-P011,"[{""quantity"": ""recombination_probability"", ""scope"": ""paper"", ""values"": [5e-05, 6e-05, 7e-05], ""reason"": ""3 distinct recombination_probability values at paper scope (5e-05, 6e-05, 7e-05); not applied t"
empty_conditions_despite_numeric_caption,10.1021_acs.jpcc.9b08176-1c-S6-P011,panel conditions {} but caption carries numerics
legend_condition_without_structured_binding,10.1021_acs.jpcc.9b08176-1c-S6-P011,"label 'exposure time: t=10^2' carries [2.0, 10.0] but no matching controlled value"
conflicting_context,10.1021_acs.jpcc.9b08176-1c-S6-P012,"[{""quantity"": ""recombination_probability"", ""scope"": ""paper"", ""values"": [5e-05, 6e-05, 7e-05], ""reason"": ""3 distinct recombination_probability values at paper scope (5e-05, 6e-05, 7e-05); not applied t"
empty_conditions_despite_numeric_caption,10.1021_acs.jpcc.9b08176-1c-S6-P012,panel conditions {} but caption carries numerics
legend_condition_without_structured_binding,10.1021_acs.jpcc.9b08176-1c-S6-P012,"label 'exposure time: t=10^2' carries [2.0, 10.0] but no matching controlled value"
conflicting_context,10.1021_acs.jpcc.9b08176-1c-S6-P013,"[{""quantity"": ""recombination_probability"", ""scope"": ""paper"", ""values"": [5e-05, 6e-05, 7e-05], ""reason"": ""3 distinct recombination_probability values at paper scope (5e-05, 6e-05, 7e-05); not applied t"
empty_conditions_despite_numeric_caption,10.1021_acs.jpcc.9b08176-1c-S6-P013,panel conditions {} but caption carries numerics
legend_condition_without_structured_binding,10.1021_acs.jpcc.9b08176-1c-S6-P013,"label 'exposure time: t=10^2' carries [2.0, 10.0] but no matching controlled value"
conflicting_context,10.1021_acs.jpcc.9b08176-1c-S7-P000,"[{""quantity"": ""recombination_probability"", ""scope"": ""paper"", ""values"": [5e-05, 6e-05, 7e-05], ""reason"": ""3 distinct recombination_probability values at paper scope (5e-05, 6e-05, 7e-05); not applied t"
empty_conditions_despite_numeric_caption,10.1021_acs.jpcc.9b08176-1c-S7-P000,panel conditions {} but caption carries numerics
legend_condition_without_structured_binding,10.1021_acs.jpcc.9b08176-1c-S7-P000,"label 'exposure time: t=10^3' carries [3.0, 10.0] but no matching controlled value"
conflicting_context,10.1021_acs.jpcc.9b08176-1c-S7-P001,"[{""quantity"": ""recombination_probability"", ""scope"": ""paper"", ""values"": [5e-05, 6e-05, 7e-05], ""reason"": ""3 distinct recombination_probability values at paper scope (5e-05, 6e-05, 7e-05); not applied t"
empty_conditions_despite_numeric_caption,10.1021_acs.jpcc.9b08176-1c-S7-P001,panel conditions {} but caption carries numerics
legend_condition_without_structured_binding,10.1021_acs.jpcc.9b08176-1c-S7-P001,"label 'exposure time: t=10^3' carries [3.0, 10.0] but no matching controlled value"
conflicting_context,10.1021_acs.jpcc.9b08176-1c-S7-P002,"[{""quantity"": ""recombination_probability"", ""scope"": ""paper"", ""values"": [5e-05, 6e-05, 7e-05], ""reason"": ""3 distinct recombination_probability values at paper scope (5e-05, 6e-05, 7e-05); not applied t"
empty_conditions_despite_numeric_caption,10.1021_acs.jpcc.9b08176-1c-S7-P002,panel conditions {} but caption carries numerics
legend_condition_without_structured_binding,10.1021_acs.jpcc.9b08176-1c-S7-P002,"label 'exposure time: t=10^3' carries [3.0, 10.0] but no matching controlled value"
conflicting_context,10.1021_acs.jpcc.9b08176-1c-S7-P003,"[{""quantity"": ""recombination_probability"", ""scope"": ""paper"", ""values"": [5e-05, 6e-05, 7e-05], ""reason"": ""3 distinct recombination_probability values at paper scope (5e-05, 6e-05, 7e-05); not applied t"
empty_conditions_despite_numeric_caption,10.1021_acs.jpcc.9b08176-1c-S7-P003,panel conditions {} but caption carries numerics
legend_condition_without_structured_binding,10.1021_acs.jpcc.9b08176-1c-S7-P003,"label 'exposure time: t=10^3' carries [3.0, 10.0] but no matching controlled value"
conflicting_context,10.1021_acs.jpcc.9b08176-1c-S7-P004,"[{""quantity"": ""recombination_probability"", ""scope"": ""paper"", ""values"": [5e-05, 6e-05, 7e-05], ""reason"": ""3 distinct recombination_probability values at paper scope (5e-05, 6e-05, 7e-05); not applied t"
empty_conditions_despite_numeric_caption,10.1021_acs.jpcc.9b08176-1c-S7-P004,panel conditions {} but caption carries numerics
legend_condition_without_structured_binding,10.1021_acs.jpcc.9b08176-1c-S7-P004,"label 'exposure time: t=10^3' carries [3.0, 10.0] but no matching controlled value"
conflicting_context,10.1021_acs.jpcc.9b08176-1c-S7-P005,"[{""quantity"": ""recombination_probability"", ""scope"": ""paper"", ""values"": [5e-05, 6e-05, 7e-05], ""reason"": ""3 distinct recombination_probability values at paper scope (5e-05, 6e-05, 7e-05); not applied t"
empty_conditions_despite_numeric_caption,10.1021_acs.jpcc.9b08176-1c-S7-P005,panel conditions {} but caption carries numerics
legend_condition_without_structured_binding,10.1021_acs.jpcc.9b08176-1c-S7-P005,"label 'exposure time: t=10^3' carries [3.0, 10.0] but no matching controlled value"
conflicting_context,10.1021_acs.jpcc.9b08176-1c-S7-P006,"[{""quantity"": ""recombination_probability"", ""scope"": ""paper"", ""values"": [5e-05, 6e-05, 7e-05], ""reason"": ""3 distinct recombination_probability values at paper scope (5e-05, 6e-05, 7e-05); not applied t"
empty_conditions_despite_numeric_caption,10.1021_acs.jpcc.9b08176-1c-S7-P006,panel conditions {} but caption carries numerics
legend_condition_without_structured_binding,10.1021_acs.jpcc.9b08176-1c-S7-P006,"label 'exposure time: t=10^3' carries [3.0, 10.0] but no matching controlled value"
conflicting_context,10.1021_acs.jpcc.9b08176-1c-S7-P007,"[{""quantity"": ""recombination_probability"", ""scope"": ""paper"", ""values"": [5e-05, 6e-05, 7e-05], ""reason"": ""3 distinct recombination_probability values at paper scope (5e-05, 6e-05, 7e-05); not applied t"
empty_conditions_despite_numeric_caption,10.1021_acs.jpcc.9b08176-1c-S7-P007,panel conditions {} but caption carries numerics
legend_condition_without_structured_binding,10.1021_acs.jpcc.9b08176-1c-S7-P007,"label 'exposure time: t=10^3' carries [3.0, 10.0] but no matching controlled value"
conflicting_context,10.1021_acs.jpcc.9b08176-1c-S7-P008,"[{""quantity"": ""recombination_probability"", ""scope"": ""paper"", ""values"": [5e-05, 6e-05, 7e-05], ""reason"": ""3 distinct recombination_probability values at paper scope (5e-05, 6e-05, 7e-05); not applied t"
empty_conditions_despite_numeric_caption,10.1021_acs.jpcc.9b08176-1c-S7-P008,panel conditions {} but caption carries numerics
legend_condition_without_structured_binding,10.1021_acs.jpcc.9b08176-1c-S7-P008,"label 'exposure time: t=10^3' carries [3.0, 10.0] but no matching controlled value"
conflicting_context,10.1021_acs.jpcc.9b08176-1c-S7-P009,"[{""quantity"": ""recombination_probability"", ""scope"": ""paper"", ""values"": [5e-05, 6e-05, 7e-05], ""reason"": ""3 distinct recombination_probability values at paper scope (5e-05, 6e-05, 7e-05); not applied t"
empty_conditions_despite_numeric_caption,10.1021_acs.jpcc.9b08176-1c-S7-P009,panel conditions {} but caption carries numerics
legend_condition_without_structured_binding,10.1021_acs.jpcc.9b08176-1c-S7-P009,"label 'exposure time: t=10^3' carries [3.0, 10.0] but no matching controlled value"
conflicting_context,10.1021_acs.jpcc.9b08176-1c-S7-P010,"[{""quantity"": ""recombination_probability"", ""scope"": ""paper"", ""values"": [5e-05, 6e-05, 7e-05], ""reason"": ""3 distinct recombination_probability values at paper scope (5e-05, 6e-05, 7e-05); not applied t"
empty_conditions_despite_numeric_caption,10.1021_acs.jpcc.9b08176-1c-S7-P010,panel conditions {} but caption carries numerics
legend_condition_without_structured_binding,10.1021_acs.jpcc.9b08176-1c-S7-P010,"label 'exposure time: t=10^3' carries [3.0, 10.0] but no matching controlled value"
conflicting_context,10.1021_acs.jpcc.9b08176-1c-S7-P011,"[{""quantity"": ""recombination_probability"", ""scope"": ""paper"", ""values"": [5e-05, 6e-05, 7e-05], ""reason"": ""3 distinct recombination_probability values at paper scope (5e-05, 6e-05, 7e-05); not applied t"
empty_conditions_despite_numeric_caption,10.1021_acs.jpcc.9b08176-1c-S7-P011,panel conditions {} but caption carries numerics
legend_condition_without_structured_binding,10.1021_acs.jpcc.9b08176-1c-S7-P011,"label 'exposure time: t=10^3' carries [3.0, 10.0] but no matching controlled value"
conflicting_context,10.1021_acs.jpcc.9b08176-1c-S7-P012,"[{""quantity"": ""recombination_probability"", ""scope"": ""paper"", ""values"": [5e-05, 6e-05, 7e-05], ""reason"": ""3 distinct recombination_probability values at paper scope (5e-05, 6e-05, 7e-05); not applied t"
empty_conditions_despite_numeric_caption,10.1021_acs.jpcc.9b08176-1c-S7-P012,panel conditions {} but caption carries numerics
legend_condition_without_structured_binding,10.1021_acs.jpcc.9b08176-1c-S7-P012,"label 'exposure time: t=10^3' carries [3.0, 10.0] but no matching controlled value"
conflicting_context,10.1021_acs.jpcc.9b08176-1c-S7-P013,"[{""quantity"": ""recombination_probability"", ""scope"": ""paper"", ""values"": [5e-05, 6e-05, 7e-05], ""reason"": ""3 distinct recombination_probability values at paper scope (5e-05, 6e-05, 7e-05); not applied t"
empty_conditions_despite_numeric_caption,10.1021_acs.jpcc.9b08176-1c-S7-P013,panel conditions {} but caption carries numerics
legend_condition_without_structured_binding,10.1021_acs.jpcc.9b08176-1c-S7-P013,"label 'exposure time: t=10^3' carries [3.0, 10.0] but no matching controlled value"
conflicting_context,10.1021_acs.jpcc.9b08176-1c-S8-P000,"[{""quantity"": ""recombination_probability"", ""scope"": ""paper"", ""values"": [5e-05, 6e-05, 7e-05], ""reason"": ""3 distinct recombination_probability values at paper scope (5e-05, 6e-05, 7e-05); not applied t"
empty_conditions_despite_numeric_caption,10.1021_acs.jpcc.9b08176-1c-S8-P000,panel conditions {} but caption carries numerics
legend_condition_without_structured_binding,10.1021_acs.jpcc.9b08176-1c-S8-P000,"label 'exposure time: t=10^4' carries [4.0, 10.0] but no matching controlled value"
conflicting_context,10.1021_acs.jpcc.9b08176-1c-S8-P001,"[{""quantity"": ""recombination_probability"", ""scope"": ""paper"", ""values"": [5e-05, 6e-05, 7e-05], ""reason"": ""3 distinct recombination_probability values at paper scope (5e-05, 6e-05, 7e-05); not applied t"
empty_conditions_despite_numeric_caption,10.1021_acs.jpcc.9b08176-1c-S8-P001,panel conditions {} but caption carries numerics
legend_condition_without_structured_binding,10.1021_acs.jpcc.9b08176-1c-S8-P001,"label 'exposure time: t=10^4' carries [4.0, 10.0] but no matching controlled value"
conflicting_context,10.1021_acs.jpcc.9b08176-1c-S8-P002,"[{""quantity"": ""recombination_probability"", ""scope"": ""paper"", ""values"": [5e-05, 6e-05, 7e-05], ""reason"": ""3 distinct recombination_probability values at paper scope (5e-05, 6e-05, 7e-05); not applied t"
empty_conditions_despite_numeric_caption,10.1021_acs.jpcc.9b08176-1c-S8-P002,panel conditions {} but caption carries numerics
legend_condition_without_structured_binding,10.1021_acs.jpcc.9b08176-1c-S8-P002,"label 'exposure time: t=10^4' carries [4.0, 10.0] but no matching controlled value"
conflicting_context,10.1021_acs.jpcc.9b08176-1c-S8-P003,"[{""quantity"": ""recombination_probability"", ""scope"": ""paper"", ""values"": [5e-05, 6e-05, 7e-05], ""reason"": ""3 distinct recombination_probability values at paper scope (5e-05, 6e-05, 7e-05); not applied t"
empty_conditions_despite_numeric_caption,10.1021_acs.jpcc.9b08176-1c-S8-P003,panel conditions {} but caption carries numerics
legend_condition_without_structured_binding,10.1021_acs.jpcc.9b08176-1c-S8-P003,"label 'exposure time: t=10^4' carries [4.0, 10.0] but no matching controlled value"
conflicting_context,10.1021_acs.jpcc.9b08176-1c-S8-P004,"[{""quantity"": ""recombination_probability"", ""scope"": ""paper"", ""values"": [5e-05, 6e-05, 7e-05], ""reason"": ""3 distinct recombination_probability values at paper scope (5e-05, 6e-05, 7e-05); not applied t"
empty_conditions_despite_numeric_caption,10.1021_acs.jpcc.9b08176-1c-S8-P004,panel conditions {} but caption carries numerics
legend_condition_without_structured_binding,10.1021_acs.jpcc.9b08176-1c-S8-P004,"label 'exposure time: t=10^4' carries [4.0, 10.0] but no matching controlled value"
conflicting_context,10.1021_acs.jpcc.9b08176-1c-S8-P005,"[{""quantity"": ""recombination_probability"", ""scope"": ""paper"", ""values"": [5e-05, 6e-05, 7e-05], ""reason"": ""3 distinct recombination_probability values at paper scope (5e-05, 6e-05, 7e-05); not applied t"
empty_conditions_despite_numeric_caption,10.1021_acs.jpcc.9b08176-1c-S8-P005,panel conditions {} but caption carries numerics
legend_condition_without_structured_binding,10.1021_acs.jpcc.9b08176-1c-S8-P005,"label 'exposure time: t=10^4' carries [4.0, 10.0] but no matching controlled value"
conflicting_context,10.1021_acs.jpcc.9b08176-1c-S8-P006,"[{""quantity"": ""recombination_probability"", ""scope"": ""paper"", ""values"": [5e-05, 6e-05, 7e-05], ""reason"": ""3 distinct recombination_probability values at paper scope (5e-05, 6e-05, 7e-05); not applied t"
empty_conditions_despite_numeric_caption,10.1021_acs.jpcc.9b08176-1c-S8-P006,panel conditions {} but caption carries numerics
legend_condition_without_structured_binding,10.1021_acs.jpcc.9b08176-1c-S8-P006,"label 'exposure time: t=10^4' carries [4.0, 10.0] but no matching controlled value"
conflicting_context,10.1021_acs.jpcc.9b08176-1c-S8-P007,"[{""quantity"": ""recombination_probability"", ""scope"": ""paper"", ""values"": [5e-05, 6e-05, 7e-05], ""reason"": ""3 distinct recombination_probability values at paper scope (5e-05, 6e-05, 7e-05); not applied t"
empty_conditions_despite_numeric_caption,10.1021_acs.jpcc.9b08176-1c-S8-P007,panel conditions {} but caption carries numerics
legend_condition_without_structured_binding,10.1021_acs.jpcc.9b08176-1c-S8-P007,"label 'exposure time: t=10^4' carries [4.0, 10.0] but no matching controlled value"
conflicting_context,10.1021_acs.jpcc.9b08176-1c-S8-P008,"[{""quantity"": ""recombination_probability"", ""scope"": ""paper"", ""values"": [5e-05, 6e-05, 7e-05], ""reason"": ""3 distinct recombination_probability values at paper scope (5e-05, 6e-05, 7e-05); not applied t"
empty_conditions_despite_numeric_caption,10.1021_acs.jpcc.9b08176-1c-S8-P008,panel conditions {} but caption carries numerics
legend_condition_without_structured_binding,10.1021_acs.jpcc.9b08176-1c-S8-P008,"label 'exposure time: t=10^4' carries [4.0, 10.0] but no matching controlled value"
conflicting_context,10.1021_acs.jpcc.9b08176-1c-S8-P009,"[{""quantity"": ""recombination_probability"", ""scope"": ""paper"", ""values"": [5e-05, 6e-05, 7e-05], ""reason"": ""3 distinct recombination_probability values at paper scope (5e-05, 6e-05, 7e-05); not applied t"
empty_conditions_despite_numeric_caption,10.1021_acs.jpcc.9b08176-1c-S8-P009,panel conditions {} but caption carries numerics
legend_condition_without_structured_binding,10.1021_acs.jpcc.9b08176-1c-S8-P009,"label 'exposure time: t=10^4' carries [4.0, 10.0] but no matching controlled value"
conflicting_context,10.1021_acs.jpcc.9b08176-1c-S8-P010,"[{""quantity"": ""recombination_probability"", ""scope"": ""paper"", ""values"": [5e-05, 6e-05, 7e-05], ""reason"": ""3 distinct recombination_probability values at paper scope (5e-05, 6e-05, 7e-05); not applied t"
empty_conditions_despite_numeric_caption,10.1021_acs.jpcc.9b08176-1c-S8-P010,panel conditions {} but caption carries numerics
legend_condition_without_structured_binding,10.1021_acs.jpcc.9b08176-1c-S8-P010,"label 'exposure time: t=10^4' carries [4.0, 10.0] but no matching controlled value"
conflicting_context,10.1021_acs.jpcc.9b08176-1c-S8-P011,"[{""quantity"": ""recombination_probability"", ""scope"": ""paper"", ""values"": [5e-05, 6e-05, 7e-05], ""reason"": ""3 distinct recombination_probability values at paper scope (5e-05, 6e-05, 7e-05); not applied t"
empty_conditions_despite_numeric_caption,10.1021_acs.jpcc.9b08176-1c-S8-P011,panel conditions {} but caption carries numerics
legend_condition_without_structured_binding,10.1021_acs.jpcc.9b08176-1c-S8-P011,"label 'exposure time: t=10^4' carries [4.0, 10.0] but no matching controlled value"
conflicting_context,10.1021_acs.jpcc.9b08176-1c-S8-P012,"[{""quantity"": ""recombination_probability"", ""scope"": ""paper"", ""values"": [5e-05, 6e-05, 7e-05], ""reason"": ""3 distinct recombination_probability values at paper scope (5e-05, 6e-05, 7e-05); not applied t"
empty_conditions_despite_numeric_caption,10.1021_acs.jpcc.9b08176-1c-S8-P012,panel conditions {} but caption carries numerics
legend_condition_without_structured_binding,10.1021_acs.jpcc.9b08176-1c-S8-P012,"label 'exposure time: t=10^4' carries [4.0, 10.0] but no matching controlled value"
conflicting_context,10.1021_acs.jpcc.9b08176-1c-S8-P013,"[{""quantity"": ""recombination_probability"", ""scope"": ""paper"", ""values"": [5e-05, 6e-05, 7e-05], ""reason"": ""3 distinct recombination_probability values at paper scope (5e-05, 6e-05, 7e-05); not applied t"
empty_conditions_despite_numeric_caption,10.1021_acs.jpcc.9b08176-1c-S8-P013,panel conditions {} but caption carries numerics
legend_condition_without_structured_binding,10.1021_acs.jpcc.9b08176-1c-S8-P013,"label 'exposure time: t=10^4' carries [4.0, 10.0] but no matching controlled value"
conflicting_context,10.1021_acs.jpcc.9b08176-2a-S9-P000,"[{""quantity"": ""recombination_probability"", ""scope"": ""paper"", ""values"": [5e-05, 6e-05, 7e-05], ""reason"": ""3 distinct recombination_probability values at paper scope (5e-05, 6e-05, 7e-05); not applied t"
empty_conditions_despite_numeric_caption,10.1021_acs.jpcc.9b08176-2a-S9-P000,panel conditions {} but caption carries numerics
conflicting_context,10.1021_acs.jpcc.9b08176-2a-S9-P001,"[{""quantity"": ""recombination_probability"", ""scope"": ""paper"", ""values"": [5e-05, 6e-05, 7e-05], ""reason"": ""3 distinct recombination_probability values at paper scope (5e-05, 6e-05, 7e-05); not applied t"
empty_conditions_despite_numeric_caption,10.1021_acs.jpcc.9b08176-2a-S9-P001,panel conditions {} but caption carries numerics
conflicting_context,10.1021_acs.jpcc.9b08176-2a-S9-P002,"[{""quantity"": ""recombination_probability"", ""scope"": ""paper"", ""values"": [5e-05, 6e-05, 7e-05], ""reason"": ""3 distinct recombination_probability values at paper scope (5e-05, 6e-05, 7e-05); not applied t"
empty_conditions_despite_numeric_caption,10.1021_acs.jpcc.9b08176-2a-S9-P002,panel conditions {} but caption carries numerics
conflicting_context,10.1021_acs.jpcc.9b08176-2a-S9-P003,"[{""quantity"": ""recombination_probability"", ""scope"": ""paper"", ""values"": [5e-05, 6e-05, 7e-05], ""reason"": ""3 distinct recombination_probability values at paper scope (5e-05, 6e-05, 7e-05); not applied t"
empty_conditions_despite_numeric_caption,10.1021_acs.jpcc.9b08176-2a-S9-P003,panel conditions {} but caption carries numerics
conflicting_context,10.1021_acs.jpcc.9b08176-2a-S10-P000,"[{""quantity"": ""recombination_probability"", ""scope"": ""paper"", ""values"": [5e-05, 6e-05, 7e-05], ""reason"": ""3 distinct recombination_probability values at paper scope (5e-05, 6e-05, 7e-05); not applied t"
empty_conditions_despite_numeric_caption,10.1021_acs.jpcc.9b08176-2a-S10-P000,panel conditions {} but caption carries numerics
conflicting_context,10.1021_acs.jpcc.9b08176-2a-S10-P001,"[{""quantity"": ""recombination_probability"", ""scope"": ""paper"", ""values"": [5e-05, 6e-05, 7e-05], ""reason"": ""3 distinct recombination_probability values at paper scope (5e-05, 6e-05, 7e-05); not applied t"
empty_conditions_despite_numeric_caption,10.1021_acs.jpcc.9b08176-2a-S10-P001,panel conditions {} but caption carries numerics
conflicting_context,10.1021_acs.jpcc.9b08176-F2a-11,"[{""quantity"": ""recombination_probability"", ""scope"": ""paper"", ""values"": [5e-05, 6e-05, 7e-05], ""reason"": ""3 distinct recombination_probability values at paper scope (5e-05, 6e-05, 7e-05); not applied t"
empty_conditions_despite_numeric_caption,10.1021_acs.jpcc.9b08176-F2a-11,panel conditions {} but caption carries numerics
conflicting_context,10.1021_acs.jpcc.9b08176-F2a-12,"[{""quantity"": ""recombination_probability"", ""scope"": ""paper"", ""values"": [5e-05, 6e-05, 7e-05], ""reason"": ""3 distinct recombination_probability values at paper scope (5e-05, 6e-05, 7e-05); not applied t"
empty_conditions_despite_numeric_caption,10.1021_acs.jpcc.9b08176-F2a-12,panel conditions {} but caption carries numerics
conflicting_context,10.1021_acs.jpcc.9b08176-3a-S11-P000,"[{""quantity"": ""recombination_probability"", ""scope"": ""paper"", ""values"": [5e-05, 6e-05, 7e-05], ""reason"": ""3 distinct recombination_probability values at paper scope (5e-05, 6e-05, 7e-05); not applied t"
conflicting_context,10.1021_acs.jpcc.9b08176-3a-S11-P001,"[{""quantity"": ""recombination_probability"", ""scope"": ""paper"", ""values"": [5e-05, 6e-05, 7e-05], ""reason"": ""3 distinct recombination_probability values at paper scope (5e-05, 6e-05, 7e-05); not applied t"
conflicting_context,10.1021_acs.jpcc.9b08176-3a-S11-P002,"[{""quantity"": ""recombination_probability"", ""scope"": ""paper"", ""values"": [5e-05, 6e-05, 7e-05], ""reason"": ""3 distinct recombination_probability values at paper scope (5e-05, 6e-05, 7e-05); not applied t"
conflicting_context,10.1021_acs.jpcc.9b08176-3a-S11-P003,"[{""quantity"": ""recombination_probability"", ""scope"": ""paper"", ""values"": [5e-05, 6e-05, 7e-05], ""reason"": ""3 distinct recombination_probability values at paper scope (5e-05, 6e-05, 7e-05); not applied t"
conflicting_context,10.1021_acs.jpcc.9b08176-3a-S12-P000,"[{""quantity"": ""recombination_probability"", ""scope"": ""paper"", ""values"": [5e-05, 6e-05, 7e-05], ""reason"": ""3 distinct recombination_probability values at paper scope (5e-05, 6e-05, 7e-05); not applied t"
conflicting_context,10.1021_acs.jpcc.9b08176-3a-S12-P001,"[{""quantity"": ""recombination_probability"", ""scope"": ""paper"", ""values"": [5e-05, 6e-05, 7e-05], ""reason"": ""3 distinct recombination_probability values at paper scope (5e-05, 6e-05, 7e-05); not applied t"
pressure_in_source_not_in_output,10.1039_c5tc03561a-2a-S0-P000,document.md states a pressure; record has none usable
pressure_in_source_not_in_output,10.1039_c5tc03561a-2a-S0-P001,document.md states a pressure; record has none usable
pressure_in_source_not_in_output,10.1039_c5tc03561a-2a-S0-P002,document.md states a pressure; record has none usable
pressure_in_source_not_in_output,10.1039_c5tc03561a-2b-S1-P000,document.md states a pressure; record has none usable
pressure_in_source_not_in_output,10.1039_c5tc03561a-2b-S1-P001,document.md states a pressure; record has none usable
pressure_in_source_not_in_output,10.1039_c5tc03561a-2b-S1-P002,document.md states a pressure; record has none usable
pressure_in_source_not_in_output,10.1039_c5tc03561a-2b-S1-P003,document.md states a pressure; record has none usable
pressure_in_source_not_in_output,10.1039_c5tc03561a-2b-S1-P004,document.md states a pressure; record has none usable
pressure_in_source_not_in_output,10.1039_c5tc03561a-3a-S2-P000,document.md states a pressure; record has none usable
pressure_in_source_not_in_output,10.1039_c5tc03561a-3a-S2-P001,document.md states a pressure; record has none usable
pressure_in_source_not_in_output,10.1039_c5tc03561a-3a-S2-P002,document.md states a pressure; record has none usable
pressure_in_source_not_in_output,10.1039_c5tc03561a-3b-S3-P000,document.md states a pressure; record has none usable
pressure_in_source_not_in_output,10.1039_c5tc03561a-3b-S3-P001,document.md states a pressure; record has none usable
pressure_in_source_not_in_output,10.1039_c5tc03561a-3b-S3-P002,document.md states a pressure; record has none usable
pressure_in_source_not_in_output,10.1039_c5tc03561a-3b-S3-P003,document.md states a pressure; record has none usable
pressure_in_source_not_in_output,10.1039_c5tc03561a-F4a-4,document.md states a pressure; record has none usable
pressure_in_source_not_in_output,10.1039_c5tc03561a-F4a-5,document.md states a pressure; record has none usable
pressure_in_source_not_in_output,10.1039_c5tc03561a-F4a-6,document.md states a pressure; record has none usable
pressure_in_source_not_in_output,10.1039_c5tc03561a-F4a-7,document.md states a pressure; record has none usable
pressure_in_source_not_in_output,10.1039_c5tc03561a-F7a-8,document.md states a pressure; record has none usable
pressure_in_source_not_in_output,10.1039_c5tc03561a-F7a-9,document.md states a pressure; record has none usable
pressure_in_source_not_in_output,10.1039_c5tc03561a-F7a-10,document.md states a pressure; record has none usable
pressure_in_source_not_in_output,10.1039_c5tc03561a-F7a-11,document.md states a pressure; record has none usable
pressure_in_source_not_in_output,10.1039_c5tc03561a-F7a-12,document.md states a pressure; record has none usable
pressure_in_source_not_in_output,10.1039_c5tc03561a-F8a-13,document.md states a pressure; record has none usable
pressure_in_source_not_in_output,10.1039_c6dt03571j-5a-S0-P000,document.md states a pressure; record has none usable
empty_conditions_despite_numeric_caption,10.1039_c6dt03571j-5a-S0-P000,panel conditions {} but caption carries numerics
pressure_in_source_not_in_output,10.1039_c6dt03571j-5a-S0-P001,document.md states a pressure; record has none usable
empty_conditions_despite_numeric_caption,10.1039_c6dt03571j-5a-S0-P001,panel conditions {} but caption carries numerics
pressure_in_source_not_in_output,10.1039_c6dt03571j-5a-S0-P002,document.md states a pressure; record has none usable
empty_conditions_despite_numeric_caption,10.1039_c6dt03571j-5a-S0-P002,panel conditions {} but caption carries numerics
pressure_in_source_not_in_output,10.1039_c6dt03571j-5a-S0-P003,document.md states a pressure; record has none usable
empty_conditions_despite_numeric_caption,10.1039_c6dt03571j-5a-S0-P003,panel conditions {} but caption carries numerics
pressure_in_source_not_in_output,10.1039_c6dt03571j-5a-S0-P004,document.md states a pressure; record has none usable
empty_conditions_despite_numeric_caption,10.1039_c6dt03571j-5a-S0-P004,panel conditions {} but caption carries numerics
pressure_in_source_not_in_output,10.1039_c6dt03571j-5a-S0-P005,document.md states a pressure; record has none usable
empty_conditions_despite_numeric_caption,10.1039_c6dt03571j-5a-S0-P005,panel conditions {} but caption carries numerics
pressure_in_source_not_in_output,10.1039_c6dt03571j-5a-S0-P006,document.md states a pressure; record has none usable
empty_conditions_despite_numeric_caption,10.1039_c6dt03571j-5a-S0-P006,panel conditions {} but caption carries numerics
pressure_in_source_not_in_output,10.1039_c6dt03571j-5b-S1-P000,document.md states a pressure; record has none usable
pressure_in_source_not_in_output,10.1039_c6dt03571j-5b-S1-P001,document.md states a pressure; record has none usable
pressure_in_source_not_in_output,10.1039_c6dt03571j-5b-S1-P002,document.md states a pressure; record has none usable
pressure_in_source_not_in_output,10.1039_c6dt03571j-5c-S2-P000,document.md states a pressure; record has none usable
pressure_in_source_not_in_output,10.1039_c6dt03571j-5c-S2-P001,document.md states a pressure; record has none usable
pressure_in_source_not_in_output,10.1039_c6dt03571j-5c-S2-P002,document.md states a pressure; record has none usable
pressure_in_source_not_in_output,10.1039_c6dt03571j-5c-S2-P003,document.md states a pressure; record has none usable
pressure_in_source_not_in_output,10.1039_c6dt03571j-5c-S2-P004,document.md states a pressure; record has none usable
pressure_in_source_not_in_output,10.1039_c6dt03571j-5c-S2-P005,document.md states a pressure; record has none usable
pressure_in_source_not_in_output,10.1039_c6dt03571j-5d-S3-P000,document.md states a pressure; record has none usable
pressure_in_source_not_in_output,10.1039_c6dt03571j-5d-S3-P001,document.md states a pressure; record has none usable
pressure_in_source_not_in_output,10.1039_c6dt03571j-5d-S3-P002,document.md states a pressure; record has none usable
pressure_in_source_not_in_output,10.1039_c6dt03571j-5d-S3-P003,document.md states a pressure; record has none usable
pressure_in_source_not_in_output,10.1039_c6dt03571j-5d-S3-P004,document.md states a pressure; record has none usable
pressure_in_source_not_in_output,10.1039_c6dt03571j-5d-S3-P005,document.md states a pressure; record has none usable
pressure_in_source_not_in_output,10.1039_c6dt03571j-F6a-4,document.md states a pressure; record has none usable
pressure_in_source_not_in_output,10.1039_c6dt03571j-F6a-5,document.md states a pressure; record has none usable
pressure_in_source_not_in_output,10.1039_c6dt03571j-F6a-6,document.md states a pressure; record has none usable
pressure_in_source_not_in_output,10.1039_c6dt03571j-F6a-7,document.md states a pressure; record has none usable
pressure_in_source_not_in_output,10.1039_c6dt03571j-F6a-8,document.md states a pressure; record has none usable
pressure_in_source_not_in_output,10.1039_c6dt03571j-F6a-9,document.md states a pressure; record has none usable
pressure_in_source_not_in_output,10.1039_c6dt03571j-F6a-10,document.md states a pressure; record has none usable
pressure_in_source_not_in_output,10.1039_c6dt03571j-F7a-11,document.md states a pressure; record has none usable
empty_conditions_despite_numeric_caption,10.1039_c6dt03571j-F7a-11,panel conditions {} but caption carries numerics
pressure_in_source_not_in_output,10.1039_c6dt03571j-F7a-12,document.md states a pressure; record has none usable
empty_conditions_despite_numeric_caption,10.1039_c6dt03571j-F7a-12,panel conditions {} but caption carries numerics
pressure_in_source_not_in_output,10.1039_c6dt03571j-F7a-13,document.md states a pressure; record has none usable
empty_conditions_despite_numeric_caption,10.1039_c6dt03571j-F7a-13,panel conditions {} but caption carries numerics
pressure_in_source_not_in_output,10.1039_c6dt03571j-F7a-14,document.md states a pressure; record has none usable
empty_conditions_despite_numeric_caption,10.1039_c6dt03571j-F7a-14,panel conditions {} but caption carries numerics
pressure_in_source_not_in_output,10.1039_c6dt03571j-F7a-15,document.md states a pressure; record has none usable
empty_conditions_despite_numeric_caption,10.1039_c6dt03571j-F7a-15,panel conditions {} but caption carries numerics
pressure_in_source_not_in_output,10.1039_c6dt03571j-F7a-16,document.md states a pressure; record has none usable
empty_conditions_despite_numeric_caption,10.1039_c6dt03571j-F7a-16,panel conditions {} but caption carries numerics
pressure_in_source_not_in_output,10.1039_c6dt03571j-F7a-17,document.md states a pressure; record has none usable
empty_conditions_despite_numeric_caption,10.1039_c6dt03571j-F7a-17,panel conditions {} but caption carries numerics
pressure_in_source_not_in_output,10.1039_c6dt03571j-F8a-18,document.md states a pressure; record has none usable
pressure_in_source_not_in_output,10.1039_c6dt03571j-F8a-19,document.md states a pressure; record has none usable
pressure_in_source_not_in_output,10.1039_c6dt03571j-F8-20,document.md states a pressure; record has none usable
empty_conditions_despite_numeric_caption,10.1039_c6dt03571j-F8-20,panel conditions {} but caption carries numerics
legend_condition_without_structured_binding,10.1039_c6dt03571j-F8-20,label 'series: As introduced O 1s' carries [1.0] but no matching controlled value
pressure_in_source_not_in_output,10.1039_c6dt03571j-F8-21,document.md states a pressure; record has none usable
empty_conditions_despite_numeric_caption,10.1039_c6dt03571j-F8-21,panel conditions {} but caption carries numerics
legend_condition_without_structured_binding,10.1039_c6dt03571j-F8-21,label 'series: Sputtered O 1s' carries [1.0] but no matching controlled value
pressure_in_source_not_in_output,10.1039_c6dt03571j-F8-22,document.md states a pressure; record has none usable
empty_conditions_despite_numeric_caption,10.1039_c6dt03571j-F8-22,panel conditions {} but caption carries numerics
pressure_in_source_not_in_output,10.1039_c6dt03571j-F8-23,document.md states a pressure; record has none usable
empty_conditions_despite_numeric_caption,10.1039_c6dt03571j-F8-23,panel conditions {} but caption carries numerics
pressure_in_source_not_in_output,10.1039_c6dt03571j-F9a-24,document.md states a pressure; record has none usable
pressure_in_source_not_in_output,10.1039_c6dt03571j-F9b-25,document.md states a pressure; record has none usable
pressure_in_source_not_in_output,10.1039_c7ra07722j-2-S0-P000,document.md states a pressure; record has none usable
empty_conditions_despite_numeric_caption,10.1039_c7ra07722j-2-S0-P000,panel conditions {} but caption carries numerics
figure_geometry_broadcast_across_figures,10.1039_c7ra07722j-2-S0-P000,2 distinct paper-scope geometry values attached
pressure_in_source_not_in_output,10.1039_c7ra07722j-2-S0-P001,document.md states a pressure; record has none usable
empty_conditions_despite_numeric_caption,10.1039_c7ra07722j-2-S0-P001,panel conditions {} but caption carries numerics
figure_geometry_broadcast_across_figures,10.1039_c7ra07722j-2-S0-P001,2 distinct paper-scope geometry values attached
pressure_in_source_not_in_output,10.1039_c7ra07722j-2-S0-P002,document.md states a pressure; record has none usable
empty_conditions_despite_numeric_caption,10.1039_c7ra07722j-2-S0-P002,panel conditions {} but caption carries numerics
figure_geometry_broadcast_across_figures,10.1039_c7ra07722j-2-S0-P002,2 distinct paper-scope geometry values attached
pressure_in_source_not_in_output,10.1039_c7ra07722j-2-S0-P003,document.md states a pressure; record has none usable
empty_conditions_despite_numeric_caption,10.1039_c7ra07722j-2-S0-P003,panel conditions {} but caption carries numerics
figure_geometry_broadcast_across_figures,10.1039_c7ra07722j-2-S0-P003,2 distinct paper-scope geometry values attached
pressure_in_source_not_in_output,10.1039_c7ra07722j-2-S0-P004,document.md states a pressure; record has none usable
empty_conditions_despite_numeric_caption,10.1039_c7ra07722j-2-S0-P004,panel conditions {} but caption carries numerics
figure_geometry_broadcast_across_figures,10.1039_c7ra07722j-2-S0-P004,2 distinct paper-scope geometry values attached
pressure_in_source_not_in_output,10.1039_c7ra07722j-2-S0-P005,document.md states a pressure; record has none usable
empty_conditions_despite_numeric_caption,10.1039_c7ra07722j-2-S0-P005,panel conditions {} but caption carries numerics
figure_geometry_broadcast_across_figures,10.1039_c7ra07722j-2-S0-P005,2 distinct paper-scope geometry values attached
pressure_in_source_not_in_output,10.1039_c7ra07722j-2-S0-P006,document.md states a pressure; record has none usable
empty_conditions_despite_numeric_caption,10.1039_c7ra07722j-2-S0-P006,panel conditions {} but caption carries numerics
figure_geometry_broadcast_across_figures,10.1039_c7ra07722j-2-S0-P006,2 distinct paper-scope geometry values attached
pressure_in_source_not_in_output,10.1039_c7ra07722j-2-S0-P007,document.md states a pressure; record has none usable
empty_conditions_despite_numeric_caption,10.1039_c7ra07722j-2-S0-P007,panel conditions {} but caption carries numerics
figure_geometry_broadcast_across_figures,10.1039_c7ra07722j-2-S0-P007,2 distinct paper-scope geometry values attached
pressure_in_source_not_in_output,10.1039_c7ra07722j-2-S1-P000,document.md states a pressure; record has none usable
empty_conditions_despite_numeric_caption,10.1039_c7ra07722j-2-S1-P000,panel conditions {} but caption carries numerics
figure_geometry_broadcast_across_figures,10.1039_c7ra07722j-2-S1-P000,2 distinct paper-scope geometry values attached
pressure_in_source_not_in_output,10.1039_c7ra07722j-2-S1-P001,document.md states a pressure; record has none usable
empty_conditions_despite_numeric_caption,10.1039_c7ra07722j-2-S1-P001,panel conditions {} but caption carries numerics
figure_geometry_broadcast_across_figures,10.1039_c7ra07722j-2-S1-P001,2 distinct paper-scope geometry values attached
pressure_in_source_not_in_output,10.1039_c7ra07722j-2-S1-P002,document.md states a pressure; record has none usable
empty_conditions_despite_numeric_caption,10.1039_c7ra07722j-2-S1-P002,panel conditions {} but caption carries numerics
figure_geometry_broadcast_across_figures,10.1039_c7ra07722j-2-S1-P002,2 distinct paper-scope geometry values attached
pressure_in_source_not_in_output,10.1039_c7ra07722j-2-S1-P003,document.md states a pressure; record has none usable
empty_conditions_despite_numeric_caption,10.1039_c7ra07722j-2-S1-P003,panel conditions {} but caption carries numerics
figure_geometry_broadcast_across_figures,10.1039_c7ra07722j-2-S1-P003,2 distinct paper-scope geometry values attached
pressure_in_source_not_in_output,10.1039_c7ra07722j-2-S2-P000,document.md states a pressure; record has none usable
empty_conditions_despite_numeric_caption,10.1039_c7ra07722j-2-S2-P000,panel conditions {} but caption carries numerics
figure_geometry_broadcast_across_figures,10.1039_c7ra07722j-2-S2-P000,2 distinct paper-scope geometry values attached
pressure_in_source_not_in_output,10.1039_c7ra07722j-2-S2-P001,document.md states a pressure; record has none usable
empty_conditions_despite_numeric_caption,10.1039_c7ra07722j-2-S2-P001,panel conditions {} but caption carries numerics
figure_geometry_broadcast_across_figures,10.1039_c7ra07722j-2-S2-P001,2 distinct paper-scope geometry values attached
pressure_in_source_not_in_output,10.1039_c7ra07722j-2-S2-P002,document.md states a pressure; record has none usable
empty_conditions_despite_numeric_caption,10.1039_c7ra07722j-2-S2-P002,panel conditions {} but caption carries numerics
figure_geometry_broadcast_across_figures,10.1039_c7ra07722j-2-S2-P002,2 distinct paper-scope geometry values attached
pressure_in_source_not_in_output,10.1039_c7ra07722j-2-S2-P003,document.md states a pressure; record has none usable
empty_conditions_despite_numeric_caption,10.1039_c7ra07722j-2-S2-P003,panel conditions {} but caption carries numerics
figure_geometry_broadcast_across_figures,10.1039_c7ra07722j-2-S2-P003,2 distinct paper-scope geometry values attached
pressure_in_source_not_in_output,10.1039_c7ra07722j-2-S2-P004,document.md states a pressure; record has none usable
empty_conditions_despite_numeric_caption,10.1039_c7ra07722j-2-S2-P004,panel conditions {} but caption carries numerics
figure_geometry_broadcast_across_figures,10.1039_c7ra07722j-2-S2-P004,2 distinct paper-scope geometry values attached
pressure_in_source_not_in_output,10.1039_c7ra07722j-2-S3-P000,document.md states a pressure; record has none usable
empty_conditions_despite_numeric_caption,10.1039_c7ra07722j-2-S3-P000,panel conditions {} but caption carries numerics
figure_geometry_broadcast_across_figures,10.1039_c7ra07722j-2-S3-P000,2 distinct paper-scope geometry values attached
pressure_in_source_not_in_output,10.1039_c7ra07722j-2-S3-P001,document.md states a pressure; record has none usable
empty_conditions_despite_numeric_caption,10.1039_c7ra07722j-2-S3-P001,panel conditions {} but caption carries numerics
figure_geometry_broadcast_across_figures,10.1039_c7ra07722j-2-S3-P001,2 distinct paper-scope geometry values attached
pressure_in_source_not_in_output,10.1039_c7ra07722j-2-S3-P002,document.md states a pressure; record has none usable
empty_conditions_despite_numeric_caption,10.1039_c7ra07722j-2-S3-P002,panel conditions {} but caption carries numerics
figure_geometry_broadcast_across_figures,10.1039_c7ra07722j-2-S3-P002,2 distinct paper-scope geometry values attached
pressure_in_source_not_in_output,10.1039_c7ra07722j-2-S3-P003,document.md states a pressure; record has none usable
empty_conditions_despite_numeric_caption,10.1039_c7ra07722j-2-S3-P003,panel conditions {} but caption carries numerics
figure_geometry_broadcast_across_figures,10.1039_c7ra07722j-2-S3-P003,2 distinct paper-scope geometry values attached
pressure_in_source_not_in_output,10.1039_c7ra07722j-2-S3-P004,document.md states a pressure; record has none usable
empty_conditions_despite_numeric_caption,10.1039_c7ra07722j-2-S3-P004,panel conditions {} but caption carries numerics
figure_geometry_broadcast_across_figures,10.1039_c7ra07722j-2-S3-P004,2 distinct paper-scope geometry values attached
pressure_in_source_not_in_output,10.1039_c7ra07722j-2-S3-P005,document.md states a pressure; record has none usable
empty_conditions_despite_numeric_caption,10.1039_c7ra07722j-2-S3-P005,panel conditions {} but caption carries numerics
figure_geometry_broadcast_across_figures,10.1039_c7ra07722j-2-S3-P005,2 distinct paper-scope geometry values attached
pressure_in_source_not_in_output,10.1039_c7ra07722j-2-S3-P006,document.md states a pressure; record has none usable
empty_conditions_despite_numeric_caption,10.1039_c7ra07722j-2-S3-P006,panel conditions {} but caption carries numerics
figure_geometry_broadcast_across_figures,10.1039_c7ra07722j-2-S3-P006,2 distinct paper-scope geometry values attached
pressure_in_source_not_in_output,10.1039_c7ra07722j-2-S3-P007,document.md states a pressure; record has none usable
empty_conditions_despite_numeric_caption,10.1039_c7ra07722j-2-S3-P007,panel conditions {} but caption carries numerics
figure_geometry_broadcast_across_figures,10.1039_c7ra07722j-2-S3-P007,2 distinct paper-scope geometry values attached
pressure_in_source_not_in_output,10.1039_c7ra07722j-2-S3-P008,document.md states a pressure; record has none usable
empty_conditions_despite_numeric_caption,10.1039_c7ra07722j-2-S3-P008,panel conditions {} but caption carries numerics
figure_geometry_broadcast_across_figures,10.1039_c7ra07722j-2-S3-P008,2 distinct paper-scope geometry values attached
pressure_in_source_not_in_output,10.1039_c7ra07722j-2-S4-P000,document.md states a pressure; record has none usable
empty_conditions_despite_numeric_caption,10.1039_c7ra07722j-2-S4-P000,panel conditions {} but caption carries numerics
figure_geometry_broadcast_across_figures,10.1039_c7ra07722j-2-S4-P000,2 distinct paper-scope geometry values attached
pressure_in_source_not_in_output,10.1039_c7ra07722j-2-S4-P001,document.md states a pressure; record has none usable
empty_conditions_despite_numeric_caption,10.1039_c7ra07722j-2-S4-P001,panel conditions {} but caption carries numerics
figure_geometry_broadcast_across_figures,10.1039_c7ra07722j-2-S4-P001,2 distinct paper-scope geometry values attached
pressure_in_source_not_in_output,10.1039_c7ra07722j-2-S4-P002,document.md states a pressure; record has none usable
empty_conditions_despite_numeric_caption,10.1039_c7ra07722j-2-S4-P002,panel conditions {} but caption carries numerics
figure_geometry_broadcast_across_figures,10.1039_c7ra07722j-2-S4-P002,2 distinct paper-scope geometry values attached
pressure_in_source_not_in_output,10.1039_c7ra07722j-2-S4-P003,document.md states a pressure; record has none usable
empty_conditions_despite_numeric_caption,10.1039_c7ra07722j-2-S4-P003,panel conditions {} but caption carries numerics
figure_geometry_broadcast_across_figures,10.1039_c7ra07722j-2-S4-P003,2 distinct paper-scope geometry values attached
pressure_in_source_not_in_output,10.1039_c7ra07722j-2-S4-P004,document.md states a pressure; record has none usable
empty_conditions_despite_numeric_caption,10.1039_c7ra07722j-2-S4-P004,panel conditions {} but caption carries numerics
figure_geometry_broadcast_across_figures,10.1039_c7ra07722j-2-S4-P004,2 distinct paper-scope geometry values attached
pressure_in_source_not_in_output,10.1039_c7ra07722j-2-S4-P005,document.md states a pressure; record has none usable
empty_conditions_despite_numeric_caption,10.1039_c7ra07722j-2-S4-P005,panel conditions {} but caption carries numerics
figure_geometry_broadcast_across_figures,10.1039_c7ra07722j-2-S4-P005,2 distinct paper-scope geometry values attached
pressure_in_source_not_in_output,10.1039_c7ra07722j-3a-S5-P000,document.md states a pressure; record has none usable
legend_condition_without_structured_binding,10.1039_c7ra07722j-3a-S5-P000,label 'process and temperature: Thermal 150 °C' carries [150.0] but no matching controlled value
figure_geometry_broadcast_across_figures,10.1039_c7ra07722j-3a-S5-P000,2 distinct paper-scope geometry values attached
pressure_in_source_not_in_output,10.1039_c7ra07722j-3a-S5-P001,document.md states a pressure; record has none usable
legend_condition_without_structured_binding,10.1039_c7ra07722j-3a-S5-P001,label 'process and temperature: Thermal 150 °C' carries [150.0] but no matching controlled value
figure_geometry_broadcast_across_figures,10.1039_c7ra07722j-3a-S5-P001,2 distinct paper-scope geometry values attached
pressure_in_source_not_in_output,10.1039_c7ra07722j-3a-S5-P002,document.md states a pressure; record has none usable
legend_condition_without_structured_binding,10.1039_c7ra07722j-3a-S5-P002,label 'process and temperature: Thermal 150 °C' carries [150.0] but no matching controlled value
figure_geometry_broadcast_across_figures,10.1039_c7ra07722j-3a-S5-P002,2 distinct paper-scope geometry values attached
pressure_in_source_not_in_output,10.1039_c7ra07722j-3a-S5-P003,document.md states a pressure; record has none usable
figure_geometry_broadcast_across_figures,10.1039_c7ra07722j-3a-S5-P003,2 distinct paper-scope geometry values attached
pressure_in_source_not_in_output,10.1039_c7ra07722j-3a-S5-P004,document.md states a pressure; record has none usable
legend_condition_without_structured_binding,10.1039_c7ra07722j-3a-S5-P004,label 'process and temperature: Thermal 150 °C' carries [150.0] but no matching controlled value
figure_geometry_broadcast_across_figures,10.1039_c7ra07722j-3a-S5-P004,2 distinct paper-scope geometry values attached
pressure_in_source_not_in_output,10.1039_c7ra07722j-3a-S5-P005,document.md states a pressure; record has none usable
legend_condition_without_structured_binding,10.1039_c7ra07722j-3a-S5-P005,label 'process and temperature: Thermal 150 °C' carries [150.0] but no matching controlled value
figure_geometry_broadcast_across_figures,10.1039_c7ra07722j-3a-S5-P005,2 distinct paper-scope geometry values attached
pressure_in_source_not_in_output,10.1039_c7ra07722j-3a-S5-P006,document.md states a pressure; record has none usable
legend_condition_without_structured_binding,10.1039_c7ra07722j-3a-S5-P006,label 'process and temperature: Thermal 150 °C' carries [150.0] but no matching controlled value
figure_geometry_broadcast_across_figures,10.1039_c7ra07722j-3a-S5-P006,2 distinct paper-scope geometry values attached
pressure_in_source_not_in_output,10.1039_c7ra07722j-3a-S5-P007,document.md states a pressure; record has none usable
legend_condition_without_structured_binding,10.1039_c7ra07722j-3a-S5-P007,label 'process and temperature: Thermal 150 °C' carries [150.0] but no matching controlled value
figure_geometry_broadcast_across_figures,10.1039_c7ra07722j-3a-S5-P007,2 distinct paper-scope geometry values attached
pressure_in_source_not_in_output,10.1039_c7ra07722j-3a-S5-P008,document.md states a pressure; record has none usable
legend_condition_without_structured_binding,10.1039_c7ra07722j-3a-S5-P008,label 'process and temperature: Thermal 150 °C' carries [150.0] but no matching controlled value
figure_geometry_broadcast_across_figures,10.1039_c7ra07722j-3a-S5-P008,2 distinct paper-scope geometry values attached
pressure_in_source_not_in_output,10.1039_c7ra07722j-3a-S5-P009,document.md states a pressure; record has none usable
legend_condition_without_structured_binding,10.1039_c7ra07722j-3a-S5-P009,label 'process and temperature: Thermal 150 °C' carries [150.0] but no matching controlled value
figure_geometry_broadcast_across_figures,10.1039_c7ra07722j-3a-S5-P009,2 distinct paper-scope geometry values attached
pressure_in_source_not_in_output,10.1039_c7ra07722j-3a-S5-P010,document.md states a pressure; record has none usable
legend_condition_without_structured_binding,10.1039_c7ra07722j-3a-S5-P010,label 'process and temperature: Thermal 150 °C' carries [150.0] but no matching controlled value
figure_geometry_broadcast_across_figures,10.1039_c7ra07722j-3a-S5-P010,2 distinct paper-scope geometry values attached
pressure_in_source_not_in_output,10.1039_c7ra07722j-3a-S5-P011,document.md states a pressure; record has none usable
legend_condition_without_structured_binding,10.1039_c7ra07722j-3a-S5-P011,label 'process and temperature: Thermal 150 °C' carries [150.0] but no matching controlled value
figure_geometry_broadcast_across_figures,10.1039_c7ra07722j-3a-S5-P011,2 distinct paper-scope geometry values attached
pressure_in_source_not_in_output,10.1039_c7ra07722j-3a-S5-P012,document.md states a pressure; record has none usable
legend_condition_without_structured_binding,10.1039_c7ra07722j-3a-S5-P012,label 'process and temperature: Thermal 150 °C' carries [150.0] but no matching controlled value
figure_geometry_broadcast_across_figures,10.1039_c7ra07722j-3a-S5-P012,2 distinct paper-scope geometry values attached
pressure_in_source_not_in_output,10.1039_c7ra07722j-3a-S6-P000,document.md states a pressure; record has none usable
legend_condition_without_structured_binding,10.1039_c7ra07722j-3a-S6-P000,label 'process and temperature: Plasma 50 °C' carries [50.0] but no matching controlled value
figure_geometry_broadcast_across_figures,10.1039_c7ra07722j-3a-S6-P000,2 distinct paper-scope geometry values attached
pressure_in_source_not_in_output,10.1039_c7ra07722j-3a-S6-P001,document.md states a pressure; record has none usable
figure_geometry_broadcast_across_figures,10.1039_c7ra07722j-3a-S6-P001,2 distinct paper-scope geometry values attached
pressure_in_source_not_in_output,10.1039_c7ra07722j-3a-S6-P002,document.md states a pressure; record has none usable
legend_condition_without_structured_binding,10.1039_c7ra07722j-3a-S6-P002,label 'process and temperature: Plasma 50 °C' carries [50.0] but no matching controlled value
figure_geometry_broadcast_across_figures,10.1039_c7ra07722j-3a-S6-P002,2 distinct paper-scope geometry values attached
pressure_in_source_not_in_output,10.1039_c7ra07722j-3a-S6-P003,document.md states a pressure; record has none usable
legend_condition_without_structured_binding,10.1039_c7ra07722j-3a-S6-P003,label 'process and temperature: Plasma 50 °C' carries [50.0] but no matching controlled value
figure_geometry_broadcast_across_figures,10.1039_c7ra07722j-3a-S6-P003,2 distinct paper-scope geometry values attached
pressure_in_source_not_in_output,10.1039_c7ra07722j-3a-S6-P004,document.md states a pressure; record has none usable
legend_condition_without_structured_binding,10.1039_c7ra07722j-3a-S6-P004,label 'process and temperature: Plasma 50 °C' carries [50.0] but no matching controlled value
figure_geometry_broadcast_across_figures,10.1039_c7ra07722j-3a-S6-P004,2 distinct paper-scope geometry values attached
pressure_in_source_not_in_output,10.1039_c7ra07722j-3a-S6-P005,document.md states a pressure; record has none usable
legend_condition_without_structured_binding,10.1039_c7ra07722j-3a-S6-P005,label 'process and temperature: Plasma 50 °C' carries [50.0] but no matching controlled value
figure_geometry_broadcast_across_figures,10.1039_c7ra07722j-3a-S6-P005,2 distinct paper-scope geometry values attached
pressure_in_source_not_in_output,10.1039_c7ra07722j-3a-S6-P006,document.md states a pressure; record has none usable
legend_condition_without_structured_binding,10.1039_c7ra07722j-3a-S6-P006,label 'process and temperature: Plasma 50 °C' carries [50.0] but no matching controlled value
figure_geometry_broadcast_across_figures,10.1039_c7ra07722j-3a-S6-P006,2 distinct paper-scope geometry values attached
pressure_in_source_not_in_output,10.1039_c7ra07722j-3a-S6-P007,document.md states a pressure; record has none usable
legend_condition_without_structured_binding,10.1039_c7ra07722j-3a-S6-P007,label 'process and temperature: Plasma 50 °C' carries [50.0] but no matching controlled value
figure_geometry_broadcast_across_figures,10.1039_c7ra07722j-3a-S6-P007,2 distinct paper-scope geometry values attached
pressure_in_source_not_in_output,10.1039_c7ra07722j-3a-S6-P008,document.md states a pressure; record has none usable
legend_condition_without_structured_binding,10.1039_c7ra07722j-3a-S6-P008,label 'process and temperature: Plasma 50 °C' carries [50.0] but no matching controlled value
figure_geometry_broadcast_across_figures,10.1039_c7ra07722j-3a-S6-P008,2 distinct paper-scope geometry values attached
pressure_in_source_not_in_output,10.1039_c7ra07722j-3a-S6-P009,document.md states a pressure; record has none usable
legend_condition_without_structured_binding,10.1039_c7ra07722j-3a-S6-P009,label 'process and temperature: Plasma 50 °C' carries [50.0] but no matching controlled value
figure_geometry_broadcast_across_figures,10.1039_c7ra07722j-3a-S6-P009,2 distinct paper-scope geometry values attached
pressure_in_source_not_in_output,10.1039_c7ra07722j-3a-S6-P010,document.md states a pressure; record has none usable
legend_condition_without_structured_binding,10.1039_c7ra07722j-3a-S6-P010,label 'process and temperature: Plasma 50 °C' carries [50.0] but no matching controlled value
figure_geometry_broadcast_across_figures,10.1039_c7ra07722j-3a-S6-P010,2 distinct paper-scope geometry values attached
pressure_in_source_not_in_output,10.1039_c7ra07722j-3a-S6-P011,document.md states a pressure; record has none usable
legend_condition_without_structured_binding,10.1039_c7ra07722j-3a-S6-P011,label 'process and temperature: Plasma 50 °C' carries [50.0] but no matching controlled value
figure_geometry_broadcast_across_figures,10.1039_c7ra07722j-3a-S6-P011,2 distinct paper-scope geometry values attached
pressure_in_source_not_in_output,10.1039_c7ra07722j-3a-S6-P012,document.md states a pressure; record has none usable
legend_condition_without_structured_binding,10.1039_c7ra07722j-3a-S6-P012,label 'process and temperature: Plasma 50 °C' carries [50.0] but no matching controlled value
figure_geometry_broadcast_across_figures,10.1039_c7ra07722j-3a-S6-P012,2 distinct paper-scope geometry values attached
pressure_in_source_not_in_output,10.1039_c7ra07722j-3a-S7-P000,document.md states a pressure; record has none usable
legend_condition_without_structured_binding,10.1039_c7ra07722j-3a-S7-P000,label 'process and temperature: Plasma 200 °C' carries [200.0] but no matching controlled value
figure_geometry_broadcast_across_figures,10.1039_c7ra07722j-3a-S7-P000,2 distinct paper-scope geometry values attached
pressure_in_source_not_in_output,10.1039_c7ra07722j-3a-S7-P001,document.md states a pressure; record has none usable
legend_condition_without_structured_binding,10.1039_c7ra07722j-3a-S7-P001,label 'process and temperature: Plasma 200 °C' carries [200.0] but no matching controlled value
figure_geometry_broadcast_across_figures,10.1039_c7ra07722j-3a-S7-P001,2 distinct paper-scope geometry values attached
pressure_in_source_not_in_output,10.1039_c7ra07722j-3a-S7-P002,document.md states a pressure; record has none usable
legend_condition_without_structured_binding,10.1039_c7ra07722j-3a-S7-P002,label 'process and temperature: Plasma 200 °C' carries [200.0] but no matching controlled value
figure_geometry_broadcast_across_figures,10.1039_c7ra07722j-3a-S7-P002,2 distinct paper-scope geometry values attached
pressure_in_source_not_in_output,10.1039_c7ra07722j-3a-S7-P003,document.md states a pressure; record has none usable
legend_condition_without_structured_binding,10.1039_c7ra07722j-3a-S7-P003,label 'process and temperature: Plasma 200 °C' carries [200.0] but no matching controlled value
figure_geometry_broadcast_across_figures,10.1039_c7ra07722j-3a-S7-P003,2 distinct paper-scope geometry values attached
pressure_in_source_not_in_output,10.1039_c7ra07722j-3a-S7-P004,document.md states a pressure; record has none usable
figure_geometry_broadcast_across_figures,10.1039_c7ra07722j-3a-S7-P004,2 distinct paper-scope geometry values attached
pressure_in_source_not_in_output,10.1039_c7ra07722j-3a-S7-P005,document.md states a pressure; record has none usable
legend_condition_without_structured_binding,10.1039_c7ra07722j-3a-S7-P005,label 'process and temperature: Plasma 200 °C' carries [200.0] but no matching controlled value
figure_geometry_broadcast_across_figures,10.1039_c7ra07722j-3a-S7-P005,2 distinct paper-scope geometry values attached
pressure_in_source_not_in_output,10.1039_c7ra07722j-3a-S7-P006,document.md states a pressure; record has none usable
legend_condition_without_structured_binding,10.1039_c7ra07722j-3a-S7-P006,label 'process and temperature: Plasma 200 °C' carries [200.0] but no matching controlled value
figure_geometry_broadcast_across_figures,10.1039_c7ra07722j-3a-S7-P006,2 distinct paper-scope geometry values attached
pressure_in_source_not_in_output,10.1039_c7ra07722j-3a-S7-P007,document.md states a pressure; record has none usable
legend_condition_without_structured_binding,10.1039_c7ra07722j-3a-S7-P007,label 'process and temperature: Plasma 200 °C' carries [200.0] but no matching controlled value
figure_geometry_broadcast_across_figures,10.1039_c7ra07722j-3a-S7-P007,2 distinct paper-scope geometry values attached
pressure_in_source_not_in_output,10.1039_c7ra07722j-3a-S7-P008,document.md states a pressure; record has none usable
legend_condition_without_structured_binding,10.1039_c7ra07722j-3a-S7-P008,label 'process and temperature: Plasma 200 °C' carries [200.0] but no matching controlled value
figure_geometry_broadcast_across_figures,10.1039_c7ra07722j-3a-S7-P008,2 distinct paper-scope geometry values attached
pressure_in_source_not_in_output,10.1039_c7ra07722j-3a-S7-P009,document.md states a pressure; record has none usable
legend_condition_without_structured_binding,10.1039_c7ra07722j-3a-S7-P009,label 'process and temperature: Plasma 200 °C' carries [200.0] but no matching controlled value
figure_geometry_broadcast_across_figures,10.1039_c7ra07722j-3a-S7-P009,2 distinct paper-scope geometry values attached
pressure_in_source_not_in_output,10.1039_c7ra07722j-3a-S7-P010,document.md states a pressure; record has none usable
legend_condition_without_structured_binding,10.1039_c7ra07722j-3a-S7-P010,label 'process and temperature: Plasma 200 °C' carries [200.0] but no matching controlled value
figure_geometry_broadcast_across_figures,10.1039_c7ra07722j-3a-S7-P010,2 distinct paper-scope geometry values attached
pressure_in_source_not_in_output,10.1039_c7ra07722j-3a-S7-P011,document.md states a pressure; record has none usable
legend_condition_without_structured_binding,10.1039_c7ra07722j-3a-S7-P011,label 'process and temperature: Plasma 200 °C' carries [200.0] but no matching controlled value
figure_geometry_broadcast_across_figures,10.1039_c7ra07722j-3a-S7-P011,2 distinct paper-scope geometry values attached
pressure_in_source_not_in_output,10.1039_c7ra07722j-3a-S7-P012,document.md states a pressure; record has none usable
legend_condition_without_structured_binding,10.1039_c7ra07722j-3a-S7-P012,label 'process and temperature: Plasma 200 °C' carries [200.0] but no matching controlled value
figure_geometry_broadcast_across_figures,10.1039_c7ra07722j-3a-S7-P012,2 distinct paper-scope geometry values attached
pressure_in_source_not_in_output,10.1039_c7ra07722j-3a-S8-P000,document.md states a pressure; record has none usable
legend_condition_without_structured_binding,10.1039_c7ra07722j-3a-S8-P000,label 'process and temperature: Plasma 275 °C' carries [275.0] but no matching controlled value
figure_geometry_broadcast_across_figures,10.1039_c7ra07722j-3a-S8-P000,2 distinct paper-scope geometry values attached
pressure_in_source_not_in_output,10.1039_c7ra07722j-3a-S8-P001,document.md states a pressure; record has none usable
legend_condition_without_structured_binding,10.1039_c7ra07722j-3a-S8-P001,label 'process and temperature: Plasma 275 °C' carries [275.0] but no matching controlled value
figure_geometry_broadcast_across_figures,10.1039_c7ra07722j-3a-S8-P001,2 distinct paper-scope geometry values attached
pressure_in_source_not_in_output,10.1039_c7ra07722j-3a-S8-P002,document.md states a pressure; record has none usable
legend_condition_without_structured_binding,10.1039_c7ra07722j-3a-S8-P002,label 'process and temperature: Plasma 275 °C' carries [275.0] but no matching controlled value
figure_geometry_broadcast_across_figures,10.1039_c7ra07722j-3a-S8-P002,2 distinct paper-scope geometry values attached
pressure_in_source_not_in_output,10.1039_c7ra07722j-3a-S8-P003,document.md states a pressure; record has none usable
legend_condition_without_structured_binding,10.1039_c7ra07722j-3a-S8-P003,label 'process and temperature: Plasma 275 °C' carries [275.0] but no matching controlled value
figure_geometry_broadcast_across_figures,10.1039_c7ra07722j-3a-S8-P003,2 distinct paper-scope geometry values attached
pressure_in_source_not_in_output,10.1039_c7ra07722j-3a-S8-P004,document.md states a pressure; record has none usable
legend_condition_without_structured_binding,10.1039_c7ra07722j-3a-S8-P004,label 'process and temperature: Plasma 275 °C' carries [275.0] but no matching controlled value
figure_geometry_broadcast_across_figures,10.1039_c7ra07722j-3a-S8-P004,2 distinct paper-scope geometry values attached
pressure_in_source_not_in_output,10.1039_c7ra07722j-3a-S8-P005,document.md states a pressure; record has none usable
legend_condition_without_structured_binding,10.1039_c7ra07722j-3a-S8-P005,label 'process and temperature: Plasma 275 °C' carries [275.0] but no matching controlled value
figure_geometry_broadcast_across_figures,10.1039_c7ra07722j-3a-S8-P005,2 distinct paper-scope geometry values attached
pressure_in_source_not_in_output,10.1039_c7ra07722j-3a-S8-P006,document.md states a pressure; record has none usable
legend_condition_without_structured_binding,10.1039_c7ra07722j-3a-S8-P006,label 'process and temperature: Plasma 275 °C' carries [275.0] but no matching controlled value
figure_geometry_broadcast_across_figures,10.1039_c7ra07722j-3a-S8-P006,2 distinct paper-scope geometry values attached
pressure_in_source_not_in_output,10.1039_c7ra07722j-3a-S8-P007,document.md states a pressure; record has none usable
legend_condition_without_structured_binding,10.1039_c7ra07722j-3a-S8-P007,label 'process and temperature: Plasma 275 °C' carries [275.0] but no matching controlled value
figure_geometry_broadcast_across_figures,10.1039_c7ra07722j-3a-S8-P007,2 distinct paper-scope geometry values attached
pressure_in_source_not_in_output,10.1039_c7ra07722j-3a-S8-P008,document.md states a pressure; record has none usable
legend_condition_without_structured_binding,10.1039_c7ra07722j-3a-S8-P008,label 'process and temperature: Plasma 275 °C' carries [275.0] but no matching controlled value
figure_geometry_broadcast_across_figures,10.1039_c7ra07722j-3a-S8-P008,2 distinct paper-scope geometry values attached
pressure_in_source_not_in_output,10.1039_c7ra07722j-3a-S8-P009,document.md states a pressure; record has none usable
legend_condition_without_structured_binding,10.1039_c7ra07722j-3a-S8-P009,label 'process and temperature: Plasma 275 °C' carries [275.0] but no matching controlled value
figure_geometry_broadcast_across_figures,10.1039_c7ra07722j-3a-S8-P009,2 distinct paper-scope geometry values attached
pressure_in_source_not_in_output,10.1039_c7ra07722j-3a-S9-P000,document.md states a pressure; record has none usable
legend_condition_without_structured_binding,10.1039_c7ra07722j-3a-S9-P000,label 'process and temperature: Plasma 300 °C' carries [300.0] but no matching controlled value
figure_geometry_broadcast_across_figures,10.1039_c7ra07722j-3a-S9-P000,2 distinct paper-scope geometry values attached
pressure_in_source_not_in_output,10.1039_c7ra07722j-3a-S9-P001,document.md states a pressure; record has none usable
legend_condition_without_structured_binding,10.1039_c7ra07722j-3a-S9-P001,label 'process and temperature: Plasma 300 °C' carries [300.0] but no matching controlled value
figure_geometry_broadcast_across_figures,10.1039_c7ra07722j-3a-S9-P001,2 distinct paper-scope geometry values attached
pressure_in_source_not_in_output,10.1039_c7ra07722j-3a-S9-P002,document.md states a pressure; record has none usable
legend_condition_without_structured_binding,10.1039_c7ra07722j-3a-S9-P002,label 'process and temperature: Plasma 300 °C' carries [300.0] but no matching controlled value
figure_geometry_broadcast_across_figures,10.1039_c7ra07722j-3a-S9-P002,2 distinct paper-scope geometry values attached
pressure_in_source_not_in_output,10.1039_c7ra07722j-3a-S9-P003,document.md states a pressure; record has none usable
legend_condition_without_structured_binding,10.1039_c7ra07722j-3a-S9-P003,label 'process and temperature: Plasma 300 °C' carries [300.0] but no matching controlled value
figure_geometry_broadcast_across_figures,10.1039_c7ra07722j-3a-S9-P003,2 distinct paper-scope geometry values attached
pressure_in_source_not_in_output,10.1039_c7ra07722j-3a-S9-P004,document.md states a pressure; record has none usable
legend_condition_without_structured_binding,10.1039_c7ra07722j-3a-S9-P004,label 'process and temperature: Plasma 300 °C' carries [300.0] but no matching controlled value
figure_geometry_broadcast_across_figures,10.1039_c7ra07722j-3a-S9-P004,2 distinct paper-scope geometry values attached
pressure_in_source_not_in_output,10.1039_c7ra07722j-3a-S9-P005,document.md states a pressure; record has none usable
legend_condition_without_structured_binding,10.1039_c7ra07722j-3a-S9-P005,label 'process and temperature: Plasma 300 °C' carries [300.0] but no matching controlled value
figure_geometry_broadcast_across_figures,10.1039_c7ra07722j-3a-S9-P005,2 distinct paper-scope geometry values attached
pressure_in_source_not_in_output,10.1039_c7ra07722j-3a-S9-P006,document.md states a pressure; record has none usable
figure_geometry_broadcast_across_figures,10.1039_c7ra07722j-3a-S9-P006,2 distinct paper-scope geometry values attached
pressure_in_source_not_in_output,10.1039_c7ra07722j-3a-S9-P007,document.md states a pressure; record has none usable
legend_condition_without_structured_binding,10.1039_c7ra07722j-3a-S9-P007,label 'process and temperature: Plasma 300 °C' carries [300.0] but no matching controlled value
figure_geometry_broadcast_across_figures,10.1039_c7ra07722j-3a-S9-P007,2 distinct paper-scope geometry values attached
pressure_in_source_not_in_output,10.1039_c7ra07722j-3a-S9-P008,document.md states a pressure; record has none usable
legend_condition_without_structured_binding,10.1039_c7ra07722j-3a-S9-P008,label 'process and temperature: Plasma 300 °C' carries [300.0] but no matching controlled value
figure_geometry_broadcast_across_figures,10.1039_c7ra07722j-3a-S9-P008,2 distinct paper-scope geometry values attached
pressure_in_source_not_in_output,10.1039_c7ra07722j-3a-S9-P009,document.md states a pressure; record has none usable
legend_condition_without_structured_binding,10.1039_c7ra07722j-3a-S9-P009,label 'process and temperature: Plasma 300 °C' carries [300.0] but no matching controlled value
figure_geometry_broadcast_across_figures,10.1039_c7ra07722j-3a-S9-P009,2 distinct paper-scope geometry values attached
pressure_in_source_not_in_output,10.1039_c7ra07722j-3b-S10-P000,document.md states a pressure; record has none usable
figure_geometry_broadcast_across_figures,10.1039_c7ra07722j-3b-S10-P000,2 distinct paper-scope geometry values attached
pressure_in_source_not_in_output,10.1039_c7ra07722j-3b-S10-P001,document.md states a pressure; record has none usable
figure_geometry_broadcast_across_figures,10.1039_c7ra07722j-3b-S10-P001,2 distinct paper-scope geometry values attached
pressure_in_source_not_in_output,10.1039_c7ra07722j-3b-S10-P002,document.md states a pressure; record has none usable
figure_geometry_broadcast_across_figures,10.1039_c7ra07722j-3b-S10-P002,2 distinct paper-scope geometry values attached
pressure_in_source_not_in_output,10.1039_c7ra07722j-3b-S10-P003,document.md states a pressure; record has none usable
figure_geometry_broadcast_across_figures,10.1039_c7ra07722j-3b-S10-P003,2 distinct paper-scope geometry values attached
pressure_in_source_not_in_output,10.1039_c7ra07722j-3b-S10-P004,document.md states a pressure; record has none usable
figure_geometry_broadcast_across_figures,10.1039_c7ra07722j-3b-S10-P004,2 distinct paper-scope geometry values attached
pressure_in_source_not_in_output,10.1039_c7ra07722j-3b-S10-P005,document.md states a pressure; record has none usable
figure_geometry_broadcast_across_figures,10.1039_c7ra07722j-3b-S10-P005,2 distinct paper-scope geometry values attached
pressure_in_source_not_in_output,10.1039_c7ra07722j-3b-S11-P000,document.md states a pressure; record has none usable
figure_geometry_broadcast_across_figures,10.1039_c7ra07722j-3b-S11-P000,2 distinct paper-scope geometry values attached
pressure_in_source_not_in_output,10.1039_c7ra07722j-3b-S11-P001,document.md states a pressure; record has none usable
figure_geometry_broadcast_across_figures,10.1039_c7ra07722j-3b-S11-P001,2 distinct paper-scope geometry values attached
pressure_in_source_not_in_output,10.1039_c7ra07722j-3b-S11-P002,document.md states a pressure; record has none usable
figure_geometry_broadcast_across_figures,10.1039_c7ra07722j-3b-S11-P002,2 distinct paper-scope geometry values attached
pressure_in_source_not_in_output,10.1039_c7ra07722j-3b-S11-P003,document.md states a pressure; record has none usable
figure_geometry_broadcast_across_figures,10.1039_c7ra07722j-3b-S11-P003,2 distinct paper-scope geometry values attached
pressure_in_source_not_in_output,10.1039_c7ra07722j-3b-S11-P004,document.md states a pressure; record has none usable
figure_geometry_broadcast_across_figures,10.1039_c7ra07722j-3b-S11-P004,2 distinct paper-scope geometry values attached
pressure_in_source_not_in_output,10.1039_c7ra07722j-3b-S11-P005,document.md states a pressure; record has none usable
figure_geometry_broadcast_across_figures,10.1039_c7ra07722j-3b-S11-P005,2 distinct paper-scope geometry values attached
pressure_in_source_not_in_output,10.1039_c7ra07722j-3b-S11-P006,document.md states a pressure; record has none usable
figure_geometry_broadcast_across_figures,10.1039_c7ra07722j-3b-S11-P006,2 distinct paper-scope geometry values attached
pressure_in_source_not_in_output,10.1039_c7ra07722j-F3b-12,document.md states a pressure; record has none usable
figure_geometry_broadcast_across_figures,10.1039_c7ra07722j-F3b-12,2 distinct paper-scope geometry values attached
pressure_in_source_not_in_output,10.1039_c7ra07722j-3b-S12-P000,document.md states a pressure; record has none usable
figure_geometry_broadcast_across_figures,10.1039_c7ra07722j-3b-S12-P000,2 distinct paper-scope geometry values attached
pressure_in_source_not_in_output,10.1039_c7ra07722j-3b-S12-P001,document.md states a pressure; record has none usable
figure_geometry_broadcast_across_figures,10.1039_c7ra07722j-3b-S12-P001,2 distinct paper-scope geometry values attached
pressure_in_source_not_in_output,10.1039_c7ra07722j-3b-S12-P002,document.md states a pressure; record has none usable
figure_geometry_broadcast_across_figures,10.1039_c7ra07722j-3b-S12-P002,2 distinct paper-scope geometry values attached
pressure_in_source_not_in_output,10.1039_c7ra07722j-3b-S12-P003,document.md states a pressure; record has none usable
figure_geometry_broadcast_across_figures,10.1039_c7ra07722j-3b-S12-P003,2 distinct paper-scope geometry values attached
pressure_in_source_not_in_output,10.1039_c7ra07722j-F4a-14,document.md states a pressure; record has none usable
empty_conditions_despite_numeric_caption,10.1039_c7ra07722j-F4a-14,panel conditions {} but caption carries numerics
figure_geometry_broadcast_across_figures,10.1039_c7ra07722j-F4a-14,2 distinct paper-scope geometry values attached
pressure_in_source_not_in_output,10.1039_c7ra07722j-F4a-15,document.md states a pressure; record has none usable
empty_conditions_despite_numeric_caption,10.1039_c7ra07722j-F4a-15,panel conditions {} but caption carries numerics
figure_geometry_broadcast_across_figures,10.1039_c7ra07722j-F4a-15,2 distinct paper-scope geometry values attached
pressure_in_source_not_in_output,10.1039_c7ra07722j-F4a-16,document.md states a pressure; record has none usable
empty_conditions_despite_numeric_caption,10.1039_c7ra07722j-F4a-16,panel conditions {} but caption carries numerics
figure_geometry_broadcast_across_figures,10.1039_c7ra07722j-F4a-16,2 distinct paper-scope geometry values attached
pressure_in_source_not_in_output,10.1039_c7ra07722j-5a-S13-P000,document.md states a pressure; record has none usable
legend_condition_without_structured_binding,10.1039_c7ra07722j-5a-S13-P000,label 'plasma exposure time: 3 s plasma' carries [3.0] but no matching controlled value
figure_geometry_broadcast_across_figures,10.1039_c7ra07722j-5a-S13-P000,2 distinct paper-scope geometry values attached
pressure_in_source_not_in_output,10.1039_c7ra07722j-5a-S13-P001,document.md states a pressure; record has none usable
legend_condition_without_structured_binding,10.1039_c7ra07722j-5a-S13-P001,label 'plasma exposure time: 3 s plasma' carries [3.0] but no matching controlled value
figure_geometry_broadcast_across_figures,10.1039_c7ra07722j-5a-S13-P001,2 distinct paper-scope geometry values attached
pressure_in_source_not_in_output,10.1039_c7ra07722j-5a-S13-P002,document.md states a pressure; record has none usable
legend_condition_without_structured_binding,10.1039_c7ra07722j-5a-S13-P002,label 'plasma exposure time: 3 s plasma' carries [3.0] but no matching controlled value
figure_geometry_broadcast_across_figures,10.1039_c7ra07722j-5a-S13-P002,2 distinct paper-scope geometry values attached
pressure_in_source_not_in_output,10.1039_c7ra07722j-5a-S13-P003,document.md states a pressure; record has none usable
legend_condition_without_structured_binding,10.1039_c7ra07722j-5a-S13-P003,label 'plasma exposure time: 3 s plasma' carries [3.0] but no matching controlled value
figure_geometry_broadcast_across_figures,10.1039_c7ra07722j-5a-S13-P003,2 distinct paper-scope geometry values attached
pressure_in_source_not_in_output,10.1039_c7ra07722j-5a-S13-P004,document.md states a pressure; record has none usable
legend_condition_without_structured_binding,10.1039_c7ra07722j-5a-S13-P004,label 'plasma exposure time: 3 s plasma' carries [3.0] but no matching controlled value
figure_geometry_broadcast_across_figures,10.1039_c7ra07722j-5a-S13-P004,2 distinct paper-scope geometry values attached
pressure_in_source_not_in_output,10.1039_c7ra07722j-5a-S13-P005,document.md states a pressure; record has none usable
legend_condition_without_structured_binding,10.1039_c7ra07722j-5a-S13-P005,label 'plasma exposure time: 3 s plasma' carries [3.0] but no matching controlled value
figure_geometry_broadcast_across_figures,10.1039_c7ra07722j-5a-S13-P005,2 distinct paper-scope geometry values attached
pressure_in_source_not_in_output,10.1039_c7ra07722j-5a-S13-P006,document.md states a pressure; record has none usable
legend_condition_without_structured_binding,10.1039_c7ra07722j-5a-S13-P006,label 'plasma exposure time: 3 s plasma' carries [3.0] but no matching controlled value
figure_geometry_broadcast_across_figures,10.1039_c7ra07722j-5a-S13-P006,2 distinct paper-scope geometry values attached
pressure_in_source_not_in_output,10.1039_c7ra07722j-5a-S13-P007,document.md states a pressure; record has none usable
legend_condition_without_structured_binding,10.1039_c7ra07722j-5a-S13-P007,label 'plasma exposure time: 3 s plasma' carries [3.0] but no matching controlled value
figure_geometry_broadcast_across_figures,10.1039_c7ra07722j-5a-S13-P007,2 distinct paper-scope geometry values attached
pressure_in_source_not_in_output,10.1039_c7ra07722j-5a-S13-P008,document.md states a pressure; record has none usable
legend_condition_without_structured_binding,10.1039_c7ra07722j-5a-S13-P008,label 'plasma exposure time: 3 s plasma' carries [3.0] but no matching controlled value
figure_geometry_broadcast_across_figures,10.1039_c7ra07722j-5a-S13-P008,2 distinct paper-scope geometry values attached
pressure_in_source_not_in_output,10.1039_c7ra07722j-5a-S13-P009,document.md states a pressure; record has none usable
legend_condition_without_structured_binding,10.1039_c7ra07722j-5a-S13-P009,label 'plasma exposure time: 3 s plasma' carries [3.0] but no matching controlled value
figure_geometry_broadcast_across_figures,10.1039_c7ra07722j-5a-S13-P009,2 distinct paper-scope geometry values attached
pressure_in_source_not_in_output,10.1039_c7ra07722j-5a-S13-P010,document.md states a pressure; record has none usable
legend_condition_without_structured_binding,10.1039_c7ra07722j-5a-S13-P010,label 'plasma exposure time: 3 s plasma' carries [3.0] but no matching controlled value
figure_geometry_broadcast_across_figures,10.1039_c7ra07722j-5a-S13-P010,2 distinct paper-scope geometry values attached
pressure_in_source_not_in_output,10.1039_c7ra07722j-5a-S13-P011,document.md states a pressure; record has none usable
legend_condition_without_structured_binding,10.1039_c7ra07722j-5a-S13-P011,label 'plasma exposure time: 3 s plasma' carries [3.0] but no matching controlled value
figure_geometry_broadcast_across_figures,10.1039_c7ra07722j-5a-S13-P011,2 distinct paper-scope geometry values attached
pressure_in_source_not_in_output,10.1039_c7ra07722j-5a-S13-P012,document.md states a pressure; record has none usable
legend_condition_without_structured_binding,10.1039_c7ra07722j-5a-S13-P012,label 'plasma exposure time: 3 s plasma' carries [3.0] but no matching controlled value
figure_geometry_broadcast_across_figures,10.1039_c7ra07722j-5a-S13-P012,2 distinct paper-scope geometry values attached
pressure_in_source_not_in_output,10.1039_c7ra07722j-5a-S13-P013,document.md states a pressure; record has none usable
legend_condition_without_structured_binding,10.1039_c7ra07722j-5a-S13-P013,label 'plasma exposure time: 3 s plasma' carries [3.0] but no matching controlled value
figure_geometry_broadcast_across_figures,10.1039_c7ra07722j-5a-S13-P013,2 distinct paper-scope geometry values attached
pressure_in_source_not_in_output,10.1039_c7ra07722j-5a-S13-P014,document.md states a pressure; record has none usable
legend_condition_without_structured_binding,10.1039_c7ra07722j-5a-S13-P014,label 'plasma exposure time: 3 s plasma' carries [3.0] but no matching controlled value
figure_geometry_broadcast_across_figures,10.1039_c7ra07722j-5a-S13-P014,2 distinct paper-scope geometry values attached
pressure_in_source_not_in_output,10.1039_c7ra07722j-5a-S13-P015,document.md states a pressure; record has none usable
legend_condition_without_structured_binding,10.1039_c7ra07722j-5a-S13-P015,label 'plasma exposure time: 3 s plasma' carries [3.0] but no matching controlled value
figure_geometry_broadcast_across_figures,10.1039_c7ra07722j-5a-S13-P015,2 distinct paper-scope geometry values attached
pressure_in_source_not_in_output,10.1039_c7ra07722j-5a-S13-P016,document.md states a pressure; record has none usable
legend_condition_without_structured_binding,10.1039_c7ra07722j-5a-S13-P016,label 'plasma exposure time: 3 s plasma' carries [3.0] but no matching controlled value
figure_geometry_broadcast_across_figures,10.1039_c7ra07722j-5a-S13-P016,2 distinct paper-scope geometry values attached
pressure_in_source_not_in_output,10.1039_c7ra07722j-5a-S13-P017,document.md states a pressure; record has none usable
legend_condition_without_structured_binding,10.1039_c7ra07722j-5a-S13-P017,label 'plasma exposure time: 3 s plasma' carries [3.0] but no matching controlled value
figure_geometry_broadcast_across_figures,10.1039_c7ra07722j-5a-S13-P017,2 distinct paper-scope geometry values attached
pressure_in_source_not_in_output,10.1039_c7ra07722j-5a-S13-P018,document.md states a pressure; record has none usable
legend_condition_without_structured_binding,10.1039_c7ra07722j-5a-S13-P018,label 'plasma exposure time: 3 s plasma' carries [3.0] but no matching controlled value
figure_geometry_broadcast_across_figures,10.1039_c7ra07722j-5a-S13-P018,2 distinct paper-scope geometry values attached
pressure_in_source_not_in_output,10.1039_c7ra07722j-5a-S13-P019,document.md states a pressure; record has none usable
legend_condition_without_structured_binding,10.1039_c7ra07722j-5a-S13-P019,label 'plasma exposure time: 3 s plasma' carries [3.0] but no matching controlled value
figure_geometry_broadcast_across_figures,10.1039_c7ra07722j-5a-S13-P019,2 distinct paper-scope geometry values attached
pressure_in_source_not_in_output,10.1039_c7ra07722j-5a-S13-P020,document.md states a pressure; record has none usable
legend_condition_without_structured_binding,10.1039_c7ra07722j-5a-S13-P020,label 'plasma exposure time: 3 s plasma' carries [3.0] but no matching controlled value
figure_geometry_broadcast_across_figures,10.1039_c7ra07722j-5a-S13-P020,2 distinct paper-scope geometry values attached
pressure_in_source_not_in_output,10.1039_c7ra07722j-5a-S13-P021,document.md states a pressure; record has none usable
legend_condition_without_structured_binding,10.1039_c7ra07722j-5a-S13-P021,label 'plasma exposure time: 3 s plasma' carries [3.0] but no matching controlled value
figure_geometry_broadcast_across_figures,10.1039_c7ra07722j-5a-S13-P021,2 distinct paper-scope geometry values attached
pressure_in_source_not_in_output,10.1039_c7ra07722j-5a-S13-P022,document.md states a pressure; record has none usable
legend_condition_without_structured_binding,10.1039_c7ra07722j-5a-S13-P022,label 'plasma exposure time: 3 s plasma' carries [3.0] but no matching controlled value
figure_geometry_broadcast_across_figures,10.1039_c7ra07722j-5a-S13-P022,2 distinct paper-scope geometry values attached
pressure_in_source_not_in_output,10.1039_c7ra07722j-5a-S13-P023,document.md states a pressure; record has none usable
legend_condition_without_structured_binding,10.1039_c7ra07722j-5a-S13-P023,label 'plasma exposure time: 3 s plasma' carries [3.0] but no matching controlled value
figure_geometry_broadcast_across_figures,10.1039_c7ra07722j-5a-S13-P023,2 distinct paper-scope geometry values attached
pressure_in_source_not_in_output,10.1039_c7ra07722j-5a-S13-P024,document.md states a pressure; record has none usable
legend_condition_without_structured_binding,10.1039_c7ra07722j-5a-S13-P024,label 'plasma exposure time: 3 s plasma' carries [3.0] but no matching controlled value
figure_geometry_broadcast_across_figures,10.1039_c7ra07722j-5a-S13-P024,2 distinct paper-scope geometry values attached
pressure_in_source_not_in_output,10.1039_c7ra07722j-5a-S13-P025,document.md states a pressure; record has none usable
legend_condition_without_structured_binding,10.1039_c7ra07722j-5a-S13-P025,label 'plasma exposure time: 3 s plasma' carries [3.0] but no matching controlled value
figure_geometry_broadcast_across_figures,10.1039_c7ra07722j-5a-S13-P025,2 distinct paper-scope geometry values attached
pressure_in_source_not_in_output,10.1039_c7ra07722j-5a-S13-P026,document.md states a pressure; record has none usable
legend_condition_without_structured_binding,10.1039_c7ra07722j-5a-S13-P026,label 'plasma exposure time: 3 s plasma' carries [3.0] but no matching controlled value
figure_geometry_broadcast_across_figures,10.1039_c7ra07722j-5a-S13-P026,2 distinct paper-scope geometry values attached
pressure_in_source_not_in_output,10.1039_c7ra07722j-5a-S13-P027,document.md states a pressure; record has none usable
legend_condition_without_structured_binding,10.1039_c7ra07722j-5a-S13-P027,label 'plasma exposure time: 3 s plasma' carries [3.0] but no matching controlled value
figure_geometry_broadcast_across_figures,10.1039_c7ra07722j-5a-S13-P027,2 distinct paper-scope geometry values attached
pressure_in_source_not_in_output,10.1039_c7ra07722j-5a-S13-P028,document.md states a pressure; record has none usable
legend_condition_without_structured_binding,10.1039_c7ra07722j-5a-S13-P028,label 'plasma exposure time: 3 s plasma' carries [3.0] but no matching controlled value
figure_geometry_broadcast_across_figures,10.1039_c7ra07722j-5a-S13-P028,2 distinct paper-scope geometry values attached
pressure_in_source_not_in_output,10.1039_c7ra07722j-5a-S13-P029,document.md states a pressure; record has none usable
legend_condition_without_structured_binding,10.1039_c7ra07722j-5a-S13-P029,label 'plasma exposure time: 3 s plasma' carries [3.0] but no matching controlled value
figure_geometry_broadcast_across_figures,10.1039_c7ra07722j-5a-S13-P029,2 distinct paper-scope geometry values attached
pressure_in_source_not_in_output,10.1039_c7ra07722j-5a-S13-P030,document.md states a pressure; record has none usable
legend_condition_without_structured_binding,10.1039_c7ra07722j-5a-S13-P030,label 'plasma exposure time: 3 s plasma' carries [3.0] but no matching controlled value
figure_geometry_broadcast_across_figures,10.1039_c7ra07722j-5a-S13-P030,2 distinct paper-scope geometry values attached
pressure_in_source_not_in_output,10.1039_c7ra07722j-5a-S13-P031,document.md states a pressure; record has none usable
legend_condition_without_structured_binding,10.1039_c7ra07722j-5a-S13-P031,label 'plasma exposure time: 3 s plasma' carries [3.0] but no matching controlled value
figure_geometry_broadcast_across_figures,10.1039_c7ra07722j-5a-S13-P031,2 distinct paper-scope geometry values attached
pressure_in_source_not_in_output,10.1039_c7ra07722j-5a-S13-P032,document.md states a pressure; record has none usable
legend_condition_without_structured_binding,10.1039_c7ra07722j-5a-S13-P032,label 'plasma exposure time: 3 s plasma' carries [3.0] but no matching controlled value
figure_geometry_broadcast_across_figures,10.1039_c7ra07722j-5a-S13-P032,2 distinct paper-scope geometry values attached
pressure_in_source_not_in_output,10.1039_c7ra07722j-5a-S13-P033,document.md states a pressure; record has none usable
legend_condition_without_structured_binding,10.1039_c7ra07722j-5a-S13-P033,label 'plasma exposure time: 3 s plasma' carries [3.0] but no matching controlled value
figure_geometry_broadcast_across_figures,10.1039_c7ra07722j-5a-S13-P033,2 distinct paper-scope geometry values attached
pressure_in_source_not_in_output,10.1039_c7ra07722j-5a-S13-P034,document.md states a pressure; record has none usable
legend_condition_without_structured_binding,10.1039_c7ra07722j-5a-S13-P034,label 'plasma exposure time: 3 s plasma' carries [3.0] but no matching controlled value
figure_geometry_broadcast_across_figures,10.1039_c7ra07722j-5a-S13-P034,2 distinct paper-scope geometry values attached
pressure_in_source_not_in_output,10.1039_c7ra07722j-5a-S13-P035,document.md states a pressure; record has none usable
legend_condition_without_structured_binding,10.1039_c7ra07722j-5a-S13-P035,label 'plasma exposure time: 3 s plasma' carries [3.0] but no matching controlled value
figure_geometry_broadcast_across_figures,10.1039_c7ra07722j-5a-S13-P035,2 distinct paper-scope geometry values attached
pressure_in_source_not_in_output,10.1039_c7ra07722j-5a-S13-P036,document.md states a pressure; record has none usable
legend_condition_without_structured_binding,10.1039_c7ra07722j-5a-S13-P036,label 'plasma exposure time: 3 s plasma' carries [3.0] but no matching controlled value
figure_geometry_broadcast_across_figures,10.1039_c7ra07722j-5a-S13-P036,2 distinct paper-scope geometry values attached
pressure_in_source_not_in_output,10.1039_c7ra07722j-5a-S13-P037,document.md states a pressure; record has none usable
legend_condition_without_structured_binding,10.1039_c7ra07722j-5a-S13-P037,label 'plasma exposure time: 3 s plasma' carries [3.0] but no matching controlled value
figure_geometry_broadcast_across_figures,10.1039_c7ra07722j-5a-S13-P037,2 distinct paper-scope geometry values attached
pressure_in_source_not_in_output,10.1039_c7ra07722j-5a-S13-P038,document.md states a pressure; record has none usable
legend_condition_without_structured_binding,10.1039_c7ra07722j-5a-S13-P038,label 'plasma exposure time: 3 s plasma' carries [3.0] but no matching controlled value
figure_geometry_broadcast_across_figures,10.1039_c7ra07722j-5a-S13-P038,2 distinct paper-scope geometry values attached
pressure_in_source_not_in_output,10.1039_c7ra07722j-5a-S13-P039,document.md states a pressure; record has none usable
legend_condition_without_structured_binding,10.1039_c7ra07722j-5a-S13-P039,label 'plasma exposure time: 3 s plasma' carries [3.0] but no matching controlled value
figure_geometry_broadcast_across_figures,10.1039_c7ra07722j-5a-S13-P039,2 distinct paper-scope geometry values attached
pressure_in_source_not_in_output,10.1039_c7ra07722j-5a-S13-P040,document.md states a pressure; record has none usable
legend_condition_without_structured_binding,10.1039_c7ra07722j-5a-S13-P040,label 'plasma exposure time: 3 s plasma' carries [3.0] but no matching controlled value
figure_geometry_broadcast_across_figures,10.1039_c7ra07722j-5a-S13-P040,2 distinct paper-scope geometry values attached
pressure_in_source_not_in_output,10.1039_c7ra07722j-5a-S14-P000,document.md states a pressure; record has none usable
legend_condition_without_structured_binding,10.1039_c7ra07722j-5a-S14-P000,label 'plasma exposure time: 5 s plasma' carries [5.0] but no matching controlled value
figure_geometry_broadcast_across_figures,10.1039_c7ra07722j-5a-S14-P000,2 distinct paper-scope geometry values attached
pressure_in_source_not_in_output,10.1039_c7ra07722j-5a-S14-P001,document.md states a pressure; record has none usable
legend_condition_without_structured_binding,10.1039_c7ra07722j-5a-S14-P001,label 'plasma exposure time: 5 s plasma' carries [5.0] but no matching controlled value
figure_geometry_broadcast_across_figures,10.1039_c7ra07722j-5a-S14-P001,2 distinct paper-scope geometry values attached
pressure_in_source_not_in_output,10.1039_c7ra07722j-5a-S14-P002,document.md states a pressure; record has none usable
legend_condition_without_structured_binding,10.1039_c7ra07722j-5a-S14-P002,label 'plasma exposure time: 5 s plasma' carries [5.0] but no matching controlled value
figure_geometry_broadcast_across_figures,10.1039_c7ra07722j-5a-S14-P002,2 distinct paper-scope geometry values attached
pressure_in_source_not_in_output,10.1039_c7ra07722j-5a-S14-P003,document.md states a pressure; record has none usable
legend_condition_without_structured_binding,10.1039_c7ra07722j-5a-S14-P003,label 'plasma exposure time: 5 s plasma' carries [5.0] but no matching controlled value
figure_geometry_broadcast_across_figures,10.1039_c7ra07722j-5a-S14-P003,2 distinct paper-scope geometry values attached
pressure_in_source_not_in_output,10.1039_c7ra07722j-5a-S14-P004,document.md states a pressure; record has none usable
legend_condition_without_structured_binding,10.1039_c7ra07722j-5a-S14-P004,label 'plasma exposure time: 5 s plasma' carries [5.0] but no matching controlled value
figure_geometry_broadcast_across_figures,10.1039_c7ra07722j-5a-S14-P004,2 distinct paper-scope geometry values attached
pressure_in_source_not_in_output,10.1039_c7ra07722j-5a-S14-P005,document.md states a pressure; record has none usable
legend_condition_without_structured_binding,10.1039_c7ra07722j-5a-S14-P005,label 'plasma exposure time: 5 s plasma' carries [5.0] but no matching controlled value
figure_geometry_broadcast_across_figures,10.1039_c7ra07722j-5a-S14-P005,2 distinct paper-scope geometry values attached
pressure_in_source_not_in_output,10.1039_c7ra07722j-5a-S14-P006,document.md states a pressure; record has none usable
legend_condition_without_structured_binding,10.1039_c7ra07722j-5a-S14-P006,label 'plasma exposure time: 5 s plasma' carries [5.0] but no matching controlled value
figure_geometry_broadcast_across_figures,10.1039_c7ra07722j-5a-S14-P006,2 distinct paper-scope geometry values attached
pressure_in_source_not_in_output,10.1039_c7ra07722j-5a-S14-P007,document.md states a pressure; record has none usable
legend_condition_without_structured_binding,10.1039_c7ra07722j-5a-S14-P007,label 'plasma exposure time: 5 s plasma' carries [5.0] but no matching controlled value
figure_geometry_broadcast_across_figures,10.1039_c7ra07722j-5a-S14-P007,2 distinct paper-scope geometry values attached
pressure_in_source_not_in_output,10.1039_c7ra07722j-5a-S14-P008,document.md states a pressure; record has none usable
legend_condition_without_structured_binding,10.1039_c7ra07722j-5a-S14-P008,label 'plasma exposure time: 5 s plasma' carries [5.0] but no matching controlled value
figure_geometry_broadcast_across_figures,10.1039_c7ra07722j-5a-S14-P008,2 distinct paper-scope geometry values attached
pressure_in_source_not_in_output,10.1039_c7ra07722j-5a-S14-P009,document.md states a pressure; record has none usable
legend_condition_without_structured_binding,10.1039_c7ra07722j-5a-S14-P009,label 'plasma exposure time: 5 s plasma' carries [5.0] but no matching controlled value
figure_geometry_broadcast_across_figures,10.1039_c7ra07722j-5a-S14-P009,2 distinct paper-scope geometry values attached
pressure_in_source_not_in_output,10.1039_c7ra07722j-5a-S14-P010,document.md states a pressure; record has none usable
legend_condition_without_structured_binding,10.1039_c7ra07722j-5a-S14-P010,label 'plasma exposure time: 5 s plasma' carries [5.0] but no matching controlled value
figure_geometry_broadcast_across_figures,10.1039_c7ra07722j-5a-S14-P010,2 distinct paper-scope geometry values attached
pressure_in_source_not_in_output,10.1039_c7ra07722j-5a-S14-P011,document.md states a pressure; record has none usable
legend_condition_without_structured_binding,10.1039_c7ra07722j-5a-S14-P011,label 'plasma exposure time: 5 s plasma' carries [5.0] but no matching controlled value
figure_geometry_broadcast_across_figures,10.1039_c7ra07722j-5a-S14-P011,2 distinct paper-scope geometry values attached
pressure_in_source_not_in_output,10.1039_c7ra07722j-5a-S14-P012,document.md states a pressure; record has none usable
legend_condition_without_structured_binding,10.1039_c7ra07722j-5a-S14-P012,label 'plasma exposure time: 5 s plasma' carries [5.0] but no matching controlled value
figure_geometry_broadcast_across_figures,10.1039_c7ra07722j-5a-S14-P012,2 distinct paper-scope geometry values attached
pressure_in_source_not_in_output,10.1039_c7ra07722j-5a-S14-P013,document.md states a pressure; record has none usable
legend_condition_without_structured_binding,10.1039_c7ra07722j-5a-S14-P013,label 'plasma exposure time: 5 s plasma' carries [5.0] but no matching controlled value
figure_geometry_broadcast_across_figures,10.1039_c7ra07722j-5a-S14-P013,2 distinct paper-scope geometry values attached
pressure_in_source_not_in_output,10.1039_c7ra07722j-5a-S14-P014,document.md states a pressure; record has none usable
legend_condition_without_structured_binding,10.1039_c7ra07722j-5a-S14-P014,label 'plasma exposure time: 5 s plasma' carries [5.0] but no matching controlled value
figure_geometry_broadcast_across_figures,10.1039_c7ra07722j-5a-S14-P014,2 distinct paper-scope geometry values attached
pressure_in_source_not_in_output,10.1039_c7ra07722j-5a-S14-P015,document.md states a pressure; record has none usable
legend_condition_without_structured_binding,10.1039_c7ra07722j-5a-S14-P015,label 'plasma exposure time: 5 s plasma' carries [5.0] but no matching controlled value
figure_geometry_broadcast_across_figures,10.1039_c7ra07722j-5a-S14-P015,2 distinct paper-scope geometry values attached
pressure_in_source_not_in_output,10.1039_c7ra07722j-5a-S14-P016,document.md states a pressure; record has none usable
legend_condition_without_structured_binding,10.1039_c7ra07722j-5a-S14-P016,label 'plasma exposure time: 5 s plasma' carries [5.0] but no matching controlled value
figure_geometry_broadcast_across_figures,10.1039_c7ra07722j-5a-S14-P016,2 distinct paper-scope geometry values attached
pressure_in_source_not_in_output,10.1039_c7ra07722j-5a-S14-P017,document.md states a pressure; record has none usable
legend_condition_without_structured_binding,10.1039_c7ra07722j-5a-S14-P017,label 'plasma exposure time: 5 s plasma' carries [5.0] but no matching controlled value
figure_geometry_broadcast_across_figures,10.1039_c7ra07722j-5a-S14-P017,2 distinct paper-scope geometry values attached
pressure_in_source_not_in_output,10.1039_c7ra07722j-5a-S14-P018,document.md states a pressure; record has none usable
legend_condition_without_structured_binding,10.1039_c7ra07722j-5a-S14-P018,label 'plasma exposure time: 5 s plasma' carries [5.0] but no matching controlled value
figure_geometry_broadcast_across_figures,10.1039_c7ra07722j-5a-S14-P018,2 distinct paper-scope geometry values attached
pressure_in_source_not_in_output,10.1039_c7ra07722j-5a-S14-P019,document.md states a pressure; record has none usable
legend_condition_without_structured_binding,10.1039_c7ra07722j-5a-S14-P019,label 'plasma exposure time: 5 s plasma' carries [5.0] but no matching controlled value
figure_geometry_broadcast_across_figures,10.1039_c7ra07722j-5a-S14-P019,2 distinct paper-scope geometry values attached
pressure_in_source_not_in_output,10.1039_c7ra07722j-5a-S14-P020,document.md states a pressure; record has none usable
legend_condition_without_structured_binding,10.1039_c7ra07722j-5a-S14-P020,label 'plasma exposure time: 5 s plasma' carries [5.0] but no matching controlled value
figure_geometry_broadcast_across_figures,10.1039_c7ra07722j-5a-S14-P020,2 distinct paper-scope geometry values attached
pressure_in_source_not_in_output,10.1039_c7ra07722j-5a-S14-P021,document.md states a pressure; record has none usable
legend_condition_without_structured_binding,10.1039_c7ra07722j-5a-S14-P021,label 'plasma exposure time: 5 s plasma' carries [5.0] but no matching controlled value
figure_geometry_broadcast_across_figures,10.1039_c7ra07722j-5a-S14-P021,2 distinct paper-scope geometry values attached
pressure_in_source_not_in_output,10.1039_c7ra07722j-5a-S14-P022,document.md states a pressure; record has none usable
legend_condition_without_structured_binding,10.1039_c7ra07722j-5a-S14-P022,label 'plasma exposure time: 5 s plasma' carries [5.0] but no matching controlled value
figure_geometry_broadcast_across_figures,10.1039_c7ra07722j-5a-S14-P022,2 distinct paper-scope geometry values attached
pressure_in_source_not_in_output,10.1039_c7ra07722j-5a-S14-P023,document.md states a pressure; record has none usable
legend_condition_without_structured_binding,10.1039_c7ra07722j-5a-S14-P023,label 'plasma exposure time: 5 s plasma' carries [5.0] but no matching controlled value
figure_geometry_broadcast_across_figures,10.1039_c7ra07722j-5a-S14-P023,2 distinct paper-scope geometry values attached
pressure_in_source_not_in_output,10.1039_c7ra07722j-5a-S14-P024,document.md states a pressure; record has none usable
legend_condition_without_structured_binding,10.1039_c7ra07722j-5a-S14-P024,label 'plasma exposure time: 5 s plasma' carries [5.0] but no matching controlled value
figure_geometry_broadcast_across_figures,10.1039_c7ra07722j-5a-S14-P024,2 distinct paper-scope geometry values attached
pressure_in_source_not_in_output,10.1039_c7ra07722j-5a-S14-P025,document.md states a pressure; record has none usable
legend_condition_without_structured_binding,10.1039_c7ra07722j-5a-S14-P025,label 'plasma exposure time: 5 s plasma' carries [5.0] but no matching controlled value
figure_geometry_broadcast_across_figures,10.1039_c7ra07722j-5a-S14-P025,2 distinct paper-scope geometry values attached
pressure_in_source_not_in_output,10.1039_c7ra07722j-5a-S14-P026,document.md states a pressure; record has none usable
legend_condition_without_structured_binding,10.1039_c7ra07722j-5a-S14-P026,label 'plasma exposure time: 5 s plasma' carries [5.0] but no matching controlled value
figure_geometry_broadcast_across_figures,10.1039_c7ra07722j-5a-S14-P026,2 distinct paper-scope geometry values attached
pressure_in_source_not_in_output,10.1039_c7ra07722j-5a-S14-P027,document.md states a pressure; record has none usable
legend_condition_without_structured_binding,10.1039_c7ra07722j-5a-S14-P027,label 'plasma exposure time: 5 s plasma' carries [5.0] but no matching controlled value
figure_geometry_broadcast_across_figures,10.1039_c7ra07722j-5a-S14-P027,2 distinct paper-scope geometry values attached
pressure_in_source_not_in_output,10.1039_c7ra07722j-5a-S14-P028,document.md states a pressure; record has none usable
legend_condition_without_structured_binding,10.1039_c7ra07722j-5a-S14-P028,label 'plasma exposure time: 5 s plasma' carries [5.0] but no matching controlled value
figure_geometry_broadcast_across_figures,10.1039_c7ra07722j-5a-S14-P028,2 distinct paper-scope geometry values attached
pressure_in_source_not_in_output,10.1039_c7ra07722j-5a-S14-P029,document.md states a pressure; record has none usable
legend_condition_without_structured_binding,10.1039_c7ra07722j-5a-S14-P029,label 'plasma exposure time: 5 s plasma' carries [5.0] but no matching controlled value
figure_geometry_broadcast_across_figures,10.1039_c7ra07722j-5a-S14-P029,2 distinct paper-scope geometry values attached
pressure_in_source_not_in_output,10.1039_c7ra07722j-5a-S14-P030,document.md states a pressure; record has none usable
legend_condition_without_structured_binding,10.1039_c7ra07722j-5a-S14-P030,label 'plasma exposure time: 5 s plasma' carries [5.0] but no matching controlled value
figure_geometry_broadcast_across_figures,10.1039_c7ra07722j-5a-S14-P030,2 distinct paper-scope geometry values attached
pressure_in_source_not_in_output,10.1039_c7ra07722j-5a-S14-P031,document.md states a pressure; record has none usable
legend_condition_without_structured_binding,10.1039_c7ra07722j-5a-S14-P031,label 'plasma exposure time: 5 s plasma' carries [5.0] but no matching controlled value
figure_geometry_broadcast_across_figures,10.1039_c7ra07722j-5a-S14-P031,2 distinct paper-scope geometry values attached
pressure_in_source_not_in_output,10.1039_c7ra07722j-5a-S14-P032,document.md states a pressure; record has none usable
legend_condition_without_structured_binding,10.1039_c7ra07722j-5a-S14-P032,label 'plasma exposure time: 5 s plasma' carries [5.0] but no matching controlled value
figure_geometry_broadcast_across_figures,10.1039_c7ra07722j-5a-S14-P032,2 distinct paper-scope geometry values attached
pressure_in_source_not_in_output,10.1039_c7ra07722j-5a-S14-P033,document.md states a pressure; record has none usable
legend_condition_without_structured_binding,10.1039_c7ra07722j-5a-S14-P033,label 'plasma exposure time: 5 s plasma' carries [5.0] but no matching controlled value
figure_geometry_broadcast_across_figures,10.1039_c7ra07722j-5a-S14-P033,2 distinct paper-scope geometry values attached
pressure_in_source_not_in_output,10.1039_c7ra07722j-5a-S14-P034,document.md states a pressure; record has none usable
legend_condition_without_structured_binding,10.1039_c7ra07722j-5a-S14-P034,label 'plasma exposure time: 5 s plasma' carries [5.0] but no matching controlled value
figure_geometry_broadcast_across_figures,10.1039_c7ra07722j-5a-S14-P034,2 distinct paper-scope geometry values attached
pressure_in_source_not_in_output,10.1039_c7ra07722j-5a-S14-P035,document.md states a pressure; record has none usable
legend_condition_without_structured_binding,10.1039_c7ra07722j-5a-S14-P035,label 'plasma exposure time: 5 s plasma' carries [5.0] but no matching controlled value
figure_geometry_broadcast_across_figures,10.1039_c7ra07722j-5a-S14-P035,2 distinct paper-scope geometry values attached
pressure_in_source_not_in_output,10.1039_c7ra07722j-5a-S14-P036,document.md states a pressure; record has none usable
legend_condition_without_structured_binding,10.1039_c7ra07722j-5a-S14-P036,label 'plasma exposure time: 5 s plasma' carries [5.0] but no matching controlled value
figure_geometry_broadcast_across_figures,10.1039_c7ra07722j-5a-S14-P036,2 distinct paper-scope geometry values attached
pressure_in_source_not_in_output,10.1039_c7ra07722j-5a-S14-P037,document.md states a pressure; record has none usable
legend_condition_without_structured_binding,10.1039_c7ra07722j-5a-S14-P037,label 'plasma exposure time: 5 s plasma' carries [5.0] but no matching controlled value
figure_geometry_broadcast_across_figures,10.1039_c7ra07722j-5a-S14-P037,2 distinct paper-scope geometry values attached
pressure_in_source_not_in_output,10.1039_c7ra07722j-5a-S15-P000,document.md states a pressure; record has none usable
legend_condition_without_structured_binding,10.1039_c7ra07722j-5a-S15-P000,label 'plasma exposure time: 20 s plasma' carries [20.0] but no matching controlled value
figure_geometry_broadcast_across_figures,10.1039_c7ra07722j-5a-S15-P000,2 distinct paper-scope geometry values attached
pressure_in_source_not_in_output,10.1039_c7ra07722j-5a-S15-P001,document.md states a pressure; record has none usable
legend_condition_without_structured_binding,10.1039_c7ra07722j-5a-S15-P001,label 'plasma exposure time: 20 s plasma' carries [20.0] but no matching controlled value
figure_geometry_broadcast_across_figures,10.1039_c7ra07722j-5a-S15-P001,2 distinct paper-scope geometry values attached
pressure_in_source_not_in_output,10.1039_c7ra07722j-5a-S15-P002,document.md states a pressure; record has none usable
figure_geometry_broadcast_across_figures,10.1039_c7ra07722j-5a-S15-P002,2 distinct paper-scope geometry values attached
pressure_in_source_not_in_output,10.1039_c7ra07722j-5a-S15-P003,document.md states a pressure; record has none usable
legend_condition_without_structured_binding,10.1039_c7ra07722j-5a-S15-P003,label 'plasma exposure time: 20 s plasma' carries [20.0] but no matching controlled value
figure_geometry_broadcast_across_figures,10.1039_c7ra07722j-5a-S15-P003,2 distinct paper-scope geometry values attached
pressure_in_source_not_in_output,10.1039_c7ra07722j-5a-S15-P004,document.md states a pressure; record has none usable
legend_condition_without_structured_binding,10.1039_c7ra07722j-5a-S15-P004,label 'plasma exposure time: 20 s plasma' carries [20.0] but no matching controlled value
figure_geometry_broadcast_across_figures,10.1039_c7ra07722j-5a-S15-P004,2 distinct paper-scope geometry values attached
pressure_in_source_not_in_output,10.1039_c7ra07722j-5a-S15-P005,document.md states a pressure; record has none usable
legend_condition_without_structured_binding,10.1039_c7ra07722j-5a-S15-P005,label 'plasma exposure time: 20 s plasma' carries [20.0] but no matching controlled value
figure_geometry_broadcast_across_figures,10.1039_c7ra07722j-5a-S15-P005,2 distinct paper-scope geometry values attached
pressure_in_source_not_in_output,10.1039_c7ra07722j-5a-S15-P006,document.md states a pressure; record has none usable
legend_condition_without_structured_binding,10.1039_c7ra07722j-5a-S15-P006,label 'plasma exposure time: 20 s plasma' carries [20.0] but no matching controlled value
figure_geometry_broadcast_across_figures,10.1039_c7ra07722j-5a-S15-P006,2 distinct paper-scope geometry values attached
pressure_in_source_not_in_output,10.1039_c7ra07722j-5a-S15-P007,document.md states a pressure; record has none usable
legend_condition_without_structured_binding,10.1039_c7ra07722j-5a-S15-P007,label 'plasma exposure time: 20 s plasma' carries [20.0] but no matching controlled value
figure_geometry_broadcast_across_figures,10.1039_c7ra07722j-5a-S15-P007,2 distinct paper-scope geometry values attached
pressure_in_source_not_in_output,10.1039_c7ra07722j-5a-S15-P008,document.md states a pressure; record has none usable
legend_condition_without_structured_binding,10.1039_c7ra07722j-5a-S15-P008,label 'plasma exposure time: 20 s plasma' carries [20.0] but no matching controlled value
figure_geometry_broadcast_across_figures,10.1039_c7ra07722j-5a-S15-P008,2 distinct paper-scope geometry values attached
pressure_in_source_not_in_output,10.1039_c7ra07722j-5a-S15-P009,document.md states a pressure; record has none usable
legend_condition_without_structured_binding,10.1039_c7ra07722j-5a-S15-P009,label 'plasma exposure time: 20 s plasma' carries [20.0] but no matching controlled value
figure_geometry_broadcast_across_figures,10.1039_c7ra07722j-5a-S15-P009,2 distinct paper-scope geometry values attached
pressure_in_source_not_in_output,10.1039_c7ra07722j-5a-S15-P010,document.md states a pressure; record has none usable
legend_condition_without_structured_binding,10.1039_c7ra07722j-5a-S15-P010,label 'plasma exposure time: 20 s plasma' carries [20.0] but no matching controlled value
figure_geometry_broadcast_across_figures,10.1039_c7ra07722j-5a-S15-P010,2 distinct paper-scope geometry values attached
pressure_in_source_not_in_output,10.1039_c7ra07722j-5a-S15-P011,document.md states a pressure; record has none usable
legend_condition_without_structured_binding,10.1039_c7ra07722j-5a-S15-P011,label 'plasma exposure time: 20 s plasma' carries [20.0] but no matching controlled value
figure_geometry_broadcast_across_figures,10.1039_c7ra07722j-5a-S15-P011,2 distinct paper-scope geometry values attached
pressure_in_source_not_in_output,10.1039_c7ra07722j-5a-S15-P012,document.md states a pressure; record has none usable
legend_condition_without_structured_binding,10.1039_c7ra07722j-5a-S15-P012,label 'plasma exposure time: 20 s plasma' carries [20.0] but no matching controlled value
figure_geometry_broadcast_across_figures,10.1039_c7ra07722j-5a-S15-P012,2 distinct paper-scope geometry values attached
pressure_in_source_not_in_output,10.1039_c7ra07722j-5a-S15-P013,document.md states a pressure; record has none usable
legend_condition_without_structured_binding,10.1039_c7ra07722j-5a-S15-P013,label 'plasma exposure time: 20 s plasma' carries [20.0] but no matching controlled value
figure_geometry_broadcast_across_figures,10.1039_c7ra07722j-5a-S15-P013,2 distinct paper-scope geometry values attached
pressure_in_source_not_in_output,10.1039_c7ra07722j-5a-S15-P014,document.md states a pressure; record has none usable
legend_condition_without_structured_binding,10.1039_c7ra07722j-5a-S15-P014,label 'plasma exposure time: 20 s plasma' carries [20.0] but no matching controlled value
figure_geometry_broadcast_across_figures,10.1039_c7ra07722j-5a-S15-P014,2 distinct paper-scope geometry values attached
pressure_in_source_not_in_output,10.1039_c7ra07722j-5a-S15-P015,document.md states a pressure; record has none usable
legend_condition_without_structured_binding,10.1039_c7ra07722j-5a-S15-P015,label 'plasma exposure time: 20 s plasma' carries [20.0] but no matching controlled value
figure_geometry_broadcast_across_figures,10.1039_c7ra07722j-5a-S15-P015,2 distinct paper-scope geometry values attached
pressure_in_source_not_in_output,10.1039_c7ra07722j-5a-S15-P016,document.md states a pressure; record has none usable
legend_condition_without_structured_binding,10.1039_c7ra07722j-5a-S15-P016,label 'plasma exposure time: 20 s plasma' carries [20.0] but no matching controlled value
figure_geometry_broadcast_across_figures,10.1039_c7ra07722j-5a-S15-P016,2 distinct paper-scope geometry values attached
pressure_in_source_not_in_output,10.1039_c7ra07722j-5a-S15-P017,document.md states a pressure; record has none usable
legend_condition_without_structured_binding,10.1039_c7ra07722j-5a-S15-P017,label 'plasma exposure time: 20 s plasma' carries [20.0] but no matching controlled value
figure_geometry_broadcast_across_figures,10.1039_c7ra07722j-5a-S15-P017,2 distinct paper-scope geometry values attached
pressure_in_source_not_in_output,10.1039_c7ra07722j-5a-S15-P018,document.md states a pressure; record has none usable
legend_condition_without_structured_binding,10.1039_c7ra07722j-5a-S15-P018,label 'plasma exposure time: 20 s plasma' carries [20.0] but no matching controlled value
figure_geometry_broadcast_across_figures,10.1039_c7ra07722j-5a-S15-P018,2 distinct paper-scope geometry values attached
pressure_in_source_not_in_output,10.1039_c7ra07722j-5a-S15-P019,document.md states a pressure; record has none usable
legend_condition_without_structured_binding,10.1039_c7ra07722j-5a-S15-P019,label 'plasma exposure time: 20 s plasma' carries [20.0] but no matching controlled value
figure_geometry_broadcast_across_figures,10.1039_c7ra07722j-5a-S15-P019,2 distinct paper-scope geometry values attached
pressure_in_source_not_in_output,10.1039_c7ra07722j-5a-S15-P020,document.md states a pressure; record has none usable
legend_condition_without_structured_binding,10.1039_c7ra07722j-5a-S15-P020,label 'plasma exposure time: 20 s plasma' carries [20.0] but no matching controlled value
figure_geometry_broadcast_across_figures,10.1039_c7ra07722j-5a-S15-P020,2 distinct paper-scope geometry values attached
pressure_in_source_not_in_output,10.1039_c7ra07722j-5a-S15-P021,document.md states a pressure; record has none usable
legend_condition_without_structured_binding,10.1039_c7ra07722j-5a-S15-P021,label 'plasma exposure time: 20 s plasma' carries [20.0] but no matching controlled value
figure_geometry_broadcast_across_figures,10.1039_c7ra07722j-5a-S15-P021,2 distinct paper-scope geometry values attached
pressure_in_source_not_in_output,10.1039_c7ra07722j-5a-S15-P022,document.md states a pressure; record has none usable
legend_condition_without_structured_binding,10.1039_c7ra07722j-5a-S15-P022,label 'plasma exposure time: 20 s plasma' carries [20.0] but no matching controlled value
figure_geometry_broadcast_across_figures,10.1039_c7ra07722j-5a-S15-P022,2 distinct paper-scope geometry values attached
pressure_in_source_not_in_output,10.1039_c7ra07722j-5a-S15-P023,document.md states a pressure; record has none usable
legend_condition_without_structured_binding,10.1039_c7ra07722j-5a-S15-P023,label 'plasma exposure time: 20 s plasma' carries [20.0] but no matching controlled value
figure_geometry_broadcast_across_figures,10.1039_c7ra07722j-5a-S15-P023,2 distinct paper-scope geometry values attached
pressure_in_source_not_in_output,10.1039_c7ra07722j-5a-S15-P024,document.md states a pressure; record has none usable
legend_condition_without_structured_binding,10.1039_c7ra07722j-5a-S15-P024,label 'plasma exposure time: 20 s plasma' carries [20.0] but no matching controlled value
figure_geometry_broadcast_across_figures,10.1039_c7ra07722j-5a-S15-P024,2 distinct paper-scope geometry values attached
pressure_in_source_not_in_output,10.1039_c7ra07722j-5a-S15-P025,document.md states a pressure; record has none usable
legend_condition_without_structured_binding,10.1039_c7ra07722j-5a-S15-P025,label 'plasma exposure time: 20 s plasma' carries [20.0] but no matching controlled value
figure_geometry_broadcast_across_figures,10.1039_c7ra07722j-5a-S15-P025,2 distinct paper-scope geometry values attached
pressure_in_source_not_in_output,10.1039_c7ra07722j-5a-S15-P026,document.md states a pressure; record has none usable
legend_condition_without_structured_binding,10.1039_c7ra07722j-5a-S15-P026,label 'plasma exposure time: 20 s plasma' carries [20.0] but no matching controlled value
figure_geometry_broadcast_across_figures,10.1039_c7ra07722j-5a-S15-P026,2 distinct paper-scope geometry values attached
pressure_in_source_not_in_output,10.1039_c7ra07722j-5a-S15-P027,document.md states a pressure; record has none usable
legend_condition_without_structured_binding,10.1039_c7ra07722j-5a-S15-P027,label 'plasma exposure time: 20 s plasma' carries [20.0] but no matching controlled value
figure_geometry_broadcast_across_figures,10.1039_c7ra07722j-5a-S15-P027,2 distinct paper-scope geometry values attached
pressure_in_source_not_in_output,10.1039_c7ra07722j-5a-S15-P028,document.md states a pressure; record has none usable
legend_condition_without_structured_binding,10.1039_c7ra07722j-5a-S15-P028,label 'plasma exposure time: 20 s plasma' carries [20.0] but no matching controlled value
figure_geometry_broadcast_across_figures,10.1039_c7ra07722j-5a-S15-P028,2 distinct paper-scope geometry values attached
pressure_in_source_not_in_output,10.1039_c7ra07722j-5a-S15-P029,document.md states a pressure; record has none usable
legend_condition_without_structured_binding,10.1039_c7ra07722j-5a-S15-P029,label 'plasma exposure time: 20 s plasma' carries [20.0] but no matching controlled value
figure_geometry_broadcast_across_figures,10.1039_c7ra07722j-5a-S15-P029,2 distinct paper-scope geometry values attached
pressure_in_source_not_in_output,10.1039_c7ra07722j-5a-S15-P030,document.md states a pressure; record has none usable
legend_condition_without_structured_binding,10.1039_c7ra07722j-5a-S15-P030,label 'plasma exposure time: 20 s plasma' carries [20.0] but no matching controlled value
figure_geometry_broadcast_across_figures,10.1039_c7ra07722j-5a-S15-P030,2 distinct paper-scope geometry values attached
pressure_in_source_not_in_output,10.1039_c7ra07722j-5a-S15-P031,document.md states a pressure; record has none usable
legend_condition_without_structured_binding,10.1039_c7ra07722j-5a-S15-P031,label 'plasma exposure time: 20 s plasma' carries [20.0] but no matching controlled value
figure_geometry_broadcast_across_figures,10.1039_c7ra07722j-5a-S15-P031,2 distinct paper-scope geometry values attached
pressure_in_source_not_in_output,10.1039_c7ra07722j-5a-S15-P032,document.md states a pressure; record has none usable
legend_condition_without_structured_binding,10.1039_c7ra07722j-5a-S15-P032,label 'plasma exposure time: 20 s plasma' carries [20.0] but no matching controlled value
figure_geometry_broadcast_across_figures,10.1039_c7ra07722j-5a-S15-P032,2 distinct paper-scope geometry values attached
pressure_in_source_not_in_output,10.1039_c7ra07722j-5a-S15-P033,document.md states a pressure; record has none usable
legend_condition_without_structured_binding,10.1039_c7ra07722j-5a-S15-P033,label 'plasma exposure time: 20 s plasma' carries [20.0] but no matching controlled value
figure_geometry_broadcast_across_figures,10.1039_c7ra07722j-5a-S15-P033,2 distinct paper-scope geometry values attached
pressure_in_source_not_in_output,10.1039_c7ra07722j-5a-S15-P034,document.md states a pressure; record has none usable
legend_condition_without_structured_binding,10.1039_c7ra07722j-5a-S15-P034,label 'plasma exposure time: 20 s plasma' carries [20.0] but no matching controlled value
figure_geometry_broadcast_across_figures,10.1039_c7ra07722j-5a-S15-P034,2 distinct paper-scope geometry values attached
pressure_in_source_not_in_output,10.1039_c7ra07722j-F6a-20,document.md states a pressure; record has none usable
figure_geometry_broadcast_across_figures,10.1039_c7ra07722j-F6a-20,2 distinct paper-scope geometry values attached
pressure_in_source_not_in_output,10.1039_c7ra07722j-F6a-21,document.md states a pressure; record has none usable
figure_geometry_broadcast_across_figures,10.1039_c7ra07722j-F6a-21,2 distinct paper-scope geometry values attached
pressure_in_source_not_in_output,10.1039_c7ra07722j-F6b-22,document.md states a pressure; record has none usable
figure_geometry_broadcast_across_figures,10.1039_c7ra07722j-F6b-22,2 distinct paper-scope geometry values attached
pressure_in_source_not_in_output,10.1039_c7ra07722j-F6c-23,document.md states a pressure; record has none usable
figure_geometry_broadcast_across_figures,10.1039_c7ra07722j-F6c-23,2 distinct paper-scope geometry values attached
pressure_in_source_not_in_output,10.1039_c7ra07722j-F7a-24,document.md states a pressure; record has none usable
legend_condition_without_structured_binding,10.1039_c7ra07722j-F7a-24,label 'process type and temperature: Thermal 300 °C' carries [300.0] but no matching controlled value
figure_geometry_broadcast_across_figures,10.1039_c7ra07722j-F7a-24,2 distinct paper-scope geometry values attached
pressure_in_source_not_in_output,10.1039_c7ra07722j-F7a-25,document.md states a pressure; record has none usable
legend_condition_without_structured_binding,10.1039_c7ra07722j-F7a-25,label 'process type and temperature: Thermal 150 °C' carries [150.0] but no matching controlled value
figure_geometry_broadcast_across_figures,10.1039_c7ra07722j-F7a-25,2 distinct paper-scope geometry values attached
pressure_in_source_not_in_output,10.1039_c7ra07722j-F7a-26,document.md states a pressure; record has none usable
legend_condition_without_structured_binding,10.1039_c7ra07722j-F7a-26,label 'process type and temperature: Thermal 100 °C' carries [100.0] but no matching controlled value
figure_geometry_broadcast_across_figures,10.1039_c7ra07722j-F7a-26,2 distinct paper-scope geometry values attached
pressure_in_source_not_in_output,10.1039_c7ra07722j-F7a-27,document.md states a pressure; record has none usable
legend_condition_without_structured_binding,10.1039_c7ra07722j-F7a-27,label 'process type and temperature: Plasma 250 °C' carries [250.0] but no matching controlled value
figure_geometry_broadcast_across_figures,10.1039_c7ra07722j-F7a-27,2 distinct paper-scope geometry values attached
pressure_in_source_not_in_output,10.1039_c7ra07722j-F7a-28,document.md states a pressure; record has none usable
legend_condition_without_structured_binding,10.1039_c7ra07722j-F7a-28,label 'process type and temperature: Plasma 150 °C' carries [150.0] but no matching controlled value
figure_geometry_broadcast_across_figures,10.1039_c7ra07722j-F7a-28,2 distinct paper-scope geometry values attached
pressure_in_source_not_in_output,10.1039_c7ra07722j-F7a-29,document.md states a pressure; record has none usable
legend_condition_without_structured_binding,10.1039_c7ra07722j-F7a-29,label 'process type and temperature: Plasma 50 °C' carries [50.0] but no matching controlled value
figure_geometry_broadcast_across_figures,10.1039_c7ra07722j-F7a-29,2 distinct paper-scope geometry values attached
pressure_in_source_not_in_output,10.1039_c7ra07722j-F10a-30,document.md states a pressure; record has none usable
figure_geometry_broadcast_across_figures,10.1039_c7ra07722j-F10a-30,2 distinct paper-scope geometry values attached
pressure_in_source_not_in_output,10.1039_c7ra07722j-F10a-31,document.md states a pressure; record has none usable
figure_geometry_broadcast_across_figures,10.1039_c7ra07722j-F10a-31,2 distinct paper-scope geometry values attached
pressure_in_source_not_in_output,10.1039_c7ra07722j-F10a-32,document.md states a pressure; record has none usable
figure_geometry_broadcast_across_figures,10.1039_c7ra07722j-F10a-32,2 distinct paper-scope geometry values attached
pressure_in_source_not_in_output,10.1039_c7ra07722j-F10a-33,document.md states a pressure; record has none usable
figure_geometry_broadcast_across_figures,10.1039_c7ra07722j-F10a-33,2 distinct paper-scope geometry values attached
pressure_in_source_not_in_output,10.1039_d0cp03358h-F2a-0,document.md states a pressure; record has none usable
conflicting_context,10.1039_d0cp03358h-F2a-0,"[{""quantity"": ""feature_height"", ""scope"": ""paper"", ""values"": [100.0, 500.0, 2000.0], ""reason"": ""3 distinct feature_height values at paper scope (100, 500, 2000); not applied to this experiment without "
figure_geometry_broadcast_across_figures,10.1039_d0cp03358h-F2a-0,4 distinct paper-scope geometry values attached
pressure_in_source_not_in_output,10.1039_d0cp03358h-F2b-1,document.md states a pressure; record has none usable
conflicting_context,10.1039_d0cp03358h-F2b-1,"[{""quantity"": ""feature_height"", ""scope"": ""paper"", ""values"": [100.0, 500.0, 2000.0], ""reason"": ""3 distinct feature_height values at paper scope (100, 500, 2000); not applied to this experiment without "
figure_geometry_broadcast_across_figures,10.1039_d0cp03358h-F2b-1,4 distinct paper-scope geometry values attached
pressure_in_source_not_in_output,10.1039_d0cp03358h-F2c-2,document.md states a pressure; record has none usable
conflicting_context,10.1039_d0cp03358h-F2c-2,"[{""quantity"": ""feature_height"", ""scope"": ""paper"", ""values"": [100.0, 500.0, 2000.0], ""reason"": ""3 distinct feature_height values at paper scope (100, 500, 2000); not applied to this experiment without "
figure_geometry_broadcast_across_figures,10.1039_d0cp03358h-F2c-2,4 distinct paper-scope geometry values attached
pressure_in_source_not_in_output,10.1039_d0cp03358h-F2d-3,document.md states a pressure; record has none usable
conflicting_context,10.1039_d0cp03358h-F2d-3,"[{""quantity"": ""feature_height"", ""scope"": ""paper"", ""values"": [100.0, 500.0, 2000.0], ""reason"": ""3 distinct feature_height values at paper scope (100, 500, 2000); not applied to this experiment without "
figure_geometry_broadcast_across_figures,10.1039_d0cp03358h-F2d-3,4 distinct paper-scope geometry values attached
pressure_in_source_not_in_output,10.1039_d0cp03358h-F3a-4,document.md states a pressure; record has none usable
conflicting_context,10.1039_d0cp03358h-F3a-4,"[{""quantity"": ""feature_height"", ""scope"": ""paper"", ""values"": [100.0, 500.0, 2000.0], ""reason"": ""3 distinct feature_height values at paper scope (100, 500, 2000); not applied to this experiment without "
figure_geometry_broadcast_across_figures,10.1039_d0cp03358h-F3a-4,4 distinct paper-scope geometry values attached
pressure_in_source_not_in_output,10.1039_d0cp03358h-F3b-5,document.md states a pressure; record has none usable
conflicting_context,10.1039_d0cp03358h-F3b-5,"[{""quantity"": ""feature_height"", ""scope"": ""paper"", ""values"": [100.0, 500.0, 2000.0], ""reason"": ""3 distinct feature_height values at paper scope (100, 500, 2000); not applied to this experiment without "
figure_geometry_broadcast_across_figures,10.1039_d0cp03358h-F3b-5,4 distinct paper-scope geometry values attached
pressure_in_source_not_in_output,10.1039_d0cp03358h-F5b-6,document.md states a pressure; record has none usable
conflicting_context,10.1039_d0cp03358h-F5b-6,"[{""quantity"": ""feature_height"", ""scope"": ""paper"", ""values"": [100.0, 500.0, 2000.0], ""reason"": ""3 distinct feature_height values at paper scope (100, 500, 2000); not applied to this experiment without "
figure_geometry_broadcast_across_figures,10.1039_d0cp03358h-F5b-6,4 distinct paper-scope geometry values attached
pressure_in_source_not_in_output,10.1039_d0cp03358h-F5b-7,document.md states a pressure; record has none usable
conflicting_context,10.1039_d0cp03358h-F5b-7,"[{""quantity"": ""feature_height"", ""scope"": ""paper"", ""values"": [100.0, 500.0, 2000.0], ""reason"": ""3 distinct feature_height values at paper scope (100, 500, 2000); not applied to this experiment without "
figure_geometry_broadcast_across_figures,10.1039_d0cp03358h-F5b-7,4 distinct paper-scope geometry values attached
pressure_in_source_not_in_output,10.1039_d0cp03358h-F5b-8,document.md states a pressure; record has none usable
conflicting_context,10.1039_d0cp03358h-F5b-8,"[{""quantity"": ""feature_height"", ""scope"": ""paper"", ""values"": [100.0, 500.0, 2000.0], ""reason"": ""3 distinct feature_height values at paper scope (100, 500, 2000); not applied to this experiment without "
figure_geometry_broadcast_across_figures,10.1039_d0cp03358h-F5b-8,4 distinct paper-scope geometry values attached
pressure_in_source_not_in_output,10.1039_d0cp03358h-F7a-9,document.md states a pressure; record has none usable
conflicting_context,10.1039_d0cp03358h-F7a-9,"[{""quantity"": ""feature_height"", ""scope"": ""paper"", ""values"": [100.0, 500.0, 2000.0], ""reason"": ""3 distinct feature_height values at paper scope (100, 500, 2000); not applied to this experiment without "
legend_condition_without_structured_binding,10.1039_d0cp03358h-F7a-9,"label 'spot size: X5 (50 μm)' carries [5.0, 50.0] but no matching controlled value"
figure_geometry_broadcast_across_figures,10.1039_d0cp03358h-F7a-9,4 distinct paper-scope geometry values attached
pressure_in_source_not_in_output,10.1039_d0cp03358h-F7a-10,document.md states a pressure; record has none usable
conflicting_context,10.1039_d0cp03358h-F7a-10,"[{""quantity"": ""feature_height"", ""scope"": ""paper"", ""values"": [100.0, 500.0, 2000.0], ""reason"": ""3 distinct feature_height values at paper scope (100, 500, 2000); not applied to this experiment without "
legend_condition_without_structured_binding,10.1039_d0cp03358h-F7a-10,"label 'spot size: X10 (25 μm)' carries [10.0, 25.0] but no matching controlled value"
figure_geometry_broadcast_across_figures,10.1039_d0cp03358h-F7a-10,4 distinct paper-scope geometry values attached
pressure_in_source_not_in_output,10.1039_d0cp03358h-F7a-11,document.md states a pressure; record has none usable
conflicting_context,10.1039_d0cp03358h-F7a-11,"[{""quantity"": ""feature_height"", ""scope"": ""paper"", ""values"": [100.0, 500.0, 2000.0], ""reason"": ""3 distinct feature_height values at paper scope (100, 500, 2000); not applied to this experiment without "
legend_condition_without_structured_binding,10.1039_d0cp03358h-F7a-11,"label 'spot size: X50 (5 μm)' carries [5.0, 50.0] but no matching controlled value"
figure_geometry_broadcast_across_figures,10.1039_d0cp03358h-F7a-11,4 distinct paper-scope geometry values attached
pressure_in_source_not_in_output,10.1039_d0cp03358h-F8a-12,document.md states a pressure; record has none usable
conflicting_context,10.1039_d0cp03358h-F8a-12,"[{""quantity"": ""feature_height"", ""scope"": ""paper"", ""values"": [100.0, 500.0, 2000.0], ""reason"": ""3 distinct feature_height values at paper scope (100, 500, 2000); not applied to this experiment without "
figure_geometry_broadcast_across_figures,10.1039_d0cp03358h-F8a-12,4 distinct paper-scope geometry values attached
pressure_in_source_not_in_output,10.1039_d0cp03358h-F8a-13,document.md states a pressure; record has none usable
conflicting_context,10.1039_d0cp03358h-F8a-13,"[{""quantity"": ""feature_height"", ""scope"": ""paper"", ""values"": [100.0, 500.0, 2000.0], ""reason"": ""3 distinct feature_height values at paper scope (100, 500, 2000); not applied to this experiment without "
figure_geometry_broadcast_across_figures,10.1039_d0cp03358h-F8a-13,4 distinct paper-scope geometry values attached
pressure_in_source_not_in_output,10.1039_d0cp03358h-F8a-14,document.md states a pressure; record has none usable
conflicting_context,10.1039_d0cp03358h-F8a-14,"[{""quantity"": ""feature_height"", ""scope"": ""paper"", ""values"": [100.0, 500.0, 2000.0], ""reason"": ""3 distinct feature_height values at paper scope (100, 500, 2000); not applied to this experiment without "
figure_geometry_broadcast_across_figures,10.1039_d0cp03358h-F8a-14,4 distinct paper-scope geometry values attached
pressure_in_source_not_in_output,10.1039_d0cp03358h-F8a-15,document.md states a pressure; record has none usable
conflicting_context,10.1039_d0cp03358h-F8a-15,"[{""quantity"": ""feature_height"", ""scope"": ""paper"", ""values"": [100.0, 500.0, 2000.0], ""reason"": ""3 distinct feature_height values at paper scope (100, 500, 2000); not applied to this experiment without "
figure_geometry_broadcast_across_figures,10.1039_d0cp03358h-F8a-15,4 distinct paper-scope geometry values attached
pressure_in_source_not_in_output,10.1039_d0cp03358h-F8b-16,document.md states a pressure; record has none usable
conflicting_context,10.1039_d0cp03358h-F8b-16,"[{""quantity"": ""feature_height"", ""scope"": ""paper"", ""values"": [100.0, 500.0, 2000.0], ""reason"": ""3 distinct feature_height values at paper scope (100, 500, 2000); not applied to this experiment without "
figure_geometry_broadcast_across_figures,10.1039_d0cp03358h-F8b-16,4 distinct paper-scope geometry values attached
pressure_in_source_not_in_output,10.1039_d0cp03358h-F8b-17,document.md states a pressure; record has none usable
conflicting_context,10.1039_d0cp03358h-F8b-17,"[{""quantity"": ""feature_height"", ""scope"": ""paper"", ""values"": [100.0, 500.0, 2000.0], ""reason"": ""3 distinct feature_height values at paper scope (100, 500, 2000); not applied to this experiment without "
figure_geometry_broadcast_across_figures,10.1039_d0cp03358h-F8b-17,4 distinct paper-scope geometry values attached
pressure_in_source_not_in_output,10.1039_d0cp03358h-F8b-18,document.md states a pressure; record has none usable
conflicting_context,10.1039_d0cp03358h-F8b-18,"[{""quantity"": ""feature_height"", ""scope"": ""paper"", ""values"": [100.0, 500.0, 2000.0], ""reason"": ""3 distinct feature_height values at paper scope (100, 500, 2000); not applied to this experiment without "
figure_geometry_broadcast_across_figures,10.1039_d0cp03358h-F8b-18,4 distinct paper-scope geometry values attached
pressure_in_source_not_in_output,10.1039_d0cp03358h-F8b-19,document.md states a pressure; record has none usable
conflicting_context,10.1039_d0cp03358h-F8b-19,"[{""quantity"": ""feature_height"", ""scope"": ""paper"", ""values"": [100.0, 500.0, 2000.0], ""reason"": ""3 distinct feature_height values at paper scope (100, 500, 2000); not applied to this experiment without "
figure_geometry_broadcast_across_figures,10.1039_d0cp03358h-F8b-19,4 distinct paper-scope geometry values attached
pressure_in_source_not_in_output,10.1039_d0cp03358h-F9a-20,document.md states a pressure; record has none usable
conflicting_context,10.1039_d0cp03358h-F9a-20,"[{""quantity"": ""feature_height"", ""scope"": ""paper"", ""values"": [100.0, 500.0, 2000.0], ""reason"": ""3 distinct feature_height values at paper scope (100, 500, 2000); not applied to this experiment without "
figure_geometry_broadcast_across_figures,10.1039_d0cp03358h-F9a-20,4 distinct paper-scope geometry values attached
pressure_in_source_not_in_output,10.1039_d0cp03358h-F9a-21,document.md states a pressure; record has none usable
conflicting_context,10.1039_d0cp03358h-F9a-21,"[{""quantity"": ""feature_height"", ""scope"": ""paper"", ""values"": [100.0, 500.0, 2000.0], ""reason"": ""3 distinct feature_height values at paper scope (100, 500, 2000); not applied to this experiment without "
figure_geometry_broadcast_across_figures,10.1039_d0cp03358h-F9a-21,4 distinct paper-scope geometry values attached
pressure_in_source_not_in_output,10.1039_d0cp03358h-F9a-22,document.md states a pressure; record has none usable
conflicting_context,10.1039_d0cp03358h-F9a-22,"[{""quantity"": ""feature_height"", ""scope"": ""paper"", ""values"": [100.0, 500.0, 2000.0], ""reason"": ""3 distinct feature_height values at paper scope (100, 500, 2000); not applied to this experiment without "
figure_geometry_broadcast_across_figures,10.1039_d0cp03358h-F9a-22,4 distinct paper-scope geometry values attached
pressure_in_source_not_in_output,10.1039_d0cp03358h-F9b-23,document.md states a pressure; record has none usable
conflicting_context,10.1039_d0cp03358h-F9b-23,"[{""quantity"": ""feature_height"", ""scope"": ""paper"", ""values"": [100.0, 500.0, 2000.0], ""reason"": ""3 distinct feature_height values at paper scope (100, 500, 2000); not applied to this experiment without "
figure_geometry_broadcast_across_figures,10.1039_d0cp03358h-F9b-23,4 distinct paper-scope geometry values attached
pressure_in_source_not_in_output,10.1039_d0cp03358h-F9b-24,document.md states a pressure; record has none usable
conflicting_context,10.1039_d0cp03358h-F9b-24,"[{""quantity"": ""feature_height"", ""scope"": ""paper"", ""values"": [100.0, 500.0, 2000.0], ""reason"": ""3 distinct feature_height values at paper scope (100, 500, 2000); not applied to this experiment without "
figure_geometry_broadcast_across_figures,10.1039_d0cp03358h-F9b-24,4 distinct paper-scope geometry values attached
pressure_in_source_not_in_output,10.1039_d0cp03358h-F9b-25,document.md states a pressure; record has none usable
conflicting_context,10.1039_d0cp03358h-F9b-25,"[{""quantity"": ""feature_height"", ""scope"": ""paper"", ""values"": [100.0, 500.0, 2000.0], ""reason"": ""3 distinct feature_height values at paper scope (100, 500, 2000); not applied to this experiment without "
figure_geometry_broadcast_across_figures,10.1039_d0cp03358h-F9b-25,4 distinct paper-scope geometry values attached
pressure_in_source_not_in_output,10.1039_d0cp03358h-F9c-26,document.md states a pressure; record has none usable
conflicting_context,10.1039_d0cp03358h-F9c-26,"[{""quantity"": ""feature_height"", ""scope"": ""paper"", ""values"": [100.0, 500.0, 2000.0], ""reason"": ""3 distinct feature_height values at paper scope (100, 500, 2000); not applied to this experiment without "
figure_geometry_broadcast_across_figures,10.1039_d0cp03358h-F9c-26,4 distinct paper-scope geometry values attached
pressure_in_source_not_in_output,10.1039_d0cp03358h-F9c-27,document.md states a pressure; record has none usable
conflicting_context,10.1039_d0cp03358h-F9c-27,"[{""quantity"": ""feature_height"", ""scope"": ""paper"", ""values"": [100.0, 500.0, 2000.0], ""reason"": ""3 distinct feature_height values at paper scope (100, 500, 2000); not applied to this experiment without "
figure_geometry_broadcast_across_figures,10.1039_d0cp03358h-F9c-27,4 distinct paper-scope geometry values attached
pressure_in_source_not_in_output,10.1039_d0cp03358h-F9c-28,document.md states a pressure; record has none usable
conflicting_context,10.1039_d0cp03358h-F9c-28,"[{""quantity"": ""feature_height"", ""scope"": ""paper"", ""values"": [100.0, 500.0, 2000.0], ""reason"": ""3 distinct feature_height values at paper scope (100, 500, 2000); not applied to this experiment without "
figure_geometry_broadcast_across_figures,10.1039_d0cp03358h-F9c-28,4 distinct paper-scope geometry values attached
pressure_in_source_not_in_output,10.1039_d0cp03358h-F9d-29,document.md states a pressure; record has none usable
conflicting_context,10.1039_d0cp03358h-F9d-29,"[{""quantity"": ""feature_height"", ""scope"": ""paper"", ""values"": [100.0, 500.0, 2000.0], ""reason"": ""3 distinct feature_height values at paper scope (100, 500, 2000); not applied to this experiment without "
figure_geometry_broadcast_across_figures,10.1039_d0cp03358h-F9d-29,4 distinct paper-scope geometry values attached
pressure_in_source_not_in_output,10.1039_d0cp03358h-F9d-30,document.md states a pressure; record has none usable
conflicting_context,10.1039_d0cp03358h-F9d-30,"[{""quantity"": ""feature_height"", ""scope"": ""paper"", ""values"": [100.0, 500.0, 2000.0], ""reason"": ""3 distinct feature_height values at paper scope (100, 500, 2000); not applied to this experiment without "
figure_geometry_broadcast_across_figures,10.1039_d0cp03358h-F9d-30,4 distinct paper-scope geometry values attached
pressure_in_source_not_in_output,10.1039_d0cp03358h-F9d-31,document.md states a pressure; record has none usable
conflicting_context,10.1039_d0cp03358h-F9d-31,"[{""quantity"": ""feature_height"", ""scope"": ""paper"", ""values"": [100.0, 500.0, 2000.0], ""reason"": ""3 distinct feature_height values at paper scope (100, 500, 2000); not applied to this experiment without "
figure_geometry_broadcast_across_figures,10.1039_d0cp03358h-F9d-31,4 distinct paper-scope geometry values attached
pressure_in_source_not_in_output,10.1039_d0cp03358h-F9e-32,document.md states a pressure; record has none usable
conflicting_context,10.1039_d0cp03358h-F9e-32,"[{""quantity"": ""feature_height"", ""scope"": ""paper"", ""values"": [100.0, 500.0, 2000.0], ""reason"": ""3 distinct feature_height values at paper scope (100, 500, 2000); not applied to this experiment without "
figure_geometry_broadcast_across_figures,10.1039_d0cp03358h-F9e-32,4 distinct paper-scope geometry values attached
pressure_in_source_not_in_output,10.1039_d0cp03358h-F9e-33,document.md states a pressure; record has none usable
conflicting_context,10.1039_d0cp03358h-F9e-33,"[{""quantity"": ""feature_height"", ""scope"": ""paper"", ""values"": [100.0, 500.0, 2000.0], ""reason"": ""3 distinct feature_height values at paper scope (100, 500, 2000); not applied to this experiment without "
figure_geometry_broadcast_across_figures,10.1039_d0cp03358h-F9e-33,4 distinct paper-scope geometry values attached
pressure_in_source_not_in_output,10.1039_d0cp03358h-F9e-34,document.md states a pressure; record has none usable
conflicting_context,10.1039_d0cp03358h-F9e-34,"[{""quantity"": ""feature_height"", ""scope"": ""paper"", ""values"": [100.0, 500.0, 2000.0], ""reason"": ""3 distinct feature_height values at paper scope (100, 500, 2000); not applied to this experiment without "
figure_geometry_broadcast_across_figures,10.1039_d0cp03358h-F9e-34,4 distinct paper-scope geometry values attached
pressure_in_source_not_in_output,10.1039_d0cp03358h-F9f-35,document.md states a pressure; record has none usable
conflicting_context,10.1039_d0cp03358h-F9f-35,"[{""quantity"": ""feature_height"", ""scope"": ""paper"", ""values"": [100.0, 500.0, 2000.0], ""reason"": ""3 distinct feature_height values at paper scope (100, 500, 2000); not applied to this experiment without "
figure_geometry_broadcast_across_figures,10.1039_d0cp03358h-F9f-35,4 distinct paper-scope geometry values attached
pressure_in_source_not_in_output,10.1039_d0cp03358h-F9f-36,document.md states a pressure; record has none usable
conflicting_context,10.1039_d0cp03358h-F9f-36,"[{""quantity"": ""feature_height"", ""scope"": ""paper"", ""values"": [100.0, 500.0, 2000.0], ""reason"": ""3 distinct feature_height values at paper scope (100, 500, 2000); not applied to this experiment without "
figure_geometry_broadcast_across_figures,10.1039_d0cp03358h-F9f-36,4 distinct paper-scope geometry values attached
pressure_in_source_not_in_output,10.1039_d0cp03358h-F9f-37,document.md states a pressure; record has none usable
conflicting_context,10.1039_d0cp03358h-F9f-37,"[{""quantity"": ""feature_height"", ""scope"": ""paper"", ""values"": [100.0, 500.0, 2000.0], ""reason"": ""3 distinct feature_height values at paper scope (100, 500, 2000); not applied to this experiment without "
figure_geometry_broadcast_across_figures,10.1039_d0cp03358h-F9f-37,4 distinct paper-scope geometry values attached
pressure_in_source_not_in_output,10.1039_d0cp03358h-F10a-38,document.md states a pressure; record has none usable
conflicting_context,10.1039_d0cp03358h-F10a-38,"[{""quantity"": ""feature_height"", ""scope"": ""paper"", ""values"": [100.0, 500.0, 2000.0], ""reason"": ""3 distinct feature_height values at paper scope (100, 500, 2000); not applied to this experiment without "
figure_geometry_broadcast_across_figures,10.1039_d0cp03358h-F10a-38,4 distinct paper-scope geometry values attached
pressure_in_source_not_in_output,10.1039_d0cp03358h-F10a-39,document.md states a pressure; record has none usable
conflicting_context,10.1039_d0cp03358h-F10a-39,"[{""quantity"": ""feature_height"", ""scope"": ""paper"", ""values"": [100.0, 500.0, 2000.0], ""reason"": ""3 distinct feature_height values at paper scope (100, 500, 2000); not applied to this experiment without "
figure_geometry_broadcast_across_figures,10.1039_d0cp03358h-F10a-39,4 distinct paper-scope geometry values attached
pressure_in_source_not_in_output,10.1039_d0cp03358h-F10a-40,document.md states a pressure; record has none usable
conflicting_context,10.1039_d0cp03358h-F10a-40,"[{""quantity"": ""feature_height"", ""scope"": ""paper"", ""values"": [100.0, 500.0, 2000.0], ""reason"": ""3 distinct feature_height values at paper scope (100, 500, 2000); not applied to this experiment without "
figure_geometry_broadcast_across_figures,10.1039_d0cp03358h-F10a-40,4 distinct paper-scope geometry values attached
pressure_in_source_not_in_output,10.1039_d0cp03358h-F10a-41,document.md states a pressure; record has none usable
conflicting_context,10.1039_d0cp03358h-F10a-41,"[{""quantity"": ""feature_height"", ""scope"": ""paper"", ""values"": [100.0, 500.0, 2000.0], ""reason"": ""3 distinct feature_height values at paper scope (100, 500, 2000); not applied to this experiment without "
figure_geometry_broadcast_across_figures,10.1039_d0cp03358h-F10a-41,4 distinct paper-scope geometry values attached
pressure_in_source_not_in_output,10.1039_d0cp03358h-F10a-42,document.md states a pressure; record has none usable
conflicting_context,10.1039_d0cp03358h-F10a-42,"[{""quantity"": ""feature_height"", ""scope"": ""paper"", ""values"": [100.0, 500.0, 2000.0], ""reason"": ""3 distinct feature_height values at paper scope (100, 500, 2000); not applied to this experiment without "
figure_geometry_broadcast_across_figures,10.1039_d0cp03358h-F10a-42,4 distinct paper-scope geometry values attached
pressure_in_source_not_in_output,10.1039_d0cp03358h-F10b-43,document.md states a pressure; record has none usable
conflicting_context,10.1039_d0cp03358h-F10b-43,"[{""quantity"": ""feature_height"", ""scope"": ""paper"", ""values"": [100.0, 500.0, 2000.0], ""reason"": ""3 distinct feature_height values at paper scope (100, 500, 2000); not applied to this experiment without "
figure_geometry_broadcast_across_figures,10.1039_d0cp03358h-F10b-43,4 distinct paper-scope geometry values attached
pressure_in_source_not_in_output,10.1039_d0cp03358h-F10b-44,document.md states a pressure; record has none usable
conflicting_context,10.1039_d0cp03358h-F10b-44,"[{""quantity"": ""feature_height"", ""scope"": ""paper"", ""values"": [100.0, 500.0, 2000.0], ""reason"": ""3 distinct feature_height values at paper scope (100, 500, 2000); not applied to this experiment without "
figure_geometry_broadcast_across_figures,10.1039_d0cp03358h-F10b-44,4 distinct paper-scope geometry values attached
pressure_in_source_not_in_output,10.1039_d0cp03358h-F10b-45,document.md states a pressure; record has none usable
conflicting_context,10.1039_d0cp03358h-F10b-45,"[{""quantity"": ""feature_height"", ""scope"": ""paper"", ""values"": [100.0, 500.0, 2000.0], ""reason"": ""3 distinct feature_height values at paper scope (100, 500, 2000); not applied to this experiment without "
figure_geometry_broadcast_across_figures,10.1039_d0cp03358h-F10b-45,4 distinct paper-scope geometry values attached
pressure_in_source_not_in_output,10.1039_d0cp03358h-F10b-46,document.md states a pressure; record has none usable
conflicting_context,10.1039_d0cp03358h-F10b-46,"[{""quantity"": ""feature_height"", ""scope"": ""paper"", ""values"": [100.0, 500.0, 2000.0], ""reason"": ""3 distinct feature_height values at paper scope (100, 500, 2000); not applied to this experiment without "
figure_geometry_broadcast_across_figures,10.1039_d0cp03358h-F10b-46,4 distinct paper-scope geometry values attached
pressure_in_source_not_in_output,10.1039_d0cp03358h-F10b-47,document.md states a pressure; record has none usable
conflicting_context,10.1039_d0cp03358h-F10b-47,"[{""quantity"": ""feature_height"", ""scope"": ""paper"", ""values"": [100.0, 500.0, 2000.0], ""reason"": ""3 distinct feature_height values at paper scope (100, 500, 2000); not applied to this experiment without "
figure_geometry_broadcast_across_figures,10.1039_d0cp03358h-F10b-47,4 distinct paper-scope geometry values attached
pressure_in_source_not_in_output,10.1039_d0cp03358h-F10c-48,document.md states a pressure; record has none usable
conflicting_context,10.1039_d0cp03358h-F10c-48,"[{""quantity"": ""feature_height"", ""scope"": ""paper"", ""values"": [100.0, 500.0, 2000.0], ""reason"": ""3 distinct feature_height values at paper scope (100, 500, 2000); not applied to this experiment without "
figure_geometry_broadcast_across_figures,10.1039_d0cp03358h-F10c-48,4 distinct paper-scope geometry values attached
pressure_in_source_not_in_output,10.1039_d0cp03358h-F10c-49,document.md states a pressure; record has none usable
conflicting_context,10.1039_d0cp03358h-F10c-49,"[{""quantity"": ""feature_height"", ""scope"": ""paper"", ""values"": [100.0, 500.0, 2000.0], ""reason"": ""3 distinct feature_height values at paper scope (100, 500, 2000); not applied to this experiment without "
figure_geometry_broadcast_across_figures,10.1039_d0cp03358h-F10c-49,4 distinct paper-scope geometry values attached
pressure_in_source_not_in_output,10.1039_d0cp03358h-F10c-50,document.md states a pressure; record has none usable
conflicting_context,10.1039_d0cp03358h-F10c-50,"[{""quantity"": ""feature_height"", ""scope"": ""paper"", ""values"": [100.0, 500.0, 2000.0], ""reason"": ""3 distinct feature_height values at paper scope (100, 500, 2000); not applied to this experiment without "
figure_geometry_broadcast_across_figures,10.1039_d0cp03358h-F10c-50,4 distinct paper-scope geometry values attached
pressure_in_source_not_in_output,10.1039_d0cp03358h-F10c-51,document.md states a pressure; record has none usable
conflicting_context,10.1039_d0cp03358h-F10c-51,"[{""quantity"": ""feature_height"", ""scope"": ""paper"", ""values"": [100.0, 500.0, 2000.0], ""reason"": ""3 distinct feature_height values at paper scope (100, 500, 2000); not applied to this experiment without "
figure_geometry_broadcast_across_figures,10.1039_d0cp03358h-F10c-51,4 distinct paper-scope geometry values attached
pressure_in_source_not_in_output,10.1039_d0cp03358h-F10c-52,document.md states a pressure; record has none usable
conflicting_context,10.1039_d0cp03358h-F10c-52,"[{""quantity"": ""feature_height"", ""scope"": ""paper"", ""values"": [100.0, 500.0, 2000.0], ""reason"": ""3 distinct feature_height values at paper scope (100, 500, 2000); not applied to this experiment without "
figure_geometry_broadcast_across_figures,10.1039_d0cp03358h-F10c-52,4 distinct paper-scope geometry values attached
pressure_in_source_not_in_output,10.1039_d0cp03358h-F10d-53,document.md states a pressure; record has none usable
conflicting_context,10.1039_d0cp03358h-F10d-53,"[{""quantity"": ""feature_height"", ""scope"": ""paper"", ""values"": [100.0, 500.0, 2000.0], ""reason"": ""3 distinct feature_height values at paper scope (100, 500, 2000); not applied to this experiment without "
figure_geometry_broadcast_across_figures,10.1039_d0cp03358h-F10d-53,4 distinct paper-scope geometry values attached
pressure_in_source_not_in_output,10.1039_d0cp03358h-F10d-54,document.md states a pressure; record has none usable
conflicting_context,10.1039_d0cp03358h-F10d-54,"[{""quantity"": ""feature_height"", ""scope"": ""paper"", ""values"": [100.0, 500.0, 2000.0], ""reason"": ""3 distinct feature_height values at paper scope (100, 500, 2000); not applied to this experiment without "
figure_geometry_broadcast_across_figures,10.1039_d0cp03358h-F10d-54,4 distinct paper-scope geometry values attached
pressure_in_source_not_in_output,10.1039_d0cp03358h-F10d-55,document.md states a pressure; record has none usable
conflicting_context,10.1039_d0cp03358h-F10d-55,"[{""quantity"": ""feature_height"", ""scope"": ""paper"", ""values"": [100.0, 500.0, 2000.0], ""reason"": ""3 distinct feature_height values at paper scope (100, 500, 2000); not applied to this experiment without "
figure_geometry_broadcast_across_figures,10.1039_d0cp03358h-F10d-55,4 distinct paper-scope geometry values attached
pressure_in_source_not_in_output,10.1039_d0cp03358h-F10d-56,document.md states a pressure; record has none usable
conflicting_context,10.1039_d0cp03358h-F10d-56,"[{""quantity"": ""feature_height"", ""scope"": ""paper"", ""values"": [100.0, 500.0, 2000.0], ""reason"": ""3 distinct feature_height values at paper scope (100, 500, 2000); not applied to this experiment without "
figure_geometry_broadcast_across_figures,10.1039_d0cp03358h-F10d-56,4 distinct paper-scope geometry values attached
pressure_in_source_not_in_output,10.1039_d0cp03358h-F10d-57,document.md states a pressure; record has none usable
conflicting_context,10.1039_d0cp03358h-F10d-57,"[{""quantity"": ""feature_height"", ""scope"": ""paper"", ""values"": [100.0, 500.0, 2000.0], ""reason"": ""3 distinct feature_height values at paper scope (100, 500, 2000); not applied to this experiment without "
figure_geometry_broadcast_across_figures,10.1039_d0cp03358h-F10d-57,4 distinct paper-scope geometry values attached
pressure_in_source_not_in_output,10.1039_d0cp03358h-F10e-58,document.md states a pressure; record has none usable
conflicting_context,10.1039_d0cp03358h-F10e-58,"[{""quantity"": ""feature_height"", ""scope"": ""paper"", ""values"": [100.0, 500.0, 2000.0], ""reason"": ""3 distinct feature_height values at paper scope (100, 500, 2000); not applied to this experiment without "
figure_geometry_broadcast_across_figures,10.1039_d0cp03358h-F10e-58,4 distinct paper-scope geometry values attached
pressure_in_source_not_in_output,10.1039_d0cp03358h-F10e-59,document.md states a pressure; record has none usable
conflicting_context,10.1039_d0cp03358h-F10e-59,"[{""quantity"": ""feature_height"", ""scope"": ""paper"", ""values"": [100.0, 500.0, 2000.0], ""reason"": ""3 distinct feature_height values at paper scope (100, 500, 2000); not applied to this experiment without "
figure_geometry_broadcast_across_figures,10.1039_d0cp03358h-F10e-59,4 distinct paper-scope geometry values attached
pressure_in_source_not_in_output,10.1039_d0cp03358h-F10e-60,document.md states a pressure; record has none usable
conflicting_context,10.1039_d0cp03358h-F10e-60,"[{""quantity"": ""feature_height"", ""scope"": ""paper"", ""values"": [100.0, 500.0, 2000.0], ""reason"": ""3 distinct feature_height values at paper scope (100, 500, 2000); not applied to this experiment without "
figure_geometry_broadcast_across_figures,10.1039_d0cp03358h-F10e-60,4 distinct paper-scope geometry values attached
pressure_in_source_not_in_output,10.1039_d0cp03358h-F10e-61,document.md states a pressure; record has none usable
conflicting_context,10.1039_d0cp03358h-F10e-61,"[{""quantity"": ""feature_height"", ""scope"": ""paper"", ""values"": [100.0, 500.0, 2000.0], ""reason"": ""3 distinct feature_height values at paper scope (100, 500, 2000); not applied to this experiment without "
figure_geometry_broadcast_across_figures,10.1039_d0cp03358h-F10e-61,4 distinct paper-scope geometry values attached
pressure_in_source_not_in_output,10.1039_d0cp03358h-F10e-62,document.md states a pressure; record has none usable
conflicting_context,10.1039_d0cp03358h-F10e-62,"[{""quantity"": ""feature_height"", ""scope"": ""paper"", ""values"": [100.0, 500.0, 2000.0], ""reason"": ""3 distinct feature_height values at paper scope (100, 500, 2000); not applied to this experiment without "
figure_geometry_broadcast_across_figures,10.1039_d0cp03358h-F10e-62,4 distinct paper-scope geometry values attached
pressure_in_source_not_in_output,10.1039_d0cp03358h-F10f-63,document.md states a pressure; record has none usable
conflicting_context,10.1039_d0cp03358h-F10f-63,"[{""quantity"": ""feature_height"", ""scope"": ""paper"", ""values"": [100.0, 500.0, 2000.0], ""reason"": ""3 distinct feature_height values at paper scope (100, 500, 2000); not applied to this experiment without "
figure_geometry_broadcast_across_figures,10.1039_d0cp03358h-F10f-63,4 distinct paper-scope geometry values attached
pressure_in_source_not_in_output,10.1039_d0cp03358h-F10f-64,document.md states a pressure; record has none usable
conflicting_context,10.1039_d0cp03358h-F10f-64,"[{""quantity"": ""feature_height"", ""scope"": ""paper"", ""values"": [100.0, 500.0, 2000.0], ""reason"": ""3 distinct feature_height values at paper scope (100, 500, 2000); not applied to this experiment without "
figure_geometry_broadcast_across_figures,10.1039_d0cp03358h-F10f-64,4 distinct paper-scope geometry values attached
pressure_in_source_not_in_output,10.1039_d0cp03358h-F10f-65,document.md states a pressure; record has none usable
conflicting_context,10.1039_d0cp03358h-F10f-65,"[{""quantity"": ""feature_height"", ""scope"": ""paper"", ""values"": [100.0, 500.0, 2000.0], ""reason"": ""3 distinct feature_height values at paper scope (100, 500, 2000); not applied to this experiment without "
figure_geometry_broadcast_across_figures,10.1039_d0cp03358h-F10f-65,4 distinct paper-scope geometry values attached
pressure_in_source_not_in_output,10.1039_d0cp03358h-F10f-66,document.md states a pressure; record has none usable
conflicting_context,10.1039_d0cp03358h-F10f-66,"[{""quantity"": ""feature_height"", ""scope"": ""paper"", ""values"": [100.0, 500.0, 2000.0], ""reason"": ""3 distinct feature_height values at paper scope (100, 500, 2000); not applied to this experiment without "
figure_geometry_broadcast_across_figures,10.1039_d0cp03358h-F10f-66,4 distinct paper-scope geometry values attached
pressure_in_source_not_in_output,10.1039_d0cp03358h-F10f-67,document.md states a pressure; record has none usable
conflicting_context,10.1039_d0cp03358h-F10f-67,"[{""quantity"": ""feature_height"", ""scope"": ""paper"", ""values"": [100.0, 500.0, 2000.0], ""reason"": ""3 distinct feature_height values at paper scope (100, 500, 2000); not applied to this experiment without "
figure_geometry_broadcast_across_figures,10.1039_d0cp03358h-F10f-67,4 distinct paper-scope geometry values attached
pressure_in_source_not_in_output,10.1039_d0cp03358h-F11a-68,document.md states a pressure; record has none usable
conflicting_context,10.1039_d0cp03358h-F11a-68,"[{""quantity"": ""feature_height"", ""scope"": ""paper"", ""values"": [100.0, 500.0, 2000.0], ""reason"": ""3 distinct feature_height values at paper scope (100, 500, 2000); not applied to this experiment without "
figure_geometry_broadcast_across_figures,10.1039_d0cp03358h-F11a-68,4 distinct paper-scope geometry values attached
pressure_in_source_not_in_output,10.1039_d0cp03358h-F11a-69,document.md states a pressure; record has none usable
conflicting_context,10.1039_d0cp03358h-F11a-69,"[{""quantity"": ""feature_height"", ""scope"": ""paper"", ""values"": [100.0, 500.0, 2000.0], ""reason"": ""3 distinct feature_height values at paper scope (100, 500, 2000); not applied to this experiment without "
figure_geometry_broadcast_across_figures,10.1039_d0cp03358h-F11a-69,4 distinct paper-scope geometry values attached
pressure_in_source_not_in_output,10.1039_d0cp03358h-F11a-70,document.md states a pressure; record has none usable
conflicting_context,10.1039_d0cp03358h-F11a-70,"[{""quantity"": ""feature_height"", ""scope"": ""paper"", ""values"": [100.0, 500.0, 2000.0], ""reason"": ""3 distinct feature_height values at paper scope (100, 500, 2000); not applied to this experiment without "
figure_geometry_broadcast_across_figures,10.1039_d0cp03358h-F11a-70,4 distinct paper-scope geometry values attached
pressure_in_source_not_in_output,10.1039_d0cp03358h-F11b-71,document.md states a pressure; record has none usable
conflicting_context,10.1039_d0cp03358h-F11b-71,"[{""quantity"": ""feature_height"", ""scope"": ""paper"", ""values"": [100.0, 500.0, 2000.0], ""reason"": ""3 distinct feature_height values at paper scope (100, 500, 2000); not applied to this experiment without "
figure_geometry_broadcast_across_figures,10.1039_d0cp03358h-F11b-71,4 distinct paper-scope geometry values attached
pressure_in_source_not_in_output,10.1039_d0cp03358h-F11b-72,document.md states a pressure; record has none usable
conflicting_context,10.1039_d0cp03358h-F11b-72,"[{""quantity"": ""feature_height"", ""scope"": ""paper"", ""values"": [100.0, 500.0, 2000.0], ""reason"": ""3 distinct feature_height values at paper scope (100, 500, 2000); not applied to this experiment without "
figure_geometry_broadcast_across_figures,10.1039_d0cp03358h-F11b-72,4 distinct paper-scope geometry values attached
pressure_in_source_not_in_output,10.1039_d0cp03358h-F11b-73,document.md states a pressure; record has none usable
conflicting_context,10.1039_d0cp03358h-F11b-73,"[{""quantity"": ""feature_height"", ""scope"": ""paper"", ""values"": [100.0, 500.0, 2000.0], ""reason"": ""3 distinct feature_height values at paper scope (100, 500, 2000); not applied to this experiment without "
figure_geometry_broadcast_across_figures,10.1039_d0cp03358h-F11b-73,4 distinct paper-scope geometry values attached
pressure_in_source_not_in_output,10.1039_d3dt01824e-2a-S0-P000,document.md states a pressure; record has none usable
pressure_in_source_not_in_output,10.1039_d3dt01824e-2a-S0-P001,document.md states a pressure; record has none usable
pressure_in_source_not_in_output,10.1039_d3dt01824e-2a-S0-P002,document.md states a pressure; record has none usable
pressure_in_source_not_in_output,10.1039_d3dt01824e-2a-S0-P003,document.md states a pressure; record has none usable
pressure_in_source_not_in_output,10.1039_d3dt01824e-2a-S0-P004,document.md states a pressure; record has none usable
pressure_in_source_not_in_output,10.1039_d3dt01824e-2a-S0-P005,document.md states a pressure; record has none usable
pressure_in_source_not_in_output,10.1039_d3dt01824e-2a-S1-P000,document.md states a pressure; record has none usable
pressure_in_source_not_in_output,10.1039_d3dt01824e-2a-S1-P001,document.md states a pressure; record has none usable
pressure_in_source_not_in_output,10.1039_d3dt01824e-2a-S1-P002,document.md states a pressure; record has none usable
pressure_in_source_not_in_output,10.1039_d3dt01824e-2a-S1-P003,document.md states a pressure; record has none usable
pressure_in_source_not_in_output,10.1039_d3dt01824e-2a-S1-P004,document.md states a pressure; record has none usable
pressure_in_source_not_in_output,10.1039_d3dt01824e-2a-S1-P005,document.md states a pressure; record has none usable
pressure_in_source_not_in_output,10.1039_d3dt01824e-3a-S2-P000,document.md states a pressure; record has none usable
pressure_in_source_not_in_output,10.1039_d3dt01824e-3a-S2-P001,document.md states a pressure; record has none usable
pressure_in_source_not_in_output,10.1039_d3dt01824e-3a-S2-P002,document.md states a pressure; record has none usable
pressure_in_source_not_in_output,10.1039_d3dt01824e-3a-S3-P000,document.md states a pressure; record has none usable
pressure_in_source_not_in_output,10.1039_d3dt01824e-3a-S3-P001,document.md states a pressure; record has none usable
pressure_in_source_not_in_output,10.1039_d3dt01824e-3a-S3-P002,document.md states a pressure; record has none usable
pressure_in_source_not_in_output,10.1039_d3dt01824e-4a-S4-P000,document.md states a pressure; record has none usable
pressure_in_source_not_in_output,10.1039_d3dt01824e-4a-S4-P001,document.md states a pressure; record has none usable
pressure_in_source_not_in_output,10.1039_d3dt01824e-4a-S4-P002,document.md states a pressure; record has none usable
pressure_in_source_not_in_output,10.1039_d3dt01824e-4a-S4-P003,document.md states a pressure; record has none usable
pressure_in_source_not_in_output,10.1039_d3dt01824e-4a-S4-P004,document.md states a pressure; record has none usable
pressure_in_source_not_in_output,10.1039_d3dt01824e-4a-S4-P005,document.md states a pressure; record has none usable
pressure_in_source_not_in_output,10.1039_d3dt01824e-4a-S5-P000,document.md states a pressure; record has none usable
pressure_in_source_not_in_output,10.1039_d3dt01824e-4a-S5-P001,document.md states a pressure; record has none usable
pressure_in_source_not_in_output,10.1039_d3dt01824e-4a-S5-P002,document.md states a pressure; record has none usable
pressure_in_source_not_in_output,10.1039_d3dt01824e-4a-S5-P003,document.md states a pressure; record has none usable
pressure_in_source_not_in_output,10.1039_d3dt01824e-4a-S5-P004,document.md states a pressure; record has none usable
pressure_in_source_not_in_output,10.1039_d3dt01824e-4a-S5-P005,document.md states a pressure; record has none usable
pressure_in_source_not_in_output,10.1039_d3dt01824e-F7a-6,document.md states a pressure; record has none usable
pressure_in_source_not_in_output,10.1039_d3dt01824e-F7b-7,document.md states a pressure; record has none usable
pressure_in_source_not_in_output,10.1039_d3dt01824e-F7c-8,document.md states a pressure; record has none usable
pressure_in_source_not_in_output,10.1039_d3dt01824e-F7d-9,document.md states a pressure; record has none usable
empty_conditions_despite_numeric_caption,10.1039_d3dt01824e-F7d-9,panel conditions {} but caption carries numerics
pressure_in_source_not_in_output,10.1039_d3dt01824e-F8a-10,document.md states a pressure; record has none usable
legend_condition_without_structured_binding,10.1039_d3dt01824e-F8a-10,label 'etching time: ET=0 min' carries [0.0] but no matching controlled value
pressure_in_source_not_in_output,10.1039_d3dt01824e-F8a-11,document.md states a pressure; record has none usable
legend_condition_without_structured_binding,10.1039_d3dt01824e-F8a-11,label 'etching time: ET=2min' carries [2.0] but no matching controlled value
pressure_in_source_not_in_output,10.1039_d3dt01824e-F8a-12,document.md states a pressure; record has none usable
legend_condition_without_structured_binding,10.1039_d3dt01824e-F8a-12,label 'etching time: ET=5 min' carries [5.0] but no matching controlled value
pressure_in_source_not_in_output,10.1039_d3dt01824e-F8a-13,document.md states a pressure; record has none usable
pressure_in_source_not_in_output,10.1039_d3dt01824e-F8a-14,document.md states a pressure; record has none usable
legend_condition_without_structured_binding,10.1039_d3dt01824e-F8a-14,label 'etching time: ET=15 min' carries [15.0] but no matching controlled value
pressure_in_source_not_in_output,10.1039_d3dt01824e-F8b-15,document.md states a pressure; record has none usable
legend_condition_without_structured_binding,10.1039_d3dt01824e-F8b-15,label 'etching time: ET=0min' carries [0.0] but no matching controlled value
pressure_in_source_not_in_output,10.1039_d3dt01824e-F8b-16,document.md states a pressure; record has none usable
legend_condition_without_structured_binding,10.1039_d3dt01824e-F8b-16,label 'etching time: ET=2min' carries [2.0] but no matching controlled value
pressure_in_source_not_in_output,10.1039_d3dt01824e-F8b-17,document.md states a pressure; record has none usable
legend_condition_without_structured_binding,10.1039_d3dt01824e-F8b-17,label 'etching time: ET=5min' carries [5.0] but no matching controlled value
pressure_in_source_not_in_output,10.1039_d3dt01824e-F8b-18,document.md states a pressure; record has none usable
pressure_in_source_not_in_output,10.1039_d3dt01824e-F8b-19,document.md states a pressure; record has none usable
legend_condition_without_structured_binding,10.1039_d3dt01824e-F8b-19,label 'etching time: ET=15min' carries [15.0] but no matching controlled value
pressure_in_source_not_in_output,10.1039_d3dt01824e-F8c-20,document.md states a pressure; record has none usable
legend_condition_without_structured_binding,10.1039_d3dt01824e-F8c-20,label 'etching time: ET=0min' carries [0.0] but no matching controlled value
pressure_in_source_not_in_output,10.1039_d3dt01824e-F8c-21,document.md states a pressure; record has none usable
legend_condition_without_structured_binding,10.1039_d3dt01824e-F8c-21,label 'etching time: ET=2min' carries [2.0] but no matching controlled value
pressure_in_source_not_in_output,10.1039_d3dt01824e-F8c-22,document.md states a pressure; record has none usable
legend_condition_without_structured_binding,10.1039_d3dt01824e-F8c-22,label 'etching time: ET=5min' carries [5.0] but no matching controlled value
pressure_in_source_not_in_output,10.1039_d3dt01824e-F8c-23,document.md states a pressure; record has none usable
pressure_in_source_not_in_output,10.1039_d3dt01824e-F8c-24,document.md states a pressure; record has none usable
legend_condition_without_structured_binding,10.1039_d3dt01824e-F8c-24,label 'etching time: ET=15min' carries [15.0] but no matching controlled value
pressure_in_source_not_in_output,10.1039_d3dt01824e-F9a-25,document.md states a pressure; record has none usable
legend_condition_without_structured_binding,10.1039_d3dt01824e-F9a-25,label 'element: C 1s' carries [1.0] but no matching controlled value
pressure_in_source_not_in_output,10.1039_d3dt01824e-F9a-26,document.md states a pressure; record has none usable
pressure_in_source_not_in_output,10.1039_d3dt01824e-F9a-27,document.md states a pressure; record has none usable
legend_condition_without_structured_binding,10.1039_d3dt01824e-F9a-27,label 'element: N 1s' carries [1.0] but no matching controlled value
pressure_in_source_not_in_output,10.1039_d3dt01824e-F9a-28,document.md states a pressure; record has none usable
legend_condition_without_structured_binding,10.1039_d3dt01824e-F9a-28,label 'element: O 1s' carries [1.0] but no matching controlled value
pressure_in_source_not_in_output,10.1039_d3dt01824e-F9a-29,document.md states a pressure; record has none usable
legend_condition_without_structured_binding,10.1039_d3dt01824e-F9a-29,label 'element: Si 2s' carries [2.0] but no matching controlled value
pressure_in_source_not_in_output,10.1039_d3ra05217f-F1a-0,document.md states a pressure; record has none usable
pressure_in_source_not_in_output,10.1039_d3ra05217f-2a-S0-P000,document.md states a pressure; record has none usable
pressure_in_source_not_in_output,10.1039_d3ra05217f-2a-S0-P001,document.md states a pressure; record has none usable
pressure_in_source_not_in_output,10.1039_d3ra05217f-2a-S0-P002,document.md states a pressure; record has none usable
pressure_in_source_not_in_output,10.1039_d3ra05217f-2a-S0-P003,document.md states a pressure; record has none usable
pressure_in_source_not_in_output,10.1039_d3ra05217f-2a-S0-P004,document.md states a pressure; record has none usable
pressure_in_source_not_in_output,10.1039_d3ra05217f-2a-S0-P005,document.md states a pressure; record has none usable
pressure_in_source_not_in_output,10.1039_d3ra05217f-2a-S0-P006,document.md states a pressure; record has none usable
pressure_in_source_not_in_output,10.1039_d3ra05217f-2a-S0-P007,document.md states a pressure; record has none usable
pressure_in_source_not_in_output,10.1039_d3ra05217f-2a-S0-P008,document.md states a pressure; record has none usable
pressure_in_source_not_in_output,10.1039_d3ra05217f-2a-S0-P009,document.md states a pressure; record has none usable
pressure_in_source_not_in_output,10.1039_d3ra05217f-2a-S0-P010,document.md states a pressure; record has none usable
pressure_in_source_not_in_output,10.1039_d3ra05217f-2a-S0-P011,document.md states a pressure; record has none usable
pressure_in_source_not_in_output,10.1039_d3ra05217f-2a-S0-P012,document.md states a pressure; record has none usable
pressure_in_source_not_in_output,10.1039_d3ra05217f-2a-S0-P013,document.md states a pressure; record has none usable
pressure_in_source_not_in_output,10.1039_d3ra05217f-2a-S0-P014,document.md states a pressure; record has none usable
pressure_in_source_not_in_output,10.1039_d3ra05217f-2a-S0-P015,document.md states a pressure; record has none usable
pressure_in_source_not_in_output,10.1039_d3ra05217f-2a-S0-P016,document.md states a pressure; record has none usable
pressure_in_source_not_in_output,10.1039_d3ra05217f-2a-S0-P017,document.md states a pressure; record has none usable
pressure_in_source_not_in_output,10.1039_d3ra05217f-2a-S0-P018,document.md states a pressure; record has none usable
pressure_in_source_not_in_output,10.1039_d3ra05217f-2a-S0-P019,document.md states a pressure; record has none usable
pressure_in_source_not_in_output,10.1039_d3ra05217f-2a-S0-P020,document.md states a pressure; record has none usable
pressure_in_source_not_in_output,10.1039_d3ra05217f-2a-S0-P021,document.md states a pressure; record has none usable
pressure_in_source_not_in_output,10.1039_d3ra05217f-2a-S0-P022,document.md states a pressure; record has none usable
pressure_in_source_not_in_output,10.1039_d3ra05217f-2a-S0-P023,document.md states a pressure; record has none usable
pressure_in_source_not_in_output,10.1039_d3ra05217f-2a-S0-P024,document.md states a pressure; record has none usable
pressure_in_source_not_in_output,10.1039_d3ra05217f-2a-S0-P025,document.md states a pressure; record has none usable
pressure_in_source_not_in_output,10.1039_d3ra05217f-2a-S0-P026,document.md states a pressure; record has none usable
pressure_in_source_not_in_output,10.1039_d3ra05217f-2a-S0-P027,document.md states a pressure; record has none usable
pressure_in_source_not_in_output,10.1039_d3ra05217f-2a-S0-P028,document.md states a pressure; record has none usable
pressure_in_source_not_in_output,10.1039_d3ra05217f-2a-S0-P029,document.md states a pressure; record has none usable
pressure_in_source_not_in_output,10.1039_d3ra05217f-2a-S0-P030,document.md states a pressure; record has none usable
pressure_in_source_not_in_output,10.1039_d3ra05217f-2a-S0-P031,document.md states a pressure; record has none usable
pressure_in_source_not_in_output,10.1039_d3ra05217f-2a-S0-P032,document.md states a pressure; record has none usable
pressure_in_source_not_in_output,10.1039_d3ra05217f-2a-S0-P033,document.md states a pressure; record has none usable
pressure_in_source_not_in_output,10.1039_d3ra05217f-2a-S0-P034,document.md states a pressure; record has none usable
pressure_in_source_not_in_output,10.1039_d3ra05217f-2a-S0-P035,document.md states a pressure; record has none usable
pressure_in_source_not_in_output,10.1039_d3ra05217f-2a-S0-P036,document.md states a pressure; record has none usable
pressure_in_source_not_in_output,10.1039_d3ra05217f-2a-S0-P037,document.md states a pressure; record has none usable
pressure_in_source_not_in_output,10.1039_d3ra05217f-2a-S0-P038,document.md states a pressure; record has none usable
pressure_in_source_not_in_output,10.1039_d3ra05217f-2a-S0-P039,document.md states a pressure; record has none usable
pressure_in_source_not_in_output,10.1039_d3ra05217f-2a-S0-P040,document.md states a pressure; record has none usable
pressure_in_source_not_in_output,10.1039_d3ra05217f-2a-S0-P041,document.md states a pressure; record has none usable
pressure_in_source_not_in_output,10.1039_d3ra05217f-2a-S0-P042,document.md states a pressure; record has none usable
pressure_in_source_not_in_output,10.1039_d3ra05217f-2a-S0-P043,document.md states a pressure; record has none usable
pressure_in_source_not_in_output,10.1039_d3ra05217f-2a-S0-P044,document.md states a pressure; record has none usable
pressure_in_source_not_in_output,10.1039_d3ra05217f-2a-S0-P045,document.md states a pressure; record has none usable
pressure_in_source_not_in_output,10.1039_d3ra05217f-2a-S0-P046,document.md states a pressure; record has none usable
pressure_in_source_not_in_output,10.1039_d3ra05217f-2a-S0-P047,document.md states a pressure; record has none usable
pressure_in_source_not_in_output,10.1039_d3ra05217f-2a-S0-P048,document.md states a pressure; record has none usable
pressure_in_source_not_in_output,10.1039_d3ra05217f-2a-S0-P049,document.md states a pressure; record has none usable
pressure_in_source_not_in_output,10.1039_d3ra05217f-3b-S4-P000,document.md states a pressure; record has none usable
pressure_in_source_not_in_output,10.1039_d3ra05217f-3b-S4-P001,document.md states a pressure; record has none usable
pressure_in_source_not_in_output,10.1039_d3ra05217f-3b-S4-P002,document.md states a pressure; record has none usable
pressure_in_source_not_in_output,10.1039_d3ra05217f-3b-S4-P003,document.md states a pressure; record has none usable
pressure_in_source_not_in_output,10.1039_d3ra05217f-3b-S4-P004,document.md states a pressure; record has none usable
pressure_in_source_not_in_output,10.1039_d3ra05217f-3b-S4-P005,document.md states a pressure; record has none usable
pressure_in_source_not_in_output,10.1039_d3ra05217f-3b-S4-P006,document.md states a pressure; record has none usable
pressure_in_source_not_in_output,10.1039_d3ra05217f-3b-S4-P007,document.md states a pressure; record has none usable
pressure_in_source_not_in_output,10.1039_d3ra05217f-3b-S4-P008,document.md states a pressure; record has none usable
pressure_in_source_not_in_output,10.1039_d3ra05217f-3b-S4-P009,document.md states a pressure; record has none usable
pressure_in_source_not_in_output,10.1039_d3ra05217f-3b-S5-P000,document.md states a pressure; record has none usable
pressure_in_source_not_in_output,10.1039_d3ra05217f-3b-S5-P001,document.md states a pressure; record has none usable
pressure_in_source_not_in_output,10.1039_d3ra05217f-3b-S5-P002,document.md states a pressure; record has none usable
pressure_in_source_not_in_output,10.1039_d3ra05217f-3b-S5-P003,document.md states a pressure; record has none usable
pressure_in_source_not_in_output,10.1039_d3ra05217f-3b-S5-P004,document.md states a pressure; record has none usable
pressure_in_source_not_in_output,10.1039_d3ra05217f-3b-S5-P005,document.md states a pressure; record has none usable
pressure_in_source_not_in_output,10.1039_d3ra05217f-3b-S5-P006,document.md states a pressure; record has none usable
pressure_in_source_not_in_output,10.1039_d3ra05217f-3b-S5-P007,document.md states a pressure; record has none usable
pressure_in_source_not_in_output,10.1039_d3ra05217f-3b-S5-P008,document.md states a pressure; record has none usable
pressure_in_source_not_in_output,10.1039_d3ra05217f-3b-S6-P000,document.md states a pressure; record has none usable
pressure_in_source_not_in_output,10.1039_d3ra05217f-3b-S6-P001,document.md states a pressure; record has none usable
pressure_in_source_not_in_output,10.1039_d3ra05217f-3b-S6-P002,document.md states a pressure; record has none usable
pressure_in_source_not_in_output,10.1039_d3ra05217f-3b-S6-P003,document.md states a pressure; record has none usable
pressure_in_source_not_in_output,10.1039_d3ra05217f-3b-S6-P004,document.md states a pressure; record has none usable
pressure_in_source_not_in_output,10.1039_d3ra05217f-3b-S6-P005,document.md states a pressure; record has none usable
pressure_in_source_not_in_output,10.1039_d3ra05217f-3b-S6-P006,document.md states a pressure; record has none usable
pressure_in_source_not_in_output,10.1039_d3ra05217f-3b-S6-P007,document.md states a pressure; record has none usable
pressure_in_source_not_in_output,10.1039_d3ra05217f-3b-S6-P008,document.md states a pressure; record has none usable
pressure_in_source_not_in_output,10.1039_d3ra05217f-3b-S6-P009,document.md states a pressure; record has none usable
pressure_in_source_not_in_output,10.1039_d3ra05217f-3b-S6-P010,document.md states a pressure; record has none usable
pressure_in_source_not_in_output,10.1039_d3ra05217f-3b-S6-P011,document.md states a pressure; record has none usable
pressure_in_source_not_in_output,10.1039_d3ra05217f-F4a-8,document.md states a pressure; record has none usable
pressure_in_source_not_in_output,10.1039_d3ra05217f-F6a-9,document.md states a pressure; record has none usable
legend_condition_without_structured_binding,10.1039_d3ra05217f-F6a-9,label 'element: C1s' carries [1.0] but no matching controlled value
pressure_in_source_not_in_output,10.1039_d3ra05217f-F6a-10,document.md states a pressure; record has none usable
legend_condition_without_structured_binding,10.1039_d3ra05217f-F6a-10,label 'element: N1s' carries [1.0] but no matching controlled value
pressure_in_source_not_in_output,10.1039_d3ra05217f-F6a-11,document.md states a pressure; record has none usable
legend_condition_without_structured_binding,10.1039_d3ra05217f-F6a-11,label 'element: O1s' carries [1.0] but no matching controlled value
pressure_in_source_not_in_output,10.1039_d3ra05217f-F6a-12,document.md states a pressure; record has none usable
pressure_in_source_not_in_output,10.1039_d3ra05217f-F6a-13,document.md states a pressure; record has none usable
pressure_in_source_not_in_output,10.1039_d3ra05217f-F6b-14,document.md states a pressure; record has none usable
legend_condition_without_structured_binding,10.1039_d3ra05217f-F6b-14,label 'element: C1s' carries [1.0] but no matching controlled value
pressure_in_source_not_in_output,10.1039_d3ra05217f-F6b-15,document.md states a pressure; record has none usable
legend_condition_without_structured_binding,10.1039_d3ra05217f-F6b-15,label 'element: N1s' carries [1.0] but no matching controlled value
pressure_in_source_not_in_output,10.1039_d3ra05217f-F6b-16,document.md states a pressure; record has none usable
legend_condition_without_structured_binding,10.1039_d3ra05217f-F6b-16,label 'element: O1s' carries [1.0] but no matching controlled value
pressure_in_source_not_in_output,10.1039_d3ra05217f-F6b-17,document.md states a pressure; record has none usable
pressure_in_source_not_in_output,10.1039_d3ra05217f-F6b-18,document.md states a pressure; record has none usable
pressure_in_source_not_in_output,10.1039_d3ra05217f-F6c-19,document.md states a pressure; record has none usable
legend_condition_without_structured_binding,10.1039_d3ra05217f-F6c-19,label 'element: C1s' carries [1.0] but no matching controlled value
pressure_in_source_not_in_output,10.1039_d3ra05217f-F6c-20,document.md states a pressure; record has none usable
legend_condition_without_structured_binding,10.1039_d3ra05217f-F6c-20,label 'element: N1s' carries [1.0] but no matching controlled value
pressure_in_source_not_in_output,10.1039_d3ra05217f-F6c-21,document.md states a pressure; record has none usable
legend_condition_without_structured_binding,10.1039_d3ra05217f-F6c-21,label 'element: O1s' carries [1.0] but no matching controlled value
pressure_in_source_not_in_output,10.1039_d3ra05217f-F6c-22,document.md states a pressure; record has none usable
pressure_in_source_not_in_output,10.1039_d3ra05217f-F6c-23,document.md states a pressure; record has none usable
pressure_in_source_not_in_output,10.1039_d3ra05217f-F6d-24,document.md states a pressure; record has none usable
empty_conditions_despite_numeric_caption,10.1039_d3ra05217f-F6d-24,panel conditions {} but caption carries numerics
pressure_in_source_not_in_output,10.1039_d3ra05217f-F6d-25,document.md states a pressure; record has none usable
empty_conditions_despite_numeric_caption,10.1039_d3ra05217f-F6d-25,panel conditions {} but caption carries numerics
pressure_in_source_not_in_output,10.1039_d3ra05217f-F6d-26,document.md states a pressure; record has none usable
empty_conditions_despite_numeric_caption,10.1039_d3ra05217f-F6d-26,panel conditions {} but caption carries numerics
pressure_in_source_not_in_output,10.1039_d3ra05217f-F6e-27,document.md states a pressure; record has none usable
empty_conditions_despite_numeric_caption,10.1039_d3ra05217f-F6e-27,panel conditions {} but caption carries numerics
pressure_in_source_not_in_output,10.1039_d3ra05217f-F6e-28,document.md states a pressure; record has none usable
empty_conditions_despite_numeric_caption,10.1039_d3ra05217f-F6e-28,panel conditions {} but caption carries numerics
pressure_in_source_not_in_output,10.1039_d3ra05217f-F6e-29,document.md states a pressure; record has none usable
empty_conditions_despite_numeric_caption,10.1039_d3ra05217f-F6e-29,panel conditions {} but caption carries numerics
pressure_in_source_not_in_output,10.1039_d3ra05217f-F6f-30,document.md states a pressure; record has none usable
empty_conditions_despite_numeric_caption,10.1039_d3ra05217f-F6f-30,panel conditions {} but caption carries numerics
pressure_in_source_not_in_output,10.1039_d3ra05217f-F6f-31,document.md states a pressure; record has none usable
empty_conditions_despite_numeric_caption,10.1039_d3ra05217f-F6f-31,panel conditions {} but caption carries numerics
pressure_in_source_not_in_output,10.1039_d3ra05217f-F6f-32,document.md states a pressure; record has none usable
empty_conditions_despite_numeric_caption,10.1039_d3ra05217f-F6f-32,panel conditions {} but caption carries numerics
pressure_in_source_not_in_output,10.1039_d3ra05217f-F7c-33,document.md states a pressure; record has none usable
pressure_in_source_not_in_output,10.1039_d3ra05217f-8a-S7-P000,document.md states a pressure; record has none usable
pressure_in_source_not_in_output,10.1039_d3ra05217f-8a-S7-P001,document.md states a pressure; record has none usable
pressure_in_source_not_in_output,10.1039_d3ra05217f-8a-S7-P002,document.md states a pressure; record has none usable
pressure_in_source_not_in_output,10.1039_d3ra05217f-8a-S7-P003,document.md states a pressure; record has none usable
pressure_in_source_not_in_output,10.1039_d3ra05217f-8a-S7-P004,document.md states a pressure; record has none usable
pressure_in_source_not_in_output,10.1039_d3ra05217f-8a-S7-P005,document.md states a pressure; record has none usable
pressure_in_source_not_in_output,10.1039_d3ra05217f-8a-S7-P006,document.md states a pressure; record has none usable
pressure_in_source_not_in_output,10.1039_d3ra05217f-8a-S7-P007,document.md states a pressure; record has none usable
pressure_in_source_not_in_output,10.1039_d3ra05217f-8a-S7-P008,document.md states a pressure; record has none usable
pressure_in_source_not_in_output,10.1039_d3ra05217f-8a-S7-P009,document.md states a pressure; record has none usable
pressure_in_source_not_in_output,10.1039_d3ra05217f-8a-S7-P010,document.md states a pressure; record has none usable
pressure_in_source_not_in_output,10.1039_d3ra05217f-8a-S7-P011,document.md states a pressure; record has none usable
pressure_in_source_not_in_output,10.1039_d3ra05217f-8a-S7-P012,document.md states a pressure; record has none usable
pressure_in_source_not_in_output,10.1039_d3ra05217f-8a-S7-P013,document.md states a pressure; record has none usable
pressure_in_source_not_in_output,10.1039_d3ra05217f-8a-S7-P014,document.md states a pressure; record has none usable
pressure_in_source_not_in_output,10.1039_d3ra05217f-8a-S7-P015,document.md states a pressure; record has none usable
pressure_in_source_not_in_output,10.1039_d3ra05217f-8a-S7-P016,document.md states a pressure; record has none usable
pressure_in_source_not_in_output,10.1039_d3ra05217f-8a-S7-P017,document.md states a pressure; record has none usable
pressure_in_source_not_in_output,10.1039_d3ra05217f-8a-S7-P018,document.md states a pressure; record has none usable
pressure_in_source_not_in_output,10.1039_d3ra05217f-8a-S7-P019,document.md states a pressure; record has none usable
pressure_in_source_not_in_output,10.1039_d3ra05217f-8a-S7-P020,document.md states a pressure; record has none usable
pressure_in_source_not_in_output,10.1039_d3ra05217f-8a-S7-P021,document.md states a pressure; record has none usable
pressure_in_source_not_in_output,10.1039_d3ra05217f-8a-S7-P022,document.md states a pressure; record has none usable
pressure_in_source_not_in_output,10.1039_d3ra05217f-8a-S7-P023,document.md states a pressure; record has none usable
pressure_in_source_not_in_output,10.1039_d3ra05217f-8a-S7-P024,document.md states a pressure; record has none usable
pressure_in_source_not_in_output,10.1039_d3ra05217f-8a-S7-P025,document.md states a pressure; record has none usable
pressure_in_source_not_in_output,10.1039_d3ra05217f-8a-S7-P026,document.md states a pressure; record has none usable
pressure_in_source_not_in_output,10.1039_d3ra05217f-8a-S7-P027,document.md states a pressure; record has none usable
pressure_in_source_not_in_output,10.1039_d3ra05217f-8a-S7-P028,document.md states a pressure; record has none usable
pressure_in_source_not_in_output,10.1039_d3ra05217f-8a-S7-P029,document.md states a pressure; record has none usable
pressure_in_source_not_in_output,10.1039_d3ra05217f-8a-S7-P030,document.md states a pressure; record has none usable
pressure_in_source_not_in_output,10.1039_d3ra05217f-8a-S7-P031,document.md states a pressure; record has none usable
pressure_in_source_not_in_output,10.1039_d3ra05217f-8a-S7-P032,document.md states a pressure; record has none usable
pressure_in_source_not_in_output,10.1039_d3ra05217f-8a-S7-P033,document.md states a pressure; record has none usable
pressure_in_source_not_in_output,10.1039_d3ra05217f-8a-S7-P034,document.md states a pressure; record has none usable
pressure_in_source_not_in_output,10.1039_d3ra05217f-8a-S7-P035,document.md states a pressure; record has none usable
pressure_in_source_not_in_output,10.1039_d3ra05217f-8a-S7-P036,document.md states a pressure; record has none usable
pressure_in_source_not_in_output,10.1039_d3ra05217f-8a-S7-P037,document.md states a pressure; record has none usable
pressure_in_source_not_in_output,10.1039_d3ra05217f-8a-S7-P038,document.md states a pressure; record has none usable
pressure_in_source_not_in_output,10.1039_d3ra05217f-8a-S7-P039,document.md states a pressure; record has none usable
pressure_in_source_not_in_output,10.1039_d3ra05217f-8a-S7-P040,document.md states a pressure; record has none usable
pressure_in_source_not_in_output,10.1039_d3ra05217f-8a-S7-P041,document.md states a pressure; record has none usable
pressure_in_source_not_in_output,10.1039_d3ra05217f-8a-S7-P042,document.md states a pressure; record has none usable
pressure_in_source_not_in_output,10.1039_d3ra05217f-8a-S7-P043,document.md states a pressure; record has none usable
pressure_in_source_not_in_output,10.1039_d3ra05217f-8a-S7-P044,document.md states a pressure; record has none usable
pressure_in_source_not_in_output,10.1039_d3ra05217f-8a-S7-P045,document.md states a pressure; record has none usable
pressure_in_source_not_in_output,10.1039_d3ra05217f-8a-S7-P046,document.md states a pressure; record has none usable
pressure_in_source_not_in_output,10.1039_d3ra05217f-8a-S7-P047,document.md states a pressure; record has none usable
pressure_in_source_not_in_output,10.1039_d3ra05217f-8a-S7-P048,document.md states a pressure; record has none usable
pressure_in_source_not_in_output,10.1039_d3ra05217f-8a-S7-P049,document.md states a pressure; record has none usable
pressure_in_source_not_in_output,10.1039_d3ra05217f-F8b-35,document.md states a pressure; record has none usable
pressure_in_source_not_in_output,10.1063_1.4867469-F1c-0,document.md states a pressure; record has none usable
pressure_in_source_not_in_output,10.1063_1.4867469-F1c-1,document.md states a pressure; record has none usable
legend_condition_without_structured_binding,10.1063_1.4867469-F1c-1,label 'sample condition: 3 nm BTO as-deposited' carries [3.0] but no matching controlled value
pressure_in_source_not_in_output,10.1063_1.4867469-F1c-2,document.md states a pressure; record has none usable
legend_condition_without_structured_binding,10.1063_1.4867469-F1c-2,label 'sample condition: 3 nm BTO vacuum annealed' carries [3.0] but no matching controlled value
pressure_in_source_not_in_output,10.1063_1.4867469-F2a-3,document.md states a pressure; record has none usable
pressure_in_source_not_in_output,10.1063_1.4867469-F4a-4,document.md states a pressure; record has none usable
pressure_in_source_not_in_output,10.1063_1.4867469-F4a-5,document.md states a pressure; record has none usable
conflicting_context,10.1063_1.5028178-F2a-0,"[{""quantity"": ""sticking_probability"", ""scope"": ""paper"", ""values"": [0.00572, 0.01, 0.1], ""reason"": ""3 distinct sticking_probability values at paper scope (0.00572, 0.01, 0.1); not applied to this exper"
figure_geometry_broadcast_across_figures,10.1063_1.5028178-F2a-0,3 distinct paper-scope geometry values attached
conflicting_context,10.1063_1.5028178-F2a-1,"[{""quantity"": ""sticking_probability"", ""scope"": ""paper"", ""values"": [0.00572, 0.01, 0.1], ""reason"": ""3 distinct sticking_probability values at paper scope (0.00572, 0.01, 0.1); not applied to this exper"
figure_geometry_broadcast_across_figures,10.1063_1.5028178-F2a-1,3 distinct paper-scope geometry values attached
conflicting_context,10.1063_1.5028178-F2a-2,"[{""quantity"": ""sticking_probability"", ""scope"": ""paper"", ""values"": [0.00572, 0.01, 0.1], ""reason"": ""3 distinct sticking_probability values at paper scope (0.00572, 0.01, 0.1); not applied to this exper"
figure_geometry_broadcast_across_figures,10.1063_1.5028178-F2a-2,3 distinct paper-scope geometry values attached
conflicting_context,10.1063_1.5028178-F2a-3,"[{""quantity"": ""sticking_probability"", ""scope"": ""paper"", ""values"": [0.00572, 0.01, 0.1], ""reason"": ""3 distinct sticking_probability values at paper scope (0.00572, 0.01, 0.1); not applied to this exper"
figure_geometry_broadcast_across_figures,10.1063_1.5028178-F2a-3,3 distinct paper-scope geometry values attached
conflicting_context,10.1063_1.5028178-F3a-4,"[{""quantity"": ""sticking_probability"", ""scope"": ""paper"", ""values"": [0.00572, 0.01, 0.1], ""reason"": ""3 distinct sticking_probability values at paper scope (0.00572, 0.01, 0.1); not applied to this exper"
figure_geometry_broadcast_across_figures,10.1063_1.5028178-F3a-4,3 distinct paper-scope geometry values attached
conflicting_context,10.1063_1.5028178-F3a-5,"[{""quantity"": ""sticking_probability"", ""scope"": ""paper"", ""values"": [0.00572, 0.01, 0.1], ""reason"": ""3 distinct sticking_probability values at paper scope (0.00572, 0.01, 0.1); not applied to this exper"
figure_geometry_broadcast_across_figures,10.1063_1.5028178-F3a-5,3 distinct paper-scope geometry values attached
conflicting_context,10.1063_1.5028178-F3a-6,"[{""quantity"": ""sticking_probability"", ""scope"": ""paper"", ""values"": [0.00572, 0.01, 0.1], ""reason"": ""3 distinct sticking_probability values at paper scope (0.00572, 0.01, 0.1); not applied to this exper"
figure_geometry_broadcast_across_figures,10.1063_1.5028178-F3a-6,3 distinct paper-scope geometry values attached
conflicting_context,10.1063_1.5028178-F3a-7,"[{""quantity"": ""sticking_probability"", ""scope"": ""paper"", ""values"": [0.00572, 0.01, 0.1], ""reason"": ""3 distinct sticking_probability values at paper scope (0.00572, 0.01, 0.1); not applied to this exper"
figure_geometry_broadcast_across_figures,10.1063_1.5028178-F3a-7,3 distinct paper-scope geometry values attached
conflicting_context,10.1063_1.5028178-F4a-8,"[{""quantity"": ""sticking_probability"", ""scope"": ""paper"", ""values"": [0.00572, 0.01, 0.1], ""reason"": ""3 distinct sticking_probability values at paper scope (0.00572, 0.01, 0.1); not applied to this exper"
legend_condition_without_structured_binding,10.1063_1.5028178-F4a-8,label 'channel height: H= 2 µm' carries [2.0] but no matching controlled value
figure_geometry_broadcast_across_figures,10.1063_1.5028178-F4a-8,3 distinct paper-scope geometry values attached
conflicting_context,10.1063_1.5028178-F4a-9,"[{""quantity"": ""sticking_probability"", ""scope"": ""paper"", ""values"": [0.00572, 0.01, 0.1], ""reason"": ""3 distinct sticking_probability values at paper scope (0.00572, 0.01, 0.1); not applied to this exper"
legend_condition_without_structured_binding,10.1063_1.5028178-F4a-9,label 'channel height: 1 µm' carries [1.0] but no matching controlled value
figure_geometry_broadcast_across_figures,10.1063_1.5028178-F4a-9,3 distinct paper-scope geometry values attached
conflicting_context,10.1063_1.5028178-F4a-10,"[{""quantity"": ""sticking_probability"", ""scope"": ""paper"", ""values"": [0.00572, 0.01, 0.1], ""reason"": ""3 distinct sticking_probability values at paper scope (0.00572, 0.01, 0.1); not applied to this exper"
legend_condition_without_structured_binding,10.1063_1.5028178-F4a-10,label 'channel height: 0.5 µm' carries [0.5] but no matching controlled value
figure_geometry_broadcast_across_figures,10.1063_1.5028178-F4a-10,3 distinct paper-scope geometry values attached
conflicting_context,10.1063_1.5028178-F4a-11,"[{""quantity"": ""sticking_probability"", ""scope"": ""paper"", ""values"": [0.00572, 0.01, 0.1], ""reason"": ""3 distinct sticking_probability values at paper scope (0.00572, 0.01, 0.1); not applied to this exper"
legend_condition_without_structured_binding,10.1063_1.5028178-F4a-11,label 'channel height: 0.2 µm' carries [0.2] but no matching controlled value
figure_geometry_broadcast_across_figures,10.1063_1.5028178-F4a-11,3 distinct paper-scope geometry values attached
conflicting_context,10.1063_1.5028178-5a-S0-P000,"[{""quantity"": ""sticking_probability"", ""scope"": ""paper"", ""values"": [0.00572, 0.01, 0.1], ""reason"": ""3 distinct sticking_probability values at paper scope (0.00572, 0.01, 0.1); not applied to this exper"
figure_geometry_broadcast_across_figures,10.1063_1.5028178-5a-S0-P000,3 distinct paper-scope geometry values attached
conflicting_context,10.1063_1.5028178-5a-S0-P001,"[{""quantity"": ""sticking_probability"", ""scope"": ""paper"", ""values"": [0.00572, 0.01, 0.1], ""reason"": ""3 distinct sticking_probability values at paper scope (0.00572, 0.01, 0.1); not applied to this exper"
figure_geometry_broadcast_across_figures,10.1063_1.5028178-5a-S0-P001,3 distinct paper-scope geometry values attached
conflicting_context,10.1063_1.5028178-5a-S0-P002,"[{""quantity"": ""sticking_probability"", ""scope"": ""paper"", ""values"": [0.00572, 0.01, 0.1], ""reason"": ""3 distinct sticking_probability values at paper scope (0.00572, 0.01, 0.1); not applied to this exper"
figure_geometry_broadcast_across_figures,10.1063_1.5028178-5a-S0-P002,3 distinct paper-scope geometry values attached
conflicting_context,10.1063_1.5028178-5a-S0-P003,"[{""quantity"": ""sticking_probability"", ""scope"": ""paper"", ""values"": [0.00572, 0.01, 0.1], ""reason"": ""3 distinct sticking_probability values at paper scope (0.00572, 0.01, 0.1); not applied to this exper"
figure_geometry_broadcast_across_figures,10.1063_1.5028178-5a-S0-P003,3 distinct paper-scope geometry values attached
conflicting_context,10.1063_1.5028178-5a-S0-P004,"[{""quantity"": ""sticking_probability"", ""scope"": ""paper"", ""values"": [0.00572, 0.01, 0.1], ""reason"": ""3 distinct sticking_probability values at paper scope (0.00572, 0.01, 0.1); not applied to this exper"
figure_geometry_broadcast_across_figures,10.1063_1.5028178-5a-S0-P004,3 distinct paper-scope geometry values attached
conflicting_context,10.1063_1.5028178-5a-S0-P005,"[{""quantity"": ""sticking_probability"", ""scope"": ""paper"", ""values"": [0.00572, 0.01, 0.1], ""reason"": ""3 distinct sticking_probability values at paper scope (0.00572, 0.01, 0.1); not applied to this exper"
figure_geometry_broadcast_across_figures,10.1063_1.5028178-5a-S0-P005,3 distinct paper-scope geometry values attached
conflicting_context,10.1063_1.5028178-5a-S0-P006,"[{""quantity"": ""sticking_probability"", ""scope"": ""paper"", ""values"": [0.00572, 0.01, 0.1], ""reason"": ""3 distinct sticking_probability values at paper scope (0.00572, 0.01, 0.1); not applied to this exper"
figure_geometry_broadcast_across_figures,10.1063_1.5028178-5a-S0-P006,3 distinct paper-scope geometry values attached
conflicting_context,10.1063_1.5028178-5a-S0-P007,"[{""quantity"": ""sticking_probability"", ""scope"": ""paper"", ""values"": [0.00572, 0.01, 0.1], ""reason"": ""3 distinct sticking_probability values at paper scope (0.00572, 0.01, 0.1); not applied to this exper"
figure_geometry_broadcast_across_figures,10.1063_1.5028178-5a-S0-P007,3 distinct paper-scope geometry values attached
conflicting_context,10.1063_1.5028178-5a-S0-P008,"[{""quantity"": ""sticking_probability"", ""scope"": ""paper"", ""values"": [0.00572, 0.01, 0.1], ""reason"": ""3 distinct sticking_probability values at paper scope (0.00572, 0.01, 0.1); not applied to this exper"
figure_geometry_broadcast_across_figures,10.1063_1.5028178-5a-S0-P008,3 distinct paper-scope geometry values attached
conflicting_context,10.1063_1.5028178-5a-S0-P009,"[{""quantity"": ""sticking_probability"", ""scope"": ""paper"", ""values"": [0.00572, 0.01, 0.1], ""reason"": ""3 distinct sticking_probability values at paper scope (0.00572, 0.01, 0.1); not applied to this exper"
figure_geometry_broadcast_across_figures,10.1063_1.5028178-5a-S0-P009,3 distinct paper-scope geometry values attached
conflicting_context,10.1063_1.5028178-5a-S0-P010,"[{""quantity"": ""sticking_probability"", ""scope"": ""paper"", ""values"": [0.00572, 0.01, 0.1], ""reason"": ""3 distinct sticking_probability values at paper scope (0.00572, 0.01, 0.1); not applied to this exper"
figure_geometry_broadcast_across_figures,10.1063_1.5028178-5a-S0-P010,3 distinct paper-scope geometry values attached
conflicting_context,10.1063_1.5028178-5a-S0-P011,"[{""quantity"": ""sticking_probability"", ""scope"": ""paper"", ""values"": [0.00572, 0.01, 0.1], ""reason"": ""3 distinct sticking_probability values at paper scope (0.00572, 0.01, 0.1); not applied to this exper"
figure_geometry_broadcast_across_figures,10.1063_1.5028178-5a-S0-P011,3 distinct paper-scope geometry values attached
conflicting_context,10.1063_1.5028178-5a-S0-P012,"[{""quantity"": ""sticking_probability"", ""scope"": ""paper"", ""values"": [0.00572, 0.01, 0.1], ""reason"": ""3 distinct sticking_probability values at paper scope (0.00572, 0.01, 0.1); not applied to this exper"
figure_geometry_broadcast_across_figures,10.1063_1.5028178-5a-S0-P012,3 distinct paper-scope geometry values attached
conflicting_context,10.1063_1.5028178-5a-S0-P013,"[{""quantity"": ""sticking_probability"", ""scope"": ""paper"", ""values"": [0.00572, 0.01, 0.1], ""reason"": ""3 distinct sticking_probability values at paper scope (0.00572, 0.01, 0.1); not applied to this exper"
figure_geometry_broadcast_across_figures,10.1063_1.5028178-5a-S0-P013,3 distinct paper-scope geometry values attached
conflicting_context,10.1063_1.5028178-5a-S0-P014,"[{""quantity"": ""sticking_probability"", ""scope"": ""paper"", ""values"": [0.00572, 0.01, 0.1], ""reason"": ""3 distinct sticking_probability values at paper scope (0.00572, 0.01, 0.1); not applied to this exper"
figure_geometry_broadcast_across_figures,10.1063_1.5028178-5a-S0-P014,3 distinct paper-scope geometry values attached
conflicting_context,10.1063_1.5028178-5a-S0-P015,"[{""quantity"": ""sticking_probability"", ""scope"": ""paper"", ""values"": [0.00572, 0.01, 0.1], ""reason"": ""3 distinct sticking_probability values at paper scope (0.00572, 0.01, 0.1); not applied to this exper"
figure_geometry_broadcast_across_figures,10.1063_1.5028178-5a-S0-P015,3 distinct paper-scope geometry values attached
conflicting_context,10.1063_1.5028178-5a-S0-P016,"[{""quantity"": ""sticking_probability"", ""scope"": ""paper"", ""values"": [0.00572, 0.01, 0.1], ""reason"": ""3 distinct sticking_probability values at paper scope (0.00572, 0.01, 0.1); not applied to this exper"
figure_geometry_broadcast_across_figures,10.1063_1.5028178-5a-S0-P016,3 distinct paper-scope geometry values attached
conflicting_context,10.1063_1.5028178-5a-S0-P017,"[{""quantity"": ""sticking_probability"", ""scope"": ""paper"", ""values"": [0.00572, 0.01, 0.1], ""reason"": ""3 distinct sticking_probability values at paper scope (0.00572, 0.01, 0.1); not applied to this exper"
figure_geometry_broadcast_across_figures,10.1063_1.5028178-5a-S0-P017,3 distinct paper-scope geometry values attached
conflicting_context,10.1063_1.5028178-5a-S0-P018,"[{""quantity"": ""sticking_probability"", ""scope"": ""paper"", ""values"": [0.00572, 0.01, 0.1], ""reason"": ""3 distinct sticking_probability values at paper scope (0.00572, 0.01, 0.1); not applied to this exper"
figure_geometry_broadcast_across_figures,10.1063_1.5028178-5a-S0-P018,3 distinct paper-scope geometry values attached
conflicting_context,10.1063_1.5028178-5a-S0-P019,"[{""quantity"": ""sticking_probability"", ""scope"": ""paper"", ""values"": [0.00572, 0.01, 0.1], ""reason"": ""3 distinct sticking_probability values at paper scope (0.00572, 0.01, 0.1); not applied to this exper"
figure_geometry_broadcast_across_figures,10.1063_1.5028178-5a-S0-P019,3 distinct paper-scope geometry values attached
conflicting_context,10.1063_1.5028178-5a-S0-P020,"[{""quantity"": ""sticking_probability"", ""scope"": ""paper"", ""values"": [0.00572, 0.01, 0.1], ""reason"": ""3 distinct sticking_probability values at paper scope (0.00572, 0.01, 0.1); not applied to this exper"
figure_geometry_broadcast_across_figures,10.1063_1.5028178-5a-S0-P020,3 distinct paper-scope geometry values attached
conflicting_context,10.1063_1.5028178-5a-S0-P021,"[{""quantity"": ""sticking_probability"", ""scope"": ""paper"", ""values"": [0.00572, 0.01, 0.1], ""reason"": ""3 distinct sticking_probability values at paper scope (0.00572, 0.01, 0.1); not applied to this exper"
figure_geometry_broadcast_across_figures,10.1063_1.5028178-5a-S0-P021,3 distinct paper-scope geometry values attached
conflicting_context,10.1063_1.5028178-5a-S0-P022,"[{""quantity"": ""sticking_probability"", ""scope"": ""paper"", ""values"": [0.00572, 0.01, 0.1], ""reason"": ""3 distinct sticking_probability values at paper scope (0.00572, 0.01, 0.1); not applied to this exper"
figure_geometry_broadcast_across_figures,10.1063_1.5028178-5a-S0-P022,3 distinct paper-scope geometry values attached
conflicting_context,10.1063_1.5028178-5a-S0-P023,"[{""quantity"": ""sticking_probability"", ""scope"": ""paper"", ""values"": [0.00572, 0.01, 0.1], ""reason"": ""3 distinct sticking_probability values at paper scope (0.00572, 0.01, 0.1); not applied to this exper"
figure_geometry_broadcast_across_figures,10.1063_1.5028178-5a-S0-P023,3 distinct paper-scope geometry values attached
conflicting_context,10.1063_1.5028178-5a-S0-P024,"[{""quantity"": ""sticking_probability"", ""scope"": ""paper"", ""values"": [0.00572, 0.01, 0.1], ""reason"": ""3 distinct sticking_probability values at paper scope (0.00572, 0.01, 0.1); not applied to this exper"
figure_geometry_broadcast_across_figures,10.1063_1.5028178-5a-S0-P024,3 distinct paper-scope geometry values attached
conflicting_context,10.1063_1.5028178-5a-S1-P000,"[{""quantity"": ""sticking_probability"", ""scope"": ""paper"", ""values"": [0.00572, 0.01, 0.1], ""reason"": ""3 distinct sticking_probability values at paper scope (0.00572, 0.01, 0.1); not applied to this exper"
figure_geometry_broadcast_across_figures,10.1063_1.5028178-5a-S1-P000,3 distinct paper-scope geometry values attached
conflicting_context,10.1063_1.5028178-5a-S1-P001,"[{""quantity"": ""sticking_probability"", ""scope"": ""paper"", ""values"": [0.00572, 0.01, 0.1], ""reason"": ""3 distinct sticking_probability values at paper scope (0.00572, 0.01, 0.1); not applied to this exper"
figure_geometry_broadcast_across_figures,10.1063_1.5028178-5a-S1-P001,3 distinct paper-scope geometry values attached
conflicting_context,10.1063_1.5028178-5a-S1-P002,"[{""quantity"": ""sticking_probability"", ""scope"": ""paper"", ""values"": [0.00572, 0.01, 0.1], ""reason"": ""3 distinct sticking_probability values at paper scope (0.00572, 0.01, 0.1); not applied to this exper"
figure_geometry_broadcast_across_figures,10.1063_1.5028178-5a-S1-P002,3 distinct paper-scope geometry values attached
conflicting_context,10.1063_1.5028178-5a-S1-P003,"[{""quantity"": ""sticking_probability"", ""scope"": ""paper"", ""values"": [0.00572, 0.01, 0.1], ""reason"": ""3 distinct sticking_probability values at paper scope (0.00572, 0.01, 0.1); not applied to this exper"
figure_geometry_broadcast_across_figures,10.1063_1.5028178-5a-S1-P003,3 distinct paper-scope geometry values attached
conflicting_context,10.1063_1.5028178-5a-S1-P004,"[{""quantity"": ""sticking_probability"", ""scope"": ""paper"", ""values"": [0.00572, 0.01, 0.1], ""reason"": ""3 distinct sticking_probability values at paper scope (0.00572, 0.01, 0.1); not applied to this exper"
figure_geometry_broadcast_across_figures,10.1063_1.5028178-5a-S1-P004,3 distinct paper-scope geometry values attached
conflicting_context,10.1063_1.5028178-5a-S1-P005,"[{""quantity"": ""sticking_probability"", ""scope"": ""paper"", ""values"": [0.00572, 0.01, 0.1], ""reason"": ""3 distinct sticking_probability values at paper scope (0.00572, 0.01, 0.1); not applied to this exper"
figure_geometry_broadcast_across_figures,10.1063_1.5028178-5a-S1-P005,3 distinct paper-scope geometry values attached
conflicting_context,10.1063_1.5028178-5a-S1-P006,"[{""quantity"": ""sticking_probability"", ""scope"": ""paper"", ""values"": [0.00572, 0.01, 0.1], ""reason"": ""3 distinct sticking_probability values at paper scope (0.00572, 0.01, 0.1); not applied to this exper"
figure_geometry_broadcast_across_figures,10.1063_1.5028178-5a-S1-P006,3 distinct paper-scope geometry values attached
conflicting_context,10.1063_1.5028178-5a-S1-P007,"[{""quantity"": ""sticking_probability"", ""scope"": ""paper"", ""values"": [0.00572, 0.01, 0.1], ""reason"": ""3 distinct sticking_probability values at paper scope (0.00572, 0.01, 0.1); not applied to this exper"
figure_geometry_broadcast_across_figures,10.1063_1.5028178-5a-S1-P007,3 distinct paper-scope geometry values attached
conflicting_context,10.1063_1.5028178-5a-S1-P008,"[{""quantity"": ""sticking_probability"", ""scope"": ""paper"", ""values"": [0.00572, 0.01, 0.1], ""reason"": ""3 distinct sticking_probability values at paper scope (0.00572, 0.01, 0.1); not applied to this exper"
figure_geometry_broadcast_across_figures,10.1063_1.5028178-5a-S1-P008,3 distinct paper-scope geometry values attached
conflicting_context,10.1063_1.5028178-5a-S1-P009,"[{""quantity"": ""sticking_probability"", ""scope"": ""paper"", ""values"": [0.00572, 0.01, 0.1], ""reason"": ""3 distinct sticking_probability values at paper scope (0.00572, 0.01, 0.1); not applied to this exper"
figure_geometry_broadcast_across_figures,10.1063_1.5028178-5a-S1-P009,3 distinct paper-scope geometry values attached
conflicting_context,10.1063_1.5028178-5a-S1-P010,"[{""quantity"": ""sticking_probability"", ""scope"": ""paper"", ""values"": [0.00572, 0.01, 0.1], ""reason"": ""3 distinct sticking_probability values at paper scope (0.00572, 0.01, 0.1); not applied to this exper"
figure_geometry_broadcast_across_figures,10.1063_1.5028178-5a-S1-P010,3 distinct paper-scope geometry values attached
conflicting_context,10.1063_1.5028178-5a-S1-P011,"[{""quantity"": ""sticking_probability"", ""scope"": ""paper"", ""values"": [0.00572, 0.01, 0.1], ""reason"": ""3 distinct sticking_probability values at paper scope (0.00572, 0.01, 0.1); not applied to this exper"
figure_geometry_broadcast_across_figures,10.1063_1.5028178-5a-S1-P011,3 distinct paper-scope geometry values attached
conflicting_context,10.1063_1.5028178-5a-S1-P012,"[{""quantity"": ""sticking_probability"", ""scope"": ""paper"", ""values"": [0.00572, 0.01, 0.1], ""reason"": ""3 distinct sticking_probability values at paper scope (0.00572, 0.01, 0.1); not applied to this exper"
figure_geometry_broadcast_across_figures,10.1063_1.5028178-5a-S1-P012,3 distinct paper-scope geometry values attached
conflicting_context,10.1063_1.5028178-5a-S1-P013,"[{""quantity"": ""sticking_probability"", ""scope"": ""paper"", ""values"": [0.00572, 0.01, 0.1], ""reason"": ""3 distinct sticking_probability values at paper scope (0.00572, 0.01, 0.1); not applied to this exper"
figure_geometry_broadcast_across_figures,10.1063_1.5028178-5a-S1-P013,3 distinct paper-scope geometry values attached
conflicting_context,10.1063_1.5028178-5a-S1-P014,"[{""quantity"": ""sticking_probability"", ""scope"": ""paper"", ""values"": [0.00572, 0.01, 0.1], ""reason"": ""3 distinct sticking_probability values at paper scope (0.00572, 0.01, 0.1); not applied to this exper"
figure_geometry_broadcast_across_figures,10.1063_1.5028178-5a-S1-P014,3 distinct paper-scope geometry values attached
conflicting_context,10.1063_1.5028178-5a-S1-P015,"[{""quantity"": ""sticking_probability"", ""scope"": ""paper"", ""values"": [0.00572, 0.01, 0.1], ""reason"": ""3 distinct sticking_probability values at paper scope (0.00572, 0.01, 0.1); not applied to this exper"
figure_geometry_broadcast_across_figures,10.1063_1.5028178-5a-S1-P015,3 distinct paper-scope geometry values attached
conflicting_context,10.1063_1.5028178-5a-S1-P016,"[{""quantity"": ""sticking_probability"", ""scope"": ""paper"", ""values"": [0.00572, 0.01, 0.1], ""reason"": ""3 distinct sticking_probability values at paper scope (0.00572, 0.01, 0.1); not applied to this exper"
figure_geometry_broadcast_across_figures,10.1063_1.5028178-5a-S1-P016,3 distinct paper-scope geometry values attached
conflicting_context,10.1063_1.5028178-5a-S1-P017,"[{""quantity"": ""sticking_probability"", ""scope"": ""paper"", ""values"": [0.00572, 0.01, 0.1], ""reason"": ""3 distinct sticking_probability values at paper scope (0.00572, 0.01, 0.1); not applied to this exper"
figure_geometry_broadcast_across_figures,10.1063_1.5028178-5a-S1-P017,3 distinct paper-scope geometry values attached
conflicting_context,10.1063_1.5028178-5a-S1-P018,"[{""quantity"": ""sticking_probability"", ""scope"": ""paper"", ""values"": [0.00572, 0.01, 0.1], ""reason"": ""3 distinct sticking_probability values at paper scope (0.00572, 0.01, 0.1); not applied to this exper"
figure_geometry_broadcast_across_figures,10.1063_1.5028178-5a-S1-P018,3 distinct paper-scope geometry values attached
conflicting_context,10.1063_1.5028178-5a-S1-P019,"[{""quantity"": ""sticking_probability"", ""scope"": ""paper"", ""values"": [0.00572, 0.01, 0.1], ""reason"": ""3 distinct sticking_probability values at paper scope (0.00572, 0.01, 0.1); not applied to this exper"
figure_geometry_broadcast_across_figures,10.1063_1.5028178-5a-S1-P019,3 distinct paper-scope geometry values attached
conflicting_context,10.1063_1.5028178-5a-S1-P020,"[{""quantity"": ""sticking_probability"", ""scope"": ""paper"", ""values"": [0.00572, 0.01, 0.1], ""reason"": ""3 distinct sticking_probability values at paper scope (0.00572, 0.01, 0.1); not applied to this exper"
figure_geometry_broadcast_across_figures,10.1063_1.5028178-5a-S1-P020,3 distinct paper-scope geometry values attached
conflicting_context,10.1063_1.5028178-5a-S1-P021,"[{""quantity"": ""sticking_probability"", ""scope"": ""paper"", ""values"": [0.00572, 0.01, 0.1], ""reason"": ""3 distinct sticking_probability values at paper scope (0.00572, 0.01, 0.1); not applied to this exper"
figure_geometry_broadcast_across_figures,10.1063_1.5028178-5a-S1-P021,3 distinct paper-scope geometry values attached
conflicting_context,10.1063_1.5028178-5a-S1-P022,"[{""quantity"": ""sticking_probability"", ""scope"": ""paper"", ""values"": [0.00572, 0.01, 0.1], ""reason"": ""3 distinct sticking_probability values at paper scope (0.00572, 0.01, 0.1); not applied to this exper"
figure_geometry_broadcast_across_figures,10.1063_1.5028178-5a-S1-P022,3 distinct paper-scope geometry values attached
conflicting_context,10.1063_1.5028178-5a-S2-P000,"[{""quantity"": ""sticking_probability"", ""scope"": ""paper"", ""values"": [0.00572, 0.01, 0.1], ""reason"": ""3 distinct sticking_probability values at paper scope (0.00572, 0.01, 0.1); not applied to this exper"
figure_geometry_broadcast_across_figures,10.1063_1.5028178-5a-S2-P000,3 distinct paper-scope geometry values attached
conflicting_context,10.1063_1.5028178-5a-S2-P001,"[{""quantity"": ""sticking_probability"", ""scope"": ""paper"", ""values"": [0.00572, 0.01, 0.1], ""reason"": ""3 distinct sticking_probability values at paper scope (0.00572, 0.01, 0.1); not applied to this exper"
figure_geometry_broadcast_across_figures,10.1063_1.5028178-5a-S2-P001,3 distinct paper-scope geometry values attached
conflicting_context,10.1063_1.5028178-5a-S2-P002,"[{""quantity"": ""sticking_probability"", ""scope"": ""paper"", ""values"": [0.00572, 0.01, 0.1], ""reason"": ""3 distinct sticking_probability values at paper scope (0.00572, 0.01, 0.1); not applied to this exper"
figure_geometry_broadcast_across_figures,10.1063_1.5028178-5a-S2-P002,3 distinct paper-scope geometry values attached
conflicting_context,10.1063_1.5028178-5a-S2-P003,"[{""quantity"": ""sticking_probability"", ""scope"": ""paper"", ""values"": [0.00572, 0.01, 0.1], ""reason"": ""3 distinct sticking_probability values at paper scope (0.00572, 0.01, 0.1); not applied to this exper"
figure_geometry_broadcast_across_figures,10.1063_1.5028178-5a-S2-P003,3 distinct paper-scope geometry values attached
conflicting_context,10.1063_1.5028178-5a-S2-P004,"[{""quantity"": ""sticking_probability"", ""scope"": ""paper"", ""values"": [0.00572, 0.01, 0.1], ""reason"": ""3 distinct sticking_probability values at paper scope (0.00572, 0.01, 0.1); not applied to this exper"
figure_geometry_broadcast_across_figures,10.1063_1.5028178-5a-S2-P004,3 distinct paper-scope geometry values attached
conflicting_context,10.1063_1.5028178-5a-S2-P005,"[{""quantity"": ""sticking_probability"", ""scope"": ""paper"", ""values"": [0.00572, 0.01, 0.1], ""reason"": ""3 distinct sticking_probability values at paper scope (0.00572, 0.01, 0.1); not applied to this exper"
figure_geometry_broadcast_across_figures,10.1063_1.5028178-5a-S2-P005,3 distinct paper-scope geometry values attached
conflicting_context,10.1063_1.5028178-5a-S2-P006,"[{""quantity"": ""sticking_probability"", ""scope"": ""paper"", ""values"": [0.00572, 0.01, 0.1], ""reason"": ""3 distinct sticking_probability values at paper scope (0.00572, 0.01, 0.1); not applied to this exper"
figure_geometry_broadcast_across_figures,10.1063_1.5028178-5a-S2-P006,3 distinct paper-scope geometry values attached
conflicting_context,10.1063_1.5028178-5a-S2-P007,"[{""quantity"": ""sticking_probability"", ""scope"": ""paper"", ""values"": [0.00572, 0.01, 0.1], ""reason"": ""3 distinct sticking_probability values at paper scope (0.00572, 0.01, 0.1); not applied to this exper"
figure_geometry_broadcast_across_figures,10.1063_1.5028178-5a-S2-P007,3 distinct paper-scope geometry values attached
conflicting_context,10.1063_1.5028178-5a-S2-P008,"[{""quantity"": ""sticking_probability"", ""scope"": ""paper"", ""values"": [0.00572, 0.01, 0.1], ""reason"": ""3 distinct sticking_probability values at paper scope (0.00572, 0.01, 0.1); not applied to this exper"
figure_geometry_broadcast_across_figures,10.1063_1.5028178-5a-S2-P008,3 distinct paper-scope geometry values attached
conflicting_context,10.1063_1.5028178-5a-S2-P009,"[{""quantity"": ""sticking_probability"", ""scope"": ""paper"", ""values"": [0.00572, 0.01, 0.1], ""reason"": ""3 distinct sticking_probability values at paper scope (0.00572, 0.01, 0.1); not applied to this exper"
figure_geometry_broadcast_across_figures,10.1063_1.5028178-5a-S2-P009,3 distinct paper-scope geometry values attached
conflicting_context,10.1063_1.5028178-F6a-15,"[{""quantity"": ""sticking_probability"", ""scope"": ""paper"", ""values"": [0.00572, 0.01, 0.1], ""reason"": ""3 distinct sticking_probability values at paper scope (0.00572, 0.01, 0.1); not applied to this exper"
figure_geometry_broadcast_across_figures,10.1063_1.5028178-F6a-15,3 distinct paper-scope geometry values attached
conflicting_context,10.1063_1.5028178-F6a-16,"[{""quantity"": ""sticking_probability"", ""scope"": ""paper"", ""values"": [0.00572, 0.01, 0.1], ""reason"": ""3 distinct sticking_probability values at paper scope (0.00572, 0.01, 0.1); not applied to this exper"
figure_geometry_broadcast_across_figures,10.1063_1.5028178-F6a-16,3 distinct paper-scope geometry values attached
conflicting_context,10.1063_1.5028178-F7a-17,"[{""quantity"": ""sticking_probability"", ""scope"": ""paper"", ""values"": [0.00572, 0.01, 0.1], ""reason"": ""3 distinct sticking_probability values at paper scope (0.00572, 0.01, 0.1); not applied to this exper"
figure_geometry_broadcast_across_figures,10.1063_1.5028178-F7a-17,3 distinct paper-scope geometry values attached
conflicting_context,10.1063_1.5028178-F7a-18,"[{""quantity"": ""sticking_probability"", ""scope"": ""paper"", ""values"": [0.00572, 0.01, 0.1], ""reason"": ""3 distinct sticking_probability values at paper scope (0.00572, 0.01, 0.1); not applied to this exper"
figure_geometry_broadcast_across_figures,10.1063_1.5028178-F7a-18,3 distinct paper-scope geometry values attached
pressure_in_source_not_in_output,10.1116_1.4938104-4d-S0-P000,document.md states a pressure; record has none usable
legend_condition_without_structured_binding,10.1116_1.4938104-4d-S0-P000,"label 'substrate and ALD temperature: Cotton Fibers, 38 °C' carries [38.0] but no matching controlled value"
pressure_in_source_not_in_output,10.1116_1.4938104-4d-S0-P001,document.md states a pressure; record has none usable
legend_condition_without_structured_binding,10.1116_1.4938104-4d-S0-P001,"label 'substrate and ALD temperature: Cotton Fibers, 38 °C' carries [38.0] but no matching controlled value"
pressure_in_source_not_in_output,10.1116_1.4938104-4d-S0-P002,document.md states a pressure; record has none usable
legend_condition_without_structured_binding,10.1116_1.4938104-4d-S0-P002,"label 'substrate and ALD temperature: Cotton Fibers, 38 °C' carries [38.0] but no matching controlled value"
pressure_in_source_not_in_output,10.1116_1.4938104-4d-S0-P003,document.md states a pressure; record has none usable
legend_condition_without_structured_binding,10.1116_1.4938104-4d-S0-P003,"label 'substrate and ALD temperature: Cotton Fibers, 38 °C' carries [38.0] but no matching controlled value"
pressure_in_source_not_in_output,10.1116_1.4938104-4d-S0-P004,document.md states a pressure; record has none usable
legend_condition_without_structured_binding,10.1116_1.4938104-4d-S0-P004,"label 'substrate and ALD temperature: Cotton Fibers, 38 °C' carries [38.0] but no matching controlled value"
pressure_in_source_not_in_output,10.1116_1.4938104-4d-S0-P005,document.md states a pressure; record has none usable
legend_condition_without_structured_binding,10.1116_1.4938104-4d-S0-P005,"label 'substrate and ALD temperature: Cotton Fibers, 38 °C' carries [38.0] but no matching controlled value"
pressure_in_source_not_in_output,10.1116_1.4938104-4d-S0-P006,document.md states a pressure; record has none usable
legend_condition_without_structured_binding,10.1116_1.4938104-4d-S0-P006,"label 'substrate and ALD temperature: Cotton Fibers, 38 °C' carries [38.0] but no matching controlled value"
pressure_in_source_not_in_output,10.1116_1.4938104-4d-S0-P007,document.md states a pressure; record has none usable
legend_condition_without_structured_binding,10.1116_1.4938104-4d-S0-P007,"label 'substrate and ALD temperature: Cotton Fibers, 38 °C' carries [38.0] but no matching controlled value"
pressure_in_source_not_in_output,10.1116_1.4938104-4d-S0-P008,document.md states a pressure; record has none usable
legend_condition_without_structured_binding,10.1116_1.4938104-4d-S0-P008,"label 'substrate and ALD temperature: Cotton Fibers, 38 °C' carries [38.0] but no matching controlled value"
pressure_in_source_not_in_output,10.1116_1.4938104-4d-S0-P009,document.md states a pressure; record has none usable
legend_condition_without_structured_binding,10.1116_1.4938104-4d-S0-P009,"label 'substrate and ALD temperature: Cotton Fibers, 38 °C' carries [38.0] but no matching controlled value"
pressure_in_source_not_in_output,10.1116_1.4938104-4d-S0-P010,document.md states a pressure; record has none usable
legend_condition_without_structured_binding,10.1116_1.4938104-4d-S0-P010,"label 'substrate and ALD temperature: Cotton Fibers, 38 °C' carries [38.0] but no matching controlled value"
pressure_in_source_not_in_output,10.1116_1.4938104-4d-S0-P011,document.md states a pressure; record has none usable
legend_condition_without_structured_binding,10.1116_1.4938104-4d-S0-P011,"label 'substrate and ALD temperature: Cotton Fibers, 38 °C' carries [38.0] but no matching controlled value"
pressure_in_source_not_in_output,10.1116_1.4938104-4d-S0-P012,document.md states a pressure; record has none usable
pressure_in_source_not_in_output,10.1116_1.4938104-4d-S0-P013,document.md states a pressure; record has none usable
legend_condition_without_structured_binding,10.1116_1.4938104-4d-S0-P013,"label 'substrate and ALD temperature: Cotton Fibers, 38 °C' carries [38.0] but no matching controlled value"
pressure_in_source_not_in_output,10.1116_1.4938104-4d-S0-P014,document.md states a pressure; record has none usable
legend_condition_without_structured_binding,10.1116_1.4938104-4d-S0-P014,"label 'substrate and ALD temperature: Cotton Fibers, 38 °C' carries [38.0] but no matching controlled value"
pressure_in_source_not_in_output,10.1116_1.4938104-4d-S0-P015,document.md states a pressure; record has none usable
legend_condition_without_structured_binding,10.1116_1.4938104-4d-S0-P015,"label 'substrate and ALD temperature: Cotton Fibers, 38 °C' carries [38.0] but no matching controlled value"
pressure_in_source_not_in_output,10.1116_1.4938104-4d-S1-P000,document.md states a pressure; record has none usable
legend_condition_without_structured_binding,10.1116_1.4938104-4d-S1-P000,"label 'substrate and ALD temperature: Cotton Fibers, 60 °C' carries [60.0] but no matching controlled value"
pressure_in_source_not_in_output,10.1116_1.4938104-4d-S1-P001,document.md states a pressure; record has none usable
legend_condition_without_structured_binding,10.1116_1.4938104-4d-S1-P001,"label 'substrate and ALD temperature: Cotton Fibers, 60 °C' carries [60.0] but no matching controlled value"
pressure_in_source_not_in_output,10.1116_1.4938104-4d-S1-P002,document.md states a pressure; record has none usable
legend_condition_without_structured_binding,10.1116_1.4938104-4d-S1-P002,"label 'substrate and ALD temperature: Cotton Fibers, 60 °C' carries [60.0] but no matching controlled value"
pressure_in_source_not_in_output,10.1116_1.4938104-4d-S1-P003,document.md states a pressure; record has none usable
legend_condition_without_structured_binding,10.1116_1.4938104-4d-S1-P003,"label 'substrate and ALD temperature: Cotton Fibers, 60 °C' carries [60.0] but no matching controlled value"
pressure_in_source_not_in_output,10.1116_1.4938104-4d-S1-P004,document.md states a pressure; record has none usable
legend_condition_without_structured_binding,10.1116_1.4938104-4d-S1-P004,"label 'substrate and ALD temperature: Cotton Fibers, 60 °C' carries [60.0] but no matching controlled value"
pressure_in_source_not_in_output,10.1116_1.4938104-4d-S2-P000,document.md states a pressure; record has none usable
legend_condition_without_structured_binding,10.1116_1.4938104-4d-S2-P000,"label 'substrate and ALD temperature: Cotton Fibers, 90 °C' carries [90.0] but no matching controlled value"
pressure_in_source_not_in_output,10.1116_1.4938104-4d-S2-P001,document.md states a pressure; record has none usable
legend_condition_without_structured_binding,10.1116_1.4938104-4d-S2-P001,"label 'substrate and ALD temperature: Cotton Fibers, 90 °C' carries [90.0] but no matching controlled value"
pressure_in_source_not_in_output,10.1116_1.4938104-4d-S2-P002,document.md states a pressure; record has none usable
legend_condition_without_structured_binding,10.1116_1.4938104-4d-S2-P002,"label 'substrate and ALD temperature: Cotton Fibers, 90 °C' carries [90.0] but no matching controlled value"
pressure_in_source_not_in_output,10.1116_1.4938104-4d-S3-P000,document.md states a pressure; record has none usable
pressure_in_source_not_in_output,10.1116_1.4938104-4d-S3-P001,document.md states a pressure; record has none usable
pressure_in_source_not_in_output,10.1116_1.4938104-4d-S3-P002,document.md states a pressure; record has none usable
pressure_in_source_not_in_output,10.1116_1.4938104-4d-S3-P003,document.md states a pressure; record has none usable
pressure_in_source_not_in_output,10.1116_1.4938104-4d-S3-P004,document.md states a pressure; record has none usable
pressure_in_source_not_in_output,10.1116_1.4938104-4d-S3-P005,document.md states a pressure; record has none usable
pressure_in_source_not_in_output,10.1116_1.4938104-4d-S3-P006,document.md states a pressure; record has none usable
pressure_in_source_not_in_output,10.1116_1.4938104-F7a-4,document.md states a pressure; record has none usable
pressure_in_source_not_in_output,10.1116_1.4938104-F7a-5,document.md states a pressure; record has none usable
legend_condition_without_structured_binding,10.1116_1.4938104-F7a-5,label 'coating: 25 cycles ZnO' carries [25.0] but no matching controlled value
pressure_in_source_not_in_output,10.1116_1.4938104-F7a-6,document.md states a pressure; record has none usable
legend_condition_without_structured_binding,10.1116_1.4938104-F7a-6,"label 'coating: 25 cycles ZnO+ 75 cycles Gly/TMA' carries [25.0, 75.0] but no matching controlled value"
pressure_in_source_not_in_output,10.1116_1.4938104-F7a-7,document.md states a pressure; record has none usable
legend_condition_without_structured_binding,10.1116_1.4938104-F7a-7,"label 'coating: 25 cycles ZnO+ 75 cycles Gly/TMA+ 25 cycles Al2O3' carries [2.0, 3.0, 25.0, 75.0] but no matching controlled value"
pressure_in_source_not_in_output,10.1116_1.4938104-12b-S4-P000,document.md states a pressure; record has none usable
pressure_in_source_not_in_output,10.1116_1.4938104-12b-S4-P001,document.md states a pressure; record has none usable
pressure_in_source_not_in_output,10.1116_1.4938104-12b-S4-P002,document.md states a pressure; record has none usable
pressure_in_source_not_in_output,10.1116_1.4938104-12b-S4-P003,document.md states a pressure; record has none usable
pressure_in_source_not_in_output,10.1116_1.4938104-12b-S4-P004,document.md states a pressure; record has none usable
pressure_in_source_not_in_output,10.1116_1.4938104-12b-S4-P005,document.md states a pressure; record has none usable
pressure_in_source_not_in_output,10.1116_1.4938104-12b-S4-P006,document.md states a pressure; record has none usable
pressure_in_source_not_in_output,10.1116_1.4938104-12b-S4-P007,document.md states a pressure; record has none usable
pressure_in_source_not_in_output,10.1116_1.4938104-12b-S4-P008,document.md states a pressure; record has none usable
pressure_in_source_not_in_output,10.1116_1.4938104-12b-S4-P009,document.md states a pressure; record has none usable
pressure_in_source_not_in_output,10.1116_1.4938104-12b-S5-P000,document.md states a pressure; record has none usable
pressure_in_source_not_in_output,10.1116_1.4938104-12b-S5-P001,document.md states a pressure; record has none usable
pressure_in_source_not_in_output,10.1116_1.4938104-12b-S5-P002,document.md states a pressure; record has none usable
pressure_in_source_not_in_output,10.1116_1.4938104-12b-S5-P003,document.md states a pressure; record has none usable
pressure_in_source_not_in_output,10.1116_1.4938104-12b-S5-P004,document.md states a pressure; record has none usable
pressure_in_source_not_in_output,10.1116_1.4938104-12b-S5-P005,document.md states a pressure; record has none usable
pressure_in_source_not_in_output,10.1116_1.4938104-12b-S5-P006,document.md states a pressure; record has none usable
pressure_in_source_not_in_output,10.1116_1.4938104-12b-S5-P007,document.md states a pressure; record has none usable
pressure_in_source_not_in_output,10.1116_1.4938104-12b-S5-P008,document.md states a pressure; record has none usable
pressure_in_source_not_in_output,10.1116_1.4938104-12b-S5-P009,document.md states a pressure; record has none usable
pressure_in_source_not_in_output,10.1116_1.4938104-12b-S5-P010,document.md states a pressure; record has none usable
pressure_in_source_not_in_output,10.1116_1.4938104-12b-S6-P000,document.md states a pressure; record has none usable
pressure_in_source_not_in_output,10.1116_1.4938104-12b-S6-P001,document.md states a pressure; record has none usable
pressure_in_source_not_in_output,10.1116_1.4938104-12b-S6-P002,document.md states a pressure; record has none usable
pressure_in_source_not_in_output,10.1116_1.4938104-12b-S6-P003,document.md states a pressure; record has none usable
pressure_in_source_not_in_output,10.1116_1.4938104-12b-S6-P004,document.md states a pressure; record has none usable
pressure_in_source_not_in_output,10.1116_1.4938104-12b-S6-P005,document.md states a pressure; record has none usable
pressure_in_source_not_in_output,10.1116_1.4938104-12b-S6-P006,document.md states a pressure; record has none usable
pressure_in_source_not_in_output,10.1116_1.4938104-12b-S6-P007,document.md states a pressure; record has none usable
pressure_in_source_not_in_output,10.1116_1.4938104-12b-S6-P008,document.md states a pressure; record has none usable
pressure_in_source_not_in_output,10.1116_1.4938104-12b-S6-P009,document.md states a pressure; record has none usable
pressure_in_source_not_in_output,10.1116_1.4938104-12b-S6-P010,document.md states a pressure; record has none usable
pressure_in_source_not_in_output,10.1116_1.4938104-12b-S7-P000,document.md states a pressure; record has none usable
pressure_in_source_not_in_output,10.1116_1.4938104-12b-S7-P001,document.md states a pressure; record has none usable
pressure_in_source_not_in_output,10.1116_1.4938104-12b-S7-P002,document.md states a pressure; record has none usable
pressure_in_source_not_in_output,10.1116_1.4938104-12b-S7-P003,document.md states a pressure; record has none usable
pressure_in_source_not_in_output,10.1116_1.4938104-12b-S7-P004,document.md states a pressure; record has none usable
pressure_in_source_not_in_output,10.1116_1.4938104-12b-S7-P005,document.md states a pressure; record has none usable
pressure_in_source_not_in_output,10.1116_1.4938104-12b-S7-P006,document.md states a pressure; record has none usable
pressure_in_source_not_in_output,10.1116_1.4938104-12b-S7-P007,document.md states a pressure; record has none usable
pressure_in_source_not_in_output,10.1116_1.4938104-12b-S7-P008,document.md states a pressure; record has none usable
pressure_in_source_not_in_output,10.1116_1.4938104-12b-S7-P009,document.md states a pressure; record has none usable
pressure_in_source_not_in_output,10.1116_1.4938104-12b-S7-P010,document.md states a pressure; record has none usable
legend_condition_without_structured_binding,10.1116_6.0002154-F6b-21,"label 'series: N1s and Mo3p' carries [1.0, 3.0] but no matching controlled value"
empty_conditions_despite_numeric_caption,10.1116_6.0002154-F9b-23,panel conditions {} but caption carries numerics
empty_conditions_despite_numeric_caption,10.1116_6.0002154-F9b-24,panel conditions {} but caption carries numerics
legend_condition_without_structured_binding,10.1116_6.0002154-F9b-24,label 'annealing temperature: (b) 500°C anneal' carries [500.0] but no matching controlled value
empty_conditions_despite_numeric_caption,10.1116_6.0002154-F9b-25,panel conditions {} but caption carries numerics
legend_condition_without_structured_binding,10.1116_6.0002154-F9b-25,label 'annealing temperature: (c) 600°C anneal' carries [600.0] but no matching controlled value
empty_conditions_despite_numeric_caption,10.1116_6.0002436-F3a-7,panel conditions {} but caption carries numerics
legend_condition_without_structured_binding,10.1116_6.0002436-F3a-7,"label 'sample condition: 200 °C, 350 °C Annealed' carries [200.0, 350.0] but no matching controlled value"
empty_conditions_despite_numeric_caption,10.1116_6.0002436-F3a-8,panel conditions {} but caption carries numerics
legend_condition_without_structured_binding,10.1116_6.0002436-F3a-8,label 'sample condition: As-Deposited 200 °C' carries [200.0] but no matching controlled value
empty_conditions_despite_numeric_caption,10.1116_6.0002436-F3a-9,panel conditions {} but caption carries numerics
legend_condition_without_structured_binding,10.1116_6.0002436-F3a-9,label 'sample condition: As-Deposited 150 °C' carries [150.0] but no matching controlled value
empty_conditions_despite_numeric_caption,10.1116_6.0002436-F3a-10,panel conditions {} but caption carries numerics
legend_condition_without_structured_binding,10.1116_6.0002436-F3a-10,label 'sample condition: As-Deposited 100 °C' carries [100.0] but no matching controlled value
empty_conditions_despite_numeric_caption,10.1116_6.0002436-F4a-11,panel conditions {} but caption carries numerics
empty_conditions_despite_numeric_caption,10.1116_6.0002436-F4a-12,panel conditions {} but caption carries numerics
empty_conditions_despite_numeric_caption,10.1116_6.0002436-F4a-13,panel conditions {} but caption carries numerics
empty_conditions_despite_numeric_caption,10.1116_6.0002436-F4a-14,panel conditions {} but caption carries numerics
legend_condition_without_structured_binding,10.1116_6.0002436-F4a-14,label 'temperature: 200°C Annealed' carries [200.0] but no matching controlled value
empty_conditions_despite_numeric_caption,10.1116_6.0002436-F5a-15,panel conditions {} but caption carries numerics
legend_condition_without_structured_binding,10.1116_6.0002436-F5a-15,"label 'sample: 100°C (O 1s A)' carries [1.0, 100.0] but no matching controlled value"
empty_conditions_despite_numeric_caption,10.1116_6.0002436-F5a-16,panel conditions {} but caption carries numerics
legend_condition_without_structured_binding,10.1116_6.0002436-F5a-16,"label 'sample: 100°C (O 1s C)' carries [1.0, 100.0] but no matching controlled value"
empty_conditions_despite_numeric_caption,10.1116_6.0002436-F5a-17,panel conditions {} but caption carries numerics
legend_condition_without_structured_binding,10.1116_6.0002436-F5a-17,label 'sample: 100°C (Total)' carries [100.0] but no matching controlled value
empty_conditions_despite_numeric_caption,10.1116_6.0002436-F5a-18,panel conditions {} but caption carries numerics
legend_condition_without_structured_binding,10.1116_6.0002436-F5a-18,"label 'sample: 150°C (O 1s A)' carries [1.0, 150.0] but no matching controlled value"
empty_conditions_despite_numeric_caption,10.1116_6.0002436-F5a-19,panel conditions {} but caption carries numerics
legend_condition_without_structured_binding,10.1116_6.0002436-F5a-19,"label 'sample: 150°C (O 1s C)' carries [1.0, 150.0] but no matching controlled value"
empty_conditions_despite_numeric_caption,10.1116_6.0002436-F5a-20,panel conditions {} but caption carries numerics
legend_condition_without_structured_binding,10.1116_6.0002436-F5a-20,label 'sample: 150°C (Total)' carries [150.0] but no matching controlled value
empty_conditions_despite_numeric_caption,10.1116_6.0002436-F5a-21,panel conditions {} but caption carries numerics
legend_condition_without_structured_binding,10.1116_6.0002436-F5a-21,"label 'sample: 200°C (O 1s A)' carries [1.0, 200.0] but no matching controlled value"
empty_conditions_despite_numeric_caption,10.1116_6.0002436-F5a-22,panel conditions {} but caption carries numerics
legend_condition_without_structured_binding,10.1116_6.0002436-F5a-22,"label 'sample: 200°C (O 1s C)' carries [1.0, 200.0] but no matching controlled value"
empty_conditions_despite_numeric_caption,10.1116_6.0002436-F5a-23,panel conditions {} but caption carries numerics
legend_condition_without_structured_binding,10.1116_6.0002436-F5a-23,label 'sample: 200°C (Total)' carries [200.0] but no matching controlled value
empty_conditions_despite_numeric_caption,10.1116_6.0002436-F5a-24,panel conditions {} but caption carries numerics
legend_condition_without_structured_binding,10.1116_6.0002436-F5a-24,"label 'sample: 200°C Annealed (O 1s A)' carries [1.0, 200.0] but no matching controlled value"
empty_conditions_despite_numeric_caption,10.1116_6.0002436-F5a-25,panel conditions {} but caption carries numerics
legend_condition_without_structured_binding,10.1116_6.0002436-F5a-25,"label 'sample: 200°C Annealed (O 1s C)' carries [1.0, 200.0] but no matching controlled value"
empty_conditions_despite_numeric_caption,10.1116_6.0002436-F5a-26,panel conditions {} but caption carries numerics
legend_condition_without_structured_binding,10.1116_6.0002436-F5a-26,label 'sample: 200°C Annealed (Total)' carries [200.0] but no matching controlled value
pressure_in_source_not_in_output,10.1116_6.0002804-1a-S0-P000,document.md states a pressure; record has none usable
pressure_in_source_not_in_output,10.1116_6.0002804-1a-S0-P001,document.md states a pressure; record has none usable
pressure_in_source_not_in_output,10.1116_6.0002804-1a-S0-P002,document.md states a pressure; record has none usable
pressure_in_source_not_in_output,10.1116_6.0002804-1a-S0-P003,document.md states a pressure; record has none usable
pressure_in_source_not_in_output,10.1116_6.0002804-1a-S0-P004,document.md states a pressure; record has none usable
pressure_in_source_not_in_output,10.1116_6.0002804-1a-S0-P005,document.md states a pressure; record has none usable
pressure_in_source_not_in_output,10.1116_6.0002804-1b-S1-P000,document.md states a pressure; record has none usable
pressure_in_source_not_in_output,10.1116_6.0002804-1b-S1-P001,document.md states a pressure; record has none usable
pressure_in_source_not_in_output,10.1116_6.0002804-1b-S1-P002,document.md states a pressure; record has none usable
pressure_in_source_not_in_output,10.1116_6.0002804-1b-S1-P003,document.md states a pressure; record has none usable
pressure_in_source_not_in_output,10.1116_6.0002804-1b-S1-P004,document.md states a pressure; record has none usable
pressure_in_source_not_in_output,10.1116_6.0002804-1b-S1-P005,document.md states a pressure; record has none usable
pressure_in_source_not_in_output,10.1116_6.0002804-1b-S1-P006,document.md states a pressure; record has none usable
pressure_in_source_not_in_output,10.1116_6.0002804-1b-S1-P007,document.md states a pressure; record has none usable
pressure_in_source_not_in_output,10.1116_6.0002804-1b-S1-P008,document.md states a pressure; record has none usable
pressure_in_source_not_in_output,10.1116_6.0002804-1b-S1-P009,document.md states a pressure; record has none usable
pressure_in_source_not_in_output,10.1116_6.0002804-1b-S1-P010,document.md states a pressure; record has none usable
pressure_in_source_not_in_output,10.1116_6.0002804-1c-S2-P000,document.md states a pressure; record has none usable
pressure_in_source_not_in_output,10.1116_6.0002804-1c-S2-P001,document.md states a pressure; record has none usable
pressure_in_source_not_in_output,10.1116_6.0002804-1c-S2-P002,document.md states a pressure; record has none usable
pressure_in_source_not_in_output,10.1116_6.0002804-1c-S2-P003,document.md states a pressure; record has none usable
pressure_in_source_not_in_output,10.1116_6.0002804-1c-S2-P004,document.md states a pressure; record has none usable
pressure_in_source_not_in_output,10.1116_6.0002804-1c-S2-P005,document.md states a pressure; record has none usable
pressure_in_source_not_in_output,10.1116_6.0002804-1c-S2-P006,document.md states a pressure; record has none usable
pressure_in_source_not_in_output,10.1116_6.0002804-1c-S2-P007,document.md states a pressure; record has none usable
pressure_in_source_not_in_output,10.1116_6.0002804-1d-S3-P000,document.md states a pressure; record has none usable
pressure_in_source_not_in_output,10.1116_6.0002804-1d-S3-P001,document.md states a pressure; record has none usable
pressure_in_source_not_in_output,10.1116_6.0002804-1d-S3-P002,document.md states a pressure; record has none usable
pressure_in_source_not_in_output,10.1116_6.0002804-1d-S3-P003,document.md states a pressure; record has none usable
pressure_in_source_not_in_output,10.1116_6.0002804-1d-S3-P004,document.md states a pressure; record has none usable
pressure_in_source_not_in_output,10.1116_6.0002804-1d-S3-P005,document.md states a pressure; record has none usable
pressure_in_source_not_in_output,10.1116_6.0002804-1d-S3-P006,document.md states a pressure; record has none usable
pressure_in_source_not_in_output,10.1116_6.0002804-1d-S3-P007,document.md states a pressure; record has none usable
pressure_in_source_not_in_output,10.1116_6.0002804-F1e-4,document.md states a pressure; record has none usable
pressure_in_source_not_in_output,10.1116_6.0002804-2a-S4-P000,document.md states a pressure; record has none usable
pressure_in_source_not_in_output,10.1116_6.0002804-2a-S4-P001,document.md states a pressure; record has none usable
pressure_in_source_not_in_output,10.1116_6.0002804-2a-S4-P002,document.md states a pressure; record has none usable
pressure_in_source_not_in_output,10.1116_6.0002804-2a-S5-P000,document.md states a pressure; record has none usable
pressure_in_source_not_in_output,10.1116_6.0002804-2a-S5-P001,document.md states a pressure; record has none usable
pressure_in_source_not_in_output,10.1116_6.0002804-2a-S5-P002,document.md states a pressure; record has none usable
pressure_in_source_not_in_output,10.1116_6.0002804-2a-S6-P000,document.md states a pressure; record has none usable
pressure_in_source_not_in_output,10.1116_6.0002804-2a-S6-P001,document.md states a pressure; record has none usable
pressure_in_source_not_in_output,10.1116_6.0002804-2a-S6-P002,document.md states a pressure; record has none usable
pressure_in_source_not_in_output,10.1116_6.0002804-2a-S6-P003,document.md states a pressure; record has none usable
pressure_in_source_not_in_output,10.1116_6.0002804-2a-S6-P004,document.md states a pressure; record has none usable
pressure_in_source_not_in_output,10.1116_6.0002804-2a-S6-P005,document.md states a pressure; record has none usable
pressure_in_source_not_in_output,10.1116_6.0002804-2a-S6-P006,document.md states a pressure; record has none usable
pressure_in_source_not_in_output,10.1116_6.0002804-2a-S7-P000,document.md states a pressure; record has none usable
pressure_in_source_not_in_output,10.1116_6.0002804-2a-S7-P001,document.md states a pressure; record has none usable
pressure_in_source_not_in_output,10.1116_6.0002804-2a-S7-P002,document.md states a pressure; record has none usable
pressure_in_source_not_in_output,10.1116_6.0002804-2a-S7-P003,document.md states a pressure; record has none usable
pressure_in_source_not_in_output,10.1116_6.0002804-3a-S8-P000,document.md states a pressure; record has none usable
pressure_in_source_not_in_output,10.1116_6.0002804-3a-S8-P001,document.md states a pressure; record has none usable
pressure_in_source_not_in_output,10.1116_6.0002804-3a-S8-P002,document.md states a pressure; record has none usable
pressure_in_source_not_in_output,10.1116_6.0002804-3a-S8-P003,document.md states a pressure; record has none usable
pressure_in_source_not_in_output,10.1116_6.0002804-3a-S8-P004,document.md states a pressure; record has none usable
pressure_in_source_not_in_output,10.1116_6.0002804-3a-S8-P005,document.md states a pressure; record has none usable
pressure_in_source_not_in_output,10.1116_6.0002804-3a-S8-P006,document.md states a pressure; record has none usable
pressure_in_source_not_in_output,10.1116_6.0002804-3a-S8-P007,document.md states a pressure; record has none usable
pressure_in_source_not_in_output,10.1116_6.0002804-3a-S8-P008,document.md states a pressure; record has none usable
pressure_in_source_not_in_output,10.1116_6.0002804-3a-S8-P009,document.md states a pressure; record has none usable
pressure_in_source_not_in_output,10.1116_6.0002804-3a-S8-P010,document.md states a pressure; record has none usable
pressure_in_source_not_in_output,10.1116_6.0002804-3a-S8-P011,document.md states a pressure; record has none usable
pressure_in_source_not_in_output,10.1116_6.0002804-3a-S8-P012,document.md states a pressure; record has none usable
pressure_in_source_not_in_output,10.1116_6.0002804-3a-S8-P013,document.md states a pressure; record has none usable
pressure_in_source_not_in_output,10.1116_6.0002804-3a-S8-P014,document.md states a pressure; record has none usable
pressure_in_source_not_in_output,10.1116_6.0002804-3a-S8-P015,document.md states a pressure; record has none usable
pressure_in_source_not_in_output,10.1116_6.0002804-3a-S8-P016,document.md states a pressure; record has none usable
pressure_in_source_not_in_output,10.1116_6.0002804-3a-S8-P017,document.md states a pressure; record has none usable
pressure_in_source_not_in_output,10.1116_6.0002804-F4a-10,document.md states a pressure; record has none usable
pressure_in_source_not_in_output,10.1116_6.0002804-F4b-11,document.md states a pressure; record has none usable
pressure_in_source_not_in_output,10.1116_6.0002804-F5-12,document.md states a pressure; record has none usable
empty_conditions_despite_numeric_caption,10.1116_6.0002804-F5-12,panel conditions {} but caption carries numerics
pressure_in_source_not_in_output,10.1116_6.0002804-F5-13,document.md states a pressure; record has none usable
empty_conditions_despite_numeric_caption,10.1116_6.0002804-F5-13,panel conditions {} but caption carries numerics
pressure_in_source_not_in_output,10.1116_6.0002804-F5-14,document.md states a pressure; record has none usable
empty_conditions_despite_numeric_caption,10.1116_6.0002804-F5-14,panel conditions {} but caption carries numerics
pressure_in_source_not_in_output,10.1116_6.0002804-5-S9-P000,document.md states a pressure; record has none usable
empty_conditions_despite_numeric_caption,10.1116_6.0002804-5-S9-P000,panel conditions {} but caption carries numerics
pressure_in_source_not_in_output,10.1116_6.0002804-5-S9-P001,document.md states a pressure; record has none usable
empty_conditions_despite_numeric_caption,10.1116_6.0002804-5-S9-P001,panel conditions {} but caption carries numerics
pressure_in_source_not_in_output,10.1116_6.0002804-5-S9-P002,document.md states a pressure; record has none usable
empty_conditions_despite_numeric_caption,10.1116_6.0002804-5-S9-P002,panel conditions {} but caption carries numerics
pressure_in_source_not_in_output,10.1116_6.0002804-5-S9-P003,document.md states a pressure; record has none usable
empty_conditions_despite_numeric_caption,10.1116_6.0002804-5-S9-P003,panel conditions {} but caption carries numerics
pressure_in_source_not_in_output,10.1116_6.0002804-5-S10-P000,document.md states a pressure; record has none usable
empty_conditions_despite_numeric_caption,10.1116_6.0002804-5-S10-P000,panel conditions {} but caption carries numerics
pressure_in_source_not_in_output,10.1116_6.0002804-5-S10-P001,document.md states a pressure; record has none usable
empty_conditions_despite_numeric_caption,10.1116_6.0002804-5-S10-P001,panel conditions {} but caption carries numerics
pressure_in_source_not_in_output,10.1116_6.0002804-5-S10-P002,document.md states a pressure; record has none usable
empty_conditions_despite_numeric_caption,10.1116_6.0002804-5-S10-P002,panel conditions {} but caption carries numerics
pressure_in_source_not_in_output,10.1116_6.0002804-5-S10-P003,document.md states a pressure; record has none usable
empty_conditions_despite_numeric_caption,10.1116_6.0002804-5-S10-P003,panel conditions {} but caption carries numerics
pressure_in_source_not_in_output,10.1116_6.0002804-F5-17,document.md states a pressure; record has none usable
empty_conditions_despite_numeric_caption,10.1116_6.0002804-F5-17,panel conditions {} but caption carries numerics
pressure_in_source_not_in_output,10.1116_6.0002804-5-S11-P000,document.md states a pressure; record has none usable
empty_conditions_despite_numeric_caption,10.1116_6.0002804-5-S11-P000,panel conditions {} but caption carries numerics
pressure_in_source_not_in_output,10.1116_6.0002804-5-S11-P001,document.md states a pressure; record has none usable
empty_conditions_despite_numeric_caption,10.1116_6.0002804-5-S11-P001,panel conditions {} but caption carries numerics
pressure_in_source_not_in_output,10.1116_6.0002804-5-S12-P000,document.md states a pressure; record has none usable
empty_conditions_despite_numeric_caption,10.1116_6.0002804-5-S12-P000,panel conditions {} but caption carries numerics
pressure_in_source_not_in_output,10.1116_6.0002804-5-S12-P001,document.md states a pressure; record has none usable
empty_conditions_despite_numeric_caption,10.1116_6.0002804-5-S12-P001,panel conditions {} but caption carries numerics
pressure_in_source_not_in_output,10.1116_6.0002804-5-S12-P002,document.md states a pressure; record has none usable
empty_conditions_despite_numeric_caption,10.1116_6.0002804-5-S12-P002,panel conditions {} but caption carries numerics
pressure_in_source_not_in_output,10.1116_6.0002804-5-S12-P003,document.md states a pressure; record has none usable
empty_conditions_despite_numeric_caption,10.1116_6.0002804-5-S12-P003,panel conditions {} but caption carries numerics
pressure_in_source_not_in_output,10.1116_6.0002804-5-S13-P000,document.md states a pressure; record has none usable
empty_conditions_despite_numeric_caption,10.1116_6.0002804-5-S13-P000,panel conditions {} but caption carries numerics
pressure_in_source_not_in_output,10.1116_6.0002804-5-S13-P001,document.md states a pressure; record has none usable
empty_conditions_despite_numeric_caption,10.1116_6.0002804-5-S13-P001,panel conditions {} but caption carries numerics
pressure_in_source_not_in_output,10.1116_6.0002804-5-S13-P002,document.md states a pressure; record has none usable
empty_conditions_despite_numeric_caption,10.1116_6.0002804-5-S13-P002,panel conditions {} but caption carries numerics
pressure_in_source_not_in_output,10.1116_6.0002804-5-S13-P003,document.md states a pressure; record has none usable
empty_conditions_despite_numeric_caption,10.1116_6.0002804-5-S13-P003,panel conditions {} but caption carries numerics
pressure_in_source_not_in_output,10.1116_6.0002804-F5-21,document.md states a pressure; record has none usable
empty_conditions_despite_numeric_caption,10.1116_6.0002804-F5-21,panel conditions {} but caption carries numerics
pressure_in_source_not_in_output,10.1116_6.0002804-F5-22,document.md states a pressure; record has none usable
empty_conditions_despite_numeric_caption,10.1116_6.0002804-F5-22,panel conditions {} but caption carries numerics
pressure_in_source_not_in_output,10.1116_6.0002804-F5-23,document.md states a pressure; record has none usable
empty_conditions_despite_numeric_caption,10.1116_6.0002804-F5-23,panel conditions {} but caption carries numerics
pressure_in_source_not_in_output,10.1116_6.0002804-F5-24,document.md states a pressure; record has none usable
empty_conditions_despite_numeric_caption,10.1116_6.0002804-F5-24,panel conditions {} but caption carries numerics
pressure_in_source_not_in_output,10.1116_6.0002804-F5-25,document.md states a pressure; record has none usable
empty_conditions_despite_numeric_caption,10.1116_6.0002804-F5-25,panel conditions {} but caption carries numerics
pressure_in_source_not_in_output,10.1116_6.0002804-5-S14-P000,document.md states a pressure; record has none usable
empty_conditions_despite_numeric_caption,10.1116_6.0002804-5-S14-P000,panel conditions {} but caption carries numerics
pressure_in_source_not_in_output,10.1116_6.0002804-5-S14-P001,document.md states a pressure; record has none usable
empty_conditions_despite_numeric_caption,10.1116_6.0002804-5-S14-P001,panel conditions {} but caption carries numerics
pressure_in_source_not_in_output,10.1116_6.0002804-5-S14-P002,document.md states a pressure; record has none usable
empty_conditions_despite_numeric_caption,10.1116_6.0002804-5-S14-P002,panel conditions {} but caption carries numerics
pressure_in_source_not_in_output,10.1116_6.0002804-5-S15-P000,document.md states a pressure; record has none usable
empty_conditions_despite_numeric_caption,10.1116_6.0002804-5-S15-P000,panel conditions {} but caption carries numerics
pressure_in_source_not_in_output,10.1116_6.0002804-5-S15-P001,document.md states a pressure; record has none usable
empty_conditions_despite_numeric_caption,10.1116_6.0002804-5-S15-P001,panel conditions {} but caption carries numerics
pressure_in_source_not_in_output,10.1116_6.0002804-5-S15-P002,document.md states a pressure; record has none usable
empty_conditions_despite_numeric_caption,10.1116_6.0002804-5-S15-P002,panel conditions {} but caption carries numerics
pressure_in_source_not_in_output,10.1116_6.0002804-5-S16-P000,document.md states a pressure; record has none usable
empty_conditions_despite_numeric_caption,10.1116_6.0002804-5-S16-P000,panel conditions {} but caption carries numerics
pressure_in_source_not_in_output,10.1116_6.0002804-5-S16-P001,document.md states a pressure; record has none usable
empty_conditions_despite_numeric_caption,10.1116_6.0002804-5-S16-P001,panel conditions {} but caption carries numerics
pressure_in_source_not_in_output,10.1116_6.0002804-5-S16-P002,document.md states a pressure; record has none usable
empty_conditions_despite_numeric_caption,10.1116_6.0002804-5-S16-P002,panel conditions {} but caption carries numerics
pressure_in_source_not_in_output,10.1116_6.0002804-5-S17-P000,document.md states a pressure; record has none usable
empty_conditions_despite_numeric_caption,10.1116_6.0002804-5-S17-P000,panel conditions {} but caption carries numerics
pressure_in_source_not_in_output,10.1116_6.0002804-5-S17-P001,document.md states a pressure; record has none usable
empty_conditions_despite_numeric_caption,10.1116_6.0002804-5-S17-P001,panel conditions {} but caption carries numerics
pressure_in_source_not_in_output,10.1116_6.0002804-5-S17-P002,document.md states a pressure; record has none usable
empty_conditions_despite_numeric_caption,10.1116_6.0002804-5-S17-P002,panel conditions {} but caption carries numerics
pressure_in_source_not_in_output,10.1116_6.0002804-5-S18-P000,document.md states a pressure; record has none usable
empty_conditions_despite_numeric_caption,10.1116_6.0002804-5-S18-P000,panel conditions {} but caption carries numerics
pressure_in_source_not_in_output,10.1116_6.0002804-5-S18-P001,document.md states a pressure; record has none usable
empty_conditions_despite_numeric_caption,10.1116_6.0002804-5-S18-P001,panel conditions {} but caption carries numerics
pressure_in_source_not_in_output,10.1116_6.0002804-5-S18-P002,document.md states a pressure; record has none usable
empty_conditions_despite_numeric_caption,10.1116_6.0002804-5-S18-P002,panel conditions {} but caption carries numerics
pressure_in_source_not_in_output,10.1116_6.0002804-F7a-31,document.md states a pressure; record has none usable
pressure_in_source_not_in_output,10.1116_6.0002804-7b-S19-P000,document.md states a pressure; record has none usable
pressure_in_source_not_in_output,10.1116_6.0002804-7b-S19-P001,document.md states a pressure; record has none usable
pressure_in_source_not_in_output,10.1116_6.0002804-7b-S19-P002,document.md states a pressure; record has none usable
pressure_in_source_not_in_output,10.1116_6.0002804-7b-S19-P003,document.md states a pressure; record has none usable
pressure_in_source_not_in_output,10.1116_6.0002804-7b-S20-P000,document.md states a pressure; record has none usable
pressure_in_source_not_in_output,10.1116_6.0002804-7b-S20-P001,document.md states a pressure; record has none usable
pressure_in_source_not_in_output,10.1116_6.0002804-7b-S20-P002,document.md states a pressure; record has none usable
conflicting_context,10.1186_s11671-015-0872-9-F3a-0,"[{""quantity"": ""feature_height"", ""scope"": ""paper"", ""values"": [400.0, 500.0], ""reason"": ""2 distinct feature_height values at paper scope (400, 500); not applied to this experiment without narrower evide"
figure_geometry_broadcast_across_figures,10.1186_s11671-015-0872-9-F3a-0,3 distinct paper-scope geometry values attached
empty_conditions_despite_numeric_caption,10.3762_bjnano.14.89-F2a-1,panel conditions {} but caption carries numerics
legend_condition_without_structured_binding,10.3762_bjnano.14.89-F2a-1,"label 'pulse sequence: 4-2-2-5 s' carries [-5.0, -2.0, 4.0] but no matching controlled value"
empty_conditions_despite_numeric_caption,10.3762_bjnano.14.89-F2a-2,panel conditions {} but caption carries numerics
legend_condition_without_structured_binding,10.3762_bjnano.14.89-F2a-2,"label 'pulse sequence: 2-2-2-5 s' carries [-5.0, -2.0, 2.0] but no matching controlled value"
empty_conditions_despite_numeric_caption,10.3762_bjnano.14.89-F2b-3,panel conditions {} but caption carries numerics
legend_condition_without_structured_binding,10.3762_bjnano.14.89-F2b-3,"label 'pulse sequence: 4-2-2-5 s' carries [-5.0, -2.0, 4.0] but no matching controlled value"
empty_conditions_despite_numeric_caption,10.3762_bjnano.14.89-F2b-4,panel conditions {} but caption carries numerics
legend_condition_without_structured_binding,10.3762_bjnano.14.89-F2b-4,"label 'pulse sequence: 2-2-2-5 s' carries [-5.0, -2.0, 2.0] but no matching controlled value"
empty_conditions_despite_numeric_caption,10.3762_bjnano.14.89-7a-S4-P000,panel conditions {} but caption carries numerics
empty_conditions_despite_numeric_caption,10.3762_bjnano.14.89-7a-S4-P001,panel conditions {} but caption carries numerics
empty_conditions_despite_numeric_caption,10.3762_bjnano.14.89-7a-S4-P002,panel conditions {} but caption carries numerics
empty_conditions_despite_numeric_caption,10.3762_bjnano.14.89-7a-S4-P003,panel conditions {} but caption carries numerics
empty_conditions_despite_numeric_caption,10.3762_bjnano.14.89-7a-S4-P004,panel conditions {} but caption carries numerics
empty_conditions_despite_numeric_caption,10.3762_bjnano.14.89-7a-S4-P005,panel conditions {} but caption carries numerics
empty_conditions_despite_numeric_caption,10.3762_bjnano.14.89-7a-S4-P006,panel conditions {} but caption carries numerics
empty_conditions_despite_numeric_caption,10.3762_bjnano.14.89-7a-S4-P007,panel conditions {} but caption carries numerics
empty_conditions_despite_numeric_caption,10.3762_bjnano.14.89-7a-S4-P008,panel conditions {} but caption carries numerics
empty_conditions_despite_numeric_caption,10.3762_bjnano.14.89-7a-S4-P009,panel conditions {} but caption carries numerics
empty_conditions_despite_numeric_caption,10.3762_bjnano.14.89-7a-S4-P010,panel conditions {} but caption carries numerics
empty_conditions_despite_numeric_caption,10.3762_bjnano.14.89-7a-S4-P011,panel conditions {} but caption carries numerics
empty_conditions_despite_numeric_caption,10.3762_bjnano.14.89-7a-S4-P012,panel conditions {} but caption carries numerics
empty_conditions_despite_numeric_caption,10.3762_bjnano.14.89-F10a-16,panel conditions {} but caption carries numerics
empty_conditions_despite_numeric_caption,10.3762_bjnano.14.89-F10a-17,panel conditions {} but caption carries numerics
empty_conditions_despite_numeric_caption,10.3762_bjnano.14.89-F10b-18,panel conditions {} but caption carries numerics
empty_conditions_despite_numeric_caption,10.3762_bjnano.14.89-F10b-19,panel conditions {} but caption carries numerics
empty_conditions_despite_numeric_caption,10.3762_bjnano.14.89-F10c-20,panel conditions {} but caption carries numerics
empty_conditions_despite_numeric_caption,10.3762_bjnano.14.89-F10c-21,panel conditions {} but caption carries numerics
empty_conditions_despite_numeric_caption,10.3762_bjnano.14.89-F11a-22,panel conditions {} but caption carries numerics
empty_conditions_despite_numeric_caption,10.3762_bjnano.14.89-F11a-23,panel conditions {} but caption carries numerics
empty_conditions_despite_numeric_caption,10.3762_bjnano.14.89-F11b-24,panel conditions {} but caption carries numerics
empty_conditions_despite_numeric_caption,10.3762_bjnano.14.89-F11b-25,panel conditions {} but caption carries numerics
pressure_in_source_not_in_output,10.3762_bjnano.5.25-F3a-0,document.md states a pressure; record has none usable
legend_condition_without_structured_binding,10.3762_bjnano.5.25-F3a-0,label 'exposure time: 5ms' carries [5.0] but no matching controlled value
pressure_in_source_not_in_output,10.3762_bjnano.5.25-F3a-1,document.md states a pressure; record has none usable
legend_condition_without_structured_binding,10.3762_bjnano.5.25-F3a-1,label 'exposure time: 45ms' carries [45.0] but no matching controlled value
pressure_in_source_not_in_output,10.3762_bjnano.5.25-F3b-2,document.md states a pressure; record has none usable
pressure_in_source_not_in_output,10.3762_bjnano.5.25-F3b-3,document.md states a pressure; record has none usable
pressure_in_source_not_in_output,10.3762_bjnano.5.25-F3c-4,document.md states a pressure; record has none usable
pressure_in_source_not_in_output,10.3762_bjnano.5.25-F3c-5,document.md states a pressure; record has none usable
legend_condition_without_structured_binding,10.3762_bjnano.5.25-F3c-5,label 'exposure time: 20ms' carries [20.0] but no matching controlled value
pressure_in_source_not_in_output,10.3762_bjnano.5.25-F3c-6,document.md states a pressure; record has none usable
legend_condition_without_structured_binding,10.3762_bjnano.5.25-F3c-6,label 'exposure time: 50ms' carries [50.0] but no matching controlled value
pressure_in_source_not_in_output,10.3762_bjnano.5.25-F3c-7,document.md states a pressure; record has none usable
legend_condition_without_structured_binding,10.3762_bjnano.5.25-F3c-7,label 'exposure time: 75ms' carries [75.0] but no matching controlled value
pressure_in_source_not_in_output,10.3762_bjnano.5.25-F3c-8,document.md states a pressure; record has none usable
legend_condition_without_structured_binding,10.3762_bjnano.5.25-F3c-8,label 'exposure time: 100ms' carries [100.0] but no matching controlled value
pressure_in_source_not_in_output,10.3762_bjnano.5.25-F3d-9,document.md states a pressure; record has none usable
pressure_in_source_not_in_output,10.3762_bjnano.5.25-F3d-10,document.md states a pressure; record has none usable
pressure_in_source_not_in_output,10.3762_bjnano.5.25-F3d-11,document.md states a pressure; record has none usable
pressure_in_source_not_in_output,10.3762_bjnano.5.25-F3d-12,document.md states a pressure; record has none usable
pressure_in_source_not_in_output,10.3762_bjnano.5.25-F4a-13,document.md states a pressure; record has none usable
pressure_in_source_not_in_output,10.3762_bjnano.5.25-F5a-14,document.md states a pressure; record has none usable
pressure_in_source_not_in_output,10.3762_bjnano.5.25-F5a-15,document.md states a pressure; record has none usable
pressure_in_source_not_in_output,10.3762_bjnano.5.25-F5a-16,document.md states a pressure; record has none usable
pressure_in_source_not_in_output,10.3762_bjnano.5.25-F5a-17,document.md states a pressure; record has none usable
pressure_in_source_not_in_output,10.3762_bjnano.5.25-F5a-18,document.md states a pressure; record has none usable
pressure_in_source_not_in_output,10.3762_bjnano.5.25-F5a-19,document.md states a pressure; record has none usable
pressure_in_source_not_in_output,10.3762_bjnano.5.25-F5a-20,document.md states a pressure; record has none usable
pressure_in_source_not_in_output,10.3762_bjnano.5.25-F5a-21,document.md states a pressure; record has none usable
pressure_in_source_not_in_output,10.3762_bjnano.5.25-F5a-22,document.md states a pressure; record has none usable
pressure_in_source_not_in_output,10.3762_bjnano.5.25-F5a-23,document.md states a pressure; record has none usable
pressure_in_source_not_in_output,10.3762_bjnano.5.25-F5b-24,document.md states a pressure; record has none usable
pressure_in_source_not_in_output,10.3762_bjnano.5.25-F5b-25,document.md states a pressure; record has none usable
pressure_in_source_not_in_output,10.3762_bjnano.5.25-F5b-26,document.md states a pressure; record has none usable
pressure_in_source_not_in_output,10.3762_bjnano.5.25-F5b-27,document.md states a pressure; record has none usable
pressure_in_source_not_in_output,10.3762_bjnano.5.25-F5b-28,document.md states a pressure; record has none usable
pressure_in_source_not_in_output,10.3762_bjnano.5.25-F5b-29,document.md states a pressure; record has none usable
pressure_in_source_not_in_output,10.3762_bjnano.5.25-F5b-30,document.md states a pressure; record has none usable
pressure_in_source_not_in_output,10.3762_bjnano.5.25-F5b-31,document.md states a pressure; record has none usable
pressure_in_source_not_in_output,10.3762_bjnano.5.25-F5b-32,document.md states a pressure; record has none usable
pressure_in_source_not_in_output,10.3762_bjnano.5.25-F5b-33,document.md states a pressure; record has none usable
pressure_in_source_not_in_output,10.3762_bjnano.5.25-F6b-34,document.md states a pressure; record has none usable
empty_conditions_despite_numeric_caption,10.3762_bjnano.5.25-F6b-34,panel conditions {} but caption carries numerics
pressure_in_source_not_in_output,10.3762_bjnano.5.25-F6b-35,document.md states a pressure; record has none usable
empty_conditions_despite_numeric_caption,10.3762_bjnano.5.25-F6b-35,panel conditions {} but caption carries numerics
pressure_in_source_not_in_output,10.3762_bjnano.5.25-F6c-36,document.md states a pressure; record has none usable
pressure_in_source_not_in_output,10.3762_bjnano.5.25-F6c-37,document.md states a pressure; record has none usable
pressure_in_source_not_in_output,10.3762_bjnano.5.25-F6c-38,document.md states a pressure; record has none usable
